device_id,date,time,temperature,RH,PM2.5,lat,lon
74DA38F20D6C,2026-08-04,00:00:04,29.36,98.0,0.0,22.661,120.301
74DA38F7C53C,2026-08-04,00:00:07,29.61,100.0,0.0,25.11,121.804
74DA38F7C570,2026-08-04,00:00:07,29.0,100.0,0.0,25.239,121.63
74DA38F20934,2026-08-04,00:00:29,29.36,77.0,2.0,23.002,121.29
74DA38F7C47E,2026-08-04,00:00:29,32.36,100.0,2.0,25.053963,121.427681
74DA38F20B82,2026-08-04,00:00:34,-4.0,0.0,0.0,22.847,120.465
74DA38ED059C,2026-08-04,00:00:36,28.36,96.0,4.0,23.706,121.412
74DA38F7C3DE,2026-08-04,00:00:44,30.86,100.0,250.0,24.972,121.537
74DA38F20EB2,2026-08-04,00:00:45,38.0,100.0,13.0,24.324,120.835
74DA38F7C53A,2026-08-04,00:00:46,-4.0,0.0,0.0,25.067,121.641
74DA38ED0454,2026-08-04,00:00:51,31.5,90.0,3.0,24.053,121.599
74DA38F7C5A0,2026-08-04,00:00:56,30.5,100.0,0.0,25.107,121.518
74DA38F7C366,2026-08-04,00:01:00,31.61,100.0,0.0,25.002,121.516
74DA38F208E2,2026-08-04,00:01:02,28.5,100.0,3.0,24.688,121.766
74DA38ED0640,2026-08-04,00:01:03,27.0,100.0,5.0,23.154,121.266
74DA38F20862,2026-08-04,00:01:08,29.0,100.0,6.0,23.101,121.176
74DA38F7C600,2026-08-04,00:01:12,23.0,49.0,1.0,25.07,121.586
74DA38F7C5CE,2026-08-04,00:01:20,30.0,87.0,0.0,25.066,121.656
74DA38F20A78,2026-08-04,00:01:23,28.36,100.0,3.0,22.904,121.124
74DA38F20F0A,2026-08-04,00:01:27,29.36,100.0,8.0,22.995,120.635
74DA38F209DE,2026-08-04,00:01:31,30.86,100.0,0.0,24.861,120.964
74DA38F7C54E,2026-08-04,00:01:34,29.75,100.0,0.0,25.063,121.661
74DA38F7C4CC,2026-08-04,00:01:54,30.61,100.0,1.0,25.062,121.451
74DA38F7C430,2026-08-04,00:01:55,30.61,84.0,0.0,24.981,121.423
74DA38F21024,2026-08-04,00:02:02,29.61,100.0,0.0,24.93,121.036
74DA38F7C5BE,2026-08-04,00:02:06,30.0,92.0,2.0,25.092,121.523
74DA38F21054,2026-08-04,00:02:07,29.61,79.0,13.0,22.898,120.627
74DA38F7C39A,2026-08-04,00:02:13,29.75,100.0,0.0,25.002,121.414
74DA38F21048,2026-08-04,00:02:18,29.36,100.0,23.0,22.595,120.341
74DA38F7C27E,2026-08-04,00:02:21,30.36,100.0,1.0,25.053,121.444
74DA38F21170,2026-08-04,00:02:22,29.25,76.0,2.0,22.779,121.088
74DA38F209F8,2026-08-04,00:02:24,33.36,100.0,0.0,23.157,121.4
74DA38F7C310,2026-08-04,00:02:28,31.5,100.0,0.0,25.09,121.464
74DA38F7C260,2026-08-04,00:02:32,30.25,100.0,0.0,25.065,121.425
74DA38F20B80,2026-08-04,00:02:39,29.5,100.0,0.0,22.599,120.35
74DA38F2105C,2026-08-04,00:02:40,30.36,100.0,0.0,25.088,121.599
74DA38F2104E,2026-08-04,00:02:42,29.75,100.0,13.0,23.108,120.7
74DA38ED05B6,2026-08-04,00:02:48,27.5,100.0,5.0,23.43,121.348
74DA38F20B12,2026-08-04,00:02:50,28.61,85.0,7.0,22.91,120.716
74DA38F7C5E6,2026-08-04,00:02:51,31.0,100.0,0.0,25.107,121.843
74DA38F7C3D6,2026-08-04,00:02:53,31.5,100.0,0.0,25.045,121.541
74DA38F7C5AA,2026-08-04,00:02:57,30.11,100.0,0.0,25.0,121.479
74DA38F209B2,2026-08-04,00:03:00,29.25,100.0,0.0,22.363,120.599
74DA38F20A30,2026-08-04,00:03:02,29.11,86.0,0.0,24.948,121.372
74DA38F7C480,2026-08-04,00:03:02,30.5,100.0,0.0,25.061,121.432
74DA38F210F6,2026-08-04,00:03:07,30.25,100.0,2.0,22.757426,121.158891
74DA38F20DE0,2026-08-04,00:03:08,29.5,100.0,2.0,22.589,120.328
74DA38F7C3B2,2026-08-04,00:03:21,32.11,67.0,2.0,24.929,121.378
74DA38F7C3DC,2026-08-04,00:03:21,31.11,100.0,1.0,25.003,121.539
74DA38F7C47C,2026-08-04,00:03:21,33.36,90.0,129.0,25.055,121.455
74DA38F7C610,2026-08-04,00:03:23,30.0,97.0,1.0,25.063,121.564
74DA38F7C506,2026-08-04,00:03:32,30.36,100.0,0.0,24.996,121.544
74DA38ED05EA,2026-08-04,00:03:41,27.5,100.0,4.0,23.394,121.357
74DA38F20D16,2026-08-04,00:03:45,31.25,100.0,1.0,25.062,121.526
74DA38F7C30C,2026-08-04,00:03:51,30.36,97.0,0.0,24.975,121.532
74DA38F7C46C,2026-08-04,00:03:51,-4.0,0.0,0.0,25.288,121.544
74DA38F7C464,2026-08-04,00:03:57,26.62,30.0,0.0,25.006,121.413
74DA38F7C560,2026-08-04,00:03:59,30.11,-63.0,0.0,25.079,121.671
74DA38ED04F2,2026-08-04,00:04:01,27.62,100.0,2.0,23.468,121.496
74DA38F21088,2026-08-04,00:04:01,30.75,100.0,0.0,25.068,121.588
74DA38F20B26,2026-08-04,00:04:09,30.11,100.0,28.0,22.783,120.247
74DA38F210A2,2026-08-04,00:04:09,30.61,100.0,0.0,25.12,121.466
74DA38F20E9E,2026-08-04,00:04:16,26.87,100.0,10.0,24.648,121.151
74DA38F20D2E,2026-08-04,00:04:33,29.75,100.0,0.0,25.06,121.545
74DA38ED06E0,2026-08-04,00:04:35,28.25,94.0,5.0,23.601,121.521
74DA38F20F1C,2026-08-04,00:04:40,29.61,100.0,10.0,25.062,121.451
74DA38F20D70,2026-08-04,00:04:44,28.25,95.0,0.0,23.05,121.164
74DA38F20BF6,2026-08-04,00:04:46,29.61,100.0,10.0,22.582,120.368
74DA38F7C566,2026-08-04,00:04:51,31.75,100.0,0.0,25.051,121.448
74DA38F20B5C,2026-08-04,00:04:59,29.75,100.0,31.0,22.798,120.293
74DA38F7C63C,2026-08-04,00:04:59,60.62,100.0,1.0,24.998,121.425
74DA38F20D1A,2026-08-04,00:05:00,31.61,91.0,0.0,25.078,121.541
74DA38F20C26,2026-08-04,00:05:03,31.5,87.0,24.0,22.676,120.342
74DA38F7C532,2026-08-04,00:05:03,30.0,97.0,1.0,25.059,121.499
74DA38ED0630,2026-08-04,00:05:04,29.86,100.0,0.0,23.994,121.594
74DA38F7C13A,2026-08-04,00:05:07,22.12,-7.0,0.0,25.069,121.359
74DA38F21136,2026-08-04,00:05:09,30.36,100.0,0.0,25.119,121.505
74DA38F7C3BA,2026-08-04,00:05:10,-4.0,0.0,74.0,25.174,121.441
74DA38F21204,2026-08-04,00:05:13,29.11,100.0,0.0,25.062,121.451
74DA38F20C06,2026-08-04,00:05:17,30.75,69.0,7.0,24.874,121.02
74DA38F7C41E,2026-08-04,00:05:25,30.25,83.0,0.0,25.054,121.517
74DA38F20E6E,2026-08-04,00:05:37,26.62,100.0,0.0,24.41,120.902
74DA38F7C59C,2026-08-04,00:05:37,30.25,82.0,1.0,25.103,121.487
74DA38F7C514,2026-08-04,00:05:38,30.5,100.0,1.0,25.051,121.518
74DA38F7C42E,2026-08-04,00:05:39,31.0,100.0,0.0,24.969,121.514
74DA38F20D3A,2026-08-04,00:05:41,27.12,100.0,19.0,24.604,121.0
74DA38F7C4DE,2026-08-04,00:05:41,30.5,100.0,0.0,25.09,121.462
74DA38F20B88,2026-08-04,00:05:42,28.75,100.0,0.0,22.75,120.316
74DA38F7C338,2026-08-04,00:05:51,30.36,100.0,2.0,25.011,121.458
74DA38F209EE,2026-08-04,00:05:55,30.36,100.0,0.0,23.026,121.33
74DA38F7C524,2026-08-04,00:06:05,29.61,100.0,0.0,25.002,121.552
74DA38F20C22,2026-08-04,00:06:28,31.25,100.0,49.0,22.729,120.357
74DA38F7C47E,2026-08-04,00:06:34,32.25,100.0,1.0,25.053963,121.427681
74DA38F7C53C,2026-08-04,00:06:34,29.86,100.0,0.0,25.11,121.804
74DA38F7C570,2026-08-04,00:06:35,29.11,100.0,0.0,25.239,121.63
74DA38F20934,2026-08-04,00:06:38,29.36,77.0,1.0,23.002,121.29
74DA38F20D6C,2026-08-04,00:06:39,29.36,98.0,0.0,22.661,120.301
74DA38ED059C,2026-08-04,00:06:42,28.61,94.0,4.0,23.706,121.412
74DA38F7C3DE,2026-08-04,00:06:42,31.0,100.0,257.0,24.972,121.537
74DA38F20EB2,2026-08-04,00:06:51,38.0,100.0,13.0,24.324,120.835
74DA38ED0454,2026-08-04,00:06:57,31.5,89.0,2.0,24.053,121.599
74DA38F208E2,2026-08-04,00:07:07,28.61,100.0,5.0,24.688,121.766
74DA38ED0640,2026-08-04,00:07:11,27.25,100.0,7.0,23.154,121.266
74DA38F20862,2026-08-04,00:07:17,28.75,100.0,6.0,23.101,121.176
74DA38F7C600,2026-08-04,00:07:18,23.0,47.0,1.0,25.07,121.586
74DA38F7C5A0,2026-08-04,00:07:22,30.61,100.0,0.0,25.107,121.518
74DA38F20A78,2026-08-04,00:07:30,28.61,100.0,3.0,22.904,121.124
74DA38F20F0A,2026-08-04,00:07:34,29.25,100.0,8.0,22.995,120.635
74DA38F7C366,2026-08-04,00:07:38,31.61,100.0,0.0,25.002,121.516
74DA38F7C5CE,2026-08-04,00:07:47,30.0,86.0,0.0,25.066,121.656
74DA38F209DE,2026-08-04,00:07:57,31.0,100.0,0.0,24.861,120.964
74DA38F7C4CC,2026-08-04,00:08:00,30.61,100.0,1.0,25.062,121.451
74DA38F7C54E,2026-08-04,00:08:01,30.11,100.0,0.0,25.063,121.661
74DA38F21054,2026-08-04,00:08:13,29.61,79.0,13.0,22.898,120.627
74DA38F7C5BE,2026-08-04,00:08:13,30.25,92.0,2.0,25.092,121.523
74DA38F7C430,2026-08-04,00:08:23,30.75,84.0,0.0,24.981,121.423
74DA38F7C27E,2026-08-04,00:08:25,30.5,100.0,1.0,25.053,121.444
74DA38F21170,2026-08-04,00:08:28,29.36,76.0,2.0,22.779,121.088
74DA38F21024,2026-08-04,00:08:29,29.61,100.0,0.0,24.93,121.036
74DA38F7C310,2026-08-04,00:08:32,31.75,100.0,0.0,25.09,121.464
74DA38F7C39A,2026-08-04,00:08:40,29.86,100.0,0.0,25.002,121.414
74DA38F2104E,2026-08-04,00:08:48,30.11,100.0,13.0,23.108,120.7
74DA38F21048,2026-08-04,00:08:49,29.36,100.0,25.0,22.595,120.341
74DA38F209F8,2026-08-04,00:08:52,33.61,100.0,0.0,23.157,121.4
74DA38ED05B6,2026-08-04,00:08:53,27.75,100.0,5.0,23.43,121.348
74DA38F20B12,2026-08-04,00:08:56,28.75,85.0,8.0,22.91,120.716
74DA38F7C5E6,2026-08-04,00:08:56,31.0,100.0,0.0,25.107,121.843
74DA38F7C260,2026-08-04,00:09:02,30.25,100.0,0.0,25.065,121.425
74DA38F20B80,2026-08-04,00:09:05,29.75,100.0,0.0,22.599,120.35
74DA38F2105C,2026-08-04,00:09:07,30.36,100.0,0.0,25.088,121.599
74DA38F210F6,2026-08-04,00:09:11,30.36,100.0,2.0,22.757426,121.158891
74DA38F7C47C,2026-08-04,00:09:13,33.25,91.0,120.0,25.055,121.455
74DA38F7C592,2026-08-04,00:09:14,-4.0,0.0,0.0,25.224,121.637
74DA38F7C3D6,2026-08-04,00:09:20,31.5,100.0,0.0,25.045,121.541
74DA38F209A8,2026-08-04,00:09:21,-4.0,0.0,0.0,22.401,120.577
74DA38F7C3DC,2026-08-04,00:09:26,31.36,100.0,2.0,25.003,121.539
74DA38F209B2,2026-08-04,00:09:27,29.36,100.0,0.0,22.363,120.599
74DA38F7C3B2,2026-08-04,00:09:27,32.11,67.0,2.0,24.929,121.378
74DA38F7C610,2026-08-04,00:09:27,30.11,97.0,1.0,25.063,121.564
74DA38F7C480,2026-08-04,00:09:28,30.5,100.0,0.0,25.061,121.432
74DA38F20A30,2026-08-04,00:09:30,29.36,86.0,0.0,24.948,121.372
74DA38F7C5AA,2026-08-04,00:09:31,30.36,100.0,0.0,25.0,121.479
74DA38F20DE0,2026-08-04,00:09:35,29.25,100.0,1.0,22.589,120.328
74DA38F20902,2026-08-04,00:09:37,29.86,100.0,2.0,22.204,120.7
74DA38ED05EA,2026-08-04,00:09:47,27.5,100.0,4.0,23.394,121.357
74DA38F20D16,2026-08-04,00:09:49,31.36,100.0,1.0,25.062,121.526
74DA38F7C506,2026-08-04,00:10:00,30.36,100.0,0.0,24.996,121.544
74DA38F7C616,2026-08-04,00:10:05,32.0,100.0,0.0,25.031,121.563
74DA38ED04F2,2026-08-04,00:10:08,27.62,100.0,2.0,23.468,121.496
74DA38F20B82,2026-08-04,00:10:10,-4.0,0.0,0.0,22.847,120.465
74DA38F210A2,2026-08-04,00:10:14,30.61,100.0,0.0,25.12,121.466
74DA38F7C30C,2026-08-04,00:10:19,30.36,97.0,0.0,24.975,121.532
74DA38F20B26,2026-08-04,00:10:21,29.86,100.0,26.0,22.783,120.247
74DA38F20E9E,2026-08-04,00:10:21,26.87,100.0,10.0,24.648,121.151
74DA38F7C464,2026-08-04,00:10:25,26.75,30.0,0.0,25.006,121.413
74DA38F7C560,2026-08-04,00:10:26,30.25,-63.0,0.0,25.079,121.671
74DA38F7C53A,2026-08-04,00:10:27,-4.0,0.0,0.0,25.067,121.641
74DA38F21088,2026-08-04,00:10:30,30.75,100.0,0.0,25.068,121.588
74DA38F20D1E,2026-08-04,00:10:34,30.61,100.0,2.0,25.048,121.573
74DA38ED06E0,2026-08-04,00:10:41,28.36,95.0,4.0,23.601,121.521
74DA38F20F1C,2026-08-04,00:10:45,29.61,100.0,10.0,25.062,121.451
74DA38F20D70,2026-08-04,00:10:49,28.25,95.0,0.0,23.05,121.164
74DA38F20BF6,2026-08-04,00:10:51,29.5,100.0,9.0,22.582,120.368
74DA38F20D2E,2026-08-04,00:11:00,29.75,100.0,0.0,25.06,121.545
74DA38F7C532,2026-08-04,00:11:07,30.0,100.0,2.0,25.059,121.499
74DA38F20C26,2026-08-04,00:11:13,31.5,87.0,25.0,22.676,120.342
74DA38F20B5C,2026-08-04,00:11:16,29.75,100.0,38.0,22.798,120.293
74DA38F20C06,2026-08-04,00:11:22,30.75,69.0,7.0,24.874,121.02
74DA38F21204,2026-08-04,00:11:25,29.11,100.0,0.0,25.062,121.451
74DA38F20D1A,2026-08-04,00:11:28,31.25,91.0,0.0,25.078,121.541
74DA38ED0630,2026-08-04,00:11:32,30.0,100.0,0.0,23.994,121.594
74DA38F7C13A,2026-08-04,00:11:34,22.12,-7.0,1.0,25.069,121.359
74DA38F20E6E,2026-08-04,00:11:40,26.75,100.0,0.0,24.41,120.902
74DA38F7C514,2026-08-04,00:11:43,30.5,100.0,1.0,25.051,121.518
74DA38F7C4DE,2026-08-04,00:11:53,30.75,100.0,0.0,25.09,121.462
74DA38F2113E,2026-08-04,00:11:54,-4.0,0.0,0.0,22.728,120.313
74DA38F7C41E,2026-08-04,00:11:54,30.36,83.0,0.0,25.054,121.517
74DA38F207DE,2026-08-04,00:11:59,30.5,100.0,19.0,22.603,120.34
74DA38F209EE,2026-08-04,00:11:59,30.36,100.0,0.0,23.026,121.33
74DA38F7C338,2026-08-04,00:12:01,30.36,100.0,2.0,25.011,121.458
74DA38F7C59C,2026-08-04,00:12:02,30.25,82.0,1.0,25.103,121.487
74DA38F20B88,2026-08-04,00:12:08,28.61,100.0,0.0,22.75,120.316
74DA38F7C524,2026-08-04,00:12:33,29.75,100.0,0.0,25.002,121.552
74DA38F20FFE,2026-08-04,00:12:36,29.25,100.0,26.0,22.894,120.298
74DA38F7C3DE,2026-08-04,00:12:39,31.0,100.0,238.0,24.972,121.537
74DA38F7C47E,2026-08-04,00:12:39,32.25,100.0,2.0,25.053963,121.427681
74DA38ED059C,2026-08-04,00:12:49,28.5,93.0,4.0,23.706,121.412
74DA38F20934,2026-08-04,00:12:49,29.36,77.0,2.0,23.002,121.29
74DA38F7C42E,2026-08-04,00:12:50,30.86,100.0,0.0,24.969,121.514
74DA38F20C22,2026-08-04,00:12:56,31.25,100.0,52.0,22.729,120.357
74DA38F20EB2,2026-08-04,00:12:56,38.0,100.0,14.0,24.324,120.835
74DA38F7C53C,2026-08-04,00:13:01,30.11,100.0,0.0,25.11,121.804
74DA38ED0454,2026-08-04,00:13:03,31.5,88.0,2.0,24.053,121.599
74DA38F7C570,2026-08-04,00:13:07,29.11,100.0,0.0,25.239,121.63
74DA38F20D6C,2026-08-04,00:13:08,29.5,98.0,0.0,22.661,120.301
74DA38F208E2,2026-08-04,00:13:11,28.75,100.0,4.0,24.688,121.766
74DA38ED0640,2026-08-04,00:13:20,27.37,100.0,6.0,23.154,121.266
74DA38F20862,2026-08-04,00:13:23,28.61,100.0,7.0,23.101,121.176
74DA38F7C600,2026-08-04,00:13:23,22.87,47.0,1.0,25.07,121.586
74DA38F7C46C,2026-08-04,00:13:33,-4.0,0.0,0.0,25.288,121.544
74DA38F20A78,2026-08-04,00:13:36,28.61,100.0,3.0,22.904,121.124
74DA38F20F0A,2026-08-04,00:13:41,29.25,100.0,8.0,22.995,120.635
74DA38F7C366,2026-08-04,00:13:43,32.11,100.0,0.0,25.002,121.516
74DA38F7C5A0,2026-08-04,00:13:50,30.75,100.0,0.0,25.107,121.518
74DA38F7C3BA,2026-08-04,00:13:52,-4.0,0.0,74.0,25.174,121.441
74DA38F7C4CC,2026-08-04,00:14:07,30.61,100.0,1.0,25.062,121.451
74DA38F7C5CE,2026-08-04,00:14:14,30.25,86.0,0.0,25.066,121.656
74DA38F21054,2026-08-04,00:14:18,29.61,79.0,13.0,22.898,120.627
74DA38F7C5BE,2026-08-04,00:14:19,30.25,92.0,2.0,25.092,121.523
74DA38F209DE,2026-08-04,00:14:24,31.0,100.0,0.0,24.861,120.964
74DA38F7C54E,2026-08-04,00:14:26,30.61,100.0,0.0,25.063,121.661
74DA38F7C27E,2026-08-04,00:14:30,30.5,100.0,1.0,25.053,121.444
74DA38F7C63C,2026-08-04,00:14:32,60.62,100.0,1.0,24.998,121.425
74DA38F21170,2026-08-04,00:14:33,29.36,76.0,2.0,22.779,121.088
74DA38F7C310,2026-08-04,00:14:37,32.0,100.0,0.0,25.09,121.464
74DA38F7C430,2026-08-04,00:14:51,30.75,84.0,0.0,24.981,121.423
74DA38F2104E,2026-08-04,00:14:53,30.75,100.0,13.0,23.108,120.7
74DA38F21024,2026-08-04,00:14:56,29.75,100.0,0.0,24.93,121.036
74DA38ED05B6,2026-08-04,00:14:57,27.87,100.0,5.0,23.43,121.348
74DA38F20B12,2026-08-04,00:15:01,28.75,85.0,7.0,22.91,120.716
74DA38F7C5E6,2026-08-04,00:15:01,31.11,100.0,0.0,25.107,121.843
74DA38F7C47C,2026-08-04,00:15:05,33.25,92.0,145.0,25.055,121.455
74DA38F7C39A,2026-08-04,00:15:08,30.0,100.0,0.0,25.002,121.414
74DA38F210F6,2026-08-04,00:15:16,30.36,100.0,1.0,22.757426,121.158891
74DA38F209F8,2026-08-04,00:15:18,33.5,100.0,0.0,23.157,121.4
74DA38F21048,2026-08-04,00:15:25,29.36,100.0,32.0,22.595,120.341
74DA38F7C260,2026-08-04,00:15:29,30.36,100.0,0.0,25.065,121.425
74DA38F20B80,2026-08-04,00:15:32,29.75,100.0,0.0,22.599,120.35
74DA38F7C3B2,2026-08-04,00:15:32,32.11,67.0,1.0,24.929,121.378
74DA38F7C3DC,2026-08-04,00:15:32,31.5,100.0,4.0,25.003,121.539
74DA38F7C610,2026-08-04,00:15:32,30.25,97.0,1.0,25.063,121.564
74DA38F2105C,2026-08-04,00:15:35,30.5,100.0,0.0,25.088,121.599
74DA38F7C3D6,2026-08-04,00:15:47,31.61,100.0,0.0,25.045,121.541
74DA38ED05EA,2026-08-04,00:15:52,27.5,100.0,3.0,23.394,121.357
74DA38F209B2,2026-08-04,00:15:53,29.61,100.0,0.0,22.363,120.599
74DA38F20D16,2026-08-04,00:15:54,31.5,100.0,1.0,25.062,121.526
74DA38F7C480,2026-08-04,00:15:56,30.61,100.0,0.0,25.061,121.432
74DA38F20A30,2026-08-04,00:15:58,29.5,85.0,0.0,24.948,121.372
74DA38F20DE0,2026-08-04,00:16:03,29.36,100.0,0.0,22.589,120.328
74DA38F7C5AA,2026-08-04,00:16:12,30.36,100.0,0.0,25.0,121.479
74DA38F7C616,2026-08-04,00:16:12,32.11,100.0,0.0,25.031,121.563
74DA38ED04F2,2026-08-04,00:16:14,27.75,100.0,2.0,23.468,121.496
74DA38F210A2,2026-08-04,00:16:19,30.61,100.0,0.0,25.12,121.466
74DA38F7C506,2026-08-04,00:16:26,30.5,100.0,0.0,24.996,121.544
74DA38F20E9E,2026-08-04,00:16:28,26.87,100.0,10.0,24.648,121.151
74DA38F20B26,2026-08-04,00:16:32,29.75,100.0,25.0,22.783,120.247
74DA38F7C30C,2026-08-04,00:16:38,30.61,96.0,0.0,24.975,121.532
74DA38F20D1E,2026-08-04,00:16:41,30.75,100.0,2.0,25.048,121.573
74DA38F20F1C,2026-08-04,00:16:50,29.75,100.0,10.0,25.062,121.451
74DA38ED06E0,2026-08-04,00:16:52,28.36,95.0,4.0,23.601,121.521
74DA38F20D70,2026-08-04,00:16:54,28.25,95.0,0.0,23.05,121.164
74DA38F7C560,2026-08-04,00:16:54,30.5,-63.0,0.0,25.079,121.671
74DA38F20BF6,2026-08-04,00:16:55,29.36,100.0,9.0,22.582,120.368
74DA38F7C464,2026-08-04,00:16:55,26.87,30.0,0.0,25.006,121.413
74DA38F21088,2026-08-04,00:16:58,30.75,100.0,0.0,25.068,121.588
74DA38F7C532,2026-08-04,00:17:11,30.11,100.0,1.0,25.059,121.499
74DA38F20C26,2026-08-04,00:17:22,31.36,87.0,25.0,22.676,120.342
74DA38F20C06,2026-08-04,00:17:27,30.86,69.0,6.0,24.874,121.02
74DA38F20D2E,2026-08-04,00:17:28,29.86,100.0,0.0,25.06,121.545
74DA38F21204,2026-08-04,00:17:32,29.11,100.0,0.0,25.062,121.451
74DA38F20E6E,2026-08-04,00:17:41,27.0,100.0,0.0,24.41,120.902
74DA38F7C514,2026-08-04,00:17:49,30.61,100.0,1.0,25.051,121.518
74DA38F20B5C,2026-08-04,00:17:55,29.75,100.0,37.0,22.798,120.293
74DA38F20D1A,2026-08-04,00:17:56,31.25,92.0,0.0,25.078,121.541
74DA38ED0630,2026-08-04,00:17:59,30.11,100.0,0.0,23.994,121.594
74DA38F7C13A,2026-08-04,00:18:01,22.25,-6.0,0.0,25.069,121.359
74DA38F7C4DE,2026-08-04,00:18:03,31.0,100.0,0.0,25.09,121.462
74DA38F209EE,2026-08-04,00:18:05,30.5,100.0,0.0,23.026,121.33
74DA38F207DE,2026-08-04,00:18:16,30.5,100.0,25.0,22.603,120.34
74DA38F7C338,2026-08-04,00:18:22,30.36,100.0,2.0,25.011,121.458
74DA38F7C41E,2026-08-04,00:18:24,30.5,82.0,0.0,25.054,121.517
74DA38F7C59C,2026-08-04,00:18:30,30.25,82.0,1.0,25.103,121.487
74DA38F20B88,2026-08-04,00:18:37,28.5,100.0,0.0,22.75,120.316
74DA38F7C3DE,2026-08-04,00:18:38,31.0,100.0,260.0,24.972,121.537
74DA38F7C47E,2026-08-04,00:18:45,32.75,100.0,2.0,25.053963,121.427681
74DA38F20FFE,2026-08-04,00:18:49,29.36,100.0,27.0,22.894,120.298
74DA38F7C592,2026-08-04,00:18:52,-4.0,0.0,0.0,25.224,121.637
74DA38ED059C,2026-08-04,00:18:55,28.86,91.0,4.0,23.706,121.412
74DA38F209A8,2026-08-04,00:18:58,-4.0,0.0,0.0,22.401,120.577
74DA38F20934,2026-08-04,00:19:01,29.36,77.0,2.0,23.002,121.29
74DA38F7C524,2026-08-04,00:19:01,30.0,100.0,0.0,25.002,121.552
74DA38F20EB2,2026-08-04,00:19:03,38.0,100.0,14.0,24.324,120.835
74DA38ED0454,2026-08-04,00:19:09,31.61,87.0,3.0,24.053,121.599
74DA38F2113E,2026-08-04,00:19:09,-4.0,0.0,0.0,22.728,120.313
74DA38F208E2,2026-08-04,00:19:16,28.86,100.0,4.0,24.688,121.766
74DA38F20C22,2026-08-04,00:19:23,31.36,100.0,45.0,22.729,120.357
74DA38ED0640,2026-08-04,00:19:28,27.87,100.0,6.0,23.154,121.266
74DA38F7C53C,2026-08-04,00:19:28,30.36,100.0,0.0,25.11,121.804
74DA38F7C600,2026-08-04,00:19:29,22.87,48.0,1.0,25.07,121.586
74DA38F20862,2026-08-04,00:19:30,28.75,100.0,9.0,23.101,121.176
74DA38F7C570,2026-08-04,00:19:34,29.11,100.0,0.0,25.239,121.63
74DA38F20D6C,2026-08-04,00:19:36,29.5,98.0,0.0,22.661,120.301
74DA38F20A78,2026-08-04,00:19:43,28.86,100.0,2.0,22.904,121.124
74DA38F20B82,2026-08-04,00:19:43,-4.0,0.0,0.0,22.847,120.465
74DA38F20F0A,2026-08-04,00:19:48,29.11,100.0,11.0,22.995,120.635
74DA38F7C366,2026-08-04,00:19:49,32.25,100.0,0.0,25.002,121.516
74DA38F7C53A,2026-08-04,00:20:09,-4.0,0.0,0.0,25.067,121.641
74DA38F7C4CC,2026-08-04,00:20:17,30.5,100.0,1.0,25.062,121.451
74DA38F7C5A0,2026-08-04,00:20:17,30.86,100.0,0.0,25.107,121.518
74DA38F21054,2026-08-04,00:20:24,29.75,78.0,14.0,22.898,120.627
74DA38F7C5BE,2026-08-04,00:20:24,30.36,92.0,2.0,25.092,121.523
74DA38F7C27E,2026-08-04,00:20:35,30.5,100.0,1.0,25.053,121.444
74DA38F21170,2026-08-04,00:20:38,29.61,76.0,2.0,22.779,121.088
74DA38F7C5CE,2026-08-04,00:20:40,30.25,86.0,0.0,25.066,121.656
74DA38F7C310,2026-08-04,00:20:42,32.11,100.0,0.0,25.09,121.464
74DA38F7C54E,2026-08-04,00:20:51,30.36,100.0,0.0,25.063,121.661
74DA38F209DE,2026-08-04,00:20:53,31.11,100.0,0.0,24.861,120.964
74DA38F2104E,2026-08-04,00:20:59,30.5,100.0,13.0,23.108,120.7
74DA38F7C47C,2026-08-04,00:20:59,33.5,92.0,138.0,25.055,121.455
74DA38ED05B6,2026-08-04,00:21:03,28.0,100.0,6.0,23.43,121.348
74DA38F7C5E6,2026-08-04,00:21:06,31.11,100.0,0.0,25.107,121.843
74DA38F20B12,2026-08-04,00:21:07,28.86,85.0,7.0,22.91,120.716
74DA38F7C430,2026-08-04,00:21:18,30.86,85.0,0.0,24.981,121.423
74DA38F210F6,2026-08-04,00:21:21,30.5,100.0,2.0,22.757426,121.158891
74DA38F21024,2026-08-04,00:21:23,29.86,100.0,0.0,24.93,121.036
74DA38F7C39A,2026-08-04,00:21:36,30.11,100.0,0.0,25.002,121.414
74DA38F7C3B2,2026-08-04,00:21:37,32.11,66.0,1.0,24.929,121.378
74DA38F7C610,2026-08-04,00:21:37,30.11,97.0,2.0,25.063,121.564
74DA38F7C3DC,2026-08-04,00:21:38,31.61,100.0,2.0,25.003,121.539
74DA38F209F8,2026-08-04,00:21:46,33.36,100.0,0.0,23.157,121.4
74DA38F21048,2026-08-04,00:21:54,29.5,100.0,35.0,22.595,120.341
74DA38ED05EA,2026-08-04,00:21:58,27.62,100.0,4.0,23.394,121.357
74DA38F20902,2026-08-04,00:21:59,30.11,100.0,2.0,22.204,120.7
74DA38F20B80,2026-08-04,00:21:59,29.86,100.0,0.0,22.599,120.35
74DA38F20D16,2026-08-04,00:22:00,31.5,100.0,1.0,25.062,121.526
74DA38F2105C,2026-08-04,00:22:01,30.61,100.0,0.0,25.088,121.599
74DA38F7C3D6,2026-08-04,00:22:14,32.0,100.0,0.0,25.045,121.541
74DA38F209B2,2026-08-04,00:22:20,29.61,100.0,0.0,22.363,120.599
74DA38ED04F2,2026-08-04,00:22:21,27.87,100.0,2.0,23.468,121.496
74DA38F7C616,2026-08-04,00:22:21,32.25,100.0,0.0,25.031,121.563
74DA38F7C480,2026-08-04,00:22:22,30.75,100.0,0.0,25.061,121.432
74DA38F210A2,2026-08-04,00:22:24,30.61,100.0,0.0,25.12,121.466
74DA38F7C3BA,2026-08-04,00:22:33,-4.0,0.0,74.0,25.174,121.441
74DA38F20E9E,2026-08-04,00:22:34,26.87,100.0,10.0,24.648,121.151
74DA38F20A30,2026-08-04,00:22:35,29.75,85.0,0.0,24.948,121.372
74DA38F20DE0,2026-08-04,00:22:35,29.36,100.0,2.0,22.589,120.328
74DA38F7C5AA,2026-08-04,00:22:44,30.36,100.0,0.0,25.0,121.479
74DA38F20B26,2026-08-04,00:22:45,29.75,100.0,24.0,22.783,120.247
74DA38F7C30C,2026-08-04,00:22:46,30.61,96.0,0.0,24.975,121.532
74DA38F20D1E,2026-08-04,00:22:51,30.86,100.0,3.0,25.048,121.573
74DA38F20F1C,2026-08-04,00:22:56,29.86,100.0,10.0,25.062,121.451
74DA38F7C506,2026-08-04,00:22:57,30.61,100.0,0.0,24.996,121.544
74DA38ED06E0,2026-08-04,00:22:58,28.5,94.0,4.0,23.601,121.521
74DA38F20BF6,2026-08-04,00:22:59,29.36,100.0,9.0,22.582,120.368
74DA38F20D70,2026-08-04,00:23:01,28.25,95.0,0.0,23.05,121.164
74DA38F7C46C,2026-08-04,00:23:13,-4.0,0.0,0.0,25.288,121.544
74DA38F7C532,2026-08-04,00:23:16,30.36,100.0,1.0,25.059,121.499
74DA38F7C560,2026-08-04,00:23:21,30.61,-63.0,0.0,25.079,121.671
74DA38F7C464,2026-08-04,00:23:24,27.0,30.0,0.0,25.006,121.413
74DA38F21088,2026-08-04,00:23:25,30.86,100.0,0.0,25.068,121.588
74DA38F20C06,2026-08-04,00:23:32,30.86,68.0,7.0,24.874,121.02
74DA38F20C26,2026-08-04,00:23:34,31.36,87.0,32.0,22.676,120.342
74DA38F20E6E,2026-08-04,00:23:43,27.0,99.0,0.0,24.41,120.902
74DA38F21204,2026-08-04,00:23:44,29.11,100.0,0.0,25.062,121.451
74DA38F21136,2026-08-04,00:23:45,30.61,100.0,0.0,25.119,121.505
74DA38F7C514,2026-08-04,00:23:55,30.75,100.0,1.0,25.051,121.518
74DA38F20D2E,2026-08-04,00:23:56,30.0,100.0,0.0,25.06,121.545
74DA38F20B5C,2026-08-04,00:24:03,29.86,100.0,37.0,22.798,120.293
74DA38F7C63C,2026-08-04,00:24:05,60.62,100.0,0.0,24.998,121.425
74DA38F209EE,2026-08-04,00:24:10,30.5,100.0,0.0,23.026,121.33
74DA38F7C4DE,2026-08-04,00:24:15,31.0,100.0,0.0,25.09,121.462
74DA38F20D1A,2026-08-04,00:24:24,31.11,93.0,0.0,25.078,121.541
74DA38ED0630,2026-08-04,00:24:26,30.36,100.0,0.0,23.994,121.594
74DA38F7C13A,2026-08-04,00:24:29,22.37,-5.0,0.0,25.069,121.359
74DA38F7C338,2026-08-04,00:24:34,30.36,100.0,2.0,25.011,121.458
74DA38F7C3DE,2026-08-04,00:24:36,31.0,100.0,250.0,24.972,121.537
74DA38F207DE,2026-08-04,00:24:48,30.61,100.0,26.0,22.603,120.34
74DA38F7C47E,2026-08-04,00:24:50,31.86,100.0,2.0,25.053963,121.427681
74DA38F7C41E,2026-08-04,00:24:54,30.5,82.0,0.0,25.054,121.517
74DA38F7C59C,2026-08-04,00:24:57,30.36,82.0,2.0,25.103,121.487
74DA38F20FFE,2026-08-04,00:25:01,29.5,100.0,26.0,22.894,120.298
74DA38ED059C,2026-08-04,00:25:02,29.25,90.0,3.0,23.706,121.412
74DA38F20B88,2026-08-04,00:25:04,28.75,100.0,0.0,22.75,120.316
74DA38F20934,2026-08-04,00:25:08,29.25,77.0,2.0,23.002,121.29
74DA38F20EB2,2026-08-04,00:25:08,37.62,100.0,14.0,24.324,120.835
74DA38ED0454,2026-08-04,00:25:15,31.61,86.0,3.0,24.053,121.599
74DA38F208E2,2026-08-04,00:25:21,29.0,100.0,3.0,24.688,121.766
74DA38F7C524,2026-08-04,00:25:32,30.0,100.0,0.0,25.002,121.552
74DA38F7C600,2026-08-04,00:25:35,22.87,48.0,0.0,25.07,121.586
74DA38ED0640,2026-08-04,00:25:36,28.0,100.0,5.0,23.154,121.266
74DA38F20862,2026-08-04,00:25:37,29.11,100.0,7.0,23.101,121.176
74DA38F20A78,2026-08-04,00:25:49,29.0,100.0,2.0,22.904,121.124
74DA38F20C22,2026-08-04,00:25:52,31.36,100.0,45.0,22.729,120.357
74DA38F7C53C,2026-08-04,00:25:55,30.75,100.0,0.0,25.11,121.804
74DA38F20F0A,2026-08-04,00:25:58,29.11,100.0,18.0,22.995,120.635
74DA38F7C366,2026-08-04,00:25:59,32.5,100.0,0.0,25.002,121.516
74DA38F7C570,2026-08-04,00:26:01,29.11,100.0,0.0,25.239,121.63
74DA38F20D6C,2026-08-04,00:26:06,29.36,98.0,0.0,22.661,120.301
74DA38F7C42E,2026-08-04,00:26:10,31.36,100.0,0.0,24.969,121.514
74DA38F7C4CC,2026-08-04,00:26:24,30.75,100.0,1.0,25.062,121.451
74DA38F21054,2026-08-04,00:26:30,29.75,78.0,15.0,22.898,120.627
74DA38F7C5BE,2026-08-04,00:26:30,30.5,92.0,2.0,25.092,121.523
74DA38F2113E,2026-08-04,00:26:33,-4.0,0.0,0.0,22.728,120.313
74DA38F7C27E,2026-08-04,00:26:40,30.61,100.0,2.0,25.053,121.444
74DA38F7C5A0,2026-08-04,00:26:45,30.86,100.0,0.0,25.107,121.518
74DA38F7C310,2026-08-04,00:26:46,32.25,100.0,0.0,25.09,121.464
74DA38F21170,2026-08-04,00:26:48,29.61,76.0,2.0,22.779,121.088
74DA38F7C47C,2026-08-04,00:26:49,33.5,91.0,131.0,25.055,121.455
74DA38F2104E,2026-08-04,00:27:06,30.75,100.0,13.0,23.108,120.7
74DA38ED05B6,2026-08-04,00:27:07,28.0,100.0,5.0,23.43,121.348
74DA38F7C5CE,2026-08-04,00:27:08,30.25,85.0,0.0,25.066,121.656
74DA38F20B12,2026-08-04,00:27:12,28.86,85.0,7.0,22.91,120.716
74DA38F7C5E6,2026-08-04,00:27:12,31.11,100.0,0.0,25.107,121.843
74DA38F7C54E,2026-08-04,00:27:16,30.36,100.0,0.0,25.063,121.661
74DA38F209DE,2026-08-04,00:27:19,31.11,100.0,0.0,24.861,120.964
74DA38F210F6,2026-08-04,00:27:25,30.61,100.0,1.0,22.757426,121.158891
74DA38F7C610,2026-08-04,00:27:42,30.25,97.0,2.0,25.063,121.564
74DA38F7C3B2,2026-08-04,00:27:43,32.11,67.0,1.0,24.929,121.378
74DA38F7C3DC,2026-08-04,00:27:44,31.75,100.0,2.0,25.003,121.539
74DA38F7C430,2026-08-04,00:27:46,31.0,85.0,0.0,24.981,121.423
74DA38F21024,2026-08-04,00:27:49,29.86,100.0,0.0,24.93,121.036
74DA38F7C39A,2026-08-04,00:28:03,30.25,100.0,0.0,25.002,121.414
74DA38ED05EA,2026-08-04,00:28:04,27.75,100.0,4.0,23.394,121.357
74DA38F20902,2026-08-04,00:28:05,30.11,100.0,1.0,22.204,120.7
74DA38F20D16,2026-08-04,00:28:05,31.5,100.0,2.0,25.062,121.526
74DA38F209F8,2026-08-04,00:28:14,33.5,100.0,0.0,23.157,121.4
74DA38F20B80,2026-08-04,00:28:26,29.86,100.0,0.0,22.599,120.35
74DA38F21048,2026-08-04,00:28:26,29.5,100.0,35.0,22.595,120.341
74DA38ED04F2,2026-08-04,00:28:28,27.87,100.0,2.0,23.468,121.496
74DA38F2105C,2026-08-04,00:28:29,30.86,100.0,0.0,25.088,121.599
74DA38F210A2,2026-08-04,00:28:29,30.75,100.0,0.0,25.12,121.466
74DA38F7C616,2026-08-04,00:28:30,32.5,100.0,0.0,25.031,121.563
74DA38F7C592,2026-08-04,00:28:31,-4.0,0.0,0.0,25.224,121.637
74DA38F209A8,2026-08-04,00:28:38,-4.0,0.0,0.0,22.401,120.577
74DA38F20E9E,2026-08-04,00:28:39,26.87,100.0,10.0,24.648,121.151
74DA38F7C3D6,2026-08-04,00:28:41,32.11,100.0,0.0,25.045,121.541
74DA38F209B2,2026-08-04,00:28:47,29.5,100.0,0.0,22.363,120.599
74DA38F7C480,2026-08-04,00:28:50,30.86,100.0,0.0,25.061,121.432
74DA38F20B26,2026-08-04,00:28:54,29.86,100.0,22.0,22.783,120.247
74DA38F7C30C,2026-08-04,00:28:58,30.86,96.0,0.0,24.975,121.532
74DA38F20D1E,2026-08-04,00:29:00,31.11,100.0,3.0,25.048,121.573
74DA38F20F1C,2026-08-04,00:29:01,29.86,100.0,10.0,25.062,121.451
74DA38F7C260,2026-08-04,00:29:01,30.5,100.0,0.0,25.065,121.425
74DA38F20DE0,2026-08-04,00:29:03,29.36,100.0,0.0,22.589,120.328
74DA38ED06E0,2026-08-04,00:29:04,28.5,94.0,4.0,23.601,121.521
74DA38F20BF6,2026-08-04,00:29:04,29.36,100.0,9.0,22.582,120.368
74DA38F20D70,2026-08-04,00:29:06,28.36,94.0,0.0,23.05,121.164
74DA38F20A30,2026-08-04,00:29:10,30.0,85.0,0.0,24.948,121.372
74DA38F20B82,2026-08-04,00:29:14,-4.0,0.0,0.0,22.847,120.465
74DA38F7C532,2026-08-04,00:29:20,30.61,100.0,2.0,25.059,121.499
74DA38F7C506,2026-08-04,00:29:24,30.75,100.0,0.0,24.996,121.544
74DA38F20C06,2026-08-04,00:29:37,31.0,68.0,8.0,24.874,121.02
74DA38F20E6E,2026-08-04,00:29:45,27.0,99.0,0.0,24.41,120.902
74DA38F20C26,2026-08-04,00:29:47,31.36,87.0,32.0,22.676,120.342
74DA38F7C560,2026-08-04,00:29:49,30.75,-63.0,0.0,25.079,121.671
74DA38F21204,2026-08-04,00:29:50,29.25,100.0,0.0,25.062,121.451
74DA38F7C464,2026-08-04,00:29:52,27.12,30.0,0.0,25.006,121.413
74DA38F21088,2026-08-04,00:29:53,31.0,100.0,0.0,25.068,121.588
74DA38F7C53A,2026-08-04,00:29:54,-4.0,0.0,0.0,25.067,121.641
74DA38F7C514,2026-08-04,00:30:02,30.86,100.0,1.0,25.051,121.518
74DA38F209EE,2026-08-04,00:30:16,30.5,100.0,0.0,23.026,121.33
74DA38F20B5C,2026-08-04,00:30:16,29.86,100.0,38.0,22.798,120.293
74DA38F20D3A,2026-08-04,00:30:21,27.5,100.0,19.0,24.604,121.0
74DA38F20D2E,2026-08-04,00:30:23,30.11,100.0,0.0,25.06,121.545
74DA38F7C4DE,2026-08-04,00:30:24,31.11,100.0,0.0,25.09,121.462
74DA38F7C3DE,2026-08-04,00:30:32,31.11,100.0,246.0,24.972,121.537
74DA38F20D1A,2026-08-04,00:30:52,31.36,92.0,0.0,25.078,121.541
74DA38ED0630,2026-08-04,00:30:54,30.5,100.0,0.0,23.994,121.594
74DA38F7C338,2026-08-04,00:30:54,30.5,100.0,1.0,25.011,121.458
74DA38F7C13A,2026-08-04,00:30:55,22.37,-5.0,1.0,25.069,121.359
74DA38F7C47E,2026-08-04,00:30:55,32.5,100.0,2.0,25.053963,121.427681
74DA38F207DE,2026-08-04,00:31:06,30.75,100.0,25.0,22.603,120.34
74DA38ED059C,2026-08-04,00:31:09,29.5,88.0,4.0,23.706,121.412
74DA38F20FFE,2026-08-04,00:31:12,29.36,100.0,27.0,22.894,120.298
74DA38F7C3BA,2026-08-04,00:31:13,-4.0,0.0,71.0,25.174,121.441
74DA38F20934,2026-08-04,00:31:14,29.25,77.0,2.0,23.002,121.29
74DA38F20EB2,2026-08-04,00:31:16,36.0,100.0,15.0,24.324,120.835
74DA38F7C41E,2026-08-04,00:31:23,30.5,82.0,0.0,25.054,121.517
74DA38F7C59C,2026-08-04,00:31:24,30.36,82.0,2.0,25.103,121.487
74DA38F208E2,2026-08-04,00:31:26,29.0,100.0,3.0,24.688,121.766
74DA38ED0454,2026-08-04,00:31:32,31.75,84.0,3.0,24.053,121.599
74DA38F20B88,2026-08-04,00:31:32,29.0,100.0,0.0,22.75,120.316
74DA38F7C566,2026-08-04,00:31:32,31.86,100.0,0.0,25.051,121.448
74DA38F7C600,2026-08-04,00:31:40,22.87,48.0,1.0,25.07,121.586
74DA38F20862,2026-08-04,00:31:43,29.25,100.0,4.0,23.101,121.176
74DA38ED0640,2026-08-04,00:31:44,28.25,100.0,3.0,23.154,121.266
74DA38F20A78,2026-08-04,00:31:56,29.0,100.0,2.0,22.904,121.124
74DA38F7C524,2026-08-04,00:32:00,30.11,100.0,0.0,25.002,121.552
74DA38F20F0A,2026-08-04,00:32:04,29.0,100.0,9.0,22.995,120.635
74DA38F7C366,2026-08-04,00:32:05,32.86,100.0,0.0,25.002,121.516
74DA38F20C22,2026-08-04,00:32:21,31.75,100.0,34.0,22.729,120.357
74DA38F7C53C,2026-08-04,00:32:22,31.25,100.0,0.0,25.11,121.804
74DA38F7C570,2026-08-04,00:32:28,29.25,100.0,0.0,25.239,121.63
74DA38F7C4CC,2026-08-04,00:32:32,30.86,100.0,1.0,25.062,121.451
74DA38F20D6C,2026-08-04,00:32:35,29.36,99.0,0.0,22.661,120.301
74DA38F21054,2026-08-04,00:32:36,29.61,77.0,15.0,22.898,120.627
74DA38F7C5BE,2026-08-04,00:32:36,30.5,91.0,2.0,25.092,121.523
74DA38F7C47C,2026-08-04,00:32:41,33.5,91.0,119.0,25.055,121.455
74DA38F7C27E,2026-08-04,00:32:46,30.61,100.0,1.0,25.053,121.444
74DA38F7C310,2026-08-04,00:32:51,32.25,100.0,0.0,25.09,121.464
74DA38F7C42E,2026-08-04,00:32:52,31.5,100.0,0.0,24.969,121.514
74DA38F7C46C,2026-08-04,00:32:52,-4.0,0.0,0.0,25.288,121.544
74DA38F21170,2026-08-04,00:32:54,29.75,75.0,2.0,22.779,121.088
74DA38ED05B6,2026-08-04,00:33:13,28.11,100.0,5.0,23.43,121.348
74DA38F7C5A0,2026-08-04,00:33:13,31.0,100.0,0.0,25.107,121.518
74DA38F7C5E6,2026-08-04,00:33:17,31.11,100.0,0.0,25.107,121.843
74DA38F20B12,2026-08-04,00:33:19,28.75,80.0,7.0,22.91,120.716
74DA38F210F6,2026-08-04,00:33:30,30.5,100.0,1.0,22.757426,121.158891
74DA38F7C5CE,2026-08-04,00:33:34,30.25,85.0,0.0,25.066,121.656
74DA38F7C63C,2026-08-04,00:33:38,60.62,100.0,0.0,24.998,121.425
74DA38F7C54E,2026-08-04,00:33:42,30.36,100.0,0.0,25.063,121.661
74DA38F209DE,2026-08-04,00:33:47,31.36,100.0,0.0,24.861,120.964
74DA38F7C610,2026-08-04,00:33:47,30.25,97.0,1.0,25.063,121.564
74DA38F2113E,2026-08-04,00:33:48,-4.0,0.0,1.0,22.728,120.313
74DA38F7C3B2,2026-08-04,00:33:48,32.25,66.0,1.0,24.929,121.378
74DA38F7C3DC,2026-08-04,00:33:50,31.5,100.0,2.0,25.003,121.539
74DA38ED05EA,2026-08-04,00:34:10,27.75,100.0,3.0,23.394,121.357
74DA38F20902,2026-08-04,00:34:13,30.36,100.0,1.0,22.204,120.7
74DA38F20D16,2026-08-04,00:34:13,31.36,100.0,1.0,25.062,121.526
74DA38F7C430,2026-08-04,00:34:14,31.0,85.0,0.0,24.981,121.423
74DA38F21024,2026-08-04,00:34:16,29.86,100.0,0.0,24.93,121.036
74DA38F7C39A,2026-08-04,00:34:30,30.36,100.0,0.0,25.002,121.414
74DA38ED04F2,2026-08-04,00:34:35,28.0,100.0,2.0,23.468,121.496
74DA38F210A2,2026-08-04,00:34:35,30.86,100.0,0.0,25.12,121.466
74DA38F209F8,2026-08-04,00:34:40,33.61,100.0,0.0,23.157,121.4
74DA38F20E9E,2026-08-04,00:34:45,27.0,100.0,10.0,24.648,121.151
74DA38F7C616,2026-08-04,00:34:49,32.61,100.0,0.0,25.031,121.563
74DA38F20B80,2026-08-04,00:34:52,30.0,100.0,0.0,22.599,120.35
74DA38F2105C,2026-08-04,00:34:55,31.0,100.0,0.0,25.088,121.599
74DA38F21048,2026-08-04,00:34:58,29.36,100.0,35.0,22.595,120.341
74DA38F20B26,2026-08-04,00:35:02,29.75,100.0,21.0,22.783,120.247
74DA38F20F1C,2026-08-04,00:35:07,30.0,100.0,11.0,25.062,121.451
74DA38F7C3D6,2026-08-04,00:35:07,32.5,100.0,0.0,25.045,121.541
74DA38F20BF6,2026-08-04,00:35:08,29.25,100.0,9.0,22.582,120.368
74DA38F20D1E,2026-08-04,00:35:08,31.11,100.0,2.0,25.048,121.573
74DA38F209B2,2026-08-04,00:35:13,29.36,100.0,0.0,22.363,120.599
74DA38ED06E0,2026-08-04,00:35:15,28.5,93.0,5.0,23.601,121.521
74DA38F20D70,2026-08-04,00:35:16,28.36,94.0,0.0,23.05,121.164
74DA38F7C480,2026-08-04,00:35:18,31.0,100.0,0.0,25.061,121.432
74DA38F7C30C,2026-08-04,00:35:19,31.0,94.0,0.0,24.975,121.532
74DA38F7C532,2026-08-04,00:35:24,30.61,97.0,1.0,25.059,121.499
74DA38F20DE0,2026-08-04,00:35:33,29.11,100.0,3.0,22.589,120.328
74DA38F20A30,2026-08-04,00:35:40,30.11,86.0,0.0,24.948,121.372
74DA38F20C06,2026-08-04,00:35:43,31.0,69.0,8.0,24.874,121.02
74DA38F20E6E,2026-08-04,00:35:48,27.12,99.0,0.0,24.41,120.902
74DA38F7C260,2026-08-04,00:35:51,30.5,100.0,0.0,25.065,121.425
74DA38F7C506,2026-08-04,00:35:52,31.0,100.0,0.0,24.996,121.544
74DA38F20C26,2026-08-04,00:35:54,31.36,87.0,22.0,22.676,120.342
74DA38F21204,2026-08-04,00:35:56,29.25,100.0,0.0,25.062,121.451
74DA38F7C514,2026-08-04,00:36:07,31.0,100.0,1.0,25.051,121.518
74DA38F7C5AA,2026-08-04,00:36:12,30.75,100.0,0.0,25.0,121.479
74DA38F7C560,2026-08-04,00:36:16,30.86,-63.0,0.0,25.079,121.671
74DA38F209EE,2026-08-04,00:36:21,30.5,100.0,0.0,23.026,121.33
74DA38F21088,2026-08-04,00:36:22,31.11,100.0,0.0,25.068,121.588
74DA38F20B5C,2026-08-04,00:36:27,29.86,100.0,38.0,22.798,120.293
74DA38F7C464,2026-08-04,00:36:27,27.12,30.0,0.0,25.006,121.413
74DA38F7C4DE,2026-08-04,00:36:29,31.25,100.0,0.0,25.09,121.462
74DA38F7C3DE,2026-08-04,00:36:31,31.25,100.0,234.0,24.972,121.537
74DA38F20D3A,2026-08-04,00:36:50,27.62,100.0,20.0,24.604,121.0
74DA38F20D2E,2026-08-04,00:36:51,30.11,100.0,0.0,25.06,121.545
74DA38F7C47E,2026-08-04,00:37:00,32.75,100.0,2.0,25.053963,121.427681
74DA38F7C338,2026-08-04,00:37:02,30.5,100.0,1.0,25.011,121.458
74DA38ED059C,2026-08-04,00:37:15,29.75,87.0,3.0,23.706,121.412
74DA38F20D1A,2026-08-04,00:37:20,31.36,92.0,0.0,25.078,121.541
74DA38ED0630,2026-08-04,00:37:21,30.75,99.0,0.0,23.994,121.594
74DA38F7C13A,2026-08-04,00:37:22,22.5,-4.0,0.0,25.069,121.359
74DA38F20EB2,2026-08-04,00:37:23,34.61,100.0,15.0,24.324,120.835
74DA38F20934,2026-08-04,00:37:25,29.25,77.0,3.0,23.002,121.29
74DA38F20FFE,2026-08-04,00:37:26,29.36,100.0,28.0,22.894,120.298
74DA38F208E2,2026-08-04,00:37:30,29.11,100.0,3.0,24.688,121.766
74DA38F7C600,2026-08-04,00:37:46,22.87,48.0,1.0,25.07,121.586
74DA38F20862,2026-08-04,00:37:51,29.0,100.0,4.0,23.101,121.176
74DA38F7C59C,2026-08-04,00:37:51,30.5,82.0,2.0,25.103,121.487
74DA38ED0640,2026-08-04,00:37:55,28.5,100.0,8.0,23.154,121.266
74DA38F7C41E,2026-08-04,00:37:55,30.61,82.0,0.0,25.054,121.517
74DA38F20B88,2026-08-04,00:38:00,29.0,100.0,0.0,22.75,120.316
74DA38F20A78,2026-08-04,00:38:02,29.11,100.0,2.0,22.904,121.124
74DA38F20F0A,2026-08-04,00:38:10,29.11,100.0,8.0,22.995,120.635
74DA38F7C592,2026-08-04,00:38:12,-4.0,0.0,0.0,25.224,121.637
74DA38F209A8,2026-08-04,00:38:17,-4.0,0.0,0.0,22.401,120.577
74DA38F7C366,2026-08-04,00:38:22,32.86,100.0,0.0,25.002,121.516
74DA38F7C566,2026-08-04,00:38:25,31.86,100.0,0.0,25.051,121.448
74DA38F7C524,2026-08-04,00:38:27,30.11,100.0,0.0,25.002,121.552
74DA38F7C4CC,2026-08-04,00:38:39,30.86,100.0,1.0,25.062,121.451
74DA38F7C5BE,2026-08-04,00:38:41,30.61,91.0,2.0,25.092,121.523
74DA38F21054,2026-08-04,00:38:42,29.75,77.0,15.0,22.898,120.627
74DA38F20B82,2026-08-04,00:38:47,-4.0,0.0,0.0,22.847,120.465
74DA38F20C22,2026-08-04,00:38:49,31.75,100.0,12.0,22.729,120.357
74DA38F7C53C,2026-08-04,00:38:49,31.5,100.0,0.0,25.11,121.804
74DA38F7C27E,2026-08-04,00:38:51,30.75,100.0,1.0,25.053,121.444
74DA38F7C310,2026-08-04,00:38:55,32.25,100.0,0.0,25.09,121.464
74DA38F7C570,2026-08-04,00:38:56,29.25,100.0,0.0,25.239,121.63
74DA38F21170,2026-08-04,00:38:59,29.75,75.0,1.0,22.779,121.088
74DA38F20D6C,2026-08-04,00:39:08,29.5,99.0,0.0,22.661,120.301
74DA38ED05B6,2026-08-04,00:39:19,28.25,100.0,5.0,23.43,121.348
74DA38F7C42E,2026-08-04,00:39:20,31.5,100.0,0.0,24.969,121.514
74DA38F7C5E6,2026-08-04,00:39:22,31.11,100.0,0.0,25.107,121.843
74DA38F20B12,2026-08-04,00:39:25,28.5,76.0,7.0,22.91,120.716
74DA38F210F6,2026-08-04,00:39:34,30.5,100.0,2.0,22.757426,121.158891
74DA38F7C5A0,2026-08-04,00:39:39,31.11,100.0,0.0,25.107,121.518
74DA38F7C610,2026-08-04,00:39:52,30.25,97.0,1.0,25.063,121.564
74DA38F7C3B2,2026-08-04,00:39:54,32.25,66.0,1.0,24.929,121.378
74DA38F7C3BA,2026-08-04,00:39:54,-4.0,0.0,70.0,25.174,121.441
74DA38F7C3DC,2026-08-04,00:39:55,31.75,100.0,1.0,25.003,121.539
74DA38F7C5CE,2026-08-04,00:40:02,30.36,85.0,0.0,25.066,121.656
74DA38F7C53A,2026-08-04,00:40:03,-4.0,0.0,0.0,25.067,121.641
74DA38F7C54E,2026-08-04,00:40:08,30.36,100.0,0.0,25.063,121.661
74DA38F209DE,2026-08-04,00:40:14,31.36,100.0,0.0,24.861,120.964
74DA38ED05EA,2026-08-04,00:40:15,27.87,100.0,3.0,23.394,121.357
74DA38F20D16,2026-08-04,00:40:18,31.5,100.0,1.0,25.062,121.526
74DA38F20902,2026-08-04,00:40:25,30.5,100.0,1.0,22.204,120.7
74DA38F210A2,2026-08-04,00:40:40,31.0,100.0,0.0,25.12,121.466
74DA38ED04F2,2026-08-04,00:40:41,28.0,100.0,2.0,23.468,121.496
74DA38F7C430,2026-08-04,00:40:41,31.11,84.0,0.0,24.981,121.423
74DA38F21024,2026-08-04,00:40:42,30.0,100.0,0.0,24.93,121.036
74DA38F20E9E,2026-08-04,00:40:50,27.0,100.0,10.0,24.648,121.151
74DA38F7C616,2026-08-04,00:40:57,32.86,100.0,0.0,25.031,121.563
74DA38F7C39A,2026-08-04,00:40:58,30.5,100.0,0.0,25.002,121.414
74DA38F2113E,2026-08-04,00:41:04,-4.0,0.0,2.0,22.728,120.313
74DA38F209F8,2026-08-04,00:41:07,33.86,100.0,0.0,23.157,121.4
74DA38F20B26,2026-08-04,00:41:08,29.86,100.0,16.0,22.783,120.247
74DA38F20BF6,2026-08-04,00:41:12,29.11,100.0,10.0,22.582,120.368
74DA38F20F1C,2026-08-04,00:41:12,30.0,100.0,10.0,25.062,121.451
74DA38F20D1E,2026-08-04,00:41:19,31.36,100.0,2.0,25.048,121.573
74DA38F20B80,2026-08-04,00:41:20,30.11,100.0,0.0,22.599,120.35
74DA38ED06E0,2026-08-04,00:41:21,28.5,94.0,4.0,23.601,121.521
74DA38F20D70,2026-08-04,00:41:22,28.61,94.0,0.0,23.05,121.164
74DA38F2105C,2026-08-04,00:41:22,31.11,100.0,0.0,25.088,121.599
74DA38F7C30C,2026-08-04,00:41:28,31.0,94.0,0.0,24.975,121.532
74DA38F7C532,2026-08-04,00:41:28,30.61,98.0,2.0,25.059,121.499
74DA38F21048,2026-08-04,00:41:29,29.36,100.0,33.0,22.595,120.341
74DA38F7C3D6,2026-08-04,00:41:34,32.75,100.0,0.0,25.045,121.541
74DA38F209B2,2026-08-04,00:41:40,29.36,100.0,0.0,22.363,120.599
74DA38F7C480,2026-08-04,00:41:44,31.11,100.0,0.0,25.061,121.432
74DA38F20C06,2026-08-04,00:41:48,31.11,69.0,8.0,24.874,121.02
74DA38F20E6E,2026-08-04,00:41:50,27.12,99.0,0.0,24.41,120.902
74DA38F20DE0,2026-08-04,00:42:02,29.0,100.0,4.0,22.589,120.328
74DA38F20C26,2026-08-04,00:42:04,31.36,87.0,23.0,22.676,120.342
74DA38F21204,2026-08-04,00:42:05,29.36,100.0,0.0,25.062,121.451
74DA38F20A30,2026-08-04,00:42:09,30.25,85.0,0.0,24.948,121.372
74DA38F7C514,2026-08-04,00:42:14,31.11,100.0,2.0,25.051,121.518
74DA38F7C506,2026-08-04,00:42:19,30.86,100.0,0.0,24.996,121.544
74DA38F7C3DE,2026-08-04,00:42:26,31.25,100.0,248.0,24.972,121.537
74DA38F209EE,2026-08-04,00:42:27,30.5,100.0,0.0,23.026,121.33
74DA38F7C46C,2026-08-04,00:42:31,-4.0,0.0,0.0,25.288,121.544
74DA38F20B5C,2026-08-04,00:42:35,30.0,100.0,36.0,22.798,120.293
74DA38F7C4DE,2026-08-04,00:42:36,31.36,100.0,0.0,25.09,121.462
74DA38F7C260,2026-08-04,00:42:40,30.61,100.0,0.0,25.065,121.425
74DA38F7C5AA,2026-08-04,00:42:41,31.0,100.0,0.0,25.0,121.479
74DA38F7C560,2026-08-04,00:42:44,31.0,-63.0,0.0,25.079,121.671
74DA38F21088,2026-08-04,00:42:49,31.25,100.0,0.0,25.068,121.588
74DA38F21136,2026-08-04,00:42:51,31.11,100.0,2.0,25.119,121.505
74DA38F7C464,2026-08-04,00:42:56,27.25,30.0,0.0,25.006,121.413
74DA38F7C47E,2026-08-04,00:43:06,33.36,100.0,2.0,25.053963,121.427681
74DA38F7C63C,2026-08-04,00:43:11,60.62,100.0,0.0,24.998,121.425
74DA38F20D2E,2026-08-04,00:43:19,30.11,100.0,0.0,25.06,121.545
74DA38ED059C,2026-08-04,00:43:21,29.75,86.0,4.0,23.706,121.412
74DA38F2104E,2026-08-04,00:43:23,30.36,100.0,13.0,23.108,120.7
74DA38F20EB2,2026-08-04,00:43:30,34.0,100.0,17.0,24.324,120.835
74DA38F7C338,2026-08-04,00:43:32,30.5,100.0,1.0,25.011,121.458
74DA38F208E2,2026-08-04,00:43:35,29.0,100.0,3.0,24.688,121.766
74DA38F20FFE,2026-08-04,00:43:39,29.5,100.0,30.0,22.894,120.298
74DA38F20934,2026-08-04,00:43:41,29.36,77.0,3.0,23.002,121.29
74DA38ED0630,2026-08-04,00:43:48,30.86,99.0,0.0,23.994,121.594
74DA38F20D1A,2026-08-04,00:43:49,31.75,90.0,0.0,25.078,121.541
74DA38F7C13A,2026-08-04,00:43:49,22.5,-4.0,0.0,25.069,121.359
74DA38F7C600,2026-08-04,00:43:51,22.87,48.0,1.0,25.07,121.586
74DA38F20862,2026-08-04,00:43:57,29.0,100.0,4.0,23.101,121.176
74DA38ED0640,2026-08-04,00:44:05,29.0,100.0,10.0,23.154,121.266
74DA38F20A78,2026-08-04,00:44:09,29.36,100.0,2.0,22.904,121.124
74DA38F207DE,2026-08-04,00:44:12,30.86,100.0,27.0,22.603,120.34
74DA38F20F0A,2026-08-04,00:44:17,29.11,100.0,8.0,22.995,120.635
74DA38F7C59C,2026-08-04,00:44:18,30.5,81.0,2.0,25.103,121.487
74DA38F7C41E,2026-08-04,00:44:22,30.61,83.0,0.0,25.054,121.517
74DA38F7C366,2026-08-04,00:44:28,33.0,100.0,0.0,25.002,121.516
74DA38F7C47C,2026-08-04,00:44:28,33.25,93.0,127.0,25.055,121.455
74DA38F20B88,2026-08-04,00:44:29,29.0,100.0,0.0,22.75,120.316
74DA38F7C4CC,2026-08-04,00:44:45,31.11,100.0,1.0,25.062,121.451
74DA38F7C5BE,2026-08-04,00:44:45,30.5,91.0,2.0,25.092,121.523
74DA38F21054,2026-08-04,00:44:48,29.75,77.0,15.0,22.898,120.627
74DA38F7C524,2026-08-04,00:44:55,30.25,100.0,0.0,25.002,121.552
74DA38F7C27E,2026-08-04,00:44:57,30.75,100.0,1.0,25.053,121.444
74DA38F7C310,2026-08-04,00:45:00,32.11,100.0,0.0,25.09,121.464
74DA38F21170,2026-08-04,00:45:05,29.86,75.0,2.0,22.779,121.088
74DA38F20C22,2026-08-04,00:45:16,31.86,100.0,2.0,22.729,120.357
74DA38F7C53C,2026-08-04,00:45:20,31.86,100.0,0.0,25.11,121.804
74DA38F7C570,2026-08-04,00:45:22,29.25,100.0,0.0,25.239,121.63
74DA38ED05B6,2026-08-04,00:45:24,28.36,100.0,5.0,23.43,121.348
74DA38F7C5E6,2026-08-04,00:45:27,31.11,100.0,0.0,25.107,121.843
74DA38F20B12,2026-08-04,00:45:31,28.25,75.0,7.0,22.91,120.716
74DA38F20D6C,2026-08-04,00:45:37,29.36,98.0,0.0,22.661,120.301
74DA38F210F6,2026-08-04,00:45:39,30.5,100.0,2.0,22.757426,121.158891
74DA38ED0454,2026-08-04,00:45:41,31.86,87.0,3.0,24.053,121.599
74DA38F7C42E,2026-08-04,00:45:54,31.5,100.0,0.0,24.969,121.514
74DA38F7C3B2,2026-08-04,00:45:59,32.25,66.0,1.0,24.929,121.378
74DA38F7C3DC,2026-08-04,00:46:00,31.86,100.0,2.0,25.003,121.539
74DA38F7C610,2026-08-04,00:46:00,30.25,96.0,1.0,25.063,121.564
74DA38F7C5A0,2026-08-04,00:46:07,31.11,100.0,0.0,25.107,121.518
74DA38ED05EA,2026-08-04,00:46:21,27.87,100.0,4.0,23.394,121.357
74DA38F20D16,2026-08-04,00:46:23,31.36,100.0,2.0,25.062,121.526
74DA38F7C5CE,2026-08-04,00:46:30,30.36,85.0,0.0,25.066,121.656
74DA38F20902,2026-08-04,00:46:31,30.5,100.0,1.0,22.204,120.7
74DA38F7C54E,2026-08-04,00:46:33,30.5,100.0,0.0,25.063,121.661
74DA38F209DE,2026-08-04,00:46:41,31.25,100.0,0.0,24.861,120.964
74DA38F210A2,2026-08-04,00:46:45,31.0,100.0,0.0,25.12,121.466
74DA38ED04F2,2026-08-04,00:46:47,28.11,100.0,2.0,23.468,121.496
74DA38F20E9E,2026-08-04,00:46:55,27.12,100.0,10.0,24.648,121.151
74DA38F7C616,2026-08-04,00:47:03,32.86,100.0,0.0,25.031,121.563
74DA38F7C430,2026-08-04,00:47:08,31.25,84.0,0.0,24.981,121.423
74DA38F21024,2026-08-04,00:47:10,30.0,100.0,0.0,24.93,121.036
74DA38F20BF6,2026-08-04,00:47:16,29.11,100.0,11.0,22.582,120.368
74DA38F20B26,2026-08-04,00:47:21,29.86,100.0,23.0,22.783,120.247
74DA38F20F1C,2026-08-04,00:47:21,30.11,100.0,33.0,25.062,121.451
74DA38F7C39A,2026-08-04,00:47:26,30.61,100.0,0.0,25.002,121.414
74DA38ED06E0,2026-08-04,00:47:27,28.61,94.0,5.0,23.601,121.521
74DA38F20D1E,2026-08-04,00:47:27,31.5,100.0,2.0,25.048,121.573
74DA38F7C532,2026-08-04,00:47:33,30.61,98.0,2.0,25.059,121.499
74DA38F209F8,2026-08-04,00:47:35,34.11,100.0,0.0,23.157,121.4
74DA38F20B80,2026-08-04,00:47:45,30.11,100.0,0.0,22.599,120.35
74DA38F20D70,2026-08-04,00:47:45,28.75,94.0,0.0,23.05,121.164
74DA38F2105C,2026-08-04,00:47:49,31.11,100.0,0.0,25.088,121.599
74DA38F20E6E,2026-08-04,00:47:52,27.25,99.0,0.0,24.41,120.902
74DA38F7C30C,2026-08-04,00:47:53,31.0,93.0,0.0,24.975,121.532
74DA38F7C592,2026-08-04,00:47:53,-4.0,0.0,0.0,25.224,121.637
74DA38F20C06,2026-08-04,00:47:54,31.11,69.0,9.0,24.874,121.02
74DA38F209A8,2026-08-04,00:47:55,-4.0,0.0,0.0,22.401,120.577
74DA38F21048,2026-08-04,00:48:02,29.36,100.0,30.0,22.595,120.341
74DA38F7C3D6,2026-08-04,00:48:02,33.11,100.0,0.0,25.045,121.541
74DA38F209B2,2026-08-04,00:48:07,29.25,100.0,0.0,22.363,120.599
74DA38F7C480,2026-08-04,00:48:12,31.25,100.0,0.0,25.061,121.432
74DA38F21204,2026-08-04,00:48:13,29.5,100.0,0.0,25.062,121.451
74DA38F20C26,2026-08-04,00:48:15,31.36,87.0,20.0,22.676,120.342
74DA38F20B82,2026-08-04,00:48:19,-4.0,0.0,0.0,22.847,120.465
74DA38F2113E,2026-08-04,00:48:20,-4.0,0.0,1.0,22.728,120.313
74DA38F7C514,2026-08-04,00:48:20,31.11,100.0,3.0,25.051,121.518
74DA38F7C3DE,2026-08-04,00:48:25,31.25,100.0,256.0,24.972,121.537
74DA38F20DE0,2026-08-04,00:48:30,29.36,100.0,0.0,22.589,120.328
74DA38F209EE,2026-08-04,00:48:32,30.61,100.0,0.0,23.026,121.33
74DA38F7C3BA,2026-08-04,00:48:35,-4.0,0.0,73.0,25.174,121.441
74DA38F20A30,2026-08-04,00:48:38,30.5,85.0,0.0,24.948,121.372
74DA38F20B5C,2026-08-04,00:48:47,30.0,100.0,32.0,22.798,120.293
74DA38F7C506,2026-08-04,00:48:49,31.11,100.0,0.0,24.996,121.544
74DA38F21136,2026-08-04,00:48:56,31.25,100.0,1.0,25.119,121.505
74DA38F7C4DE,2026-08-04,00:48:58,31.25,100.0,0.0,25.09,121.462
74DA38F7C260,2026-08-04,00:49:07,30.75,100.0,0.0,25.065,121.425
74DA38F7C5AA,2026-08-04,00:49:10,31.11,100.0,0.0,25.0,121.479
74DA38F7C47E,2026-08-04,00:49:11,33.25,100.0,3.0,25.053963,121.427681
74DA38F7C560,2026-08-04,00:49:11,31.25,-63.0,0.0,25.079,121.671
74DA38F21088,2026-08-04,00:49:17,31.11,100.0,0.0,25.068,121.588
74DA38ED059C,2026-08-04,00:49:28,30.25,86.0,3.0,23.706,121.412
74DA38F7C464,2026-08-04,00:49:28,27.5,30.0,0.0,25.006,121.413
74DA38F20EB2,2026-08-04,00:49:39,33.0,100.0,16.0,24.324,120.835
74DA38F208E2,2026-08-04,00:49:40,29.25,100.0,4.0,24.688,121.766
74DA38F20934,2026-08-04,00:49:46,29.36,77.0,2.0,23.002,121.29
74DA38F20D2E,2026-08-04,00:49:47,30.11,100.0,0.0,25.06,121.545
74DA38F7C53A,2026-08-04,00:49:47,-4.0,0.0,0.0,25.067,121.641
74DA38F7C338,2026-08-04,00:49:48,30.5,100.0,2.0,25.011,121.458
74DA38F20FFE,2026-08-04,00:49:54,29.61,100.0,30.0,22.894,120.298
74DA38F7C600,2026-08-04,00:49:56,22.87,48.0,1.0,25.07,121.586
74DA38F20862,2026-08-04,00:50:03,29.11,100.0,4.0,23.101,121.176
74DA38ED0640,2026-08-04,00:50:11,29.25,100.0,3.0,23.154,121.266
74DA38F20A78,2026-08-04,00:50:15,29.5,100.0,2.0,22.904,121.124
74DA38F20D1A,2026-08-04,00:50:15,31.75,90.0,0.0,25.078,121.541
74DA38ED0630,2026-08-04,00:50:16,31.25,99.0,0.0,23.994,121.594
74DA38F7C13A,2026-08-04,00:50:17,22.62,-3.0,0.0,25.069,121.359
74DA38F7C47C,2026-08-04,00:50:21,33.25,93.0,120.0,25.055,121.455
74DA38F20F0A,2026-08-04,00:50:23,29.11,100.0,8.0,22.995,120.635
74DA38F7C366,2026-08-04,00:50:33,33.25,100.0,0.0,25.002,121.516
74DA38F7C59C,2026-08-04,00:50:44,30.61,81.0,2.0,25.103,121.487
74DA38F7C4CC,2026-08-04,00:50:51,31.11,100.0,1.0,25.062,121.451
74DA38F7C5BE,2026-08-04,00:50:51,30.5,90.0,2.0,25.092,121.523
74DA38F7C41E,2026-08-04,00:50:54,30.75,83.0,0.0,25.054,121.517
74DA38F21054,2026-08-04,00:50:55,29.75,77.0,15.0,22.898,120.627
74DA38F20B88,2026-08-04,00:50:59,29.0,100.0,2.0,22.75,120.316
74DA38F7C27E,2026-08-04,00:51:03,30.86,100.0,1.0,25.053,121.444
74DA38F7C310,2026-08-04,00:51:05,32.25,100.0,1.0,25.09,121.464
74DA38F7C524,2026-08-04,00:51:21,30.36,100.0,0.0,25.002,121.552
74DA38F21170,2026-08-04,00:51:25,30.0,75.0,2.0,22.779,121.088
74DA38ED05B6,2026-08-04,00:51:30,28.36,100.0,5.0,23.43,121.348
74DA38F7C5E6,2026-08-04,00:51:33,31.25,100.0,1.0,25.107,121.843
74DA38F20B12,2026-08-04,00:51:37,28.0,74.0,7.0,22.91,120.716
74DA38F210F6,2026-08-04,00:51:44,30.61,100.0,2.0,22.757426,121.158891
74DA38F7C53C,2026-08-04,00:51:48,32.25,100.0,0.0,25.11,121.804
74DA38ED0454,2026-08-04,00:51:51,31.86,86.0,3.0,24.053,121.599
74DA38F7C570,2026-08-04,00:51:51,29.25,100.0,0.0,25.239,121.63
74DA38F20C22,2026-08-04,00:51:57,31.36,100.0,0.0,22.729,120.357
74DA38F20D6C,2026-08-04,00:52:05,29.36,98.0,0.0,22.661,120.301
74DA38F7C3B2,2026-08-04,00:52:05,32.25,66.0,0.0,24.929,121.378
74DA38F7C3DC,2026-08-04,00:52:05,31.86,100.0,2.0,25.003,121.539
74DA38F7C610,2026-08-04,00:52:05,30.25,96.0,1.0,25.063,121.564
74DA38F7C566,2026-08-04,00:52:08,32.11,100.0,0.0,25.051,121.448
74DA38F7C46C,2026-08-04,00:52:11,-4.0,0.0,0.0,25.288,121.544
74DA38ED05EA,2026-08-04,00:52:27,28.0,100.0,3.0,23.394,121.357
74DA38F20D16,2026-08-04,00:52:28,31.25,100.0,1.0,25.062,121.526
74DA38F7C42E,2026-08-04,00:52:34,31.75,100.0,0.0,24.969,121.514
74DA38F7C5A0,2026-08-04,00:52:35,31.11,100.0,0.0,25.107,121.518
74DA38F20902,2026-08-04,00:52:36,30.36,100.0,1.0,22.204,120.7
74DA38F7C63C,2026-08-04,00:52:44,60.62,100.0,0.0,24.998,121.425
74DA38F210A2,2026-08-04,00:52:50,31.25,100.0,0.0,25.12,121.466
74DA38ED04F2,2026-08-04,00:52:54,28.36,100.0,2.0,23.468,121.496
74DA38F7C5CE,2026-08-04,00:52:56,30.36,85.0,0.0,25.066,121.656
74DA38F7C54E,2026-08-04,00:52:59,30.75,100.0,0.0,25.063,121.661
74DA38F20E9E,2026-08-04,00:53:01,27.12,100.0,11.0,24.648,121.151
74DA38F209DE,2026-08-04,00:53:08,31.25,100.0,0.0,24.861,120.964
74DA38F7C616,2026-08-04,00:53:13,32.86,100.0,0.0,25.031,121.563
74DA38F20BF6,2026-08-04,00:53:20,29.0,100.0,11.0,22.582,120.368
74DA38F20F1C,2026-08-04,00:53:28,30.11,100.0,19.0,25.062,121.451
74DA38F20B26,2026-08-04,00:53:30,29.86,100.0,23.0,22.783,120.247
74DA38ED06E0,2026-08-04,00:53:33,28.61,95.0,4.0,23.601,121.521
74DA38F20D1E,2026-08-04,00:53:34,31.75,100.0,2.0,25.048,121.573
74DA38F7C430,2026-08-04,00:53:36,31.36,84.0,0.0,24.981,121.423
74DA38F21024,2026-08-04,00:53:37,29.86,100.0,0.0,24.93,121.036
74DA38F7C532,2026-08-04,00:53:37,30.75,99.0,2.0,25.059,121.499
74DA38F7C39A,2026-08-04,00:53:53,30.75,100.0,0.0,25.002,121.414
74DA38F20E6E,2026-08-04,00:53:54,27.25,98.0,0.0,24.41,120.902
74DA38F20C06,2026-08-04,00:54:00,31.25,68.0,9.0,24.874,121.02
74DA38F20D70,2026-08-04,00:54:01,28.75,93.0,0.0,23.05,121.164
74DA38F209F8,2026-08-04,00:54:02,34.0,100.0,0.0,23.157,121.4
74DA38F20B80,2026-08-04,00:54:13,30.11,100.0,0.0,22.599,120.35
74DA38F2105C,2026-08-04,00:54:16,31.11,100.0,0.0,25.088,121.599
74DA38F21204,2026-08-04,00:54:18,29.61,100.0,0.0,25.062,121.451
74DA38F7C30C,2026-08-04,00:54:19,31.11,93.0,0.0,24.975,121.532
74DA38F7C3DE,2026-08-04,00:54:23,31.36,100.0,253.0,24.972,121.537
74DA38F20C26,2026-08-04,00:54:24,31.36,88.0,22.0,22.676,120.342
74DA38F7C514,2026-08-04,00:54:26,31.25,100.0,3.0,25.051,121.518
74DA38F7C3D6,2026-08-04,00:54:30,33.25,100.0,0.0,25.045,121.541
74DA38F21048,2026-08-04,00:54:32,29.5,100.0,28.0,22.595,120.341
74DA38F209B2,2026-08-04,00:54:33,29.36,100.0,0.0,22.363,120.599
74DA38F209EE,2026-08-04,00:54:37,30.61,100.0,0.0,23.026,121.33
74DA38F7C480,2026-08-04,00:54:40,31.25,100.0,0.0,25.061,121.432
74DA38F20DE0,2026-08-04,00:54:56,29.5,100.0,1.0,22.589,120.328
74DA38F20B5C,2026-08-04,00:54:58,30.0,100.0,32.0,22.798,120.293
74DA38F21136,2026-08-04,00:55:09,31.36,100.0,1.0,25.119,121.505
74DA38F20A30,2026-08-04,00:55:12,30.61,84.0,0.0,24.948,121.372
74DA38F7C4DE,2026-08-04,00:55:12,31.11,100.0,0.0,25.09,121.462
74DA38F7C47E,2026-08-04,00:55:16,33.11,100.0,2.0,25.053963,121.427681
74DA38F7C506,2026-08-04,00:55:16,31.11,100.0,0.0,24.996,121.544
74DA38ED059C,2026-08-04,00:55:33,30.5,84.0,3.0,23.706,121.412
74DA38F2113E,2026-08-04,00:55:38,-4.0,0.0,1.0,22.728,120.313
74DA38F7C5AA,2026-08-04,00:55:38,31.0,100.0,0.0,25.0,121.479
74DA38F7C560,2026-08-04,00:55:39,31.25,-64.0,0.0,25.079,121.671
74DA38F7C260,2026-08-04,00:55:43,30.75,100.0,0.0,25.065,121.425
74DA38F208E2,2026-08-04,00:55:45,29.5,100.0,3.0,24.688,121.766
74DA38F20EB2,2026-08-04,00:55:46,32.25,100.0,17.0,24.324,120.835
74DA38F21088,2026-08-04,00:55:46,31.11,100.0,0.0,25.068,121.588
74DA38F20934,2026-08-04,00:55:57,29.36,76.0,3.0,23.002,121.29
74DA38F7C464,2026-08-04,00:55:57,27.75,30.0,0.0,25.006,121.413
74DA38F7C600,2026-08-04,00:56:02,22.87,49.0,1.0,25.07,121.586
74DA38F20FFE,2026-08-04,00:56:06,29.61,100.0,31.0,22.894,120.298
74DA38F20862,2026-08-04,00:56:09,29.0,100.0,4.0,23.101,121.176
74DA38F20D2E,2026-08-04,00:56:14,30.25,100.0,0.0,25.06,121.545
74DA38F7C47C,2026-08-04,00:56:17,33.11,93.0,104.0,25.055,121.455
74DA38ED0640,2026-08-04,00:56:21,29.61,100.0,6.0,23.154,121.266
74DA38F20A78,2026-08-04,00:56:21,29.61,100.0,2.0,22.904,121.124
74DA38F20F0A,2026-08-04,00:56:29,29.11,100.0,8.0,22.995,120.635
74DA38F7C366,2026-08-04,00:56:40,32.75,100.0,0.0,25.002,121.516
74DA38ED0630,2026-08-04,00:56:42,31.25,97.0,0.0,23.994,121.594
74DA38F20D1A,2026-08-04,00:56:43,31.75,90.0,0.0,25.078,121.541
74DA38F7C13A,2026-08-04,00:56:43,22.75,-2.0,1.0,25.069,121.359
74DA38F7C5BE,2026-08-04,00:56:56,30.5,90.0,2.0,25.092,121.523
74DA38F7C4CC,2026-08-04,00:56:57,31.36,100.0,1.0,25.062,121.451
74DA38F21054,2026-08-04,00:57:00,29.75,76.0,15.0,22.898,120.627
74DA38F7C27E,2026-08-04,00:57:09,30.86,100.0,1.0,25.053,121.444
74DA38F7C310,2026-08-04,00:57:10,32.36,100.0,1.0,25.09,121.464
74DA38F7C59C,2026-08-04,00:57:12,30.75,81.0,2.0,25.103,121.487
74DA38F7C3BA,2026-08-04,00:57:15,-4.0,0.0,70.0,25.174,121.441
74DA38F7C41E,2026-08-04,00:57:23,30.75,82.0,0.0,25.054,121.517
74DA38F20B88,2026-08-04,00:57:28,29.0,100.0,2.0,22.75,120.316
74DA38F7C592,2026-08-04,00:57:32,-4.0,0.0,0.0,25.224,121.637
74DA38F21170,2026-08-04,00:57:33,30.0,75.0,1.0,22.779,121.088
74DA38F209A8,2026-08-04,00:57:34,-4.0,0.0,0.0,22.401,120.577
74DA38ED05B6,2026-08-04,00:57:35,28.36,100.0,4.0,23.43,121.348
74DA38F7C5E6,2026-08-04,00:57:38,31.25,100.0,1.0,25.107,121.843
74DA38F20B12,2026-08-04,00:57:43,27.87,75.0,9.0,22.91,120.716
74DA38F7C524,2026-08-04,00:57:48,30.36,100.0,0.0,25.002,121.552
74DA38F210F6,2026-08-04,00:57:49,30.61,100.0,2.0,22.757426,121.158891
74DA38F20B82,2026-08-04,00:57:51,-4.0,0.0,0.0,22.847,120.465
74DA38ED0454,2026-08-04,00:58:02,31.75,86.0,3.0,24.053,121.599
74DA38F7C3B2,2026-08-04,00:58:10,32.25,67.0,1.0,24.929,121.378
74DA38F7C610,2026-08-04,00:58:11,30.25,95.0,1.0,25.063,121.564
74DA38F7C3DC,2026-08-04,00:58:12,32.0,100.0,2.0,25.003,121.539
74DA38F7C53C,2026-08-04,00:58:15,32.11,100.0,0.0,25.11,121.804
74DA38F7C570,2026-08-04,00:58:20,29.36,100.0,1.0,25.239,121.63
74DA38F20C22,2026-08-04,00:58:24,31.36,100.0,17.0,22.729,120.357
74DA38ED05EA,2026-08-04,00:58:32,28.11,100.0,3.0,23.394,121.357
74DA38F20D16,2026-08-04,00:58:33,31.5,100.0,1.0,25.062,121.526
74DA38F7C566,2026-08-04,00:58:38,32.11,100.0,0.0,25.051,121.448
74DA38F20902,2026-08-04,00:58:43,30.5,100.0,1.0,22.204,120.7
74DA38F210A2,2026-08-04,00:58:55,31.11,100.0,0.0,25.12,121.466
74DA38ED04F2,2026-08-04,00:59:01,28.61,100.0,1.0,23.468,121.496
74DA38F7C5A0,2026-08-04,00:59:01,31.25,99.0,0.0,25.107,121.518
74DA38F20E9E,2026-08-04,00:59:06,27.12,100.0,11.0,24.648,121.151
74DA38F7C42E,2026-08-04,00:59:08,31.86,100.0,0.0,24.969,121.514
74DA38F20D6C,2026-08-04,00:59:14,29.25,98.0,0.0,22.661,120.301
74DA38F7C616,2026-08-04,00:59:19,33.0,100.0,0.0,25.031,121.563
74DA38F7C54E,2026-08-04,00:59:24,31.11,100.0,0.0,25.063,121.661
74DA38F7C5CE,2026-08-04,00:59:24,30.25,85.0,0.0,25.066,121.656
74DA38F20BF6,2026-08-04,00:59:25,29.0,100.0,10.0,22.582,120.368
74DA38F7C53A,2026-08-04,00:59:29,-4.0,0.0,0.0,25.067,121.641
74DA38F20F1C,2026-08-04,00:59:33,30.11,100.0,12.0,25.062,121.451
74DA38F209DE,2026-08-04,00:59:36,31.11,100.0,0.0,24.861,120.964
74DA38F20B26,2026-08-04,00:59:38,29.86,100.0,21.0,22.783,120.247
74DA38ED06E0,2026-08-04,00:59:40,28.75,96.0,4.0,23.601,121.521
74DA38F20D1E,2026-08-04,00:59:41,31.75,100.0,2.0,25.048,121.573
74DA38F7C532,2026-08-04,00:59:41,30.86,99.0,2.0,25.059,121.499
74DA38F20E6E,2026-08-04,00:59:56,27.25,98.0,0.0,24.41,120.902
74DA38F21024,2026-08-04,01:00:03,30.0,100.0,0.0,24.93,121.036
74DA38F7C430,2026-08-04,01:00:04,31.36,83.0,0.0,24.981,121.423
74DA38F20C06,2026-08-04,01:00:06,31.25,68.0,9.0,24.874,121.02
74DA38F20D70,2026-08-04,01:00:07,28.75,94.0,0.0,23.05,121.164
74DA38F2104E,2026-08-04,01:00:16,30.36,100.0,13.0,23.108,120.7
74DA38F7C39A,2026-08-04,01:00:21,30.86,100.0,0.0,25.002,121.414
74DA38F7C3DE,2026-08-04,01:00:21,31.36,100.0,250.0,24.972,121.537
74DA38F21204,2026-08-04,01:00:27,29.75,100.0,0.0,25.062,121.451
74DA38F7C30C,2026-08-04,01:00:28,31.11,92.0,0.0,24.975,121.532
74DA38F209F8,2026-08-04,01:00:29,34.36,100.0,0.0,23.157,121.4
74DA38F20C26,2026-08-04,01:00:32,31.36,89.0,24.0,22.676,120.342
74DA38F7C514,2026-08-04,01:00:32,31.25,100.0,3.0,25.051,121.518
74DA38F20B80,2026-08-04,01:00:40,30.11,100.0,0.0,22.599,120.35
74DA38F209EE,2026-08-04,01:00:42,30.5,100.0,0.0,23.026,121.33
74DA38F2105C,2026-08-04,01:00:42,31.5,100.0,0.0,25.088,121.599
74DA38F7C3D6,2026-08-04,01:00:58,33.5,100.0,0.0,25.045,121.541
74DA38F209B2,2026-08-04,01:01:00,29.36,100.0,0.0,22.363,120.599
74DA38F21048,2026-08-04,01:01:02,29.36,100.0,29.0,22.595,120.341
74DA38F20B5C,2026-08-04,01:01:05,30.0,100.0,31.0,22.798,120.293
74DA38F7C480,2026-08-04,01:01:06,31.25,100.0,0.0,25.061,121.432
74DA38F7C47E,2026-08-04,01:01:21,33.11,100.0,2.0,25.053963,121.427681
74DA38F20DE0,2026-08-04,01:01:24,29.36,100.0,1.0,22.589,120.328
74DA38ED059C,2026-08-04,01:01:39,30.5,83.0,2.0,23.706,121.412
74DA38F207DE,2026-08-04,01:01:40,31.25,100.0,23.0,22.603,120.34
74DA38F20A30,2026-08-04,01:01:42,30.75,84.0,0.0,24.948,121.372
74DA38F7C4DE,2026-08-04,01:01:42,31.25,100.0,0.0,25.09,121.462
74DA38F7C506,2026-08-04,01:01:44,31.25,100.0,0.0,24.996,121.544
74DA38F208E2,2026-08-04,01:01:50,29.61,100.0,4.0,24.688,121.766
74DA38F20EB2,2026-08-04,01:01:53,32.11,100.0,15.0,24.324,120.835
74DA38F7C46C,2026-08-04,01:01:54,-4.0,0.0,0.0,25.288,121.544
74DA38F7C5AA,2026-08-04,01:02:05,31.11,100.0,0.0,25.0,121.479
74DA38F20934,2026-08-04,01:02:07,29.25,76.0,2.0,23.002,121.29
74DA38F7C560,2026-08-04,01:02:07,31.11,-64.0,0.0,25.079,121.671
74DA38F7C600,2026-08-04,01:02:07,22.87,49.0,1.0,25.07,121.586
74DA38F7C260,2026-08-04,01:02:10,30.75,100.0,0.0,25.065,121.425
74DA38F7C47C,2026-08-04,01:02:11,33.11,94.0,87.0,25.055,121.455
74DA38F21088,2026-08-04,01:02:13,31.25,100.0,0.0,25.068,121.588
74DA38F20862,2026-08-04,01:02:16,29.25,100.0,3.0,23.101,121.176
74DA38F7C63C,2026-08-04,01:02:16,60.62,100.0,0.0,24.998,121.425
74DA38F7C338,2026-08-04,01:02:17,30.5,100.0,1.0,25.011,121.458
74DA38F20FFE,2026-08-04,01:02:24,29.61,100.0,31.0,22.894,120.298
74DA38F20A78,2026-08-04,01:02:27,29.61,100.0,2.0,22.904,121.124
74DA38ED0640,2026-08-04,01:02:28,29.86,100.0,5.0,23.154,121.266
74DA38F7C464,2026-08-04,01:02:32,27.75,30.0,0.0,25.006,121.413
74DA38F20F0A,2026-08-04,01:02:35,29.86,100.0,8.0,22.995,120.635
74DA38F20D2E,2026-08-04,01:02:42,30.36,100.0,0.0,25.06,121.545
74DA38F7C366,2026-08-04,01:02:45,32.61,100.0,0.0,25.002,121.516
74DA38F2113E,2026-08-04,01:02:54,-4.0,0.0,0.0,22.728,120.313
74DA38F7C5BE,2026-08-04,01:03:01,30.61,90.0,2.0,25.092,121.523
74DA38F7C4CC,2026-08-04,01:03:03,31.36,100.0,1.0,25.062,121.451
74DA38F21054,2026-08-04,01:03:05,29.75,76.0,15.0,22.898,120.627
74DA38F20D3A,2026-08-04,01:03:08,28.0,100.0,21.0,24.604,121.0
74DA38ED0630,2026-08-04,01:03:09,31.25,97.0,0.0,23.994,121.594
74DA38F7C13A,2026-08-04,01:03:10,22.87,-2.0,0.0,25.069,121.359
74DA38F20D1A,2026-08-04,01:03:12,32.0,89.0,0.0,25.078,121.541
74DA38F7C27E,2026-08-04,01:03:13,31.0,100.0,2.0,25.053,121.444
74DA38F7C310,2026-08-04,01:03:15,32.36,100.0,0.0,25.09,121.464
74DA38F21170,2026-08-04,01:03:39,30.11,75.0,1.0,22.779,121.088
74DA38F7C59C,2026-08-04,01:03:39,30.86,81.0,2.0,25.103,121.487
74DA38ED05B6,2026-08-04,01:03:40,28.5,100.0,4.0,23.43,121.348
74DA38F7C5E6,2026-08-04,01:03:43,31.25,100.0,1.0,25.107,121.843
74DA38F20B12,2026-08-04,01:03:50,27.75,76.0,12.0,22.91,120.716
74DA38F7C41E,2026-08-04,01:03:52,30.75,81.0,0.0,25.054,121.517
74DA38F210F6,2026-08-04,01:03:53,30.5,100.0,2.0,22.757426,121.158891
74DA38F7C37C,2026-08-04,01:03:54,28.86,100.0,7.0,25.111,121.856
74DA38F20B88,2026-08-04,01:03:57,28.86,100.0,2.0,22.75,120.316
74DA38ED0454,2026-08-04,01:04:06,31.86,91.0,2.0,24.053,121.599
74DA38F7C3B2,2026-08-04,01:04:15,32.25,66.0,0.0,24.929,121.378
74DA38F7C524,2026-08-04,01:04:16,30.5,100.0,0.0,25.002,121.552
74DA38F7C610,2026-08-04,01:04:16,30.5,94.0,1.0,25.063,121.564
74DA38F7C3DC,2026-08-04,01:04:17,31.61,100.0,2.0,25.003,121.539
74DA38ED05EA,2026-08-04,01:04:37,28.11,100.0,4.0,23.394,121.357
74DA38F20D16,2026-08-04,01:04:37,31.61,100.0,1.0,25.062,121.526
74DA38F7C53C,2026-08-04,01:04:42,31.75,100.0,0.0,25.11,121.804
74DA38F7C570,2026-08-04,01:04:48,29.5,100.0,1.0,25.239,121.63
74DA38F20C22,2026-08-04,01:04:53,31.11,100.0,15.0,22.729,120.357
74DA38F20902,2026-08-04,01:04:54,30.75,100.0,1.0,22.204,120.7
74DA38F210A2,2026-08-04,01:05:00,31.11,100.0,0.0,25.12,121.466
74DA38ED04F2,2026-08-04,01:05:07,28.75,100.0,2.0,23.468,121.496
74DA38F7C566,2026-08-04,01:05:10,32.11,100.0,0.0,25.051,121.448
74DA38F20E9E,2026-08-04,01:05:12,27.12,100.0,10.0,24.648,121.151
74DA38F7C616,2026-08-04,01:05:28,33.25,100.0,0.0,25.031,121.563
74DA38F20BF6,2026-08-04,01:05:29,28.86,100.0,11.0,22.582,120.368
74DA38F7C5A0,2026-08-04,01:05:30,31.36,99.0,0.0,25.107,121.518
74DA38F20F1C,2026-08-04,01:05:40,30.11,100.0,26.0,25.062,121.451
74DA38ED06E0,2026-08-04,01:05:46,28.75,95.0,4.0,23.601,121.521
74DA38F20B26,2026-08-04,01:05:46,30.0,100.0,21.0,22.783,120.247
74DA38F7C532,2026-08-04,01:05:46,30.86,96.0,2.0,25.059,121.499
74DA38F7C54E,2026-08-04,01:05:50,31.25,100.0,0.0,25.063,121.661
74DA38F7C5CE,2026-08-04,01:05:50,30.5,84.0,0.0,25.066,121.656
74DA38F20D1E,2026-08-04,01:05:52,32.0,100.0,3.0,25.048,121.573
74DA38F20D6C,2026-08-04,01:05:55,29.25,98.0,0.0,22.661,120.301
74DA38F7C3BA,2026-08-04,01:05:55,-4.0,0.0,72.0,25.174,121.441
74DA38F20E6E,2026-08-04,01:05:58,27.12,97.0,0.0,24.41,120.902
74DA38F7C42E,2026-08-04,01:06:00,32.0,100.0,0.0,24.969,121.514
74DA38F209DE,2026-08-04,01:06:02,31.11,100.0,0.0,24.861,120.964
74DA38F20C06,2026-08-04,01:06:12,31.36,68.0,9.0,24.874,121.02
74DA38F20D70,2026-08-04,01:06:13,29.0,92.0,0.0,23.05,121.164
74DA38F7C3DE,2026-08-04,01:06:19,31.5,100.0,261.0,24.972,121.537
74DA38F2104E,2026-08-04,01:06:22,30.11,100.0,13.0,23.108,120.7
74DA38F21024,2026-08-04,01:06:30,30.0,100.0,0.0,24.93,121.036
74DA38F21204,2026-08-04,01:06:32,30.0,100.0,0.0,25.062,121.451
74DA38F7C430,2026-08-04,01:06:32,31.36,83.0,0.0,24.981,121.423
74DA38F7C514,2026-08-04,01:06:38,31.36,100.0,2.0,25.051,121.518
74DA38F20C26,2026-08-04,01:06:42,31.36,89.0,25.0,22.676,120.342
74DA38F7C30C,2026-08-04,01:06:44,31.25,93.0,0.0,24.975,121.532
74DA38F209EE,2026-08-04,01:06:47,30.36,100.0,0.0,23.026,121.33
74DA38F7C39A,2026-08-04,01:06:48,30.86,100.0,0.0,25.002,121.414
74DA38F209F8,2026-08-04,01:06:57,34.25,100.0,0.0,23.157,121.4
74DA38F20B80,2026-08-04,01:07:06,30.25,100.0,0.0,22.599,120.35
74DA38F2105C,2026-08-04,01:07:10,31.61,100.0,0.0,25.088,121.599
74DA38F7C592,2026-08-04,01:07:10,-4.0,0.0,0.0,25.224,121.637
74DA38F20B5C,2026-08-04,01:07:12,29.86,100.0,29.0,22.798,120.293
74DA38F209A8,2026-08-04,01:07:13,-4.0,0.0,0.0,22.401,120.577
74DA38F20B82,2026-08-04,01:07:24,-4.0,0.0,0.0,22.847,120.465
74DA38F7C3D6,2026-08-04,01:07:24,33.75,100.0,0.0,25.045,121.541
74DA38F7C47E,2026-08-04,01:07:26,33.0,100.0,3.0,25.053963,121.427681
74DA38F209B2,2026-08-04,01:07:27,29.36,100.0,0.0,22.363,120.599
74DA38F21048,2026-08-04,01:07:34,29.36,100.0,31.0,22.595,120.341
74DA38F7C480,2026-08-04,01:07:35,31.36,100.0,0.0,25.061,121.432
74DA38ED059C,2026-08-04,01:07:45,30.61,86.0,2.0,23.706,121.412
74DA38F207DE,2026-08-04,01:07:46,31.5,100.0,23.0,22.603,120.34
74DA38F7C4DE,2026-08-04,01:07:51,31.36,100.0,0.0,25.09,121.462
74DA38F20DE0,2026-08-04,01:07:53,29.25,100.0,2.0,22.589,120.328
74DA38F208E2,2026-08-04,01:07:56,29.75,100.0,2.0,24.688,121.766
74DA38F20EB2,2026-08-04,01:08:00,31.5,100.0,14.0,24.324,120.835
74DA38F7C47C,2026-08-04,01:08:07,33.11,93.0,107.0,25.055,121.455
74DA38F7C506,2026-08-04,01:08:12,31.11,100.0,0.0,24.996,121.544
74DA38F20A30,2026-08-04,01:08:13,30.86,84.0,3.0,24.948,121.372
74DA38F7C600,2026-08-04,01:08:13,22.87,49.0,1.0,25.07,121.586
74DA38F20934,2026-08-04,01:08:19,29.25,77.0,2.0,23.002,121.29
74DA38F20862,2026-08-04,01:08:23,29.5,100.0,5.0,23.101,121.176
74DA38F7C560,2026-08-04,01:08:34,31.11,-64.0,0.0,25.079,121.671
74DA38ED0640,2026-08-04,01:08:35,30.0,100.0,3.0,23.154,121.266
74DA38F20A78,2026-08-04,01:08:35,29.75,100.0,2.0,22.904,121.124
74DA38F7C5AA,2026-08-04,01:08:36,30.86,100.0,0.0,25.0,121.479
74DA38F7C260,2026-08-04,01:08:37,30.75,100.0,0.0,25.065,121.425
74DA38F20F0A,2026-08-04,01:08:41,31.0,100.0,8.0,22.995,120.635
74DA38F20FFE,2026-08-04,01:08:41,29.61,100.0,31.0,22.894,120.298
74DA38F21088,2026-08-04,01:08:41,31.5,100.0,0.0,25.068,121.588
74DA38F7C366,2026-08-04,01:08:52,33.0,100.0,0.0,25.002,121.516
74DA38F7C464,2026-08-04,01:08:59,27.75,30.0,0.0,25.006,121.413
74DA38F7C5BE,2026-08-04,01:09:06,30.75,89.0,1.0,25.092,121.523
74DA38F7C4CC,2026-08-04,01:09:09,31.5,100.0,1.0,25.062,121.451
74DA38F20D2E,2026-08-04,01:09:10,30.5,100.0,0.0,25.06,121.545
74DA38F21054,2026-08-04,01:09:10,29.75,77.0,15.0,22.898,120.627
74DA38F7C27E,2026-08-04,01:09:18,31.0,100.0,2.0,25.053,121.444
74DA38F7C310,2026-08-04,01:09:19,32.11,100.0,0.0,25.09,121.464
74DA38ED0630,2026-08-04,01:09:37,31.11,96.0,0.0,23.994,121.594
74DA38F7C13A,2026-08-04,01:09:37,22.87,-1.0,0.0,25.069,121.359
74DA38F20D1A,2026-08-04,01:09:41,31.75,88.0,0.0,25.078,121.541
74DA38ED05B6,2026-08-04,01:09:46,28.61,100.0,4.0,23.43,121.348
74DA38F7C5E6,2026-08-04,01:09:48,31.36,100.0,0.0,25.107,121.843
74DA38F21170,2026-08-04,01:09:53,30.25,75.0,1.0,22.779,121.088
74DA38F20B12,2026-08-04,01:09:57,27.62,75.0,11.0,22.91,120.716
74DA38F210F6,2026-08-04,01:09:58,30.61,100.0,3.0,22.757426,121.158891
74DA38F7C59C,2026-08-04,01:10:05,30.86,80.0,1.0,25.103,121.487
74DA38ED0454,2026-08-04,01:10:13,31.86,93.0,2.0,24.053,121.599
74DA38F2113E,2026-08-04,01:10:13,-4.0,0.0,0.0,22.728,120.313
74DA38F7C3B2,2026-08-04,01:10:21,32.25,66.0,0.0,24.929,121.378
74DA38F7C3DC,2026-08-04,01:10:21,31.86,100.0,3.0,25.003,121.539
74DA38F7C41E,2026-08-04,01:10:21,30.86,81.0,0.0,25.054,121.517
74DA38F7C610,2026-08-04,01:10:21,30.61,93.0,1.0,25.063,121.564
74DA38F20B88,2026-08-04,01:10:30,28.86,100.0,2.0,22.75,120.316
74DA38ED05EA,2026-08-04,01:10:42,28.25,100.0,3.0,23.394,121.357
74DA38F20D16,2026-08-04,01:10:42,31.75,100.0,1.0,25.062,121.526
74DA38F7C524,2026-08-04,01:10:42,30.75,100.0,0.0,25.002,121.552
74DA38F210A2,2026-08-04,01:11:05,31.25,100.0,0.0,25.12,121.466
74DA38F7C53C,2026-08-04,01:11:08,31.61,100.0,0.0,25.11,121.804
74DA38ED04F2,2026-08-04,01:11:13,28.86,100.0,1.0,23.468,121.496
74DA38F20902,2026-08-04,01:11:14,30.86,100.0,1.0,22.204,120.7
74DA38F7C570,2026-08-04,01:11:15,29.36,100.0,0.0,25.239,121.63
74DA38F20E9E,2026-08-04,01:11:19,27.12,100.0,10.0,24.648,121.151
74DA38F20C22,2026-08-04,01:11:21,31.25,100.0,30.0,22.729,120.357
74DA38F20BF6,2026-08-04,01:11:34,28.86,100.0,11.0,22.582,120.368
74DA38F7C46C,2026-08-04,01:11:34,-4.0,0.0,0.0,25.288,121.544
74DA38F7C566,2026-08-04,01:11:40,32.11,100.0,0.0,25.051,121.448
74DA38F7C616,2026-08-04,01:11:41,33.5,100.0,0.0,25.031,121.563
74DA38F7C63C,2026-08-04,01:11:49,60.62,100.0,1.0,24.998,121.425
74DA38F7C532,2026-08-04,01:11:51,30.86,98.0,2.0,25.059,121.499
74DA38ED06E0,2026-08-04,01:11:56,28.75,94.0,4.0,23.601,121.521
74DA38F20B26,2026-08-04,01:11:57,30.11,100.0,22.0,22.783,120.247
74DA38F7C5A0,2026-08-04,01:11:57,31.5,98.0,0.0,25.107,121.518
74DA38F20E6E,2026-08-04,01:11:59,27.25,98.0,0.0,24.41,120.902
74DA38F20D1E,2026-08-04,01:12:01,32.11,100.0,2.0,25.048,121.573
74DA38F7C3DE,2026-08-04,01:12:15,31.61,100.0,238.0,24.972,121.537
74DA38F7C54E,2026-08-04,01:12:15,31.0,100.0,0.0,25.063,121.661
74DA38F7C5CE,2026-08-04,01:12:17,30.61,84.0,0.0,25.066,121.656
74DA38F20C06,2026-08-04,01:12:18,31.36,69.0,10.0,24.874,121.02
74DA38F20D70,2026-08-04,01:12:19,29.0,91.0,0.0,23.05,121.164
74DA38F2104E,2026-08-04,01:12:28,30.25,100.0,14.0,23.108,120.7
74DA38F209DE,2026-08-04,01:12:30,31.25,100.0,0.0,24.861,120.964
74DA38F20D6C,2026-08-04,01:12:36,29.25,98.0,0.0,22.661,120.301
74DA38F21204,2026-08-04,01:12:38,30.11,100.0,0.0,25.062,121.451
74DA38F7C42E,2026-08-04,01:12:42,32.11,100.0,0.0,24.969,121.514
74DA38F7C514,2026-08-04,01:12:45,31.5,100.0,2.0,25.051,121.518
74DA38F209EE,2026-08-04,01:12:52,30.5,100.0,0.0,23.026,121.33
74DA38F20C26,2026-08-04,01:12:53,31.36,89.0,24.0,22.676,120.342
74DA38F21024,2026-08-04,01:12:57,30.11,100.0,0.0,24.93,121.036
74DA38F7C430,2026-08-04,01:13:01,31.5,83.0,0.0,24.981,121.423
74DA38F7C39A,2026-08-04,01:13:15,31.0,100.0,0.0,25.002,121.414
74DA38F7C30C,2026-08-04,01:13:16,31.36,92.0,0.0,24.975,121.532
74DA38F20B5C,2026-08-04,01:13:23,30.0,100.0,30.0,22.798,120.293
74DA38F209F8,2026-08-04,01:13:24,34.36,100.0,0.0,23.157,121.4
74DA38F7C47E,2026-08-04,01:13:32,32.61,100.0,2.0,25.053963,121.427681
74DA38F20B80,2026-08-04,01:13:33,30.25,100.0,0.0,22.599,120.35
74DA38F2105C,2026-08-04,01:13:36,31.61,100.0,0.0,25.088,121.599
74DA38F7C3D6,2026-08-04,01:13:51,34.0,100.0,0.0,25.045,121.541
74DA38F209B2,2026-08-04,01:13:53,29.25,100.0,0.0,22.363,120.599
74DA38F207DE,2026-08-04,01:13:55,31.5,100.0,23.0,22.603,120.34
74DA38ED059C,2026-08-04,01:13:56,30.86,83.0,2.0,23.706,121.412
74DA38F208E2,2026-08-04,01:14:00,29.86,100.0,3.0,24.688,121.766
74DA38F7C480,2026-08-04,01:14:00,31.5,100.0,0.0,25.061,121.432
74DA38F7C47C,2026-08-04,01:14:02,33.36,93.0,114.0,25.055,121.455
74DA38F21048,2026-08-04,01:14:03,29.5,100.0,27.0,22.595,120.341
74DA38F20EB2,2026-08-04,01:14:07,31.25,100.0,14.0,24.324,120.835
74DA38F21136,2026-08-04,01:14:17,31.75,100.0,1.0,25.119,121.505
74DA38F7C600,2026-08-04,01:14:18,22.87,49.0,1.0,25.07,121.586
74DA38F20DE0,2026-08-04,01:14:22,29.25,100.0,1.0,22.589,120.328
74DA38F20934,2026-08-04,01:14:28,29.25,77.0,2.0,23.002,121.29
74DA38F7C3BA,2026-08-04,01:14:36,-4.0,0.0,76.0,25.174,121.441
74DA38F20862,2026-08-04,01:14:37,29.5,100.0,39.0,23.101,121.176
74DA38ED0640,2026-08-04,01:14:40,30.0,100.0,3.0,23.154,121.266
74DA38F20A78,2026-08-04,01:14:41,29.86,100.0,1.0,22.904,121.124
74DA38F20F0A,2026-08-04,01:14:47,31.61,100.0,7.0,22.995,120.635
74DA38F20A30,2026-08-04,01:14:48,31.0,83.0,0.0,24.948,121.372
74DA38F20FFE,2026-08-04,01:14:57,29.75,100.0,30.0,22.894,120.298
74DA38F7C366,2026-08-04,01:14:58,32.86,100.0,0.0,25.002,121.516
74DA38F7C560,2026-08-04,01:15:02,31.11,-64.0,0.0,25.079,121.671
74DA38F7C260,2026-08-04,01:15:04,30.86,100.0,0.0,25.065,121.425
74DA38F7C5AA,2026-08-04,01:15:04,31.25,100.0,0.0,25.0,121.479
74DA38F21088,2026-08-04,01:15:10,31.61,100.0,0.0,25.068,121.588
74DA38F7C5BE,2026-08-04,01:15:11,30.75,89.0,2.0,25.092,121.523
74DA38F7C4CC,2026-08-04,01:15:16,31.75,100.0,1.0,25.062,121.451
74DA38F21054,2026-08-04,01:15:17,29.86,77.0,15.0,22.898,120.627
74DA38F7C27E,2026-08-04,01:15:23,31.11,100.0,1.0,25.053,121.444
74DA38F7C310,2026-08-04,01:15:25,32.11,100.0,0.0,25.09,121.464
74DA38F7C464,2026-08-04,01:15:30,27.62,30.0,0.0,25.006,121.413
74DA38F20D2E,2026-08-04,01:15:37,30.61,100.0,0.0,25.06,121.545
74DA38ED05B6,2026-08-04,01:15:51,28.86,100.0,4.0,23.43,121.348
74DA38F7C5E6,2026-08-04,01:15:53,31.36,100.0,0.0,25.107,121.843
74DA38F21170,2026-08-04,01:16:01,30.36,75.0,1.0,22.779,121.088
74DA38F20B12,2026-08-04,01:16:02,27.62,73.0,11.0,22.91,120.716
74DA38ED0630,2026-08-04,01:16:03,31.0,95.0,0.0,23.994,121.594
74DA38F210F6,2026-08-04,01:16:03,30.61,100.0,3.0,22.757426,121.158891
74DA38F7C13A,2026-08-04,01:16:03,23.0,-1.0,0.0,25.069,121.359
74DA38ED0454,2026-08-04,01:16:20,31.75,97.0,3.0,24.053,121.599
74DA38F20D1A,2026-08-04,01:16:20,31.75,90.0,0.0,25.078,121.541
74DA38F7C610,2026-08-04,01:16:25,30.61,93.0,1.0,25.063,121.564
74DA38F7C3B2,2026-08-04,01:16:27,32.25,66.0,0.0,24.929,121.378
74DA38F7C3DC,2026-08-04,01:16:27,32.11,100.0,2.0,25.003,121.539
74DA38F7C59C,2026-08-04,01:16:32,31.0,79.0,1.0,25.103,121.487
74DA38F20D16,2026-08-04,01:16:47,31.86,100.0,1.0,25.062,121.526
74DA38ED05EA,2026-08-04,01:16:48,28.36,100.0,3.0,23.394,121.357
74DA38F7C41E,2026-08-04,01:16:49,31.0,81.0,0.0,25.054,121.517
74DA38F209A8,2026-08-04,01:16:50,-4.0,0.0,0.0,22.401,120.577
74DA38F7C592,2026-08-04,01:16:50,-4.0,0.0,0.0,25.224,121.637
74DA38F20B82,2026-08-04,01:16:56,-4.0,0.0,0.0,22.847,120.465
74DA38F20B88,2026-08-04,01:17:00,29.0,100.0,1.0,22.75,120.316
74DA38F210A2,2026-08-04,01:17:10,31.36,100.0,0.0,25.12,121.466
74DA38F7C524,2026-08-04,01:17:11,30.86,100.0,0.0,25.002,121.552
74DA38ED04F2,2026-08-04,01:17:19,29.11,100.0,2.0,23.468,121.496
74DA38F20902,2026-08-04,01:17:20,30.86,100.0,1.0,22.204,120.7
74DA38F20E9E,2026-08-04,01:17:25,27.12,100.0,9.0,24.648,121.151
74DA38F2113E,2026-08-04,01:17:28,-4.0,0.0,0.0,22.728,120.313
74DA38F7C37C,2026-08-04,01:17:31,29.25,100.0,4.0,25.111,121.856
74DA38F7C53C,2026-08-04,01:17:35,31.36,100.0,0.0,25.11,121.804
74DA38F20BF6,2026-08-04,01:17:40,28.86,100.0,10.0,22.582,120.368
74DA38F7C570,2026-08-04,01:17:43,29.36,100.0,0.0,25.239,121.63
74DA38F20C22,2026-08-04,01:17:48,31.25,100.0,19.0,22.729,120.357
74DA38F7C616,2026-08-04,01:17:50,33.5,100.0,0.0,25.031,121.563
74DA38F7C532,2026-08-04,01:17:55,31.11,98.0,1.0,25.059,121.499
74DA38F20E6E,2026-08-04,01:18:01,27.25,98.0,0.0,24.41,120.902
74DA38ED06E0,2026-08-04,01:18:06,28.86,94.0,4.0,23.601,121.521
74DA38F20B26,2026-08-04,01:18:08,30.0,100.0,20.0,22.783,120.247
74DA38F20D1E,2026-08-04,01:18:08,32.11,100.0,2.0,25.048,121.573
74DA38F7C566,2026-08-04,01:18:10,32.0,100.0,0.0,25.051,121.448
74DA38F7C3DE,2026-08-04,01:18:13,31.75,100.0,250.0,24.972,121.537
74DA38F20C06,2026-08-04,01:18:23,31.36,69.0,11.0,24.874,121.02
74DA38F20D70,2026-08-04,01:18:24,29.11,90.0,0.0,23.05,121.164
74DA38F7C5A0,2026-08-04,01:18:24,31.5,99.0,0.0,25.107,121.518
74DA38F20F1C,2026-08-04,01:18:31,30.25,100.0,40.0,25.062,121.451
74DA38F7C54E,2026-08-04,01:18:41,31.11,100.0,0.0,25.063,121.661
74DA38F21204,2026-08-04,01:18:43,30.11,100.0,0.0,25.062,121.451
74DA38F7C5CE,2026-08-04,01:18:44,30.61,84.0,0.0,25.066,121.656
74DA38F7C514,2026-08-04,01:18:51,31.75,100.0,2.0,25.051,121.518
74DA38F209DE,2026-08-04,01:18:57,31.36,100.0,0.0,24.861,120.964
74DA38F209EE,2026-08-04,01:18:57,30.61,100.0,0.0,23.026,121.33
74DA38F20C26,2026-08-04,01:19:05,31.36,88.0,23.0,22.676,120.342
74DA38F7C42E,2026-08-04,01:19:18,32.25,100.0,0.0,24.969,121.514
74DA38F21024,2026-08-04,01:19:26,30.25,100.0,0.0,24.93,121.036
74DA38F7C430,2026-08-04,01:19:27,31.5,82.0,0.0,24.981,121.423
74DA38F7C30C,2026-08-04,01:19:30,31.5,91.0,0.0,24.975,121.532
74DA38F20B5C,2026-08-04,01:19:33,29.86,100.0,32.0,22.798,120.293
74DA38F7C47E,2026-08-04,01:19:37,33.0,100.0,2.0,25.053963,121.427681
74DA38F7C39A,2026-08-04,01:19:43,31.0,100.0,0.0,25.002,121.414
74DA38F209F8,2026-08-04,01:19:52,34.5,100.0,0.0,23.157,121.4
74DA38F7C47C,2026-08-04,01:19:55,33.36,92.0,97.0,25.055,121.455
74DA38F207DE,2026-08-04,01:20:01,31.75,100.0,22.0,22.603,120.34
74DA38ED059C,2026-08-04,01:20:03,30.86,84.0,2.0,23.706,121.412
74DA38F2105C,2026-08-04,01:20:03,31.75,100.0,0.0,25.088,121.599
74DA38F208E2,2026-08-04,01:20:05,29.86,100.0,3.0,24.688,121.766
74DA38F20EB2,2026-08-04,01:20:11,31.5,100.0,13.0,24.324,120.835
74DA38F7C53A,2026-08-04,01:20:14,-4.0,0.0,0.0,25.067,121.641
74DA38F7C3D6,2026-08-04,01:20:18,34.25,100.0,0.0,25.045,121.541
74DA38F209B2,2026-08-04,01:20:20,29.11,100.0,0.0,22.363,120.599
74DA38F7C600,2026-08-04,01:20:23,22.87,49.0,1.0,25.07,121.586
74DA38F7C480,2026-08-04,01:20:27,31.61,100.0,0.0,25.061,121.432
74DA38F21136,2026-08-04,01:20:32,31.61,100.0,1.0,25.119,121.505
74DA38F20934,2026-08-04,01:20:35,29.36,77.0,3.0,23.002,121.29
74DA38F21048,2026-08-04,01:20:35,29.5,100.0,29.0,22.595,120.341
74DA38F7C4DE,2026-08-04,01:20:38,31.5,100.0,0.0,25.09,121.462
74DA38F20862,2026-08-04,01:20:42,29.61,100.0,7.0,23.101,121.176
74DA38F20A78,2026-08-04,01:20:48,30.0,100.0,1.0,22.904,121.124
74DA38ED0640,2026-08-04,01:20:49,30.25,100.0,5.0,23.154,121.266
74DA38F20DE0,2026-08-04,01:20:51,29.36,100.0,2.0,22.589,120.328
74DA38F20F0A,2026-08-04,01:20:52,32.25,100.0,6.0,22.995,120.635
74DA38F7C338,2026-08-04,01:21:01,30.5,100.0,2.0,25.011,121.458
74DA38F7C366,2026-08-04,01:21:04,33.11,100.0,0.0,25.002,121.516
74DA38F20FFE,2026-08-04,01:21:12,29.61,100.0,32.0,22.894,120.298
74DA38F7C46C,2026-08-04,01:21:13,-4.0,0.0,0.0,25.288,121.544
74DA38F7C5BE,2026-08-04,01:21:17,30.86,89.0,2.0,25.092,121.523
74DA38F20A30,2026-08-04,01:21:22,31.11,83.0,11.0,24.948,121.372
74DA38F7C63C,2026-08-04,01:21:22,60.62,100.0,1.0,24.998,121.425
74DA38F21054,2026-08-04,01:21:23,29.86,76.0,15.0,22.898,120.627
74DA38F7C4CC,2026-08-04,01:21:26,31.5,100.0,1.0,25.062,121.451
74DA38F7C27E,2026-08-04,01:21:27,31.25,100.0,1.0,25.053,121.444
74DA38F7C560,2026-08-04,01:21:29,31.36,-64.0,0.0,25.079,121.671
74DA38F7C310,2026-08-04,01:21:30,32.25,100.0,0.0,25.09,121.464
74DA38F7C260,2026-08-04,01:21:33,31.0,100.0,0.0,25.065,121.425
74DA38F7C5AA,2026-08-04,01:21:33,31.5,100.0,0.0,25.0,121.479
74DA38F21088,2026-08-04,01:21:37,31.86,100.0,0.0,25.068,121.588
74DA38ED05B6,2026-08-04,01:21:56,29.0,100.0,4.0,23.43,121.348
74DA38F7C5E6,2026-08-04,01:22:00,31.36,100.0,3.0,25.107,121.843
74DA38F7C464,2026-08-04,01:22:02,27.87,30.0,0.0,25.006,121.413
74DA38F20D2E,2026-08-04,01:22:05,30.61,100.0,0.0,25.06,121.545
74DA38F21170,2026-08-04,01:22:06,30.5,75.0,1.0,22.779,121.088
74DA38F20B12,2026-08-04,01:22:07,27.5,73.0,10.0,22.91,120.716
74DA38F210F6,2026-08-04,01:22:07,30.5,100.0,3.0,22.757426,121.158891
74DA38F7C610,2026-08-04,01:22:30,30.61,92.0,1.0,25.063,121.564
74DA38ED0630,2026-08-04,01:22:31,31.11,97.0,0.0,23.994,121.594
74DA38F7C13A,2026-08-04,01:22:31,23.0,-1.0,0.0,25.069,121.359
74DA38F7C3B2,2026-08-04,01:22:32,32.25,67.0,0.0,24.929,121.378
74DA38F7C3DC,2026-08-04,01:22:32,32.25,100.0,2.0,25.003,121.539
74DA38ED0454,2026-08-04,01:22:39,31.75,97.0,3.0,24.053,121.599
74DA38F20D3A,2026-08-04,01:22:44,28.5,100.0,20.0,24.604,121.0
74DA38F20D1A,2026-08-04,01:22:49,31.75,89.0,0.0,25.078,121.541
74DA38F20D16,2026-08-04,01:22:51,32.0,100.0,1.0,25.062,121.526
74DA38ED05EA,2026-08-04,01:22:53,28.5,100.0,3.0,23.394,121.357
74DA38F7C59C,2026-08-04,01:23:00,31.0,79.0,1.0,25.103,121.487
74DA38F210A2,2026-08-04,01:23:15,31.36,100.0,0.0,25.12,121.466
74DA38F7C3BA,2026-08-04,01:23:16,-4.0,0.0,77.0,25.174,121.441
74DA38F7C41E,2026-08-04,01:23:16,31.0,80.0,0.0,25.054,121.517
74DA38F20902,2026-08-04,01:23:25,30.75,100.0,1.0,22.204,120.7
74DA38ED04F2,2026-08-04,01:23:26,29.25,100.0,2.0,23.468,121.496
74DA38F20B88,2026-08-04,01:23:30,29.11,100.0,0.0,22.75,120.316
74DA38F20E9E,2026-08-04,01:23:30,27.25,100.0,9.0,24.648,121.151
74DA38F7C524,2026-08-04,01:23:42,30.86,100.0,1.0,25.002,121.552
74DA38F20BF6,2026-08-04,01:23:44,28.86,100.0,11.0,22.582,120.368
74DA38F7C37C,2026-08-04,01:23:58,29.0,100.0,0.0,25.111,121.856
74DA38F7C616,2026-08-04,01:23:58,33.36,100.0,0.0,25.031,121.563
74DA38F7C532,2026-08-04,01:23:59,31.11,95.0,1.0,25.059,121.499
74DA38F20E6E,2026-08-04,01:24:03,27.37,98.0,0.0,24.41,120.902
74DA38F7C53C,2026-08-04,01:24:05,31.5,100.0,0.0,25.11,121.804
74DA38F7C570,2026-08-04,01:24:09,29.5,100.0,0.0,25.239,121.63
74DA38F7C3DE,2026-08-04,01:24:11,31.86,100.0,267.0,24.972,121.537
74DA38ED06E0,2026-08-04,01:24:13,28.86,94.0,4.0,23.601,121.521
74DA38F20D1E,2026-08-04,01:24:15,31.86,100.0,3.0,25.048,121.573
74DA38F20C22,2026-08-04,01:24:17,31.36,100.0,11.0,22.729,120.357
74DA38F20B26,2026-08-04,01:24:18,30.0,100.0,20.0,22.783,120.247
74DA38F20C06,2026-08-04,01:24:29,31.36,68.0,12.0,24.874,121.02
74DA38F20D70,2026-08-04,01:24:29,29.0,90.0,0.0,23.05,121.164
74DA38F20F1C,2026-08-04,01:24:42,30.25,100.0,54.0,25.062,121.451
74DA38F2113E,2026-08-04,01:24:43,-4.0,0.0,0.0,22.728,120.313
74DA38F21204,2026-08-04,01:24:49,30.25,100.0,0.0,25.062,121.451
74DA38F7C5A0,2026-08-04,01:24:53,31.61,98.0,0.0,25.107,121.518
74DA38F7C514,2026-08-04,01:24:58,31.75,100.0,2.0,25.051,121.518
74DA38F209EE,2026-08-04,01:25:02,30.75,100.0,0.0,23.026,121.33
74DA38F7C54E,2026-08-04,01:25:11,31.25,100.0,0.0,25.063,121.661
74DA38F7C5CE,2026-08-04,01:25:11,30.75,83.0,0.0,25.066,121.656
74DA38F20C26,2026-08-04,01:25:16,31.0,88.0,26.0,22.676,120.342
74DA38F209DE,2026-08-04,01:25:24,31.36,100.0,0.0,24.861,120.964
74DA38F7C47E,2026-08-04,01:25:42,33.0,100.0,2.0,25.053963,121.427681
74DA38F20B5C,2026-08-04,01:25:46,30.0,100.0,31.0,22.798,120.293
74DA38F7C30C,2026-08-04,01:25:47,31.5,90.0,0.0,24.975,121.532
74DA38F7C47C,2026-08-04,01:25:47,33.5,91.0,91.0,25.055,121.455
74DA38F21024,2026-08-04,01:25:53,30.25,100.0,0.0,24.93,121.036
74DA38F7C42E,2026-08-04,01:25:54,32.5,100.0,0.0,24.969,121.514
74DA38F7C430,2026-08-04,01:25:54,31.61,82.0,0.0,24.981,121.423
74DA38F207DE,2026-08-04,01:26:07,32.0,100.0,24.0,22.603,120.34
74DA38ED059C,2026-08-04,01:26:09,30.86,83.0,2.0,23.706,121.412
74DA38F208E2,2026-08-04,01:26:09,29.61,100.0,3.0,24.688,121.766
74DA38F7C39A,2026-08-04,01:26:10,31.0,100.0,0.0,25.002,121.414
74DA38F20EB2,2026-08-04,01:26:17,31.5,100.0,14.0,24.324,120.835
74DA38F209F8,2026-08-04,01:26:19,34.36,100.0,0.0,23.157,121.4
74DA38F20D6C,2026-08-04,01:26:19,29.36,98.0,0.0,22.661,120.301
74DA38F20B82,2026-08-04,01:26:28,-4.0,0.0,0.0,22.847,120.465
74DA38F7C592,2026-08-04,01:26:29,-4.0,0.0,0.0,25.224,121.637
74DA38F7C600,2026-08-04,01:26:29,22.87,49.0,1.0,25.07,121.586
74DA38F2105C,2026-08-04,01:26:30,31.86,100.0,0.0,25.088,121.599
74DA38F209A8,2026-08-04,01:26:31,-4.0,0.0,0.0,22.401,120.577
74DA38F20934,2026-08-04,01:26:44,29.36,76.0,3.0,23.002,121.29
74DA38F7C3D6,2026-08-04,01:26:44,34.61,100.0,0.0,25.045,121.541
74DA38F20B80,2026-08-04,01:26:46,30.5,100.0,0.0,22.599,120.35
74DA38F21136,2026-08-04,01:26:46,31.75,100.0,2.0,25.119,121.505
74DA38F209B2,2026-08-04,01:26:47,29.25,100.0,0.0,22.363,120.599
74DA38F20862,2026-08-04,01:26:49,29.75,100.0,3.0,23.101,121.176
74DA38F7C4DE,2026-08-04,01:26:50,31.5,100.0,0.0,25.09,121.462
74DA38F20A78,2026-08-04,01:26:54,30.11,100.0,1.0,22.904,121.124
74DA38ED0640,2026-08-04,01:26:55,30.36,100.0,3.0,23.154,121.266
74DA38F7C480,2026-08-04,01:26:55,31.86,100.0,0.0,25.061,121.432
74DA38F2104E,2026-08-04,01:26:56,30.61,100.0,12.0,23.108,120.7
74DA38F20F0A,2026-08-04,01:26:59,32.5,100.0,6.0,22.995,120.635
74DA38F21048,2026-08-04,01:27:06,29.61,100.0,29.0,22.595,120.341
74DA38F7C366,2026-08-04,01:27:09,33.0,100.0,0.0,25.002,121.516
74DA38F20DE0,2026-08-04,01:27:19,29.36,100.0,2.0,22.589,120.328
74DA38F7C5BE,2026-08-04,01:27:22,31.0,88.0,2.0,25.092,121.523
74DA38F20FFE,2026-08-04,01:27:23,29.75,100.0,31.0,22.894,120.298
74DA38F21054,2026-08-04,01:27:29,29.86,76.0,14.0,22.898,120.627
74DA38F7C27E,2026-08-04,01:27:32,31.36,98.0,1.0,25.053,121.444
74DA38F7C4CC,2026-08-04,01:27:34,31.86,100.0,1.0,25.062,121.451
74DA38F7C310,2026-08-04,01:27:35,32.61,100.0,0.0,25.09,121.464
74DA38F20A30,2026-08-04,01:27:54,31.25,83.0,1.0,24.948,121.372
74DA38F7C560,2026-08-04,01:27:56,31.5,-64.0,0.0,25.079,121.671
74DA38ED05B6,2026-08-04,01:28:01,29.11,100.0,4.0,23.43,121.348
74DA38F7C260,2026-08-04,01:28:01,31.0,100.0,0.0,25.065,121.425
74DA38F21088,2026-08-04,01:28:05,31.86,100.0,0.0,25.068,121.588
74DA38F7C5E6,2026-08-04,01:28:06,31.5,100.0,4.0,25.107,121.843
74DA38F21170,2026-08-04,01:28:11,30.5,75.0,1.0,22.779,121.088
74DA38F210F6,2026-08-04,01:28:12,30.61,100.0,3.0,22.757426,121.158891
74DA38F20B12,2026-08-04,01:28:13,27.25,71.0,9.0,22.91,120.716
74DA38F20D2E,2026-08-04,01:28:32,30.75,100.0,0.0,25.06,121.545
74DA38F7C464,2026-08-04,01:28:32,28.11,31.0,0.0,25.006,121.413
74DA38F7C610,2026-08-04,01:28:35,30.75,92.0,1.0,25.063,121.564
74DA38F7C3B2,2026-08-04,01:28:37,32.36,66.0,0.0,24.929,121.378
74DA38F7C3DC,2026-08-04,01:28:37,31.86,100.0,2.0,25.003,121.539
74DA38ED0454,2026-08-04,01:28:45,31.5,93.0,2.0,24.053,121.599
74DA38F20D16,2026-08-04,01:28:56,31.86,100.0,1.0,25.062,121.526
74DA38F7C13A,2026-08-04,01:28:57,23.12,0.0,1.0,25.069,121.359
74DA38ED0630,2026-08-04,01:28:58,31.11,99.0,0.0,23.994,121.594
74DA38ED05EA,2026-08-04,01:28:59,28.5,100.0,2.0,23.394,121.357
74DA38F20D1A,2026-08-04,01:29:16,32.0,89.0,0.0,25.078,121.541
74DA38F210A2,2026-08-04,01:29:20,31.36,100.0,0.0,25.12,121.466
74DA38F7C59C,2026-08-04,01:29:26,31.0,79.0,1.0,25.103,121.487
74DA38F20902,2026-08-04,01:29:31,30.75,100.0,1.0,22.204,120.7
74DA38ED04F2,2026-08-04,01:29:32,29.36,100.0,1.0,23.468,121.496
74DA38F20E9E,2026-08-04,01:29:36,27.25,100.0,10.0,24.648,121.151
74DA38F7C506,2026-08-04,01:29:43,31.61,100.0,0.0,24.996,121.544
74DA38F7C41E,2026-08-04,01:29:47,31.0,81.0,0.0,25.054,121.517
74DA38F20BF6,2026-08-04,01:29:48,28.75,100.0,11.0,22.582,120.368
74DA38F20B88,2026-08-04,01:29:59,29.36,100.0,1.0,22.75,120.316
74DA38F7C53A,2026-08-04,01:30:00,-4.0,0.0,0.0,25.067,121.641
74DA38F7C532,2026-08-04,01:30:03,31.25,95.0,1.0,25.059,121.499
74DA38F20E6E,2026-08-04,01:30:04,27.37,99.0,0.0,24.41,120.902
74DA38F7C616,2026-08-04,01:30:05,33.36,100.0,0.0,25.031,121.563
74DA38F7C3DE,2026-08-04,01:30:08,32.0,100.0,255.0,24.972,121.537
74DA38F7C524,2026-08-04,01:30:13,31.11,100.0,3.0,25.002,121.552
74DA38ED06E0,2026-08-04,01:30:19,28.86,94.0,4.0,23.601,121.521
74DA38F20D1E,2026-08-04,01:30:21,31.75,100.0,3.0,25.048,121.573
74DA38F20B26,2026-08-04,01:30:26,30.25,100.0,21.0,22.783,120.247
74DA38F7C37C,2026-08-04,01:30:28,28.86,100.0,2.0,25.111,121.856
74DA38F7C53C,2026-08-04,01:30:31,32.0,100.0,0.0,25.11,121.804
74DA38F20C06,2026-08-04,01:30:34,31.36,68.0,11.0,24.874,121.02
74DA38F20D70,2026-08-04,01:30:34,29.11,90.0,0.0,23.05,121.164
74DA38F7C570,2026-08-04,01:30:41,29.5,100.0,0.0,25.239,121.63
74DA38F20C22,2026-08-04,01:30:45,31.5,100.0,15.0,22.729,120.357
74DA38F20F1C,2026-08-04,01:30:50,30.5,100.0,39.0,25.062,121.451
74DA38F7C46C,2026-08-04,01:30:53,-4.0,0.0,0.0,25.288,121.544
74DA38F21204,2026-08-04,01:30:55,30.25,100.0,0.0,25.062,121.451
74DA38F7C63C,2026-08-04,01:30:55,60.62,100.0,0.0,24.998,121.425
74DA38F7C514,2026-08-04,01:31:04,31.75,100.0,1.0,25.051,121.518
74DA38F209EE,2026-08-04,01:31:08,30.75,100.0,0.0,23.026,121.33
74DA38F7C5A0,2026-08-04,01:31:20,31.75,98.0,0.0,25.107,121.518
74DA38F20C26,2026-08-04,01:31:26,30.75,89.0,26.0,22.676,120.342
74DA38F7C566,2026-08-04,01:31:28,32.11,100.0,0.0,25.051,121.448
74DA38F7C47C,2026-08-04,01:31:38,33.36,92.0,93.0,25.055,121.455
74DA38F7C5CE,2026-08-04,01:31:38,30.86,83.0,0.0,25.066,121.656
74DA38F7C54E,2026-08-04,01:31:40,31.36,100.0,0.0,25.063,121.661
74DA38F7C47E,2026-08-04,01:31:47,33.75,100.0,3.0,25.053963,121.427681
74DA38F20B5C,2026-08-04,01:31:56,29.86,100.0,32.0,22.798,120.293
74DA38F7C30C,2026-08-04,01:31:57,31.61,90.0,0.0,24.975,121.532
74DA38F7C3BA,2026-08-04,01:31:58,-4.0,0.0,74.0,25.174,121.441
74DA38F2113E,2026-08-04,01:32:00,-4.0,0.0,0.0,22.728,120.313
74DA38F207DE,2026-08-04,01:32:13,32.11,100.0,23.0,22.603,120.34
74DA38F208E2,2026-08-04,01:32:14,29.75,100.0,3.0,24.688,121.766
74DA38ED059C,2026-08-04,01:32:15,30.61,85.0,2.0,23.706,121.412
74DA38F21024,2026-08-04,01:32:20,30.36,100.0,0.0,24.93,121.036
74DA38F7C430,2026-08-04,01:32:22,31.75,82.0,0.0,24.981,121.423
74DA38F7C42E,2026-08-04,01:32:23,32.5,100.0,0.0,24.969,121.514
74DA38F20EB2,2026-08-04,01:32:24,31.11,100.0,15.0,24.324,120.835
74DA38F7C600,2026-08-04,01:32:34,22.87,49.0,1.0,25.07,121.586
74DA38F7C39A,2026-08-04,01:32:38,31.11,100.0,0.0,25.002,121.414
74DA38F209F8,2026-08-04,01:32:45,34.61,100.0,0.0,23.157,121.4
74DA38F20934,2026-08-04,01:32:50,29.5,77.0,3.0,23.002,121.29
74DA38F20D6C,2026-08-04,01:32:53,29.5,98.0,0.0,22.661,120.301
74DA38F20862,2026-08-04,01:32:54,30.11,100.0,4.0,23.101,121.176
74DA38F2105C,2026-08-04,01:32:57,32.11,100.0,0.0,25.088,121.599
74DA38F20A78,2026-08-04,01:33:00,30.11,100.0,1.0,22.904,121.124
74DA38ED0640,2026-08-04,01:33:01,30.75,100.0,3.0,23.154,121.266
74DA38F2104E,2026-08-04,01:33:01,30.36,100.0,13.0,23.108,120.7
74DA38F20F0A,2026-08-04,01:33:07,33.0,100.0,6.0,22.995,120.635
74DA38F7C3D6,2026-08-04,01:33:11,34.61,100.0,0.0,25.045,121.541
74DA38F7C4DE,2026-08-04,01:33:11,31.25,100.0,0.0,25.09,121.462
74DA38F209B2,2026-08-04,01:33:13,29.25,100.0,0.0,22.363,120.599
74DA38F20B80,2026-08-04,01:33:14,30.5,100.0,0.0,22.599,120.35
74DA38F7C366,2026-08-04,01:33:14,33.36,100.0,0.0,25.002,121.516
74DA38F7C480,2026-08-04,01:33:22,31.86,100.0,0.0,25.061,121.432
74DA38F7C5BE,2026-08-04,01:33:26,31.0,88.0,2.0,25.092,121.523
74DA38F20FFE,2026-08-04,01:33:34,29.86,100.0,30.0,22.894,120.298
74DA38F21054,2026-08-04,01:33:35,29.86,75.0,16.0,22.898,120.627
74DA38F21048,2026-08-04,01:33:36,29.61,100.0,29.0,22.595,120.341
74DA38F7C310,2026-08-04,01:33:39,32.61,100.0,0.0,25.09,121.464
74DA38F7C27E,2026-08-04,01:33:41,31.5,97.0,2.0,25.053,121.444
74DA38F7C4CC,2026-08-04,01:33:42,32.25,100.0,1.0,25.062,121.451
74DA38F20DE0,2026-08-04,01:33:47,29.25,100.0,2.0,22.589,120.328
74DA38ED05B6,2026-08-04,01:34:06,29.25,100.0,4.0,23.43,121.348
74DA38F7C5E6,2026-08-04,01:34:12,31.5,100.0,2.0,25.107,121.843
74DA38F210F6,2026-08-04,01:34:16,30.61,100.0,3.0,22.757426,121.158891
74DA38F21170,2026-08-04,01:34:17,30.61,75.0,1.0,22.779,121.088
74DA38F20B12,2026-08-04,01:34:19,27.12,71.0,9.0,22.91,120.716
74DA38F20A30,2026-08-04,01:34:24,31.25,82.0,2.0,24.948,121.372
74DA38F7C560,2026-08-04,01:34:24,31.5,-65.0,0.0,25.079,121.671
74DA38F7C260,2026-08-04,01:34:29,31.11,100.0,0.0,25.065,121.425
74DA38F21088,2026-08-04,01:34:34,32.11,100.0,0.0,25.068,121.588
74DA38F7C610,2026-08-04,01:34:40,30.75,92.0,1.0,25.063,121.564
74DA38F7C3DC,2026-08-04,01:34:42,31.86,100.0,2.0,25.003,121.539
74DA38F7C3B2,2026-08-04,01:34:43,32.25,66.0,0.0,24.929,121.378
74DA38ED0454,2026-08-04,01:34:54,31.5,96.0,3.0,24.053,121.599
74DA38F20D16,2026-08-04,01:35:01,31.86,100.0,1.0,25.062,121.526
74DA38F20D2E,2026-08-04,01:35:01,30.86,100.0,0.0,25.06,121.545
74DA38F7C464,2026-08-04,01:35:02,28.0,30.0,0.0,25.006,121.413
74DA38ED05EA,2026-08-04,01:35:04,28.5,100.0,2.0,23.394,121.357
74DA38F7C13A,2026-08-04,01:35:24,23.12,0.0,1.0,25.069,121.359
74DA38ED0630,2026-08-04,01:35:25,31.0,100.0,0.0,23.994,121.594
74DA38F210A2,2026-08-04,01:35:25,31.5,100.0,0.0,25.12,121.466
74DA38F7C5AA,2026-08-04,01:35:29,31.5,100.0,0.0,25.0,121.479
74DA38F20902,2026-08-04,01:35:37,30.86,100.0,1.0,22.204,120.7
74DA38ED04F2,2026-08-04,01:35:39,29.36,100.0,1.0,23.468,121.496
74DA38F20D3A,2026-08-04,01:35:42,28.5,100.0,20.0,24.604,121.0
74DA38F20E9E,2026-08-04,01:35:42,27.25,100.0,9.0,24.648,121.151
74DA38F20D1A,2026-08-04,01:35:44,32.0,89.0,0.0,25.078,121.541
74DA38F20BF6,2026-08-04,01:35:52,28.75,100.0,12.0,22.582,120.368
74DA38F7C59C,2026-08-04,01:35:53,31.11,78.0,1.0,25.103,121.487
74DA38F20B82,2026-08-04,01:36:00,-4.0,0.0,1.0,22.847,120.465
74DA38F7C3DE,2026-08-04,01:36:04,32.11,100.0,238.0,24.972,121.537
74DA38F20E6E,2026-08-04,01:36:06,27.37,99.0,0.0,24.41,120.902
74DA38F7C532,2026-08-04,01:36:08,31.25,95.0,2.0,25.059,121.499
74DA38F7C592,2026-08-04,01:36:08,-4.0,0.0,0.0,25.224,121.637
74DA38F209A8,2026-08-04,01:36:10,-4.0,0.0,0.0,22.401,120.577
74DA38F7C41E,2026-08-04,01:36:14,31.11,80.0,0.0,25.054,121.517
74DA38F7C506,2026-08-04,01:36:19,31.86,100.0,0.0,24.996,121.544
74DA38F20B88,2026-08-04,01:36:26,29.36,100.0,0.0,22.75,120.316
74DA38F20D1E,2026-08-04,01:36:28,31.61,100.0,3.0,25.048,121.573
74DA38ED06E0,2026-08-04,01:36:31,28.86,95.0,3.0,23.601,121.521
74DA38F7C616,2026-08-04,01:36:34,33.61,100.0,0.0,25.031,121.563
74DA38F20B26,2026-08-04,01:36:35,30.36,100.0,18.0,22.783,120.247
74DA38F20D70,2026-08-04,01:36:39,29.36,90.0,0.0,23.05,121.164
74DA38F20C06,2026-08-04,01:36:40,31.5,68.0,11.0,24.874,121.02
74DA38F7C524,2026-08-04,01:36:42,31.25,100.0,5.0,25.002,121.552
74DA38F20F1C,2026-08-04,01:36:58,30.61,100.0,34.0,25.062,121.451
74DA38F7C53C,2026-08-04,01:36:59,32.5,100.0,0.0,25.11,121.804
74DA38F21204,2026-08-04,01:37:00,30.25,100.0,0.0,25.062,121.451
74DA38F7C570,2026-08-04,01:37:09,29.5,100.0,1.0,25.239,121.63
74DA38F7C514,2026-08-04,01:37:10,31.75,100.0,2.0,25.051,121.518
74DA38F7C37C,2026-08-04,01:37:11,29.11,100.0,3.0,25.111,121.856
74DA38F209EE,2026-08-04,01:37:13,30.86,100.0,0.0,23.026,121.33
74DA38F20C22,2026-08-04,01:37:13,31.61,100.0,8.0,22.729,120.357
74DA38F7C47C,2026-08-04,01:37:31,33.36,91.0,106.0,25.055,121.455
74DA38F20C26,2026-08-04,01:37:34,30.75,90.0,22.0,22.676,120.342
74DA38F7C5A0,2026-08-04,01:37:47,31.86,98.0,0.0,25.107,121.518
74DA38F7C47E,2026-08-04,01:37:53,33.86,100.0,2.0,25.053963,121.427681
74DA38F7C566,2026-08-04,01:37:55,32.11,100.0,0.0,25.051,121.448
74DA38F20B5C,2026-08-04,01:38:03,30.0,100.0,31.0,22.798,120.293
74DA38F7C5CE,2026-08-04,01:38:05,30.86,83.0,0.0,25.066,121.656
74DA38F7C54E,2026-08-04,01:38:06,31.25,100.0,0.0,25.063,121.661
74DA38F208E2,2026-08-04,01:38:19,29.86,100.0,3.0,24.688,121.766
74DA38F207DE,2026-08-04,01:38:20,32.36,100.0,23.0,22.603,120.34
74DA38ED059C,2026-08-04,01:38:22,30.75,84.0,2.0,23.706,121.412
74DA38F209DE,2026-08-04,01:38:28,31.75,100.0,0.0,24.861,120.964
74DA38F20EB2,2026-08-04,01:38:31,31.25,100.0,16.0,24.324,120.835
74DA38F7C30C,2026-08-04,01:38:32,31.75,90.0,0.0,24.975,121.532
74DA38F7C600,2026-08-04,01:38:40,22.87,49.0,1.0,25.07,121.586
74DA38F21024,2026-08-04,01:38:47,30.5,100.0,0.0,24.93,121.036
74DA38F7C430,2026-08-04,01:38:49,31.75,82.0,0.0,24.981,121.423
74DA38F20934,2026-08-04,01:38:58,29.5,77.0,3.0,23.002,121.29
74DA38F20862,2026-08-04,01:39:01,30.25,100.0,4.0,23.101,121.176
74DA38F20A78,2026-08-04,01:39:06,30.25,100.0,1.0,22.904,121.124
74DA38F7C39A,2026-08-04,01:39:06,31.25,100.0,0.0,25.002,121.414
74DA38ED0640,2026-08-04,01:39:07,30.75,100.0,3.0,23.154,121.266
74DA38F2104E,2026-08-04,01:39:07,30.11,100.0,13.0,23.108,120.7
74DA38F7C42E,2026-08-04,01:39:10,32.5,100.0,0.0,24.969,121.514
74DA38F20F0A,2026-08-04,01:39:12,33.36,100.0,6.0,22.995,120.635
74DA38F209F8,2026-08-04,01:39:13,34.75,100.0,0.0,23.157,121.4
74DA38F2113E,2026-08-04,01:39:16,-4.0,0.0,1.0,22.728,120.313
74DA38F7C366,2026-08-04,01:39:19,33.25,100.0,0.0,25.002,121.516
74DA38F7C4DE,2026-08-04,01:39:20,31.5,100.0,0.0,25.09,121.462
74DA38F2105C,2026-08-04,01:39:23,32.25,100.0,0.0,25.088,121.599
74DA38F7C5BE,2026-08-04,01:39:32,31.0,88.0,2.0,25.092,121.523
74DA38F7C3D6,2026-08-04,01:39:38,34.75,100.0,0.0,25.045,121.541
74DA38F209B2,2026-08-04,01:39:40,29.25,100.0,0.0,22.363,120.599
74DA38F21054,2026-08-04,01:39:40,29.86,76.0,15.0,22.898,120.627
74DA38F20B80,2026-08-04,01:39:41,30.61,100.0,0.0,22.599,120.35
74DA38F7C310,2026-08-04,01:39:44,32.61,100.0,0.0,25.09,121.464
74DA38F7C27E,2026-08-04,01:39:45,31.61,98.0,1.0,25.053,121.444
74DA38F7C4CC,2026-08-04,01:39:48,32.75,100.0,1.0,25.062,121.451
74DA38F7C480,2026-08-04,01:39:49,32.0,100.0,0.0,25.061,121.432
74DA38F7C53A,2026-08-04,01:39:52,-4.0,0.0,0.0,25.067,121.641
74DA38F21048,2026-08-04,01:40:06,29.5,100.0,32.0,22.595,120.341
74DA38ED05B6,2026-08-04,01:40:12,29.36,100.0,4.0,23.43,121.348
74DA38F20DE0,2026-08-04,01:40:17,29.36,100.0,3.0,22.589,120.328
74DA38F210F6,2026-08-04,01:40:21,30.61,100.0,3.0,22.757426,121.158891
74DA38F7C5E6,2026-08-04,01:40:22,31.5,100.0,5.0,25.107,121.843
74DA38F21170,2026-08-04,01:40:23,30.86,74.0,1.0,22.779,121.088
74DA38F20B12,2026-08-04,01:40:26,27.12,70.0,8.0,22.91,120.716
74DA38F7C63C,2026-08-04,01:40:28,60.62,100.0,1.0,24.998,121.425
74DA38F7C46C,2026-08-04,01:40:32,-4.0,0.0,0.0,25.288,121.544
74DA38F7C3BA,2026-08-04,01:40:38,-4.0,0.0,76.0,25.174,121.441
74DA38F7C610,2026-08-04,01:40:45,30.75,91.0,1.0,25.063,121.564
74DA38F7C3DC,2026-08-04,01:40:48,32.0,100.0,1.0,25.003,121.539
74DA38F7C3B2,2026-08-04,01:40:49,32.25,66.0,0.0,24.929,121.378
74DA38F20A30,2026-08-04,01:40:52,31.5,82.0,0.0,24.948,121.372
74DA38F7C560,2026-08-04,01:40:52,31.36,-65.0,0.0,25.079,121.671
74DA38F7C260,2026-08-04,01:40:59,31.25,100.0,0.0,25.065,121.425
74DA38F21088,2026-08-04,01:41:01,32.11,100.0,0.0,25.068,121.588
74DA38ED0454,2026-08-04,01:41:03,31.5,95.0,3.0,24.053,121.599
74DA38ED05EA,2026-08-04,01:41:10,28.61,100.0,2.0,23.394,121.357
74DA38F20D16,2026-08-04,01:41:18,32.0,100.0,1.0,25.062,121.526
74DA38F20D2E,2026-08-04,01:41:28,31.0,100.0,0.0,25.06,121.545
74DA38F7C464,2026-08-04,01:41:29,28.11,31.0,0.0,25.006,121.413
74DA38F210A2,2026-08-04,01:41:30,31.61,100.0,0.0,25.12,121.466
74DA38F20902,2026-08-04,01:41:43,30.86,100.0,1.0,22.204,120.7
74DA38ED04F2,2026-08-04,01:41:46,29.61,100.0,1.0,23.468,121.496
74DA38F20E9E,2026-08-04,01:41:50,27.25,100.0,16.0,24.648,121.151
74DA38F7C13A,2026-08-04,01:41:52,23.25,0.0,1.0,25.069,121.359
74DA38ED0630,2026-08-04,01:41:53,31.0,100.0,0.0,23.994,121.594
74DA38F20BF6,2026-08-04,01:41:58,28.75,100.0,12.0,22.582,120.368
74DA38F7C3DE,2026-08-04,01:42:02,32.11,100.0,267.0,24.972,121.537
74DA38F20E6E,2026-08-04,01:42:08,27.37,99.0,0.0,24.41,120.902
74DA38F20D1A,2026-08-04,01:42:11,32.25,89.0,0.0,25.078,121.541
74DA38F7C532,2026-08-04,01:42:12,31.36,96.0,2.0,25.059,121.499
74DA38F7C5AA,2026-08-04,01:42:16,31.61,100.0,0.0,25.0,121.479
74DA38F7C59C,2026-08-04,01:42:21,31.25,78.0,1.0,25.103,121.487
74DA38F20D1E,2026-08-04,01:42:34,31.75,100.0,3.0,25.048,121.573
74DA38ED06E0,2026-08-04,01:42:39,28.86,96.0,4.0,23.601,121.521
74DA38F7C41E,2026-08-04,01:42:41,31.25,80.0,0.0,25.054,121.517
74DA38F7C616,2026-08-04,01:42:41,33.86,100.0,0.0,25.031,121.563
74DA38F20D70,2026-08-04,01:42:44,29.5,89.0,0.0,23.05,121.164
74DA38F20C06,2026-08-04,01:42:45,31.5,67.0,7.0,24.874,121.02
74DA38F20B26,2026-08-04,01:42:47,30.36,100.0,19.0,22.783,120.247
74DA38F7C506,2026-08-04,01:42:49,32.11,100.0,0.0,24.996,121.544
74DA38F20B88,2026-08-04,01:42:59,29.36,100.0,0.0,22.75,120.316
74DA38F20F1C,2026-08-04,01:43:05,30.86,100.0,38.0,25.062,121.451
74DA38F21204,2026-08-04,01:43:07,30.36,100.0,1.0,25.062,121.451
74DA38F7C524,2026-08-04,01:43:10,31.36,100.0,0.0,25.002,121.552
74DA38F7C514,2026-08-04,01:43:16,31.75,100.0,1.0,25.051,121.518
74DA38F209EE,2026-08-04,01:43:17,30.86,100.0,0.0,23.026,121.33
74DA38F7C47C,2026-08-04,01:43:24,33.25,91.0,91.0,25.055,121.455
74DA38F7C53C,2026-08-04,01:43:25,31.86,100.0,0.0,25.11,121.804
74DA38F7C570,2026-08-04,01:43:36,29.5,100.0,0.0,25.239,121.63
74DA38F20C22,2026-08-04,01:43:40,31.75,100.0,0.0,22.729,120.357
74DA38F7C37C,2026-08-04,01:43:40,29.11,100.0,0.0,25.111,121.856
74DA38F20C26,2026-08-04,01:43:41,31.0,89.0,24.0,22.676,120.342
74DA38F7C47E,2026-08-04,01:43:58,34.11,100.0,2.0,25.053963,121.427681
74DA38F7C5A0,2026-08-04,01:44:16,31.86,96.0,0.0,25.107,121.518
74DA38F20B5C,2026-08-04,01:44:17,30.0,100.0,31.0,22.798,120.293
74DA38F7C566,2026-08-04,01:44:23,32.11,100.0,0.0,25.051,121.448
74DA38F208E2,2026-08-04,01:44:24,29.86,100.0,2.0,24.688,121.766
74DA38F207DE,2026-08-04,01:44:27,32.11,100.0,23.0,22.603,120.34
74DA38ED059C,2026-08-04,01:44:29,30.61,82.0,2.0,23.706,121.412
74DA38F7C54E,2026-08-04,01:44:32,31.36,100.0,0.0,25.063,121.661
74DA38F7C5CE,2026-08-04,01:44:33,31.0,82.0,0.0,25.066,121.656
74DA38F20EB2,2026-08-04,01:44:37,31.36,100.0,16.0,24.324,120.835
74DA38F7C30C,2026-08-04,01:44:40,31.75,90.0,0.0,24.975,121.532
74DA38F7C600,2026-08-04,01:44:46,22.87,48.0,1.0,25.07,121.586
74DA38F209DE,2026-08-04,01:44:55,31.86,100.0,0.0,24.861,120.964
74DA38F20934,2026-08-04,01:45:04,29.5,78.0,3.0,23.002,121.29
74DA38F20862,2026-08-04,01:45:08,30.0,100.0,4.0,23.101,121.176
74DA38F20A78,2026-08-04,01:45:11,30.36,100.0,1.0,22.904,121.124
74DA38ED0640,2026-08-04,01:45:14,30.86,100.0,5.0,23.154,121.266
74DA38F21024,2026-08-04,01:45:14,30.61,100.0,0.0,24.93,121.036
74DA38F7C430,2026-08-04,01:45:17,31.75,81.0,0.0,24.981,121.423
74DA38F20F0A,2026-08-04,01:45:18,33.5,100.0,6.0,22.995,120.635
74DA38F7C4DE,2026-08-04,01:45:26,31.5,100.0,0.0,25.09,121.462
74DA38F7C366,2026-08-04,01:45:27,32.86,100.0,0.0,25.002,121.516
74DA38F20B82,2026-08-04,01:45:32,-4.0,0.0,0.0,22.847,120.465
74DA38F7C39A,2026-08-04,01:45:32,31.36,100.0,0.0,25.002,121.414
74DA38F7C5BE,2026-08-04,01:45:38,31.11,87.0,2.0,25.092,121.523
74DA38F209F8,2026-08-04,01:45:40,34.75,100.0,0.0,23.157,121.4
74DA38F21054,2026-08-04,01:45:45,30.0,75.0,16.0,22.898,120.627
74DA38F7C592,2026-08-04,01:45:47,-4.0,0.0,0.0,25.224,121.637
74DA38F209A8,2026-08-04,01:45:48,-4.0,0.0,0.0,22.401,120.577
74DA38F7C310,2026-08-04,01:45:48,32.86,100.0,1.0,25.09,121.464
74DA38F7C27E,2026-08-04,01:45:50,31.61,97.0,1.0,25.053,121.444
74DA38F2105C,2026-08-04,01:45:51,32.36,100.0,0.0,25.088,121.599
74DA38F21136,2026-08-04,01:45:51,32.11,100.0,3.0,25.119,121.505
74DA38F7C4CC,2026-08-04,01:45:55,32.86,100.0,1.0,25.062,121.451
74DA38F7C42E,2026-08-04,01:45:57,32.75,100.0,0.0,24.969,121.514
74DA38F20FFE,2026-08-04,01:46:03,29.86,100.0,24.0,22.894,120.298
74DA38F7C3D6,2026-08-04,01:46:04,35.0,100.0,0.0,25.045,121.541
74DA38F209B2,2026-08-04,01:46:07,29.11,100.0,0.0,22.363,120.599
74DA38F20D6C,2026-08-04,01:46:09,29.5,98.0,0.0,22.661,120.301
74DA38F20B80,2026-08-04,01:46:10,30.75,100.0,0.0,22.599,120.35
74DA38ED05B6,2026-08-04,01:46:18,29.61,100.0,4.0,23.43,121.348
74DA38F7C480,2026-08-04,01:46:18,32.0,100.0,0.0,25.061,121.432
74DA38F210F6,2026-08-04,01:46:25,30.61,100.0,3.0,22.757426,121.158891
74DA38F21170,2026-08-04,01:46:28,30.86,73.0,1.0,22.779,121.088
74DA38F2113E,2026-08-04,01:46:30,-4.0,0.0,0.0,22.728,120.313
74DA38F7C5E6,2026-08-04,01:46:31,31.5,100.0,7.0,25.107,121.843
74DA38F20B12,2026-08-04,01:46:32,26.87,69.0,8.0,22.91,120.716
74DA38F21048,2026-08-04,01:46:39,29.61,100.0,31.0,22.595,120.341
74DA38F20DE0,2026-08-04,01:46:44,29.61,100.0,1.0,22.589,120.328
74DA38F7C610,2026-08-04,01:46:49,30.86,92.0,1.0,25.063,121.564
74DA38F7C338,2026-08-04,01:46:50,30.5,100.0,3.0,25.011,121.458
74DA38F7C3DC,2026-08-04,01:46:53,32.36,100.0,1.0,25.003,121.539
74DA38F7C3B2,2026-08-04,01:46:55,32.25,66.0,0.0,24.929,121.378
74DA38ED0454,2026-08-04,01:47:10,31.5,92.0,3.0,24.053,121.599
74DA38ED05EA,2026-08-04,01:47:15,28.61,100.0,2.0,23.394,121.357
74DA38F7C560,2026-08-04,01:47:19,31.61,-65.0,0.0,25.079,121.671
74DA38F20A30,2026-08-04,01:47:21,31.61,81.0,0.0,24.948,121.372
74DA38F20D16,2026-08-04,01:47:22,32.25,100.0,1.0,25.062,121.526
74DA38F7C260,2026-08-04,01:47:27,31.25,100.0,0.0,25.065,121.425
74DA38F21088,2026-08-04,01:47:30,32.0,100.0,0.0,25.068,121.588
74DA38F210A2,2026-08-04,01:47:34,31.61,100.0,0.0,25.12,121.466
74DA38F20902,2026-08-04,01:47:49,31.0,100.0,1.0,22.204,120.7
74DA38ED04F2,2026-08-04,01:47:52,29.61,100.0,1.0,23.468,121.496
74DA38F20D2E,2026-08-04,01:47:55,31.25,100.0,0.0,25.06,121.545
74DA38F20E9E,2026-08-04,01:47:58,27.25,100.0,17.0,24.648,121.151
74DA38F7C3DE,2026-08-04,01:47:58,32.11,100.0,247.0,24.972,121.537
74DA38F7C464,2026-08-04,01:47:59,28.11,31.0,0.0,25.006,121.413
74DA38F20BF6,2026-08-04,01:48:03,28.75,100.0,12.0,22.582,120.368
74DA38F20E6E,2026-08-04,01:48:10,27.5,98.0,0.0,24.41,120.902
74DA38F7C532,2026-08-04,01:48:16,31.5,94.0,2.0,25.059,121.499
74DA38ED0630,2026-08-04,01:48:22,31.0,99.0,0.0,23.994,121.594
74DA38F7C13A,2026-08-04,01:48:23,23.12,0.0,1.0,25.069,121.359
74DA38F20D1A,2026-08-04,01:48:40,32.25,89.0,0.0,25.078,121.541
74DA38F20D1E,2026-08-04,01:48:42,32.11,100.0,3.0,25.048,121.573
74DA38ED06E0,2026-08-04,01:48:46,28.86,96.0,4.0,23.601,121.521
74DA38F20D3A,2026-08-04,01:48:46,28.61,100.0,20.0,24.604,121.0
74DA38F7C59C,2026-08-04,01:48:47,31.25,79.0,2.0,25.103,121.487
74DA38F20D70,2026-08-04,01:48:49,29.75,88.0,0.0,23.05,121.164
74DA38F20C06,2026-08-04,01:48:51,31.5,67.0,6.0,24.874,121.02
74DA38F7C616,2026-08-04,01:48:52,33.61,100.0,0.0,25.031,121.563
74DA38F20B26,2026-08-04,01:48:57,30.36,100.0,17.0,22.783,120.247
74DA38F7C5AA,2026-08-04,01:49:00,31.61,100.0,0.0,25.0,121.479
74DA38F7C41E,2026-08-04,01:49:10,31.36,80.0,0.0,25.054,121.517
74DA38F20F1C,2026-08-04,01:49:13,31.0,100.0,20.0,25.062,121.451
74DA38F21204,2026-08-04,01:49:14,30.36,100.0,1.0,25.062,121.451
74DA38F7C47C,2026-08-04,01:49:15,33.11,92.0,111.0,25.055,121.455
74DA38F7C3BA,2026-08-04,01:49:18,-4.0,0.0,73.0,25.174,121.441
74DA38F209EE,2026-08-04,01:49:23,31.0,100.0,0.0,23.026,121.33
74DA38F7C506,2026-08-04,01:49:23,32.36,100.0,0.0,24.996,121.544
74DA38F7C514,2026-08-04,01:49:24,31.75,100.0,1.0,25.051,121.518
74DA38F20B88,2026-08-04,01:49:28,29.25,100.0,0.0,22.75,120.316
74DA38F7C524,2026-08-04,01:49:41,31.36,100.0,0.0,25.002,121.552
74DA38F20C26,2026-08-04,01:49:49,31.11,89.0,23.0,22.676,120.342
74DA38F7C53C,2026-08-04,01:49:53,31.61,100.0,0.0,25.11,121.804
74DA38F7C63C,2026-08-04,01:50:00,60.62,100.0,0.0,24.998,121.425
74DA38F7C47E,2026-08-04,01:50:03,33.75,100.0,2.0,25.053963,121.427681
74DA38F7C570,2026-08-04,01:50:05,29.61,100.0,0.0,25.239,121.63
74DA38F20C22,2026-08-04,01:50:07,32.0,100.0,0.0,22.729,120.357
74DA38F7C46C,2026-08-04,01:50:11,-4.0,0.0,0.0,25.288,121.544
74DA38F7C37C,2026-08-04,01:50:26,29.0,100.0,1.0,25.111,121.856
74DA38F208E2,2026-08-04,01:50:28,30.11,100.0,3.0,24.688,121.766
74DA38F20B5C,2026-08-04,01:50:31,30.11,100.0,31.0,22.798,120.293
74DA38F207DE,2026-08-04,01:50:33,32.25,100.0,23.0,22.603,120.34
74DA38ED059C,2026-08-04,01:50:35,30.61,80.0,1.0,23.706,121.412
74DA38F20EB2,2026-08-04,01:50:42,31.25,100.0,17.0,24.324,120.835
74DA38F7C5A0,2026-08-04,01:50:44,31.61,96.0,0.0,25.107,121.518
74DA38F7C30C,2026-08-04,01:50:51,31.86,89.0,0.0,24.975,121.532
74DA38F7C600,2026-08-04,01:50:51,23.0,49.0,1.0,25.07,121.586
74DA38F7C566,2026-08-04,01:50:52,32.11,100.0,0.0,25.051,121.448
74DA38F7C5CE,2026-08-04,01:50:59,31.11,80.0,0.0,25.066,121.656
74DA38F20934,2026-08-04,01:51:12,29.5,79.0,3.0,23.002,121.29
74DA38F20862,2026-08-04,01:51:14,30.11,100.0,3.0,23.101,121.176
74DA38F20A78,2026-08-04,01:51:17,30.36,100.0,0.0,22.904,121.124
74DA38ED0640,2026-08-04,01:51:21,31.0,100.0,4.0,23.154,121.266
74DA38F209DE,2026-08-04,01:51:22,31.86,100.0,0.0,24.861,120.964
74DA38F20F0A,2026-08-04,01:51:24,33.75,100.0,7.0,22.995,120.635
74DA38F7C366,2026-08-04,01:51:32,33.61,100.0,0.0,25.002,121.516
74DA38F21024,2026-08-04,01:51:40,30.75,100.0,0.0,24.93,121.036
74DA38F7C5BE,2026-08-04,01:51:43,31.11,87.0,2.0,25.092,121.523
74DA38F7C430,2026-08-04,01:51:45,31.75,81.0,0.0,24.981,121.423
74DA38F21054,2026-08-04,01:51:51,30.0,76.0,16.0,22.898,120.627
74DA38F7C310,2026-08-04,01:51:53,33.0,100.0,0.0,25.09,121.464
74DA38F7C27E,2026-08-04,01:51:55,31.75,96.0,1.0,25.053,121.444
74DA38F7C4DE,2026-08-04,01:51:55,31.5,100.0,0.0,25.09,121.462
74DA38F7C39A,2026-08-04,01:52:00,31.61,100.0,0.0,25.002,121.414
74DA38F21136,2026-08-04,01:52:04,32.11,100.0,1.0,25.119,121.505
74DA38F7C4CC,2026-08-04,01:52:04,33.11,100.0,1.0,25.062,121.451
74DA38F209F8,2026-08-04,01:52:06,35.11,100.0,0.0,23.157,121.4
74DA38F2105C,2026-08-04,01:52:17,32.5,100.0,0.0,25.088,121.599
74DA38ED05B6,2026-08-04,01:52:25,29.61,100.0,4.0,23.43,121.348
74DA38F7C42E,2026-08-04,01:52:28,32.75,100.0,0.0,24.969,121.514
74DA38F210F6,2026-08-04,01:52:30,30.75,100.0,3.0,22.757426,121.158891
74DA38F7C3D6,2026-08-04,01:52:31,34.86,100.0,0.0,25.045,121.541
74DA38F209B2,2026-08-04,01:52:33,29.11,100.0,0.0,22.363,120.599
74DA38F21170,2026-08-04,01:52:33,31.0,73.0,1.0,22.779,121.088
74DA38F20B80,2026-08-04,01:52:35,30.86,100.0,0.0,22.599,120.35
74DA38F20B12,2026-08-04,01:52:38,26.87,71.0,9.0,22.91,120.716
74DA38F7C5E6,2026-08-04,01:52:40,31.61,100.0,5.0,25.107,121.843
74DA38F20D6C,2026-08-04,01:52:41,29.61,97.0,0.0,22.661,120.301
74DA38F7C480,2026-08-04,01:52:44,32.25,100.0,0.0,25.061,121.432
74DA38F7C610,2026-08-04,01:52:54,30.86,92.0,1.0,25.063,121.564
74DA38F7C3DC,2026-08-04,01:52:59,32.61,100.0,1.0,25.003,121.539
74DA38F7C3B2,2026-08-04,01:53:01,32.25,66.0,0.0,24.929,121.378
74DA38F20DE0,2026-08-04,01:53:11,30.0,100.0,0.0,22.589,120.328
74DA38F21048,2026-08-04,01:53:12,29.61,100.0,36.0,22.595,120.341
74DA38ED0454,2026-08-04,01:53:15,31.61,92.0,3.0,24.053,121.599
74DA38ED05EA,2026-08-04,01:53:21,28.61,100.0,2.0,23.394,121.357
74DA38F210A2,2026-08-04,01:53:39,31.75,100.0,0.0,25.12,121.466
74DA38F2113E,2026-08-04,01:53:46,-4.0,0.0,0.0,22.728,120.313
74DA38F7C560,2026-08-04,01:53:46,31.61,-65.0,0.0,25.079,121.671
74DA38F20A30,2026-08-04,01:53:52,31.61,80.0,1.0,24.948,121.372
74DA38F7C3DE,2026-08-04,01:53:55,32.25,100.0,257.0,24.972,121.537
74DA38F7C260,2026-08-04,01:53:56,31.36,100.0,0.0,25.065,121.425
74DA38F20D16,2026-08-04,01:53:57,32.25,100.0,1.0,25.062,121.526
74DA38F21088,2026-08-04,01:53:58,32.11,100.0,0.0,25.068,121.588
74DA38ED04F2,2026-08-04,01:53:59,29.5,100.0,1.0,23.468,121.496
74DA38F20902,2026-08-04,01:54:01,31.11,100.0,1.0,22.204,120.7
74DA38F20E9E,2026-08-04,01:54:04,27.25,100.0,10.0,24.648,121.151
74DA38F20BF6,2026-08-04,01:54:08,28.75,100.0,12.0,22.582,120.368
74DA38F20E6E,2026-08-04,01:54:12,27.5,98.0,0.0,24.41,120.902
74DA38F7C532,2026-08-04,01:54:20,31.75,95.0,1.0,25.059,121.499
74DA38F20D2E,2026-08-04,01:54:23,31.5,100.0,0.0,25.06,121.545
74DA38F7C464,2026-08-04,01:54:28,28.0,30.0,0.0,25.006,121.413
74DA38F20D1E,2026-08-04,01:54:48,32.5,100.0,2.0,25.048,121.573
74DA38ED0630,2026-08-04,01:54:50,31.0,98.0,0.0,23.994,121.594
74DA38F7C13A,2026-08-04,01:54:51,23.12,0.0,0.0,25.069,121.359
74DA38ED06E0,2026-08-04,01:54:53,28.86,97.0,4.0,23.601,121.521
74DA38F20D70,2026-08-04,01:54:55,29.86,88.0,0.0,23.05,121.164
74DA38F20C06,2026-08-04,01:54:56,31.61,67.0,7.0,24.874,121.02
74DA38F7C616,2026-08-04,01:54:58,33.61,100.0,0.0,25.031,121.563
74DA38F20B26,2026-08-04,01:55:04,30.5,100.0,17.0,22.783,120.247
74DA38F20B82,2026-08-04,01:55:04,-4.0,0.0,0.0,22.847,120.465
74DA38F7C47C,2026-08-04,01:55:07,33.25,91.0,114.0,25.055,121.455
74DA38F20D1A,2026-08-04,01:55:08,32.11,88.0,0.0,25.078,121.541
74DA38F7C59C,2026-08-04,01:55:14,31.25,79.0,2.0,25.103,121.487
74DA38F20F1C,2026-08-04,01:55:19,31.0,100.0,19.0,25.062,121.451
74DA38F21204,2026-08-04,01:55:20,30.5,100.0,1.0,25.062,121.451
74DA38F7C592,2026-08-04,01:55:25,-4.0,0.0,0.0,25.224,121.637
74DA38F209A8,2026-08-04,01:55:27,-4.0,0.0,0.0,22.401,120.577
74DA38F209EE,2026-08-04,01:55:29,30.86,100.0,0.0,23.026,121.33
74DA38F7C5AA,2026-08-04,01:55:29,31.86,100.0,0.0,25.0,121.479
74DA38F7C514,2026-08-04,01:55:30,31.75,100.0,1.0,25.051,121.518
74DA38F7C41E,2026-08-04,01:55:38,31.5,79.0,0.0,25.054,121.517
74DA38F20B88,2026-08-04,01:55:55,29.36,100.0,0.0,22.75,120.316
74DA38F7C506,2026-08-04,01:55:55,32.36,100.0,0.0,24.996,121.544
74DA38F20C26,2026-08-04,01:55:56,31.36,88.0,24.0,22.676,120.342
74DA38F7C47E,2026-08-04,01:56:08,33.86,100.0,2.0,25.053963,121.427681
74DA38F7C524,2026-08-04,01:56:09,31.5,100.0,0.0,25.002,121.552
74DA38F7C53C,2026-08-04,01:56:21,31.5,100.0,0.0,25.11,121.804
74DA38F7C570,2026-08-04,01:56:32,29.61,100.0,0.0,25.239,121.63
74DA38F208E2,2026-08-04,01:56:33,30.25,100.0,2.0,24.688,121.766
74DA38F20C22,2026-08-04,01:56:34,32.11,100.0,0.0,22.729,120.357
74DA38F207DE,2026-08-04,01:56:38,32.11,100.0,25.0,22.603,120.34
74DA38F20B5C,2026-08-04,01:56:38,30.11,100.0,30.0,22.798,120.293
74DA38ED059C,2026-08-04,01:56:41,31.11,81.0,5.0,23.706,121.412
74DA38F20EB2,2026-08-04,01:56:49,31.0,100.0,16.0,24.324,120.835
74DA38F7C600,2026-08-04,01:56:57,23.0,49.0,1.0,25.07,121.586
74DA38F7C37C,2026-08-04,01:57:06,29.11,100.0,9.0,25.111,121.856
74DA38F7C5A0,2026-08-04,01:57:10,31.86,97.0,0.0,25.107,121.518
74DA38F20862,2026-08-04,01:57:20,30.25,100.0,3.0,23.101,121.176
74DA38F7C566,2026-08-04,01:57:20,32.11,100.0,0.0,25.051,121.448
74DA38F20934,2026-08-04,01:57:23,29.5,79.0,4.0,23.002,121.29
74DA38F20A78,2026-08-04,01:57:23,30.5,100.0,0.0,22.904,121.124
74DA38F7C30C,2026-08-04,01:57:26,32.0,87.0,0.0,24.975,121.532
74DA38F7C5CE,2026-08-04,01:57:26,31.11,80.0,0.0,25.066,121.656
74DA38ED0640,2026-08-04,01:57:29,31.0,100.0,5.0,23.154,121.266
74DA38F7C54E,2026-08-04,01:57:32,32.0,100.0,0.0,25.063,121.661
74DA38F7C366,2026-08-04,01:57:42,33.61,100.0,0.0,25.002,121.516
74DA38F7C5BE,2026-08-04,01:57:49,31.11,87.0,2.0,25.092,121.523
74DA38F209DE,2026-08-04,01:57:50,32.11,100.0,0.0,24.861,120.964
74DA38F21054,2026-08-04,01:57:58,30.0,74.0,16.0,22.898,120.627
74DA38F7C310,2026-08-04,01:57:58,33.36,100.0,0.0,25.09,121.464
74DA38F7C27E,2026-08-04,01:57:59,31.86,95.0,2.0,25.053,121.444
74DA38F7C3BA,2026-08-04,01:57:59,-4.0,0.0,67.0,25.174,121.441
74DA38F7C4DE,2026-08-04,01:58:04,31.61,100.0,0.0,25.09,121.462
74DA38F21024,2026-08-04,01:58:06,31.0,100.0,0.0,24.93,121.036
74DA38F7C4CC,2026-08-04,01:58:11,32.75,100.0,1.0,25.062,121.451
74DA38F7C430,2026-08-04,01:58:12,31.86,81.0,0.0,24.981,121.423
74DA38F7C39A,2026-08-04,01:58:28,31.61,100.0,0.0,25.002,121.414
74DA38ED05B6,2026-08-04,01:58:30,29.75,100.0,4.0,23.43,121.348
74DA38F20FFE,2026-08-04,01:58:30,30.0,100.0,21.0,22.894,120.298
74DA38F21136,2026-08-04,01:58:33,32.11,100.0,1.0,25.119,121.505
74DA38F209F8,2026-08-04,01:58:34,35.36,100.0,0.0,23.157,121.4
74DA38F210F6,2026-08-04,01:58:35,30.75,100.0,3.0,22.757426,121.158891
74DA38F20B12,2026-08-04,01:58:43,27.0,72.0,8.0,22.91,120.716
74DA38F2105C,2026-08-04,01:58:44,32.5,100.0,0.0,25.088,121.599
74DA38F21170,2026-08-04,01:58:44,31.11,72.0,1.0,22.779,121.088
74DA38F7C5E6,2026-08-04,01:58:49,31.5,100.0,4.0,25.107,121.843
74DA38F7C3D6,2026-08-04,01:58:57,35.36,100.0,0.0,25.045,121.541
74DA38F7C610,2026-08-04,01:58:59,31.0,91.0,1.0,25.063,121.564
74DA38F2104E,2026-08-04,01:59:00,30.86,100.0,13.0,23.108,120.7
74DA38F209B2,2026-08-04,01:59:01,29.25,100.0,0.0,22.363,120.599
74DA38F20B80,2026-08-04,01:59:02,30.75,100.0,0.0,22.599,120.35
74DA38F7C3DC,2026-08-04,01:59:05,32.5,100.0,2.0,25.003,121.539
74DA38F7C3B2,2026-08-04,01:59:07,32.25,66.0,0.0,24.929,121.378
74DA38F20D6C,2026-08-04,01:59:11,29.61,97.0,0.0,22.661,120.301
74DA38F7C480,2026-08-04,01:59:12,32.36,100.0,0.0,25.061,121.432
74DA38ED0454,2026-08-04,01:59:21,31.61,92.0,2.0,24.053,121.599
74DA38ED05EA,2026-08-04,01:59:27,28.75,100.0,3.0,23.394,121.357
74DA38F7C63C,2026-08-04,01:59:33,60.62,100.0,0.0,24.998,121.425
74DA38F20DE0,2026-08-04,01:59:40,30.11,100.0,0.0,22.589,120.328
74DA38F210A2,2026-08-04,01:59:43,31.86,100.0,1.0,25.12,121.466
74DA38F21048,2026-08-04,01:59:44,29.75,100.0,31.0,22.595,120.341
74DA38F7C46C,2026-08-04,01:59:50,-4.0,0.0,0.0,25.288,121.544
74DA38F7C338,2026-08-04,01:59:52,30.61,100.0,2.0,25.011,121.458
74DA38F7C3DE,2026-08-04,01:59:52,32.36,100.0,249.0,24.972,121.537
74DA38ED04F2,2026-08-04,02:00:06,29.61,100.0,1.0,23.468,121.496
74DA38F20D16,2026-08-04,02:00:07,32.36,100.0,1.0,25.062,121.526
74DA38F20902,2026-08-04,02:00:09,31.11,100.0,1.0,22.204,120.7
74DA38F20E9E,2026-08-04,02:00:10,27.12,100.0,10.0,24.648,121.151
74DA38F20BF6,2026-08-04,02:00:14,28.75,100.0,12.0,22.582,120.368
74DA38F7C560,2026-08-04,02:00:14,31.86,-65.0,0.0,25.079,121.671
74DA38F20E6E,2026-08-04,02:00:15,27.5,97.0,0.0,24.41,120.902
74DA38F20A30,2026-08-04,02:00:20,31.61,81.0,0.0,24.948,121.372
74DA38F7C260,2026-08-04,02:00:24,31.5,100.0,0.0,25.065,121.425
74DA38F21088,2026-08-04,02:00:25,32.11,100.0,0.0,25.068,121.588
74DA38F7C532,2026-08-04,02:00:26,31.75,93.0,2.0,25.059,121.499
74DA38F20D2E,2026-08-04,02:00:51,31.61,100.0,0.0,25.06,121.545
74DA38F20D1E,2026-08-04,02:00:54,32.75,100.0,2.0,25.048,121.573
74DA38F7C464,2026-08-04,02:00:56,28.11,31.0,0.0,25.006,121.413
74DA38F7C47C,2026-08-04,02:00:58,33.5,90.0,134.0,25.055,121.455
74DA38ED06E0,2026-08-04,02:00:59,29.0,97.0,4.0,23.601,121.521
74DA38F20D70,2026-08-04,02:01:00,30.0,87.0,0.0,23.05,121.164
74DA38F2113E,2026-08-04,02:01:01,-4.0,0.0,0.0,22.728,120.313
74DA38F20C06,2026-08-04,02:01:02,31.61,66.0,5.0,24.874,121.02
74DA38F7C616,2026-08-04,02:01:05,33.5,100.0,0.0,25.031,121.563
74DA38F20B26,2026-08-04,02:01:15,30.5,100.0,18.0,22.783,120.247
74DA38ED0630,2026-08-04,02:01:18,31.25,97.0,0.0,23.994,121.594
74DA38F7C13A,2026-08-04,02:01:18,23.12,0.0,0.0,25.069,121.359
74DA38F20F1C,2026-08-04,02:01:26,31.0,100.0,21.0,25.062,121.451
74DA38F21204,2026-08-04,02:01:26,30.61,100.0,1.0,25.062,121.451
74DA38F209EE,2026-08-04,02:01:35,31.11,100.0,0.0,23.026,121.33
74DA38F20D1A,2026-08-04,02:01:35,32.11,87.0,0.0,25.078,121.541
74DA38F7C514,2026-08-04,02:01:36,31.75,100.0,1.0,25.051,121.518
74DA38F7C59C,2026-08-04,02:01:42,31.36,78.0,3.0,25.103,121.487
74DA38F7C5AA,2026-08-04,02:01:57,31.61,100.0,0.0,25.0,121.479
74DA38F20C26,2026-08-04,02:02:05,31.36,88.0,25.0,22.676,120.342
74DA38F7C41E,2026-08-04,02:02:10,31.36,79.0,0.0,25.054,121.517
74DA38F7C47E,2026-08-04,02:02:13,33.5,100.0,2.0,25.053963,121.427681
74DA38F20B88,2026-08-04,02:02:23,29.61,100.0,1.0,22.75,120.316
74DA38F7C524,2026-08-04,02:02:37,31.61,100.0,0.0,25.002,121.552
74DA38F208E2,2026-08-04,02:02:38,30.25,100.0,2.0,24.688,121.766
74DA38F207DE,2026-08-04,02:02:46,32.36,100.0,25.0,22.603,120.34
74DA38ED059C,2026-08-04,02:02:48,31.11,79.0,1.0,23.706,121.412
74DA38F7C53C,2026-08-04,02:02:48,31.11,100.0,0.0,25.11,121.804
74DA38F20B5C,2026-08-04,02:02:49,30.36,100.0,31.0,22.798,120.293
74DA38F7C506,2026-08-04,02:02:50,32.61,100.0,0.0,24.996,121.544
74DA38F20EB2,2026-08-04,02:02:57,31.36,100.0,16.0,24.324,120.835
74DA38F7C570,2026-08-04,02:02:59,29.61,100.0,0.0,25.239,121.63
74DA38F20C22,2026-08-04,02:03:02,32.25,100.0,2.0,22.729,120.357
74DA38F7C600,2026-08-04,02:03:03,23.0,49.0,1.0,25.07,121.586
74DA38F20862,2026-08-04,02:03:26,30.5,100.0,2.0,23.101,121.176
74DA38F20A78,2026-08-04,02:03:29,30.5,100.0,0.0,22.904,121.124
74DA38F20934,2026-08-04,02:03:31,29.5,80.0,4.0,23.002,121.29
74DA38ED0640,2026-08-04,02:03:37,31.11,100.0,4.0,23.154,121.266
74DA38F7C5A0,2026-08-04,02:03:39,31.86,96.0,0.0,25.107,121.518
74DA38F7C566,2026-08-04,02:03:49,32.25,100.0,0.0,25.051,121.448
74DA38F7C5CE,2026-08-04,02:03:53,31.11,80.0,0.0,25.066,121.656
74DA38F7C5BE,2026-08-04,02:03:54,31.25,85.0,2.0,25.092,121.523
74DA38F7C310,2026-08-04,02:04:02,33.5,100.0,0.0,25.09,121.464
74DA38F21054,2026-08-04,02:04:03,29.75,71.0,15.0,22.898,120.627
74DA38F7C27E,2026-08-04,02:04:03,32.0,94.0,2.0,25.053,121.444
74DA38F20F0A,2026-08-04,02:04:04,33.5,100.0,6.0,22.995,120.635
74DA38F7C54E,2026-08-04,02:04:07,31.86,100.0,0.0,25.063,121.661
74DA38F7C37C,2026-08-04,02:04:13,29.25,100.0,2.0,25.111,121.856
74DA38F209DE,2026-08-04,02:04:16,32.0,100.0,0.0,24.861,120.964
74DA38F21024,2026-08-04,02:04:33,31.0,100.0,0.0,24.93,121.036
74DA38ED05B6,2026-08-04,02:04:34,29.75,100.0,3.0,23.43,121.348
74DA38F20B82,2026-08-04,02:04:37,-4.0,0.0,0.0,22.847,120.465
74DA38F7C4DE,2026-08-04,02:04:39,31.86,100.0,0.0,25.09,121.462
74DA38F20FFE,2026-08-04,02:04:40,29.86,100.0,19.0,22.894,120.298
74DA38F210F6,2026-08-04,02:04:40,30.75,100.0,3.0,22.757426,121.158891
74DA38F21136,2026-08-04,02:04:40,32.25,100.0,1.0,25.119,121.505
74DA38F7C430,2026-08-04,02:04:40,31.86,81.0,0.0,24.981,121.423
74DA38F7C4CC,2026-08-04,02:04:40,32.86,100.0,1.0,25.062,121.451
74DA38F20B12,2026-08-04,02:04:50,27.0,74.0,8.0,22.91,120.716
74DA38F21170,2026-08-04,02:04:51,31.25,73.0,1.0,22.779,121.088
74DA38F7C39A,2026-08-04,02:04:54,31.61,100.0,0.0,25.002,121.414
74DA38F7C5E6,2026-08-04,02:04:58,31.5,100.0,6.0,25.107,121.843
74DA38F209F8,2026-08-04,02:05:02,35.5,100.0,0.0,23.157,121.4
74DA38F7C610,2026-08-04,02:05:03,31.0,91.0,1.0,25.063,121.564
74DA38F7C592,2026-08-04,02:05:04,-4.0,0.0,0.0,25.224,121.637
74DA38F2104E,2026-08-04,02:05:05,31.0,100.0,13.0,23.108,120.7
74DA38F209A8,2026-08-04,02:05:06,-4.0,0.0,0.0,22.401,120.577
74DA38F7C3DC,2026-08-04,02:05:10,32.75,100.0,1.0,25.003,121.539
74DA38F2105C,2026-08-04,02:05:11,32.75,100.0,0.0,25.088,121.599
74DA38F7C3B2,2026-08-04,02:05:12,32.11,66.0,0.0,24.929,121.378
74DA38F7C3D6,2026-08-04,02:05:23,35.75,100.0,0.0,25.045,121.541
74DA38ED0454,2026-08-04,02:05:25,31.61,92.0,2.0,24.053,121.599
74DA38F209B2,2026-08-04,02:05:28,29.25,100.0,0.0,22.363,120.599
74DA38F20B80,2026-08-04,02:05:29,30.75,100.0,0.0,22.599,120.35
74DA38ED05EA,2026-08-04,02:05:32,28.75,100.0,3.0,23.394,121.357
74DA38F7C480,2026-08-04,02:05:38,32.36,100.0,0.0,25.061,121.432
74DA38F20D6C,2026-08-04,02:05:41,29.75,97.0,0.0,22.661,120.301
74DA38F210A2,2026-08-04,02:05:49,31.86,100.0,0.0,25.12,121.466
74DA38F7C3DE,2026-08-04,02:05:49,32.5,100.0,255.0,24.972,121.537
74DA38F20DE0,2026-08-04,02:06:07,30.11,100.0,0.0,22.589,120.328
74DA38F7C42E,2026-08-04,02:06:09,33.11,100.0,0.0,24.969,121.514
74DA38ED04F2,2026-08-04,02:06:13,29.75,100.0,1.0,23.468,121.496
74DA38F20902,2026-08-04,02:06:15,31.25,100.0,1.0,22.204,120.7
74DA38F20E6E,2026-08-04,02:06:16,27.5,97.0,0.0,24.41,120.902
74DA38F21048,2026-08-04,02:06:16,29.61,100.0,30.0,22.595,120.341
74DA38F20E9E,2026-08-04,02:06:17,27.12,100.0,12.0,24.648,121.151
74DA38F20BF6,2026-08-04,02:06:19,28.75,100.0,12.0,22.582,120.368
74DA38F20D16,2026-08-04,02:06:19,32.5,100.0,1.0,25.062,121.526
74DA38F7C338,2026-08-04,02:06:19,30.61,100.0,3.0,25.011,121.458
74DA38F7C532,2026-08-04,02:06:31,31.75,92.0,2.0,25.059,121.499
74DA38F7C3BA,2026-08-04,02:06:38,-4.0,0.0,67.0,25.174,121.441
74DA38F7C560,2026-08-04,02:06:41,31.86,-65.0,0.0,25.079,121.671
74DA38F20A30,2026-08-04,02:06:50,31.75,80.0,0.0,24.948,121.372
74DA38F7C47C,2026-08-04,02:06:50,33.75,90.0,123.0,25.055,121.455
74DA38F7C260,2026-08-04,02:06:51,31.5,100.0,0.0,25.065,121.425
74DA38F21088,2026-08-04,02:06:53,32.25,100.0,0.0,25.068,121.588
74DA38F20D1E,2026-08-04,02:07:00,32.75,100.0,2.0,25.048,121.573
74DA38ED06E0,2026-08-04,02:07:05,29.0,97.0,5.0,23.601,121.521
74DA38F20D70,2026-08-04,02:07:05,30.0,87.0,0.0,23.05,121.164
74DA38F20C06,2026-08-04,02:07:07,31.75,66.0,5.0,24.874,121.02
74DA38F7C616,2026-08-04,02:07:15,33.61,100.0,0.0,25.031,121.563
74DA38F20D2E,2026-08-04,02:07:18,31.86,100.0,0.0,25.06,121.545
74DA38F20B26,2026-08-04,02:07:22,30.5,100.0,16.0,22.783,120.247
74DA38F7C464,2026-08-04,02:07:29,28.11,31.0,0.0,25.006,121.413
74DA38F21204,2026-08-04,02:07:32,30.75,100.0,0.0,25.062,121.451
74DA38F20F1C,2026-08-04,02:07:35,31.0,100.0,22.0,25.062,121.451
74DA38F209EE,2026-08-04,02:07:41,31.25,100.0,0.0,23.026,121.33
74DA38F7C514,2026-08-04,02:07:43,31.75,100.0,1.0,25.051,121.518
74DA38ED0630,2026-08-04,02:07:45,31.25,96.0,0.0,23.994,121.594
74DA38F7C13A,2026-08-04,02:07:46,23.25,0.0,0.0,25.069,121.359
74DA38F20D1A,2026-08-04,02:08:03,32.25,88.0,0.0,25.078,121.541
74DA38F7C59C,2026-08-04,02:08:08,31.36,77.0,2.0,25.103,121.487
74DA38F20D3A,2026-08-04,02:08:09,28.75,100.0,21.0,24.604,121.0
74DA38F20C26,2026-08-04,02:08:16,31.5,87.0,24.0,22.676,120.342
74DA38F2113E,2026-08-04,02:08:17,-4.0,0.0,3.0,22.728,120.313
74DA38F7C47E,2026-08-04,02:08:19,33.5,100.0,2.0,25.053963,121.427681
74DA38F7C5AA,2026-08-04,02:08:24,31.61,100.0,0.0,25.0,121.479
74DA38F208E2,2026-08-04,02:08:42,30.36,100.0,2.0,24.688,121.766
74DA38F7C41E,2026-08-04,02:08:43,31.5,79.0,0.0,25.054,121.517
74DA38ED059C,2026-08-04,02:08:53,31.36,80.0,1.0,23.706,121.412
74DA38F20B88,2026-08-04,02:08:53,29.61,100.0,1.0,22.75,120.316
74DA38F20B5C,2026-08-04,02:08:56,30.36,100.0,29.0,22.798,120.293
74DA38F207DE,2026-08-04,02:08:58,32.11,100.0,35.0,22.603,120.34
74DA38F20EB2,2026-08-04,02:09:03,31.36,100.0,17.0,24.324,120.835
74DA38F7C524,2026-08-04,02:09:05,31.75,100.0,0.0,25.002,121.552
74DA38F7C63C,2026-08-04,02:09:06,60.62,100.0,1.0,24.998,121.425
74DA38F7C600,2026-08-04,02:09:08,23.12,49.0,1.0,25.07,121.586
74DA38F7C53C,2026-08-04,02:09:15,31.36,100.0,0.0,25.11,121.804
74DA38F7C570,2026-08-04,02:09:27,29.61,100.0,0.0,25.239,121.63
74DA38F20C22,2026-08-04,02:09:30,32.25,100.0,5.0,22.729,120.357
74DA38F7C46C,2026-08-04,02:09:31,-4.0,0.0,0.0,25.288,121.544
74DA38F20862,2026-08-04,02:09:33,30.61,100.0,2.0,23.101,121.176
74DA38F20A78,2026-08-04,02:09:35,30.86,100.0,0.0,22.904,121.124
74DA38F20934,2026-08-04,02:09:39,29.61,79.0,4.0,23.002,121.29
74DA38ED0640,2026-08-04,02:09:43,31.25,100.0,4.0,23.154,121.266
74DA38F7C366,2026-08-04,02:09:52,33.36,100.0,0.0,25.002,121.516
74DA38F7C5BE,2026-08-04,02:09:59,31.36,85.0,2.0,25.092,121.523
74DA38F7C310,2026-08-04,02:10:07,33.36,100.0,0.0,25.09,121.464
74DA38F7C5A0,2026-08-04,02:10:07,32.0,96.0,0.0,25.107,121.518
74DA38F7C27E,2026-08-04,02:10:08,32.25,94.0,1.0,25.053,121.444
74DA38F20F0A,2026-08-04,02:10:10,32.25,100.0,6.0,22.995,120.635
74DA38F21054,2026-08-04,02:10:10,29.61,70.0,15.0,22.898,120.627
74DA38F7C566,2026-08-04,02:10:18,32.36,100.0,0.0,25.051,121.448
74DA38F7C5CE,2026-08-04,02:10:20,31.25,80.0,0.0,25.066,121.656
74DA38F7C30C,2026-08-04,02:10:23,32.11,86.0,0.0,24.975,121.532
74DA38ED05B6,2026-08-04,02:10:40,29.86,100.0,3.0,23.43,121.348
74DA38F7C54E,2026-08-04,02:10:41,32.11,100.0,0.0,25.063,121.661
74DA38F209DE,2026-08-04,02:10:44,32.11,100.0,0.0,24.861,120.964
74DA38F210F6,2026-08-04,02:10:45,30.86,100.0,3.0,22.757426,121.158891
74DA38F7C4CC,2026-08-04,02:10:46,33.36,100.0,1.0,25.062,121.451
74DA38F7C53A,2026-08-04,02:10:47,-4.0,0.0,0.0,25.067,121.641
74DA38F20FFE,2026-08-04,02:10:52,29.86,100.0,19.0,22.894,120.298
74DA38F20B12,2026-08-04,02:10:56,27.25,76.0,9.0,22.91,120.716
74DA38F21170,2026-08-04,02:10:58,31.36,73.0,0.0,22.779,121.088
74DA38F21024,2026-08-04,02:11:00,31.11,100.0,0.0,24.93,121.036
74DA38F7C430,2026-08-04,02:11:07,32.0,81.0,0.0,24.981,121.423
74DA38F7C5E6,2026-08-04,02:11:07,31.61,100.0,3.0,25.107,121.843
74DA38F7C610,2026-08-04,02:11:08,31.0,91.0,1.0,25.063,121.564
74DA38F2104E,2026-08-04,02:11:11,31.11,100.0,13.0,23.108,120.7
74DA38F7C4DE,2026-08-04,02:11:12,31.75,100.0,0.0,25.09,121.462
74DA38F7C3DC,2026-08-04,02:11:16,32.86,100.0,1.0,25.003,121.539
74DA38F7C3B2,2026-08-04,02:11:17,32.25,66.0,0.0,24.929,121.378
74DA38F7C39A,2026-08-04,02:11:22,31.61,100.0,0.0,25.002,121.414
74DA38F209F8,2026-08-04,02:11:28,35.61,100.0,0.0,23.157,121.4
74DA38F2105C,2026-08-04,02:11:38,32.75,100.0,0.0,25.088,121.599
74DA38ED05EA,2026-08-04,02:11:39,28.75,100.0,3.0,23.394,121.357
74DA38ED0454,2026-08-04,02:11:40,31.75,91.0,2.0,24.053,121.599
74DA38F7C3DE,2026-08-04,02:11:45,32.75,100.0,267.0,24.972,121.537
74DA38F7C3D6,2026-08-04,02:11:50,35.75,100.0,0.0,25.045,121.541
74DA38F209B2,2026-08-04,02:11:54,29.11,100.0,0.0,22.363,120.599
74DA38F20B80,2026-08-04,02:11:54,30.75,100.0,0.0,22.599,120.35
74DA38F210A2,2026-08-04,02:11:54,31.86,100.0,0.0,25.12,121.466
74DA38F7C480,2026-08-04,02:12:11,32.5,100.0,0.0,25.061,121.432
74DA38F20D6C,2026-08-04,02:12:13,29.75,97.0,0.0,22.661,120.301
74DA38F20E6E,2026-08-04,02:12:18,27.62,98.0,0.0,24.41,120.902
74DA38ED04F2,2026-08-04,02:12:19,29.61,100.0,1.0,23.468,121.496
74DA38F20902,2026-08-04,02:12:24,31.36,100.0,1.0,22.204,120.7
74DA38F20BF6,2026-08-04,02:12:24,28.75,100.0,13.0,22.582,120.368
74DA38F20E9E,2026-08-04,02:12:24,27.12,100.0,20.0,24.648,121.151
74DA38F20D16,2026-08-04,02:12:31,32.61,100.0,1.0,25.062,121.526
74DA38F20DE0,2026-08-04,02:12:35,29.86,100.0,3.0,22.589,120.328
74DA38F7C532,2026-08-04,02:12:35,31.75,95.0,2.0,25.059,121.499
74DA38F7C47C,2026-08-04,02:12:41,34.0,88.0,113.0,25.055,121.455
74DA38F21048,2026-08-04,02:12:51,29.75,100.0,37.0,22.595,120.341
74DA38F20D1E,2026-08-04,02:13:07,32.75,100.0,2.0,25.048,121.573
74DA38F7C560,2026-08-04,02:13:09,32.0,-64.0,0.0,25.079,121.671
74DA38F20D70,2026-08-04,02:13:10,30.0,87.0,0.0,23.05,121.164
74DA38ED06E0,2026-08-04,02:13:11,29.0,97.0,5.0,23.601,121.521
74DA38F20C06,2026-08-04,02:13:13,31.61,66.0,5.0,24.874,121.02
74DA38F20A30,2026-08-04,02:13:18,31.86,79.0,1.0,24.948,121.372
74DA38F7C260,2026-08-04,02:13:19,31.61,100.0,0.0,25.065,121.425
74DA38F7C616,2026-08-04,02:13:21,33.75,100.0,0.0,25.031,121.563
74DA38F21088,2026-08-04,02:13:22,32.5,100.0,0.0,25.068,121.588
74DA38F20B26,2026-08-04,02:13:30,30.5,100.0,16.0,22.783,120.247
74DA38F21204,2026-08-04,02:13:39,30.86,100.0,0.0,25.062,121.451
74DA38F20F1C,2026-08-04,02:13:41,31.11,100.0,20.0,25.062,121.451
74DA38F209EE,2026-08-04,02:13:45,31.25,100.0,0.0,23.026,121.33
74DA38F20D2E,2026-08-04,02:13:46,32.0,100.0,0.0,25.06,121.545
74DA38F7C514,2026-08-04,02:13:49,31.75,100.0,1.0,25.051,121.518
74DA38F7C464,2026-08-04,02:14:01,28.36,31.0,0.0,25.006,121.413
74DA38F20B82,2026-08-04,02:14:09,-4.0,0.0,0.0,22.847,120.465
74DA38ED0630,2026-08-04,02:14:12,31.36,95.0,0.0,23.994,121.594
74DA38F7C13A,2026-08-04,02:14:12,23.37,0.0,0.0,25.069,121.359
74DA38F20D3A,2026-08-04,02:14:17,29.0,100.0,22.0,24.604,121.0
74DA38F7C47E,2026-08-04,02:14:24,33.86,100.0,3.0,25.053963,121.427681
74DA38F20C26,2026-08-04,02:14:27,31.61,87.0,24.0,22.676,120.342
74DA38F20D1A,2026-08-04,02:14:31,32.25,87.0,0.0,25.078,121.541
74DA38F7C59C,2026-08-04,02:14:35,31.36,77.0,3.0,25.103,121.487
74DA38F7C592,2026-08-04,02:14:43,-4.0,0.0,0.0,25.224,121.637
74DA38F209A8,2026-08-04,02:14:45,-4.0,0.0,0.0,22.401,120.577
74DA38F208E2,2026-08-04,02:14:47,30.25,100.0,2.0,24.688,121.766
74DA38ED059C,2026-08-04,02:14:59,31.75,81.0,1.0,23.706,121.412
74DA38F20B5C,2026-08-04,02:15:02,30.36,100.0,28.0,22.798,120.293
74DA38F7C5AA,2026-08-04,02:15:06,31.86,100.0,0.0,25.0,121.479
74DA38F20EB2,2026-08-04,02:15:09,30.86,100.0,15.0,24.324,120.835
74DA38F207DE,2026-08-04,02:15:11,32.0,100.0,40.0,22.603,120.34
74DA38F7C41E,2026-08-04,02:15:11,31.5,78.0,0.0,25.054,121.517
74DA38F7C600,2026-08-04,02:15:14,23.12,50.0,1.0,25.07,121.586
74DA38F7C3BA,2026-08-04,02:15:17,-4.0,0.0,67.0,25.174,121.441
74DA38F20B88,2026-08-04,02:15:21,29.75,100.0,0.0,22.75,120.316
74DA38F2113E,2026-08-04,02:15:31,-4.0,0.0,0.0,22.728,120.313
74DA38F7C524,2026-08-04,02:15:33,31.86,100.0,0.0,25.002,121.552
74DA38F20862,2026-08-04,02:15:40,30.61,100.0,2.0,23.101,121.176
74DA38F20A78,2026-08-04,02:15:41,31.0,100.0,0.0,22.904,121.124
74DA38F7C53C,2026-08-04,02:15:43,31.61,100.0,0.0,25.11,121.804
74DA38ED0640,2026-08-04,02:15:50,31.25,100.0,2.0,23.154,121.266
74DA38F7C570,2026-08-04,02:15:54,29.75,100.0,0.0,25.239,121.63
74DA38F7C366,2026-08-04,02:15:58,33.61,100.0,0.0,25.002,121.516
74DA38F20C22,2026-08-04,02:16:01,32.36,100.0,7.0,22.729,120.357
74DA38F7C5BE,2026-08-04,02:16:04,31.36,85.0,3.0,25.092,121.523
74DA38F7C310,2026-08-04,02:16:11,33.36,100.0,0.0,25.09,121.464
74DA38F7C27E,2026-08-04,02:16:13,32.36,92.0,2.0,25.053,121.444
74DA38F20F0A,2026-08-04,02:16:16,31.61,100.0,7.0,22.995,120.635
74DA38F21054,2026-08-04,02:16:17,29.5,68.0,14.0,22.898,120.627
74DA38F7C506,2026-08-04,02:16:19,32.61,100.0,0.0,24.996,121.544
74DA38F7C5A0,2026-08-04,02:16:34,32.0,95.0,0.0,25.107,121.518
74DA38ED05B6,2026-08-04,02:16:44,30.11,100.0,4.0,23.43,121.348
74DA38F7C30C,2026-08-04,02:16:44,32.25,86.0,0.0,24.975,121.532
74DA38F7C566,2026-08-04,02:16:45,32.5,100.0,0.0,25.051,121.448
74DA38F7C5CE,2026-08-04,02:16:48,31.11,81.0,0.0,25.066,121.656
74DA38F210F6,2026-08-04,02:16:49,30.86,100.0,3.0,22.757426,121.158891
74DA38F7C4CC,2026-08-04,02:16:54,33.5,100.0,1.0,25.062,121.451
74DA38F20B12,2026-08-04,02:17:02,27.37,78.0,10.0,22.91,120.716
74DA38F21170,2026-08-04,02:17:07,31.36,73.0,0.0,22.779,121.088
74DA38F20FFE,2026-08-04,02:17:10,30.0,100.0,20.0,22.894,120.298
74DA38F209DE,2026-08-04,02:17:11,32.36,100.0,0.0,24.861,120.964
74DA38F7C610,2026-08-04,02:17:13,31.0,91.0,2.0,25.063,121.564
74DA38F7C5E6,2026-08-04,02:17:16,31.61,100.0,4.0,25.107,121.843
74DA38F7C3DC,2026-08-04,02:17:22,32.61,100.0,1.0,25.003,121.539
74DA38F7C3B2,2026-08-04,02:17:23,32.11,66.0,0.0,24.929,121.378
74DA38F7C4DE,2026-08-04,02:17:23,31.86,100.0,0.0,25.09,121.462
74DA38F21024,2026-08-04,02:17:26,31.25,100.0,0.0,24.93,121.036
74DA38F7C430,2026-08-04,02:17:34,32.11,81.0,0.0,24.981,121.423
74DA38F7C3DE,2026-08-04,02:17:42,32.75,100.0,250.0,24.972,121.537
74DA38ED05EA,2026-08-04,02:17:45,28.86,100.0,4.0,23.394,121.357
74DA38ED0454,2026-08-04,02:17:46,31.75,93.0,2.0,24.053,121.599
74DA38F7C39A,2026-08-04,02:17:50,31.61,100.0,0.0,25.002,121.414
74DA38F209F8,2026-08-04,02:17:58,35.61,100.0,0.0,23.157,121.4
74DA38F210A2,2026-08-04,02:18:00,32.11,100.0,0.0,25.12,121.466
74DA38F2105C,2026-08-04,02:18:04,32.75,100.0,0.0,25.088,121.599
74DA38F7C3D6,2026-08-04,02:18:17,36.0,100.0,0.0,25.045,121.541
74DA38F20E6E,2026-08-04,02:18:19,27.75,98.0,0.0,24.41,120.902
74DA38F209B2,2026-08-04,02:18:21,29.36,100.0,0.0,22.363,120.599
74DA38F20B80,2026-08-04,02:18:21,30.75,100.0,0.0,22.599,120.35
74DA38ED04F2,2026-08-04,02:18:26,29.61,100.0,1.0,23.468,121.496
74DA38F20BF6,2026-08-04,02:18:29,28.75,100.0,14.0,22.582,120.368
74DA38F20E9E,2026-08-04,02:18:29,27.12,100.0,10.0,24.648,121.151
74DA38F20902,2026-08-04,02:18:31,31.36,100.0,0.0,22.204,120.7
74DA38F7C47C,2026-08-04,02:18:33,34.11,88.0,98.0,25.055,121.455
74DA38F20D16,2026-08-04,02:18:36,32.61,100.0,2.0,25.062,121.526
74DA38F7C480,2026-08-04,02:18:39,32.36,100.0,0.0,25.061,121.432
74DA38F7C63C,2026-08-04,02:18:39,60.62,100.0,1.0,24.998,121.425
74DA38F7C532,2026-08-04,02:18:40,31.75,93.0,2.0,25.059,121.499
74DA38F20D6C,2026-08-04,02:18:42,29.86,97.0,0.0,22.661,120.301
74DA38F7C338,2026-08-04,02:18:58,30.5,100.0,1.0,25.011,121.458
74DA38F20DE0,2026-08-04,02:19:03,30.0,100.0,2.0,22.589,120.328
74DA38F20D1E,2026-08-04,02:19:13,32.86,100.0,2.0,25.048,121.573
74DA38F20D70,2026-08-04,02:19:15,30.0,88.0,0.0,23.05,121.164
74DA38ED06E0,2026-08-04,02:19:18,29.0,98.0,4.0,23.601,121.521
74DA38F20C06,2026-08-04,02:19:18,31.86,66.0,5.0,24.874,121.02
74DA38F21048,2026-08-04,02:19:21,29.75,100.0,31.0,22.595,120.341
74DA38F7C616,2026-08-04,02:19:29,34.0,100.0,0.0,25.031,121.563
74DA38F7C560,2026-08-04,02:19:37,32.11,-64.0,0.0,25.079,121.671
74DA38F20B26,2026-08-04,02:19:42,30.5,100.0,16.0,22.783,120.247
74DA38F7C260,2026-08-04,02:19:47,31.61,100.0,0.0,25.065,121.425
74DA38F20A30,2026-08-04,02:19:49,32.0,78.0,5.0,24.948,121.372
74DA38F20F1C,2026-08-04,02:19:49,31.25,100.0,21.0,25.062,121.451
74DA38F21088,2026-08-04,02:19:49,32.5,100.0,0.0,25.068,121.588
74DA38F209EE,2026-08-04,02:19:50,31.36,100.0,0.0,23.026,121.33
74DA38F7C514,2026-08-04,02:19:55,32.11,100.0,1.0,25.051,121.518
74DA38F21204,2026-08-04,02:20:05,30.86,100.0,1.0,25.062,121.451
74DA38F20D2E,2026-08-04,02:20:15,32.0,100.0,0.0,25.06,121.545
74DA38F20D3A,2026-08-04,02:20:29,29.0,100.0,21.0,24.604,121.0
74DA38F7C47E,2026-08-04,02:20:29,33.75,100.0,2.0,25.053963,121.427681
74DA38F7C464,2026-08-04,02:20:30,28.36,31.0,0.0,25.006,121.413
74DA38F20C26,2026-08-04,02:20:37,31.75,86.0,24.0,22.676,120.342
74DA38F7C13A,2026-08-04,02:20:39,23.37,0.0,0.0,25.069,121.359
74DA38ED0630,2026-08-04,02:20:41,31.5,93.0,0.0,23.994,121.594
74DA38F208E2,2026-08-04,02:20:52,30.11,100.0,2.0,24.688,121.766
74DA38F20D1A,2026-08-04,02:20:59,32.5,87.0,0.0,25.078,121.541
74DA38F7C59C,2026-08-04,02:21:02,31.36,76.0,2.0,25.103,121.487
74DA38ED059C,2026-08-04,02:21:06,31.86,79.0,2.0,23.706,121.412
74DA38F20EB2,2026-08-04,02:21:16,31.0,100.0,17.0,24.324,120.835
74DA38F7C600,2026-08-04,02:21:19,23.12,50.0,1.0,25.07,121.586
74DA38F207DE,2026-08-04,02:21:29,31.86,100.0,35.0,22.603,120.34
74DA38F7C41E,2026-08-04,02:21:39,31.61,78.0,0.0,25.054,121.517
74DA38F20862,2026-08-04,02:21:45,30.61,100.0,2.0,23.101,121.176
74DA38F20A78,2026-08-04,02:21:47,31.25,100.0,0.0,22.904,121.124
74DA38F20B88,2026-08-04,02:21:49,29.75,100.0,1.0,22.75,120.316
74DA38ED0640,2026-08-04,02:21:56,31.25,100.0,2.0,23.154,121.266
74DA38F7C524,2026-08-04,02:22:01,31.86,100.0,0.0,25.002,121.552
74DA38F7C53C,2026-08-04,02:22:09,31.86,100.0,0.0,25.11,121.804
74DA38F7C5BE,2026-08-04,02:22:09,31.36,85.0,2.0,25.092,121.523
74DA38F7C310,2026-08-04,02:22:16,33.61,100.0,0.0,25.09,121.464
74DA38F7C27E,2026-08-04,02:22:17,32.36,92.0,1.0,25.053,121.444
74DA38F20F0A,2026-08-04,02:22:22,31.61,100.0,7.0,22.995,120.635
74DA38F7C570,2026-08-04,02:22:22,29.75,100.0,0.0,25.239,121.63
74DA38F21054,2026-08-04,02:22:23,29.25,68.0,14.0,22.898,120.627
74DA38F20934,2026-08-04,02:22:25,29.61,79.0,3.0,23.002,121.29
74DA38F20C22,2026-08-04,02:22:30,32.36,100.0,3.0,22.729,120.357
74DA38F7C5AA,2026-08-04,02:22:38,32.0,100.0,0.0,25.0,121.479
74DA38F2113E,2026-08-04,02:22:47,-4.0,0.0,1.0,22.728,120.313
74DA38ED05B6,2026-08-04,02:22:48,30.25,100.0,3.0,23.43,121.348
74DA38F7C506,2026-08-04,02:22:49,32.75,100.0,0.0,24.996,121.544
74DA38F210F6,2026-08-04,02:22:53,30.86,100.0,3.0,22.757426,121.158891
74DA38F7C30C,2026-08-04,02:22:53,32.11,85.0,0.0,24.975,121.532
74DA38F7C4CC,2026-08-04,02:23:00,33.86,100.0,1.0,25.062,121.451
74DA38F7C5A0,2026-08-04,02:23:02,32.11,94.0,0.0,25.107,121.518
74DA38F20B12,2026-08-04,02:23:08,27.5,78.0,10.0,22.91,120.716
74DA38F21170,2026-08-04,02:23:13,31.5,72.0,0.0,22.779,121.088
74DA38F7C566,2026-08-04,02:23:13,32.5,100.0,0.0,25.051,121.448
74DA38F7C5CE,2026-08-04,02:23:15,31.11,81.0,0.0,25.066,121.656
74DA38F20FFE,2026-08-04,02:23:19,30.0,100.0,20.0,22.894,120.298
74DA38F7C610,2026-08-04,02:23:19,31.0,92.0,2.0,25.063,121.564
74DA38F7C5E6,2026-08-04,02:23:24,31.61,100.0,4.0,25.107,121.843
74DA38F7C3DC,2026-08-04,02:23:27,32.5,100.0,2.0,25.003,121.539
74DA38F7C3B2,2026-08-04,02:23:29,32.25,66.0,0.0,24.929,121.378
74DA38F7C4DE,2026-08-04,02:23:31,32.11,100.0,0.0,25.09,121.462
74DA38F209DE,2026-08-04,02:23:38,32.5,100.0,0.0,24.861,120.964
74DA38F7C3DE,2026-08-04,02:23:38,32.86,100.0,243.0,24.972,121.537
74DA38F20B82,2026-08-04,02:23:41,-4.0,0.0,0.0,22.847,120.465
74DA38ED05EA,2026-08-04,02:23:50,28.86,100.0,7.0,23.394,121.357
74DA38ED0454,2026-08-04,02:23:51,31.86,94.0,1.0,24.053,121.599
74DA38F21024,2026-08-04,02:23:53,31.36,100.0,0.0,24.93,121.036
74DA38F7C3BA,2026-08-04,02:23:55,-4.0,0.0,67.0,25.174,121.441
74DA38F7C430,2026-08-04,02:24:02,32.25,80.0,0.0,24.981,121.423
74DA38F210A2,2026-08-04,02:24:04,32.11,100.0,0.0,25.12,121.466
74DA38F7C39A,2026-08-04,02:24:17,31.75,100.0,0.0,25.002,121.414
74DA38F21136,2026-08-04,02:24:20,32.36,98.0,0.0,25.119,121.505
74DA38F20E6E,2026-08-04,02:24:21,27.75,98.0,0.0,24.41,120.902
74DA38F7C592,2026-08-04,02:24:22,-4.0,0.0,0.0,25.224,121.637
74DA38F209A8,2026-08-04,02:24:24,-4.0,0.0,0.0,22.401,120.577
74DA38F209F8,2026-08-04,02:24:25,35.61,100.0,0.0,23.157,121.4
74DA38F7C47C,2026-08-04,02:24:25,34.0,90.0,115.0,25.055,121.455
74DA38ED04F2,2026-08-04,02:24:31,29.61,100.0,2.0,23.468,121.496
74DA38F2105C,2026-08-04,02:24:32,32.75,100.0,0.0,25.088,121.599
74DA38F20BF6,2026-08-04,02:24:35,28.75,100.0,15.0,22.582,120.368
74DA38F20E9E,2026-08-04,02:24:35,27.12,100.0,10.0,24.648,121.151
74DA38F20902,2026-08-04,02:24:39,31.5,100.0,0.0,22.204,120.7
74DA38F7C3D6,2026-08-04,02:24:43,36.11,100.0,0.0,25.045,121.541
74DA38F20D16,2026-08-04,02:24:44,32.5,100.0,2.0,25.062,121.526
74DA38F7C532,2026-08-04,02:24:44,31.75,93.0,2.0,25.059,121.499
74DA38F209B2,2026-08-04,02:24:48,29.36,100.0,0.0,22.363,120.599
74DA38F20B80,2026-08-04,02:24:48,30.75,100.0,0.0,22.599,120.35
74DA38F7C480,2026-08-04,02:25:07,32.5,100.0,0.0,25.061,121.432
74DA38F20D1E,2026-08-04,02:25:21,32.86,100.0,2.0,25.048,121.573
74DA38F20D70,2026-08-04,02:25:22,29.86,88.0,0.0,23.05,121.164
74DA38F20C06,2026-08-04,02:25:23,31.61,64.0,4.0,24.874,121.02
74DA38F7C338,2026-08-04,02:25:24,30.5,100.0,2.0,25.011,121.458
74DA38ED06E0,2026-08-04,02:25:25,29.0,97.0,4.0,23.601,121.521
74DA38F20DE0,2026-08-04,02:25:30,29.75,100.0,3.0,22.589,120.328
74DA38F7C616,2026-08-04,02:25:44,33.86,100.0,0.0,25.031,121.563
74DA38F21048,2026-08-04,02:25:51,29.75,100.0,30.0,22.595,120.341
74DA38F20B26,2026-08-04,02:25:53,30.5,100.0,18.0,22.783,120.247
74DA38F209EE,2026-08-04,02:25:55,31.5,100.0,0.0,23.026,121.33
74DA38F20F1C,2026-08-04,02:25:55,31.25,100.0,20.0,25.062,121.451
74DA38F7C514,2026-08-04,02:26:01,32.25,100.0,2.0,25.051,121.518
74DA38F7C560,2026-08-04,02:26:03,32.11,-65.0,0.0,25.079,121.671
74DA38F21204,2026-08-04,02:26:10,30.75,100.0,1.0,25.062,121.451
74DA38F7C260,2026-08-04,02:26:15,31.75,100.0,0.0,25.065,121.425
74DA38F21088,2026-08-04,02:26:17,32.5,100.0,0.0,25.068,121.588
74DA38F20A30,2026-08-04,02:26:18,32.11,79.0,6.0,24.948,121.372
74DA38F7C47E,2026-08-04,02:26:34,34.25,100.0,2.0,25.053963,121.427681
74DA38F20D2E,2026-08-04,02:26:41,32.11,100.0,0.0,25.06,121.545
74DA38F20D3A,2026-08-04,02:26:41,29.25,100.0,21.0,24.604,121.0
74DA38F20C26,2026-08-04,02:26:46,31.61,86.0,23.0,22.676,120.342
74DA38F208E2,2026-08-04,02:26:57,30.25,100.0,2.0,24.688,121.766
74DA38F7C464,2026-08-04,02:26:59,28.61,31.0,0.0,25.006,121.413
74DA38F7C13A,2026-08-04,02:27:06,23.5,0.0,0.0,25.069,121.359
74DA38ED0630,2026-08-04,02:27:10,31.5,92.0,0.0,23.994,121.594
74DA38ED059C,2026-08-04,02:27:11,31.75,80.0,2.0,23.706,121.412
74DA38F20EB2,2026-08-04,02:27:23,30.86,100.0,15.0,24.324,120.835
74DA38F7C600,2026-08-04,02:27:25,23.12,49.0,1.0,25.07,121.586
74DA38F20D1A,2026-08-04,02:27:26,32.5,86.0,0.0,25.078,121.541
74DA38F7C59C,2026-08-04,02:27:29,31.36,76.0,2.0,25.103,121.487
74DA38F20B5C,2026-08-04,02:27:41,30.36,100.0,29.0,22.798,120.293
74DA38F207DE,2026-08-04,02:27:45,31.75,100.0,35.0,22.603,120.34
74DA38F20862,2026-08-04,02:27:51,30.61,100.0,2.0,23.101,121.176
74DA38F20A78,2026-08-04,02:27:53,31.36,100.0,0.0,22.904,121.124
74DA38ED0640,2026-08-04,02:28:06,31.5,100.0,6.0,23.154,121.266
74DA38F7C366,2026-08-04,02:28:09,33.86,100.0,0.0,25.002,121.516
74DA38F7C63C,2026-08-04,02:28:11,60.62,100.0,1.0,24.998,121.425
74DA38F7C41E,2026-08-04,02:28:14,31.75,79.0,0.0,25.054,121.517
74DA38F7C5BE,2026-08-04,02:28:15,31.36,85.0,3.0,25.092,121.523
74DA38F20B88,2026-08-04,02:28:17,30.25,100.0,0.0,22.75,120.316
74DA38F7C310,2026-08-04,02:28:22,33.61,100.0,0.0,25.09,121.464
74DA38F7C27E,2026-08-04,02:28:24,32.5,95.0,1.0,25.053,121.444
74DA38F20F0A,2026-08-04,02:28:28,31.75,100.0,6.0,22.995,120.635
74DA38F21054,2026-08-04,02:28:29,29.11,67.0,14.0,22.898,120.627
74DA38F7C524,2026-08-04,02:28:29,32.0,100.0,0.0,25.002,121.552
74DA38F7C53C,2026-08-04,02:28:37,31.75,100.0,0.0,25.11,121.804
74DA38F7C570,2026-08-04,02:28:49,29.86,100.0,0.0,25.239,121.63
74DA38ED05B6,2026-08-04,02:28:53,30.36,100.0,3.0,23.43,121.348
74DA38F20934,2026-08-04,02:28:55,29.61,79.0,3.0,23.002,121.29
74DA38F20C22,2026-08-04,02:28:58,32.36,100.0,0.0,22.729,120.357
74DA38F210F6,2026-08-04,02:28:58,30.86,100.0,2.0,22.757426,121.158891
74DA38F7C30C,2026-08-04,02:29:05,32.25,84.0,0.0,24.975,121.532
74DA38F7C4CC,2026-08-04,02:29:07,33.5,100.0,0.0,25.062,121.451
74DA38F20B12,2026-08-04,02:29:14,27.37,76.0,10.0,22.91,120.716
74DA38F21170,2026-08-04,02:29:25,31.5,73.0,0.0,22.779,121.088
74DA38F7C610,2026-08-04,02:29:25,31.0,92.0,1.0,25.063,121.564
74DA38F20FFE,2026-08-04,02:29:29,30.0,100.0,22.0,22.894,120.298
74DA38F7C5A0,2026-08-04,02:29:29,32.25,95.0,0.0,25.107,121.518
74DA38F7C3DC,2026-08-04,02:29:32,32.75,100.0,3.0,25.003,121.539
74DA38F7C5E6,2026-08-04,02:29:32,31.61,100.0,4.0,25.107,121.843
74DA38F7C3B2,2026-08-04,02:29:35,32.11,66.0,0.0,24.929,121.378
74DA38F7C3DE,2026-08-04,02:29:35,33.0,100.0,237.0,24.972,121.537
74DA38F7C46C,2026-08-04,02:29:36,-4.0,0.0,0.0,25.288,121.544
74DA38F7C4DE,2026-08-04,02:29:38,32.25,100.0,0.0,25.09,121.462
74DA38F7C566,2026-08-04,02:29:41,32.5,100.0,0.0,25.051,121.448
74DA38F7C5CE,2026-08-04,02:29:41,31.11,81.0,0.0,25.066,121.656
74DA38F2104E,2026-08-04,02:29:56,30.86,100.0,13.0,23.108,120.7
74DA38ED05EA,2026-08-04,02:29:57,29.0,100.0,15.0,23.394,121.357
74DA38ED0454,2026-08-04,02:29:59,31.75,93.0,1.0,24.053,121.599
74DA38F2113E,2026-08-04,02:30:01,-4.0,0.0,1.0,22.728,120.313
74DA38F209DE,2026-08-04,02:30:05,32.75,100.0,0.0,24.861,120.964
74DA38F210A2,2026-08-04,02:30:10,32.25,100.0,0.0,25.12,121.466
74DA38F7C47C,2026-08-04,02:30:17,34.0,89.0,109.0,25.055,121.455
74DA38F21024,2026-08-04,02:30:19,31.5,100.0,0.0,24.93,121.036
74DA38F20E6E,2026-08-04,02:30:23,27.87,97.0,0.0,24.41,120.902
74DA38F7C430,2026-08-04,02:30:30,32.36,80.0,0.0,24.981,121.423
74DA38ED04F2,2026-08-04,02:30:38,29.75,100.0,2.0,23.468,121.496
74DA38F20BF6,2026-08-04,02:30:41,28.75,100.0,15.0,22.582,120.368
74DA38F20E9E,2026-08-04,02:30:41,27.12,100.0,10.0,24.648,121.151
74DA38F7C39A,2026-08-04,02:30:44,31.86,100.0,0.0,25.002,121.414
74DA38F20902,2026-08-04,02:30:45,31.61,100.0,1.0,22.204,120.7
74DA38F20D16,2026-08-04,02:30:49,32.5,100.0,1.0,25.062,121.526
74DA38F7C532,2026-08-04,02:30:49,31.86,93.0,2.0,25.059,121.499
74DA38F209F8,2026-08-04,02:30:53,35.61,100.0,0.0,23.157,121.4
74DA38F2105C,2026-08-04,02:30:59,32.86,100.0,0.0,25.088,121.599
74DA38F7C3D6,2026-08-04,02:31:09,36.36,100.0,0.0,25.045,121.541
74DA38F20B80,2026-08-04,02:31:13,30.75,100.0,0.0,22.599,120.35
74DA38F209B2,2026-08-04,02:31:14,29.5,100.0,0.0,22.363,120.599
74DA38F20D70,2026-08-04,02:31:27,30.0,87.0,0.0,23.05,121.164
74DA38F20C06,2026-08-04,02:31:29,31.25,61.0,4.0,24.874,121.02
74DA38F20D1E,2026-08-04,02:31:31,32.75,100.0,3.0,25.048,121.573
74DA38F7C338,2026-08-04,02:31:33,30.5,100.0,2.0,25.011,121.458
74DA38ED06E0,2026-08-04,02:31:35,29.11,95.0,4.0,23.601,121.521
74DA38F7C480,2026-08-04,02:31:35,32.61,100.0,0.0,25.061,121.432
74DA38F7C616,2026-08-04,02:31:52,34.11,100.0,0.0,25.031,121.563
74DA38F20DE0,2026-08-04,02:31:57,29.86,100.0,0.0,22.589,120.328
74DA38F209EE,2026-08-04,02:32:01,31.36,100.0,0.0,23.026,121.33
74DA38F20B26,2026-08-04,02:32:01,30.5,100.0,18.0,22.783,120.247
74DA38F20F1C,2026-08-04,02:32:01,31.36,100.0,19.0,25.062,121.451
74DA38F7C514,2026-08-04,02:32:07,32.25,100.0,2.0,25.051,121.518
74DA38F21204,2026-08-04,02:32:16,30.61,100.0,1.0,25.062,121.451
74DA38F20D6C,2026-08-04,02:32:22,29.86,96.0,0.0,22.661,120.301
74DA38F21048,2026-08-04,02:32:24,29.61,100.0,35.0,22.595,120.341
74DA38F7C560,2026-08-04,02:32:31,32.11,-65.0,0.0,25.079,121.671
74DA38F7C3BA,2026-08-04,02:32:35,-4.0,0.0,64.0,25.174,121.441
74DA38F7C47E,2026-08-04,02:32:39,34.0,100.0,3.0,25.053963,121.427681
74DA38F7C260,2026-08-04,02:32:43,31.75,100.0,0.0,25.065,121.425
74DA38F21088,2026-08-04,02:32:45,32.5,100.0,0.0,25.068,121.588
74DA38F20A30,2026-08-04,02:32:48,32.25,79.0,3.0,24.948,121.372
74DA38F20C26,2026-08-04,02:32:53,31.75,86.0,25.0,22.676,120.342
74DA38F208E2,2026-08-04,02:33:01,30.25,100.0,2.0,24.688,121.766
74DA38F20D2E,2026-08-04,02:33:08,32.25,100.0,0.0,25.06,121.545
74DA38F20D3A,2026-08-04,02:33:08,29.25,100.0,20.0,24.604,121.0
74DA38F20B82,2026-08-04,02:33:15,-4.0,0.0,0.0,22.847,120.465
74DA38ED059C,2026-08-04,02:33:17,31.75,80.0,1.0,23.706,121.412
74DA38F7C600,2026-08-04,02:33:30,23.12,50.0,1.0,25.07,121.586
74DA38F20EB2,2026-08-04,02:33:31,30.86,100.0,14.0,24.324,120.835
74DA38F7C13A,2026-08-04,02:33:32,23.37,0.0,0.0,25.069,121.359
74DA38F7C464,2026-08-04,02:33:34,28.75,31.0,0.0,25.006,121.413
74DA38ED0630,2026-08-04,02:33:37,31.36,95.0,0.0,23.994,121.594
74DA38F20B5C,2026-08-04,02:33:50,30.5,100.0,29.0,22.798,120.293
74DA38F207DE,2026-08-04,02:33:53,31.75,100.0,26.0,22.603,120.34
74DA38F20D1A,2026-08-04,02:33:54,32.36,86.0,0.0,25.078,121.541
74DA38F7C59C,2026-08-04,02:33:56,31.5,76.0,3.0,25.103,121.487
74DA38F20862,2026-08-04,02:33:59,30.61,100.0,4.0,23.101,121.176
74DA38F20A78,2026-08-04,02:33:59,31.61,100.0,0.0,22.904,121.124
74DA38F7C592,2026-08-04,02:34:01,-4.0,0.0,0.0,25.224,121.637
74DA38F209A8,2026-08-04,02:34:02,-4.0,0.0,0.0,22.401,120.577
74DA38ED0640,2026-08-04,02:34:14,31.86,100.0,5.0,23.154,121.266
74DA38F7C366,2026-08-04,02:34:16,34.11,100.0,0.0,25.002,121.516
74DA38F7C5BE,2026-08-04,02:34:21,31.5,85.0,3.0,25.092,121.523
74DA38F7C310,2026-08-04,02:34:27,33.75,100.0,1.0,25.09,121.464
74DA38F7C27E,2026-08-04,02:34:32,32.36,94.0,1.0,25.053,121.444
74DA38F20F0A,2026-08-04,02:34:35,31.86,100.0,6.0,22.995,120.635
74DA38F21054,2026-08-04,02:34:35,29.11,66.0,13.0,22.898,120.627
74DA38F7C41E,2026-08-04,02:34:42,31.75,80.0,0.0,25.054,121.517
74DA38F20B88,2026-08-04,02:34:46,30.25,100.0,0.0,22.75,120.316
74DA38F7C524,2026-08-04,02:34:55,32.11,100.0,0.0,25.002,121.552
74DA38ED05B6,2026-08-04,02:34:58,30.25,100.0,3.0,23.43,121.348
74DA38F20934,2026-08-04,02:35:02,29.61,78.0,3.0,23.002,121.29
74DA38F210F6,2026-08-04,02:35:03,30.86,100.0,2.0,22.757426,121.158891
74DA38F7C53C,2026-08-04,02:35:03,31.86,100.0,0.0,25.11,121.804
74DA38F7C4CC,2026-08-04,02:35:14,33.5,100.0,1.0,25.062,121.451
74DA38F7C30C,2026-08-04,02:35:15,32.25,84.0,0.0,24.975,121.532
74DA38F7C570,2026-08-04,02:35:15,29.86,100.0,0.0,25.239,121.63
74DA38F20B12,2026-08-04,02:35:20,27.37,75.0,10.0,22.91,120.716
74DA38F20C22,2026-08-04,02:35:27,32.11,100.0,3.0,22.729,120.357
74DA38F21170,2026-08-04,02:35:30,31.5,72.0,1.0,22.779,121.088
74DA38F7C610,2026-08-04,02:35:30,31.0,92.0,2.0,25.063,121.564
74DA38F7C3DE,2026-08-04,02:35:31,33.0,100.0,238.0,24.972,121.537
74DA38F20FFE,2026-08-04,02:35:38,30.0,100.0,21.0,22.894,120.298
74DA38F7C3DC,2026-08-04,02:35:38,32.75,100.0,1.0,25.003,121.539
74DA38F7C5E6,2026-08-04,02:35:40,31.75,100.0,3.0,25.107,121.843
74DA38F7C3B2,2026-08-04,02:35:41,32.11,66.0,0.0,24.929,121.378
74DA38F7C5A0,2026-08-04,02:35:56,32.5,94.0,0.0,25.107,121.518
74DA38ED05EA,2026-08-04,02:36:02,29.0,100.0,4.0,23.394,121.357
74DA38F2104E,2026-08-04,02:36:02,30.61,100.0,14.0,23.108,120.7
74DA38F7C5CE,2026-08-04,02:36:08,31.11,81.0,0.0,25.066,121.656
74DA38F7C566,2026-08-04,02:36:09,32.5,100.0,0.0,25.051,121.448
74DA38F7C4DE,2026-08-04,02:36:10,32.25,100.0,0.0,25.09,121.462
74DA38F7C506,2026-08-04,02:36:11,33.0,100.0,0.0,24.996,121.544
74DA38F7C47C,2026-08-04,02:36:13,34.0,89.0,77.0,25.055,121.455
74DA38F210A2,2026-08-04,02:36:15,32.36,100.0,0.0,25.12,121.466
74DA38ED0454,2026-08-04,02:36:21,31.75,95.0,1.0,24.053,121.599
74DA38F20E6E,2026-08-04,02:36:27,27.87,97.0,0.0,24.41,120.902
74DA38F209DE,2026-08-04,02:36:33,32.61,100.0,0.0,24.861,120.964
74DA38ED04F2,2026-08-04,02:36:45,29.75,100.0,1.0,23.468,121.496
74DA38F21024,2026-08-04,02:36:46,31.61,100.0,0.0,24.93,121.036
74DA38F20BF6,2026-08-04,02:36:47,28.75,100.0,14.0,22.582,120.368
74DA38F20E9E,2026-08-04,02:36:47,27.25,100.0,10.0,24.648,121.151
74DA38F20902,2026-08-04,02:36:51,31.75,100.0,1.0,22.204,120.7
74DA38F20D16,2026-08-04,02:36:53,32.61,100.0,2.0,25.062,121.526
74DA38F7C532,2026-08-04,02:36:53,32.0,91.0,2.0,25.059,121.499
74DA38F7C430,2026-08-04,02:36:57,32.5,79.0,0.0,24.981,121.423
74DA38F7C39A,2026-08-04,02:37:12,32.0,100.0,0.0,25.002,121.414
74DA38F2113E,2026-08-04,02:37:16,-4.0,0.0,1.0,22.728,120.313
74DA38F209F8,2026-08-04,02:37:20,35.36,100.0,0.0,23.157,121.4
74DA38F2105C,2026-08-04,02:37:25,32.75,100.0,0.0,25.088,121.599
74DA38F20C06,2026-08-04,02:37:34,31.0,60.0,4.0,24.874,121.02
74DA38F7C3D6,2026-08-04,02:37:36,36.5,100.0,0.0,25.045,121.541
74DA38F20B80,2026-08-04,02:37:40,31.0,100.0,0.0,22.599,120.35
74DA38F20D1E,2026-08-04,02:37:40,32.75,100.0,3.0,25.048,121.573
74DA38ED06E0,2026-08-04,02:37:41,29.11,95.0,3.0,23.601,121.521
74DA38F209B2,2026-08-04,02:37:42,29.5,100.0,0.0,22.363,120.599
74DA38F7C63C,2026-08-04,02:37:44,60.62,100.0,1.0,24.998,121.425
74DA38F20D70,2026-08-04,02:37:52,30.11,87.0,0.0,23.05,121.164
74DA38F7C480,2026-08-04,02:37:56,32.5,100.0,0.0,25.061,121.432
74DA38F209EE,2026-08-04,02:38:05,31.25,100.0,0.0,23.026,121.33
74DA38F7C616,2026-08-04,02:38:05,34.25,100.0,0.0,25.031,121.563
74DA38F20F1C,2026-08-04,02:38:06,31.36,100.0,20.0,25.062,121.451
74DA38F20B26,2026-08-04,02:38:11,30.5,100.0,19.0,22.783,120.247
74DA38F7C514,2026-08-04,02:38:13,32.25,100.0,2.0,25.051,121.518
74DA38F21204,2026-08-04,02:38:22,30.61,100.0,0.0,25.062,121.451
74DA38F20DE0,2026-08-04,02:38:25,30.0,100.0,0.0,22.589,120.328
74DA38F7C47E,2026-08-04,02:38:45,33.75,100.0,2.0,25.053963,121.427681
74DA38F21048,2026-08-04,02:38:55,29.75,100.0,33.0,22.595,120.341
74DA38F7C560,2026-08-04,02:38:59,32.0,-65.0,0.0,25.079,121.671
74DA38F20C26,2026-08-04,02:39:02,31.75,85.0,26.0,22.676,120.342
74DA38F20D6C,2026-08-04,02:39:03,29.86,96.0,0.0,22.661,120.301
74DA38F208E2,2026-08-04,02:39:06,30.0,100.0,2.0,24.688,121.766
74DA38F7C260,2026-08-04,02:39:10,31.86,100.0,0.0,25.065,121.425
74DA38F21088,2026-08-04,02:39:13,32.36,100.0,0.0,25.068,121.588
74DA38F7C46C,2026-08-04,02:39:17,-4.0,0.0,0.0,25.288,121.544
74DA38F20A30,2026-08-04,02:39:19,32.25,78.0,1.0,24.948,121.372
74DA38F20D3A,2026-08-04,02:39:19,29.61,100.0,19.0,24.604,121.0
74DA38ED059C,2026-08-04,02:39:22,31.86,82.0,2.0,23.706,121.412
74DA38F7C600,2026-08-04,02:39:35,23.12,50.0,1.0,25.07,121.586
74DA38F20D2E,2026-08-04,02:39:37,32.36,100.0,0.0,25.06,121.545
74DA38F20EB2,2026-08-04,02:39:38,31.11,100.0,14.0,24.324,120.835
74DA38F20B5C,2026-08-04,02:39:57,30.61,100.0,29.0,22.798,120.293
74DA38F7C13A,2026-08-04,02:39:59,23.5,1.0,0.0,25.069,121.359
74DA38F207DE,2026-08-04,02:40:00,31.61,100.0,25.0,22.603,120.34
74DA38ED0630,2026-08-04,02:40:03,31.5,94.0,0.0,23.994,121.594
74DA38F20862,2026-08-04,02:40:04,30.5,100.0,4.0,23.101,121.176
74DA38F20A78,2026-08-04,02:40:05,31.61,100.0,0.0,22.904,121.124
74DA38F7C464,2026-08-04,02:40:06,28.75,31.0,0.0,25.006,121.413
74DA38ED0640,2026-08-04,02:40:21,32.11,100.0,2.0,23.154,121.266
74DA38F7C366,2026-08-04,02:40:21,34.36,100.0,0.0,25.002,121.516
74DA38F20D1A,2026-08-04,02:40:22,32.5,85.0,0.0,25.078,121.541
74DA38F7C59C,2026-08-04,02:40:24,31.61,76.0,3.0,25.103,121.487
74DA38F7C5BE,2026-08-04,02:40:26,31.5,84.0,3.0,25.092,121.523
74DA38F7C310,2026-08-04,02:40:31,33.86,100.0,0.0,25.09,121.464
74DA38F7C27E,2026-08-04,02:40:37,32.25,95.0,2.0,25.053,121.444
74DA38F20F0A,2026-08-04,02:40:40,31.86,100.0,7.0,22.995,120.635
74DA38F21054,2026-08-04,02:40:41,29.0,65.0,13.0,22.898,120.627
74DA38F7C42E,2026-08-04,02:40:44,33.86,100.0,0.0,24.969,121.514
74DA38ED05B6,2026-08-04,02:41:03,30.36,100.0,2.0,23.43,121.348
74DA38F210F6,2026-08-04,02:41:07,31.0,100.0,3.0,22.757426,121.158891
74DA38F20934,2026-08-04,02:41:11,29.75,78.0,3.0,23.002,121.29
74DA38F20B88,2026-08-04,02:41:14,30.11,100.0,3.0,22.75,120.316
74DA38F7C3BA,2026-08-04,02:41:14,-4.0,0.0,68.0,25.174,121.441
74DA38F7C41E,2026-08-04,02:41:17,31.86,79.0,0.0,25.054,121.517
74DA38F7C524,2026-08-04,02:41:23,32.11,100.0,0.0,25.002,121.552
74DA38F20B12,2026-08-04,02:41:26,27.25,75.0,10.0,22.91,120.716
74DA38F7C4CC,2026-08-04,02:41:26,33.61,100.0,1.0,25.062,121.451
74DA38F7C3DE,2026-08-04,02:41:28,33.0,99.0,248.0,24.972,121.537
74DA38F7C53C,2026-08-04,02:41:30,31.75,100.0,0.0,25.11,121.804
74DA38F7C30C,2026-08-04,02:41:31,32.25,83.0,0.0,24.975,121.532
74DA38F7C610,2026-08-04,02:41:35,31.0,92.0,2.0,25.063,121.564
74DA38F7C570,2026-08-04,02:41:43,30.0,100.0,0.0,25.239,121.63
74DA38F7C3DC,2026-08-04,02:41:44,33.25,100.0,2.0,25.003,121.539
74DA38F7C5E6,2026-08-04,02:41:46,31.75,100.0,4.0,25.107,121.843
74DA38F7C3B2,2026-08-04,02:41:47,32.11,66.0,0.0,24.929,121.378
74DA38F20C22,2026-08-04,02:41:54,32.11,100.0,2.0,22.729,120.357
74DA38F7C53A,2026-08-04,02:41:54,-4.0,0.0,0.0,25.067,121.641
74DA38F20FFE,2026-08-04,02:41:56,30.11,100.0,22.0,22.894,120.298
74DA38F21170,2026-08-04,02:41:57,31.61,73.0,0.0,22.779,121.088
74DA38ED05EA,2026-08-04,02:42:07,29.11,100.0,1.0,23.394,121.357
74DA38F7C47C,2026-08-04,02:42:07,34.0,89.0,104.0,25.055,121.455
74DA38F7C4DE,2026-08-04,02:42:15,32.36,100.0,0.0,25.09,121.462
74DA38F210A2,2026-08-04,02:42:20,32.36,100.0,0.0,25.12,121.466
74DA38F7C5A0,2026-08-04,02:42:24,32.5,93.0,0.0,25.107,121.518
74DA38F20E6E,2026-08-04,02:42:28,27.75,97.0,0.0,24.41,120.902
74DA38ED0454,2026-08-04,02:42:34,31.86,94.0,1.0,24.053,121.599
74DA38F7C5CE,2026-08-04,02:42:35,31.0,81.0,0.0,25.066,121.656
74DA38F20B82,2026-08-04,02:42:47,-4.0,0.0,0.0,22.847,120.465
74DA38ED04F2,2026-08-04,02:42:51,29.75,100.0,1.0,23.468,121.496
74DA38F20BF6,2026-08-04,02:42:53,28.75,100.0,16.0,22.582,120.368
74DA38F20E9E,2026-08-04,02:42:54,27.25,100.0,11.0,24.648,121.151
74DA38F7C506,2026-08-04,02:42:55,33.0,100.0,0.0,24.996,121.544
74DA38F7C566,2026-08-04,02:42:56,32.5,100.0,0.0,25.051,121.448
74DA38F7C532,2026-08-04,02:42:57,32.11,92.0,2.0,25.059,121.499
74DA38F7C5AA,2026-08-04,02:42:57,32.36,100.0,0.0,25.0,121.479
74DA38F209DE,2026-08-04,02:43:00,32.75,100.0,0.0,24.861,120.964
74DA38F20D16,2026-08-04,02:43:03,32.75,100.0,2.0,25.062,121.526
74DA38F21024,2026-08-04,02:43:13,31.61,100.0,0.0,24.93,121.036
74DA38F21136,2026-08-04,02:43:22,32.5,94.0,0.0,25.119,121.505
74DA38F7C430,2026-08-04,02:43:26,32.5,78.0,1.0,24.981,121.423
74DA38F20C06,2026-08-04,02:43:39,30.61,58.0,4.0,24.874,121.02
74DA38F7C39A,2026-08-04,02:43:39,32.0,100.0,0.0,25.002,121.414
74DA38F7C592,2026-08-04,02:43:40,-4.0,0.0,0.0,25.224,121.637
74DA38F209A8,2026-08-04,02:43:41,-4.0,0.0,0.0,22.401,120.577
74DA38F209F8,2026-08-04,02:43:47,35.5,100.0,0.0,23.157,121.4
74DA38F20D1E,2026-08-04,02:43:47,32.86,100.0,3.0,25.048,121.573
74DA38ED06E0,2026-08-04,02:43:48,29.11,96.0,3.0,23.601,121.521
74DA38F2105C,2026-08-04,02:43:52,32.86,100.0,0.0,25.088,121.599
74DA38F20D70,2026-08-04,02:44:01,30.36,86.0,0.0,23.05,121.164
74DA38F7C3D6,2026-08-04,02:44:02,36.75,100.0,0.0,25.045,121.541
74DA38F20B80,2026-08-04,02:44:07,31.11,100.0,0.0,22.599,120.35
74DA38F209B2,2026-08-04,02:44:10,29.5,100.0,0.0,22.363,120.599
74DA38F209EE,2026-08-04,02:44:11,31.25,100.0,0.0,23.026,121.33
74DA38F20F1C,2026-08-04,02:44:12,31.5,100.0,20.0,25.062,121.451
74DA38F7C616,2026-08-04,02:44:15,34.11,100.0,0.0,25.031,121.563
74DA38F20B26,2026-08-04,02:44:19,30.5,100.0,17.0,22.783,120.247
74DA38F7C514,2026-08-04,02:44:19,32.36,100.0,2.0,25.051,121.518
74DA38F7C480,2026-08-04,02:44:24,32.61,100.0,0.0,25.061,121.432
74DA38F21204,2026-08-04,02:44:29,30.75,100.0,1.0,25.062,121.451
74DA38F2113E,2026-08-04,02:44:32,-4.0,0.0,0.0,22.728,120.313
74DA38F7C338,2026-08-04,02:44:43,30.5,100.0,1.0,25.011,121.458
74DA38F7C47E,2026-08-04,02:44:50,33.61,100.0,2.0,25.053963,121.427681
74DA38F20DE0,2026-08-04,02:44:52,30.0,100.0,0.0,22.589,120.328
74DA38F208E2,2026-08-04,02:45:11,30.0,100.0,2.0,24.688,121.766
74DA38F20C26,2026-08-04,02:45:11,31.75,84.0,26.0,22.676,120.342
74DA38F20D3A,2026-08-04,02:45:24,29.5,100.0,19.0,24.604,121.0
74DA38F21048,2026-08-04,02:45:24,29.75,100.0,31.0,22.595,120.341
74DA38F7C560,2026-08-04,02:45:26,32.11,-66.0,0.0,25.079,121.671
74DA38ED059C,2026-08-04,02:45:29,32.0,78.0,1.0,23.706,121.412
74DA38F20D6C,2026-08-04,02:45:30,29.86,96.0,0.0,22.661,120.301
74DA38F7C260,2026-08-04,02:45:39,32.0,100.0,0.0,25.065,121.425
74DA38F21088,2026-08-04,02:45:41,32.61,100.0,0.0,25.068,121.588
74DA38F7C600,2026-08-04,02:45:41,23.25,50.0,1.0,25.07,121.586
74DA38F20EB2,2026-08-04,02:45:45,31.0,100.0,14.0,24.324,120.835
74DA38F20A30,2026-08-04,02:45:49,32.5,77.0,0.0,24.948,121.372
74DA38F20D2E,2026-08-04,02:46:04,32.36,100.0,0.0,25.06,121.545
74DA38F207DE,2026-08-04,02:46:09,31.61,100.0,24.0,22.603,120.34
74DA38F20862,2026-08-04,02:46:10,30.11,100.0,3.0,23.101,121.176
74DA38F20A78,2026-08-04,02:46:11,31.86,100.0,0.0,22.904,121.124
74DA38F20B5C,2026-08-04,02:46:19,30.61,100.0,30.0,22.798,120.293
74DA38ED0640,2026-08-04,02:46:26,32.0,100.0,2.0,23.154,121.266
74DA38F7C13A,2026-08-04,02:46:26,23.75,2.0,0.0,25.069,121.359
74DA38F7C366,2026-08-04,02:46:27,33.86,100.0,0.0,25.002,121.516
74DA38ED0630,2026-08-04,02:46:31,31.5,95.0,0.0,23.994,121.594
74DA38F7C5BE,2026-08-04,02:46:33,31.36,83.0,2.0,25.092,121.523
74DA38F7C310,2026-08-04,02:46:35,34.0,100.0,1.0,25.09,121.464
74DA38F7C464,2026-08-04,02:46:36,28.75,31.0,0.0,25.006,121.413
74DA38F7C27E,2026-08-04,02:46:41,32.25,95.0,2.0,25.053,121.444
74DA38F20F0A,2026-08-04,02:46:45,31.61,100.0,6.0,22.995,120.635
74DA38F21054,2026-08-04,02:46:46,29.0,65.0,13.0,22.898,120.627
74DA38F20D1A,2026-08-04,02:46:50,32.75,85.0,0.0,25.078,121.541
74DA38F7C59C,2026-08-04,02:46:50,31.61,76.0,4.0,25.103,121.487
74DA38ED05B6,2026-08-04,02:47:07,30.5,100.0,3.0,23.43,121.348
74DA38F210F6,2026-08-04,02:47:12,31.0,100.0,2.0,22.757426,121.158891
74DA38F7C63C,2026-08-04,02:47:18,60.62,100.0,1.0,24.998,121.425
74DA38F20934,2026-08-04,02:47:20,29.61,78.0,3.0,23.002,121.29
74DA38F7C42E,2026-08-04,02:47:21,34.25,100.0,0.0,24.969,121.514
74DA38F7C3DE,2026-08-04,02:47:24,33.11,99.0,253.0,24.972,121.537
74DA38F20B12,2026-08-04,02:47:32,27.25,76.0,10.0,22.91,120.716
74DA38F7C4CC,2026-08-04,02:47:36,33.75,100.0,1.0,25.062,121.451
74DA38F7C30C,2026-08-04,02:47:39,32.25,84.0,0.0,24.975,121.532
74DA38F7C610,2026-08-04,02:47:40,31.0,91.0,2.0,25.063,121.564
74DA38F20B88,2026-08-04,02:47:42,30.11,100.0,3.0,22.75,120.316
74DA38F7C524,2026-08-04,02:47:49,32.25,100.0,0.0,25.002,121.552
74DA38F7C3DC,2026-08-04,02:47:51,33.11,100.0,1.0,25.003,121.539
74DA38F7C3B2,2026-08-04,02:47:52,32.11,66.0,0.0,24.929,121.378
74DA38F7C5E6,2026-08-04,02:47:54,31.75,100.0,4.0,25.107,121.843
74DA38F7C53C,2026-08-04,02:47:57,31.61,100.0,0.0,25.11,121.804
74DA38F7C47C,2026-08-04,02:47:59,34.0,89.0,105.0,25.055,121.455
74DA38F7C41E,2026-08-04,02:48:03,32.0,79.0,0.0,25.054,121.517
74DA38F20FFE,2026-08-04,02:48:04,30.25,100.0,20.0,22.894,120.298
74DA38F21170,2026-08-04,02:48:05,31.61,73.0,1.0,22.779,121.088
74DA38F7C570,2026-08-04,02:48:11,30.0,100.0,1.0,25.239,121.63
74DA38ED05EA,2026-08-04,02:48:12,29.25,100.0,2.0,23.394,121.357
74DA38F7C4DE,2026-08-04,02:48:21,32.5,100.0,0.0,25.09,121.462
74DA38F20C22,2026-08-04,02:48:22,32.0,100.0,18.0,22.729,120.357
74DA38F210A2,2026-08-04,02:48:25,32.5,100.0,0.0,25.12,121.466
74DA38F20E6E,2026-08-04,02:48:31,27.75,96.0,0.0,24.41,120.902
74DA38ED0454,2026-08-04,02:48:40,31.86,93.0,2.0,24.053,121.599
74DA38F7C5A0,2026-08-04,02:48:52,32.36,92.0,0.0,25.107,121.518
74DA38ED04F2,2026-08-04,02:48:56,29.75,100.0,1.0,23.468,121.496
74DA38F7C46C,2026-08-04,02:48:56,-4.0,0.0,0.0,25.288,121.544
74DA38F20BF6,2026-08-04,02:48:57,28.61,100.0,16.0,22.582,120.368
74DA38F20E9E,2026-08-04,02:48:59,27.25,100.0,17.0,24.648,121.151
74DA38F7C532,2026-08-04,02:49:01,32.0,91.0,2.0,25.059,121.499
74DA38F7C5CE,2026-08-04,02:49:02,31.0,80.0,0.0,25.066,121.656
74DA38F20D16,2026-08-04,02:49:11,32.75,100.0,2.0,25.062,121.526
74DA38F20902,2026-08-04,02:49:14,32.0,100.0,0.0,22.204,120.7
74DA38F7C566,2026-08-04,02:49:25,32.61,100.0,0.0,25.051,121.448
74DA38F209DE,2026-08-04,02:49:27,33.0,100.0,0.0,24.861,120.964
74DA38F7C506,2026-08-04,02:49:27,33.25,100.0,0.0,24.996,121.544
74DA38F21024,2026-08-04,02:49:38,31.75,100.0,0.0,24.93,121.036
74DA38F21136,2026-08-04,02:49:39,32.5,94.0,0.0,25.119,121.505
74DA38F20C06,2026-08-04,02:49:44,30.36,57.0,4.0,24.874,121.02
74DA38F7C5AA,2026-08-04,02:49:52,32.36,100.0,0.0,25.0,121.479
74DA38ED06E0,2026-08-04,02:49:53,29.11,97.0,3.0,23.601,121.521
74DA38F7C3BA,2026-08-04,02:49:53,-4.0,0.0,66.0,25.174,121.441
74DA38F7C430,2026-08-04,02:49:53,32.75,78.0,0.0,24.981,121.423
74DA38F20D1E,2026-08-04,02:49:54,32.86,100.0,3.0,25.048,121.573
74DA38F7C39A,2026-08-04,02:50:07,32.0,100.0,0.0,25.002,121.414
74DA38F209F8,2026-08-04,02:50:14,35.5,100.0,0.0,23.157,121.4
74DA38F209EE,2026-08-04,02:50:17,31.11,100.0,0.0,23.026,121.33
74DA38F20F1C,2026-08-04,02:50:18,31.61,100.0,23.0,25.062,121.451
74DA38F2105C,2026-08-04,02:50:19,33.0,100.0,0.0,25.088,121.599
74DA38F20D70,2026-08-04,02:50:22,30.61,85.0,0.0,23.05,121.164
74DA38F7C616,2026-08-04,02:50:23,34.5,100.0,0.0,25.031,121.563
74DA38F20B26,2026-08-04,02:50:25,30.5,100.0,17.0,22.783,120.247
74DA38F7C514,2026-08-04,02:50:26,32.5,100.0,2.0,25.051,121.518
74DA38F7C3D6,2026-08-04,02:50:28,36.75,100.0,0.0,25.045,121.541
74DA38F20B80,2026-08-04,02:50:33,31.11,100.0,0.0,22.599,120.35
74DA38F21204,2026-08-04,02:50:34,30.75,100.0,0.0,25.062,121.451
74DA38F209B2,2026-08-04,02:50:35,29.5,100.0,0.0,22.363,120.599
74DA38F7C480,2026-08-04,02:50:52,32.75,100.0,0.0,25.061,121.432
74DA38F7C47E,2026-08-04,02:50:55,33.0,100.0,3.0,25.053963,121.427681
74DA38F7C338,2026-08-04,02:51:13,30.5,100.0,1.0,25.011,121.458
74DA38F208E2,2026-08-04,02:51:16,30.0,100.0,1.0,24.688,121.766
74DA38F20C26,2026-08-04,02:51:20,31.75,85.0,24.0,22.676,120.342
74DA38F20DE0,2026-08-04,02:51:20,29.86,100.0,4.0,22.589,120.328
74DA38ED059C,2026-08-04,02:51:35,32.11,77.0,1.0,23.706,121.412
74DA38F2113E,2026-08-04,02:51:48,-4.0,0.0,0.0,22.728,120.313
74DA38F7C600,2026-08-04,02:51:48,23.25,50.0,1.0,25.07,121.586
74DA38F20EB2,2026-08-04,02:51:51,31.61,100.0,13.0,24.324,120.835
74DA38F21048,2026-08-04,02:51:54,29.75,100.0,32.0,22.595,120.341
74DA38F7C560,2026-08-04,02:51:54,32.11,-66.0,0.0,25.079,121.671
74DA38F21088,2026-08-04,02:52:09,32.61,100.0,0.0,25.068,121.588
74DA38F20862,2026-08-04,02:52:16,30.25,100.0,2.0,23.101,121.176
74DA38F7C260,2026-08-04,02:52:17,32.0,100.0,0.0,25.065,121.425
74DA38F207DE,2026-08-04,02:52:18,31.86,100.0,24.0,22.603,120.34
74DA38F20A30,2026-08-04,02:52:18,32.61,77.0,1.0,24.948,121.372
74DA38F20A78,2026-08-04,02:52:18,31.86,100.0,0.0,22.904,121.124
74DA38F20B82,2026-08-04,02:52:22,-4.0,0.0,0.0,22.847,120.465
74DA38F20B5C,2026-08-04,02:52:27,30.75,100.0,29.0,22.798,120.293
74DA38ED0640,2026-08-04,02:52:32,32.25,100.0,2.0,23.154,121.266
74DA38F20D2E,2026-08-04,02:52:32,32.5,100.0,0.0,25.06,121.545
74DA38F7C366,2026-08-04,02:52:32,34.25,100.0,0.0,25.002,121.516
74DA38F7C5BE,2026-08-04,02:52:39,31.5,83.0,2.0,25.092,121.523
74DA38F7C310,2026-08-04,02:52:40,34.0,100.0,0.0,25.09,121.464
74DA38F7C27E,2026-08-04,02:52:47,32.25,95.0,1.0,25.053,121.444
74DA38F20F0A,2026-08-04,02:52:51,31.36,100.0,6.0,22.995,120.635
74DA38F21054,2026-08-04,02:52:51,29.0,64.0,13.0,22.898,120.627
74DA38F7C13A,2026-08-04,02:52:53,23.75,2.0,0.0,25.069,121.359
74DA38ED0630,2026-08-04,02:52:58,31.61,94.0,0.0,23.994,121.594
74DA38F7C464,2026-08-04,02:53:06,28.86,31.0,0.0,25.006,121.413
74DA38ED05B6,2026-08-04,02:53:12,30.61,100.0,3.0,23.43,121.348
74DA38F210F6,2026-08-04,02:53:17,31.0,100.0,2.0,22.757426,121.158891
74DA38F20D1A,2026-08-04,02:53:18,32.61,85.0,0.0,25.078,121.541
74DA38F7C592,2026-08-04,02:53:18,-4.0,0.0,0.0,25.224,121.637
74DA38F7C59C,2026-08-04,02:53:19,31.61,75.0,3.0,25.103,121.487
74DA38F209A8,2026-08-04,02:53:20,-4.0,0.0,0.0,22.401,120.577
74DA38F7C3DE,2026-08-04,02:53:20,33.25,99.0,241.0,24.972,121.537
74DA38F20934,2026-08-04,02:53:28,29.75,77.0,2.0,23.002,121.29
74DA38F20B12,2026-08-04,02:53:39,27.25,77.0,11.0,22.91,120.716
74DA38F7C610,2026-08-04,02:53:45,31.11,91.0,2.0,25.063,121.564
74DA38F7C30C,2026-08-04,02:53:47,32.36,84.0,0.0,24.975,121.532
74DA38F7C4CC,2026-08-04,02:53:50,33.36,100.0,1.0,25.062,121.451
74DA38F7C42E,2026-08-04,02:53:52,34.36,100.0,0.0,24.969,121.514
74DA38F7C47C,2026-08-04,02:53:53,34.11,88.0,92.0,25.055,121.455
74DA38F7C3B2,2026-08-04,02:53:57,32.25,66.0,0.0,24.929,121.378
74DA38F7C3DC,2026-08-04,02:53:57,33.25,100.0,1.0,25.003,121.539
74DA38F7C5E6,2026-08-04,02:54:01,31.75,100.0,4.0,25.107,121.843
74DA38F20B88,2026-08-04,02:54:10,30.5,100.0,0.0,22.75,120.316
74DA38F21170,2026-08-04,02:54:10,31.75,73.0,1.0,22.779,121.088
74DA38F20FFE,2026-08-04,02:54:14,30.36,100.0,21.0,22.894,120.298
74DA38ED05EA,2026-08-04,02:54:17,29.25,100.0,2.0,23.394,121.357
74DA38F7C524,2026-08-04,02:54:20,32.36,100.0,0.0,25.002,121.552
74DA38F7C53C,2026-08-04,02:54:23,31.75,100.0,0.0,25.11,121.804
74DA38F7C4DE,2026-08-04,02:54:29,32.5,100.0,0.0,25.09,121.462
74DA38F210A2,2026-08-04,02:54:30,32.75,100.0,0.0,25.12,121.466
74DA38F7C41E,2026-08-04,02:54:30,31.86,78.0,0.0,25.054,121.517
74DA38F20E6E,2026-08-04,02:54:32,27.87,96.0,0.0,24.41,120.902
74DA38F7C570,2026-08-04,02:54:38,30.11,100.0,1.0,25.239,121.63
74DA38ED0454,2026-08-04,02:54:46,32.0,93.0,2.0,24.053,121.599
74DA38F20C22,2026-08-04,02:54:49,32.0,100.0,5.0,22.729,120.357
74DA38F20BF6,2026-08-04,02:55:02,28.61,100.0,16.0,22.582,120.368
74DA38F20E9E,2026-08-04,02:55:04,27.37,100.0,10.0,24.648,121.151
74DA38F7C532,2026-08-04,02:55:06,32.0,93.0,2.0,25.059,121.499
74DA38F20D16,2026-08-04,02:55:15,32.61,100.0,2.0,25.062,121.526
74DA38F7C5A0,2026-08-04,02:55:18,32.36,92.0,0.0,25.107,121.518
74DA38F20902,2026-08-04,02:55:20,32.0,100.0,0.0,22.204,120.7
74DA38F7C5CE,2026-08-04,02:55:29,31.11,80.0,0.0,25.066,121.656
74DA38F20C06,2026-08-04,02:55:50,30.0,57.0,3.0,24.874,121.02
74DA38F7C566,2026-08-04,02:55:53,32.36,100.0,0.0,25.051,121.448
74DA38F209DE,2026-08-04,02:55:54,33.25,100.0,0.0,24.861,120.964
74DA38ED06E0,2026-08-04,02:55:59,29.11,98.0,4.0,23.601,121.521
74DA38F20D1E,2026-08-04,02:55:59,33.0,100.0,3.0,25.048,121.573
74DA38F21024,2026-08-04,02:56:06,31.86,100.0,3.0,24.93,121.036
74DA38F21136,2026-08-04,02:56:08,32.61,94.0,0.0,25.119,121.505
74DA38F7C430,2026-08-04,02:56:20,32.86,77.0,0.0,24.981,121.423
74DA38F209EE,2026-08-04,02:56:22,31.25,100.0,0.0,23.026,121.33
74DA38F20F1C,2026-08-04,02:56:27,31.75,100.0,22.0,25.062,121.451
74DA38F20B26,2026-08-04,02:56:33,30.36,100.0,18.0,22.783,120.247
74DA38F7C39A,2026-08-04,02:56:34,31.86,100.0,0.0,25.002,121.414
74DA38F7C514,2026-08-04,02:56:34,32.5,100.0,3.0,25.051,121.518
74DA38F20D70,2026-08-04,02:56:40,30.86,85.0,0.0,23.05,121.164
74DA38F21204,2026-08-04,02:56:40,30.75,100.0,0.0,25.062,121.451
74DA38F209F8,2026-08-04,02:56:41,35.25,100.0,0.0,23.157,121.4
74DA38F7C616,2026-08-04,02:56:41,34.75,100.0,0.0,25.031,121.563
74DA38F2105C,2026-08-04,02:56:46,33.0,100.0,0.0,25.088,121.599
74DA38F7C63C,2026-08-04,02:56:50,60.62,100.0,1.0,24.998,121.425
74DA38F7C3D6,2026-08-04,02:56:55,36.5,100.0,0.0,25.045,121.541
74DA38F20B80,2026-08-04,02:57:00,31.36,100.0,0.0,22.599,120.35
74DA38F7C47E,2026-08-04,02:57:00,33.11,100.0,2.0,25.053963,121.427681
74DA38F209B2,2026-08-04,02:57:02,29.61,100.0,0.0,22.363,120.599
74DA38F7C480,2026-08-04,02:57:18,32.61,100.0,0.0,25.061,121.432
74DA38F208E2,2026-08-04,02:57:21,30.0,100.0,1.0,24.688,121.766
74DA38F20C26,2026-08-04,02:57:30,31.5,86.0,24.0,22.676,120.342
74DA38F7C338,2026-08-04,02:57:32,30.61,100.0,2.0,25.011,121.458
74DA38ED059C,2026-08-04,02:57:41,32.36,76.0,1.0,23.706,121.412
74DA38F20DE0,2026-08-04,02:57:49,29.75,100.0,4.0,22.589,120.328
74DA38F7C600,2026-08-04,02:57:53,23.25,50.0,1.0,25.07,121.586
74DA38F20EB2,2026-08-04,02:57:56,31.75,100.0,15.0,24.324,120.835
74DA38F2104E,2026-08-04,02:58:17,29.61,100.0,15.0,23.108,120.7
74DA38F20862,2026-08-04,02:58:22,30.36,100.0,3.0,23.101,121.176
74DA38F7C560,2026-08-04,02:58:22,32.36,-65.0,0.0,25.079,121.671
74DA38F207DE,2026-08-04,02:58:24,32.11,100.0,24.0,22.603,120.34
74DA38F20A78,2026-08-04,02:58:24,31.86,100.0,0.0,22.904,121.124
74DA38F21048,2026-08-04,02:58:24,29.86,100.0,34.0,22.595,120.341
74DA38F7C3BA,2026-08-04,02:58:32,-4.0,0.0,68.0,25.174,121.441
74DA38F7C46C,2026-08-04,02:58:35,-4.0,0.0,0.0,25.288,121.544
74DA38F21088,2026-08-04,02:58:37,32.61,100.0,0.0,25.068,121.588
74DA38F7C366,2026-08-04,02:58:37,34.61,100.0,0.0,25.002,121.516
74DA38ED0640,2026-08-04,02:58:38,32.5,100.0,3.0,23.154,121.266
74DA38F20B5C,2026-08-04,02:58:41,30.86,100.0,29.0,22.798,120.293
74DA38F7C260,2026-08-04,02:58:42,32.11,100.0,0.0,25.065,121.425
74DA38F7C310,2026-08-04,02:58:44,34.11,100.0,1.0,25.09,121.464
74DA38F7C5BE,2026-08-04,02:58:44,31.61,83.0,2.0,25.092,121.523
74DA38F20A30,2026-08-04,02:58:48,32.75,76.0,1.0,24.948,121.372
74DA38F7C27E,2026-08-04,02:58:51,32.25,95.0,2.0,25.053,121.444
74DA38F20D6C,2026-08-04,02:58:54,29.86,96.0,0.0,22.661,120.301
74DA38F20F0A,2026-08-04,02:58:57,31.25,100.0,7.0,22.995,120.635
74DA38F21054,2026-08-04,02:58:57,28.86,64.0,14.0,22.898,120.627
74DA38F20D2E,2026-08-04,02:59:00,32.61,100.0,0.0,25.06,121.545
74DA38F2113E,2026-08-04,02:59:05,-4.0,0.0,0.0,22.728,120.313
74DA38ED05B6,2026-08-04,02:59:16,30.75,100.0,3.0,23.43,121.348
74DA38F7C3DE,2026-08-04,02:59:16,33.25,98.0,237.0,24.972,121.537
74DA38F7C13A,2026-08-04,02:59:20,23.87,3.0,0.0,25.069,121.359
74DA38F210F6,2026-08-04,02:59:22,31.11,100.0,3.0,22.757426,121.158891
74DA38ED0630,2026-08-04,02:59:26,31.61,94.0,0.0,23.994,121.594
74DA38F7C464,2026-08-04,02:59:41,28.86,31.0,0.0,25.006,121.413
74DA38F20934,2026-08-04,02:59:45,29.75,77.0,3.0,23.002,121.29
74DA38F7C47C,2026-08-04,02:59:45,34.25,88.0,90.0,25.055,121.455
74DA38F20B12,2026-08-04,02:59:46,27.37,77.0,12.0,22.91,120.716
74DA38F20D1A,2026-08-04,02:59:47,32.5,84.0,0.0,25.078,121.541
74DA38F7C59C,2026-08-04,02:59:48,31.75,74.0,2.0,25.103,121.487
74DA38F7C610,2026-08-04,02:59:50,31.11,91.0,2.0,25.063,121.564
74DA38F7C30C,2026-08-04,02:59:57,32.5,84.0,0.0,24.975,121.532
74DA38F7C4CC,2026-08-04,02:59:57,33.36,100.0,1.0,25.062,121.451
74DA38F7C3DC,2026-08-04,03:00:02,33.25,100.0,1.0,25.003,121.539
74DA38F7C3B2,2026-08-04,03:00:03,32.11,65.0,0.0,24.929,121.378
74DA38F7C5E6,2026-08-04,03:00:08,31.86,100.0,4.0,25.107,121.843
74DA38F21170,2026-08-04,03:00:15,31.86,73.0,1.0,22.779,121.088
74DA38F7C42E,2026-08-04,03:00:20,34.25,100.0,0.0,24.969,121.514
74DA38ED05EA,2026-08-04,03:00:22,29.36,100.0,2.0,23.394,121.357
74DA38F7C37C,2026-08-04,03:00:23,31.36,100.0,21.0,25.111,121.856
74DA38ED04F2,2026-08-04,03:00:24,30.11,100.0,2.0,23.468,121.496
74DA38F20FFE,2026-08-04,03:00:26,30.5,100.0,21.0,22.894,120.298
74DA38F20E6E,2026-08-04,03:00:35,28.0,95.0,0.0,24.41,120.902
74DA38F20B88,2026-08-04,03:00:36,30.25,100.0,3.0,22.75,120.316
74DA38F210A2,2026-08-04,03:00:36,32.86,100.0,0.0,25.12,121.466
74DA38F7C53C,2026-08-04,03:00:49,32.25,100.0,0.0,25.11,121.804
74DA38F7C524,2026-08-04,03:00:54,32.36,100.0,0.0,25.002,121.552
74DA38ED0454,2026-08-04,03:00:56,32.0,92.0,2.0,24.053,121.599
74DA38F7C41E,2026-08-04,03:00:58,31.86,79.0,0.0,25.054,121.517
74DA38F7C570,2026-08-04,03:01:07,30.11,100.0,1.0,25.239,121.63
74DA38F20BF6,2026-08-04,03:01:08,28.61,100.0,17.0,22.582,120.368
74DA38F20E9E,2026-08-04,03:01:09,27.5,100.0,9.0,24.648,121.151
74DA38F7C532,2026-08-04,03:01:11,32.11,89.0,2.0,25.059,121.499
74DA38F20C22,2026-08-04,03:01:16,32.0,100.0,5.0,22.729,120.357
74DA38F20D16,2026-08-04,03:01:20,32.75,100.0,2.0,25.062,121.526
74DA38F7C5A0,2026-08-04,03:01:46,32.61,91.0,0.0,25.107,121.518
74DA38F20B82,2026-08-04,03:01:55,-4.0,0.0,1.0,22.847,120.465
74DA38F20C06,2026-08-04,03:01:55,30.0,56.0,4.0,24.874,121.02
74DA38F7C5CE,2026-08-04,03:01:56,31.25,80.0,0.0,25.066,121.656
74DA38ED06E0,2026-08-04,03:02:06,29.25,98.0,4.0,23.601,121.521
74DA38F20D1E,2026-08-04,03:02:09,32.86,100.0,3.0,25.048,121.573
74DA38F209DE,2026-08-04,03:02:21,33.25,100.0,0.0,24.861,120.964
74DA38F7C566,2026-08-04,03:02:23,32.61,100.0,0.0,25.051,121.448
74DA38F21136,2026-08-04,03:02:24,32.75,93.0,0.0,25.119,121.505
74DA38F209EE,2026-08-04,03:02:27,31.36,100.0,0.0,23.026,121.33
74DA38F20F1C,2026-08-04,03:02:33,31.86,100.0,22.0,25.062,121.451
74DA38F21024,2026-08-04,03:02:34,31.86,100.0,29.0,24.93,121.036
74DA38F7C514,2026-08-04,03:02:40,32.61,100.0,3.0,25.051,121.518
74DA38F20B26,2026-08-04,03:02:43,30.61,100.0,16.0,22.783,120.247
74DA38F21204,2026-08-04,03:02:48,30.86,100.0,0.0,25.062,121.451
74DA38F7C430,2026-08-04,03:02:48,32.75,77.0,0.0,24.981,121.423
74DA38F7C592,2026-08-04,03:02:57,-4.0,0.0,0.0,25.224,121.637
74DA38F209A8,2026-08-04,03:02:58,-4.0,0.0,0.0,22.401,120.577
74DA38F20D70,2026-08-04,03:02:59,31.0,84.0,0.0,23.05,121.164
74DA38F7C616,2026-08-04,03:03:00,34.61,100.0,0.0,25.031,121.563
74DA38F7C39A,2026-08-04,03:03:02,31.86,100.0,0.0,25.002,121.414
74DA38F7C47E,2026-08-04,03:03:05,33.0,100.0,2.0,25.053963,121.427681
74DA38F209F8,2026-08-04,03:03:08,35.11,100.0,0.0,23.157,121.4
74DA38F2105C,2026-08-04,03:03:12,33.25,100.0,0.0,25.088,121.599
74DA38F7C3D6,2026-08-04,03:03:21,36.11,100.0,0.0,25.045,121.541
74DA38F208E2,2026-08-04,03:03:26,30.25,100.0,2.0,24.688,121.766
74DA38F20B80,2026-08-04,03:03:28,31.5,100.0,1.0,22.599,120.35
74DA38F7C506,2026-08-04,03:03:29,33.5,100.0,0.0,24.996,121.544
74DA38F209B2,2026-08-04,03:03:30,29.61,100.0,0.0,22.363,120.599
74DA38F7C5AA,2026-08-04,03:03:34,32.61,100.0,0.0,25.0,121.479
74DA38F7C480,2026-08-04,03:03:46,32.86,100.0,0.0,25.061,121.432
74DA38ED059C,2026-08-04,03:03:47,32.5,75.0,1.0,23.706,121.412
74DA38F7C338,2026-08-04,03:03:49,30.5,100.0,2.0,25.011,121.458
74DA38F20C26,2026-08-04,03:03:54,31.5,86.0,22.0,22.676,120.342
74DA38F7C600,2026-08-04,03:03:59,23.25,50.0,1.0,25.07,121.586
74DA38F20EB2,2026-08-04,03:04:04,31.86,100.0,15.0,24.324,120.835
74DA38F20DE0,2026-08-04,03:04:16,29.61,100.0,3.0,22.589,120.328
74DA38F2104E,2026-08-04,03:04:23,29.75,100.0,16.0,23.108,120.7
74DA38F20862,2026-08-04,03:04:28,30.5,100.0,3.0,23.101,121.176
74DA38F207DE,2026-08-04,03:04:30,32.36,100.0,24.0,22.603,120.34
74DA38F20A78,2026-08-04,03:04:30,32.0,100.0,0.0,22.904,121.124
74DA38F7C366,2026-08-04,03:04:43,34.61,100.0,0.0,25.002,121.516
74DA38ED0640,2026-08-04,03:04:44,32.36,100.0,2.0,23.154,121.266
74DA38F7C310,2026-08-04,03:04:49,33.86,100.0,1.0,25.09,121.464
74DA38F7C560,2026-08-04,03:04:49,32.5,-66.0,0.0,25.079,121.671
74DA38F7C5BE,2026-08-04,03:04:49,31.61,83.0,2.0,25.092,121.523
74DA38F20B5C,2026-08-04,03:04:50,31.0,100.0,27.0,22.798,120.293
74DA38F21048,2026-08-04,03:04:53,29.86,100.0,32.0,22.595,120.341
74DA38F7C27E,2026-08-04,03:04:57,32.25,94.0,2.0,25.053,121.444
74DA38F20F0A,2026-08-04,03:05:03,32.0,100.0,6.0,22.995,120.635
74DA38F21054,2026-08-04,03:05:03,28.75,62.0,13.0,22.898,120.627
74DA38F21088,2026-08-04,03:05:05,32.75,100.0,0.0,25.068,121.588
74DA38F7C260,2026-08-04,03:05:09,32.25,100.0,0.0,25.065,121.425
74DA38F7C3DE,2026-08-04,03:05:11,33.36,98.0,243.0,24.972,121.537
74DA38F20A30,2026-08-04,03:05:19,32.75,75.0,0.0,24.948,121.372
74DA38ED05B6,2026-08-04,03:05:21,30.86,100.0,2.0,23.43,121.348
74DA38F210F6,2026-08-04,03:05:26,31.25,100.0,3.0,22.757426,121.158891
74DA38F20D2E,2026-08-04,03:05:27,32.75,100.0,0.0,25.06,121.545
74DA38F20D6C,2026-08-04,03:05:33,29.86,96.0,0.0,22.661,120.301
74DA38F7C47C,2026-08-04,03:05:38,34.36,88.0,99.0,25.055,121.455
74DA38F7C13A,2026-08-04,03:05:47,23.87,3.0,0.0,25.069,121.359
74DA38F20B12,2026-08-04,03:05:53,27.5,75.0,11.0,22.91,120.716
74DA38ED0630,2026-08-04,03:05:55,31.61,94.0,0.0,23.994,121.594
74DA38F7C610,2026-08-04,03:05:55,31.11,91.0,2.0,25.063,121.564
74DA38F20934,2026-08-04,03:05:56,29.75,77.0,2.0,23.002,121.29
74DA38F7C4CC,2026-08-04,03:06:02,33.61,100.0,1.0,25.062,121.451
74DA38F7C3DC,2026-08-04,03:06:07,33.36,100.0,1.0,25.003,121.539
74DA38F7C3B2,2026-08-04,03:06:08,32.11,65.0,0.0,24.929,121.378
74DA38F7C30C,2026-08-04,03:06:10,32.61,83.0,0.0,24.975,121.532
74DA38F20D1A,2026-08-04,03:06:14,32.61,84.0,0.0,25.078,121.541
74DA38F7C464,2026-08-04,03:06:14,29.11,31.0,0.0,25.006,121.413
74DA38F7C59C,2026-08-04,03:06:14,31.75,74.0,2.0,25.103,121.487
74DA38F7C5E6,2026-08-04,03:06:15,31.86,100.0,2.0,25.107,121.843
74DA38F2113E,2026-08-04,03:06:20,-4.0,0.0,0.0,22.728,120.313
74DA38F21170,2026-08-04,03:06:21,31.86,73.0,2.0,22.779,121.088
74DA38F7C63C,2026-08-04,03:06:23,60.62,100.0,1.0,24.998,121.425
74DA38ED05EA,2026-08-04,03:06:27,29.5,100.0,1.0,23.394,121.357
74DA38F20E6E,2026-08-04,03:06:36,28.0,95.0,0.0,24.41,120.902
74DA38F20FFE,2026-08-04,03:06:40,30.61,100.0,21.0,22.894,120.298
74DA38F210A2,2026-08-04,03:06:41,33.0,100.0,0.0,25.12,121.466
74DA38ED04F2,2026-08-04,03:06:47,30.11,100.0,1.0,23.468,121.496
74DA38F7C42E,2026-08-04,03:06:48,34.11,100.0,0.0,24.969,121.514
74DA38ED0454,2026-08-04,03:07:03,32.0,93.0,3.0,24.053,121.599
74DA38F20B88,2026-08-04,03:07:05,30.5,100.0,2.0,22.75,120.316
74DA38F7C3BA,2026-08-04,03:07:11,-4.0,0.0,64.0,25.174,121.441
74DA38F20BF6,2026-08-04,03:07:13,28.61,100.0,18.0,22.582,120.368
74DA38F20E9E,2026-08-04,03:07:14,27.5,100.0,16.0,24.648,121.151
74DA38F7C4DE,2026-08-04,03:07:14,32.61,100.0,0.0,25.09,121.462
74DA38F7C532,2026-08-04,03:07:16,32.0,91.0,2.0,25.059,121.499
74DA38F7C53C,2026-08-04,03:07:17,32.75,100.0,0.0,25.11,121.804
74DA38F7C524,2026-08-04,03:07:22,32.5,100.0,0.0,25.002,121.552
74DA38F20D16,2026-08-04,03:07:25,33.0,100.0,2.0,25.062,121.526
74DA38F7C41E,2026-08-04,03:07:25,32.0,78.0,0.0,25.054,121.517
74DA38F7C570,2026-08-04,03:07:35,30.25,100.0,0.0,25.239,121.63
74DA38F20C22,2026-08-04,03:07:44,32.0,100.0,4.0,22.729,120.357
74DA38F20C06,2026-08-04,03:08:00,29.75,55.0,3.0,24.874,121.02
74DA38ED06E0,2026-08-04,03:08:12,29.25,100.0,4.0,23.601,121.521
74DA38F7C46C,2026-08-04,03:08:14,-4.0,0.0,0.0,25.288,121.544
74DA38F7C5A0,2026-08-04,03:08:14,32.75,91.0,0.0,25.107,121.518
74DA38F20D1E,2026-08-04,03:08:15,33.0,100.0,3.0,25.048,121.573
74DA38F7C5CE,2026-08-04,03:08:22,31.36,80.0,0.0,25.066,121.656
74DA38F209EE,2026-08-04,03:08:32,31.5,100.0,0.0,23.026,121.33
74DA38F20F1C,2026-08-04,03:08:39,32.0,100.0,21.0,25.062,121.451
74DA38F7C514,2026-08-04,03:08:46,32.61,100.0,2.0,25.051,121.518
74DA38F209DE,2026-08-04,03:08:48,33.36,100.0,0.0,24.861,120.964
74DA38F20B26,2026-08-04,03:08:51,30.5,100.0,16.0,22.783,120.247
74DA38F7C566,2026-08-04,03:08:51,32.61,100.0,0.0,25.051,121.448
74DA38F21136,2026-08-04,03:08:56,32.75,93.0,0.0,25.119,121.505
74DA38F21204,2026-08-04,03:08:59,31.11,100.0,0.0,25.062,121.451
74DA38F21024,2026-08-04,03:09:00,32.0,100.0,15.0,24.93,121.036
74DA38F7C616,2026-08-04,03:09:09,34.61,100.0,0.0,25.031,121.563
74DA38F7C47E,2026-08-04,03:09:11,33.11,100.0,2.0,25.053963,121.427681
74DA38F7C430,2026-08-04,03:09:16,33.0,77.0,0.0,24.981,121.423
74DA38F20D70,2026-08-04,03:09:27,31.25,85.0,0.0,23.05,121.164
74DA38F7C39A,2026-08-04,03:09:30,32.0,100.0,0.0,25.002,121.414
74DA38F208E2,2026-08-04,03:09:31,30.36,100.0,1.0,24.688,121.766
74DA38F209F8,2026-08-04,03:09:35,35.0,100.0,0.0,23.157,121.4
74DA38F2105C,2026-08-04,03:09:40,33.25,100.0,0.0,25.088,121.599
74DA38F7C3D6,2026-08-04,03:09:48,36.11,100.0,0.0,25.045,121.541
74DA38ED059C,2026-08-04,03:09:53,32.61,77.0,1.0,23.706,121.412
74DA38F20B80,2026-08-04,03:09:53,31.5,100.0,1.0,22.599,120.35
74DA38F209B2,2026-08-04,03:09:56,29.61,100.0,0.0,22.363,120.599
74DA38F7C338,2026-08-04,03:09:59,30.61,100.0,2.0,25.011,121.458
74DA38F20C26,2026-08-04,03:10:02,31.36,87.0,23.0,22.676,120.342
74DA38F7C506,2026-08-04,03:10:04,33.5,100.0,1.0,24.996,121.544
74DA38F7C600,2026-08-04,03:10:04,23.25,50.0,1.0,25.07,121.586
74DA38F20EB2,2026-08-04,03:10:09,31.75,100.0,15.0,24.324,120.835
74DA38F7C480,2026-08-04,03:10:11,33.11,100.0,0.0,25.061,121.432
74DA38F7C5AA,2026-08-04,03:10:12,32.75,100.0,0.0,25.0,121.479
74DA38F2104E,2026-08-04,03:10:28,29.5,100.0,16.0,23.108,120.7
74DA38F20862,2026-08-04,03:10:34,30.5,100.0,2.0,23.101,121.176
74DA38F20A78,2026-08-04,03:10:35,32.25,100.0,0.0,22.904,121.124
74DA38F207DE,2026-08-04,03:10:36,32.36,100.0,24.0,22.603,120.34
74DA38F20DE0,2026-08-04,03:10:44,29.86,100.0,1.0,22.589,120.328
74DA38F7C366,2026-08-04,03:10:49,34.25,100.0,0.0,25.002,121.516
74DA38ED0640,2026-08-04,03:10:50,32.36,100.0,2.0,23.154,121.266
74DA38F7C310,2026-08-04,03:10:54,33.86,100.0,0.0,25.09,121.464
74DA38F7C5BE,2026-08-04,03:10:54,31.75,81.0,2.0,25.092,121.523
74DA38F20B5C,2026-08-04,03:10:58,31.0,100.0,26.0,22.798,120.293
74DA38F7C27E,2026-08-04,03:11:02,32.25,94.0,2.0,25.053,121.444
74DA38F7C3DE,2026-08-04,03:11:06,33.36,95.0,238.0,24.972,121.537
74DA38F20F0A,2026-08-04,03:11:08,32.5,100.0,7.0,22.995,120.635
74DA38F21054,2026-08-04,03:11:09,28.5,61.0,14.0,22.898,120.627
74DA38F7C560,2026-08-04,03:11:17,32.5,-66.0,0.0,25.079,121.671
74DA38F21048,2026-08-04,03:11:24,29.86,100.0,32.0,22.595,120.341
74DA38ED05B6,2026-08-04,03:11:26,30.86,100.0,2.0,23.43,121.348
74DA38F20B82,2026-08-04,03:11:27,-4.0,0.0,1.0,22.847,120.465
74DA38F7C47C,2026-08-04,03:11:30,34.36,87.0,103.0,25.055,121.455
74DA38F210F6,2026-08-04,03:11:31,31.25,100.0,3.0,22.757426,121.158891
74DA38F21088,2026-08-04,03:11:33,32.75,100.0,0.0,25.068,121.588
74DA38F7C260,2026-08-04,03:11:35,32.36,100.0,0.0,25.065,121.425
74DA38F20A30,2026-08-04,03:11:52,32.86,75.0,0.0,24.948,121.372
74DA38F20D2E,2026-08-04,03:11:55,32.75,100.0,0.0,25.06,121.545
74DA38F20B12,2026-08-04,03:11:59,27.5,75.0,12.0,22.91,120.716
74DA38F7C53A,2026-08-04,03:12:00,-4.0,0.0,0.0,25.067,121.641
74DA38F7C610,2026-08-04,03:12:00,31.25,90.0,2.0,25.063,121.564
74DA38F7C54E,2026-08-04,03:12:01,32.61,100.0,0.0,25.063,121.661
74DA38F20D6C,2026-08-04,03:12:04,29.75,96.0,0.0,22.661,120.301
74DA38F20934,2026-08-04,03:12:05,29.75,77.0,2.0,23.002,121.29
74DA38F7C4CC,2026-08-04,03:12:09,33.86,100.0,1.0,25.062,121.451
74DA38F7C13A,2026-08-04,03:12:13,23.87,3.0,0.0,25.069,121.359
74DA38F7C3B2,2026-08-04,03:12:13,32.11,65.0,0.0,24.929,121.378
74DA38F7C3DC,2026-08-04,03:12:13,33.61,100.0,1.0,25.003,121.539
74DA38F7C5E6,2026-08-04,03:12:22,31.86,100.0,4.0,25.107,121.843
74DA38ED0630,2026-08-04,03:12:23,31.61,95.0,0.0,23.994,121.594
74DA38F7C30C,2026-08-04,03:12:23,32.61,82.0,0.0,24.975,121.532
74DA38F21170,2026-08-04,03:12:27,32.11,72.0,1.0,22.779,121.088
74DA38ED05EA,2026-08-04,03:12:33,29.5,100.0,2.0,23.394,121.357
74DA38F209A8,2026-08-04,03:12:35,-4.0,0.0,0.0,22.401,120.577
74DA38F7C592,2026-08-04,03:12:37,-4.0,0.0,0.0,25.224,121.637
74DA38F20E6E,2026-08-04,03:12:38,28.0,95.0,0.0,24.41,120.902
74DA38F20D1A,2026-08-04,03:12:42,32.61,85.0,0.0,25.078,121.541
74DA38F7C59C,2026-08-04,03:12:42,31.75,74.0,3.0,25.103,121.487
74DA38F7C464,2026-08-04,03:12:44,29.11,31.0,0.0,25.006,121.413
74DA38F210A2,2026-08-04,03:12:46,32.86,100.0,0.0,25.12,121.466
74DA38F20FFE,2026-08-04,03:12:52,30.75,100.0,21.0,22.894,120.298
74DA38ED04F2,2026-08-04,03:12:54,30.25,100.0,1.0,23.468,121.496
74DA38ED0454,2026-08-04,03:13:09,31.86,93.0,2.0,24.053,121.599
74DA38F7C42E,2026-08-04,03:13:16,34.25,100.0,0.0,24.969,121.514
74DA38F20BF6,2026-08-04,03:13:19,28.61,100.0,19.0,22.582,120.368
74DA38F7C532,2026-08-04,03:13:20,31.75,90.0,1.0,25.059,121.499
74DA38F20E9E,2026-08-04,03:13:21,27.5,100.0,16.0,24.648,121.151
74DA38F7C4DE,2026-08-04,03:13:22,32.61,100.0,0.0,25.09,121.462
74DA38F20D16,2026-08-04,03:13:29,33.11,100.0,2.0,25.062,121.526
74DA38F20B88,2026-08-04,03:13:33,30.61,100.0,0.0,22.75,120.316
74DA38F2113E,2026-08-04,03:13:34,-4.0,0.0,0.0,22.728,120.313
74DA38F7C53C,2026-08-04,03:13:43,32.86,100.0,0.0,25.11,121.804
74DA38F7C524,2026-08-04,03:13:51,32.5,100.0,0.0,25.002,121.552
74DA38F7C41E,2026-08-04,03:13:53,32.0,78.0,0.0,25.054,121.517
74DA38F7C570,2026-08-04,03:14:04,30.25,100.0,1.0,25.239,121.63
74DA38F20C06,2026-08-04,03:14:06,29.61,55.0,3.0,24.874,121.02
74DA38F20C22,2026-08-04,03:14:14,32.11,100.0,6.0,22.729,120.357
74DA38ED06E0,2026-08-04,03:14:18,29.25,99.0,4.0,23.601,121.521
74DA38F20D1E,2026-08-04,03:14:22,33.25,100.0,3.0,25.048,121.573
74DA38F209EE,2026-08-04,03:14:37,31.75,100.0,0.0,23.026,121.33
74DA38F7C5A0,2026-08-04,03:14:41,32.75,91.0,0.0,25.107,121.518
74DA38F20F1C,2026-08-04,03:14:45,32.11,100.0,21.0,25.062,121.451
74DA38F7C5CE,2026-08-04,03:14:50,31.5,80.0,0.0,25.066,121.656
74DA38F7C514,2026-08-04,03:14:54,32.61,100.0,2.0,25.051,121.518
74DA38F20B26,2026-08-04,03:15:03,30.61,100.0,16.0,22.783,120.247
74DA38F21204,2026-08-04,03:15:06,31.25,100.0,0.0,25.062,121.451
74DA38F209DE,2026-08-04,03:15:15,33.5,100.0,0.0,24.861,120.964
74DA38F7C47E,2026-08-04,03:15:16,33.0,100.0,3.0,25.053963,121.427681
74DA38F7C566,2026-08-04,03:15:19,32.75,100.0,0.0,25.051,121.448
74DA38F7C616,2026-08-04,03:15:20,35.0,100.0,0.0,25.031,121.563
74DA38F21024,2026-08-04,03:15:27,32.11,100.0,7.0,24.93,121.036
74DA38F208E2,2026-08-04,03:15:35,30.5,100.0,1.0,24.688,121.766
74DA38F20D70,2026-08-04,03:15:36,31.36,85.0,0.0,23.05,121.164
74DA38F7C430,2026-08-04,03:15:43,33.11,77.0,0.0,24.981,121.423
74DA38F7C3BA,2026-08-04,03:15:49,-4.0,0.0,65.0,25.174,121.441
74DA38F7C63C,2026-08-04,03:15:55,60.62,100.0,0.0,24.998,121.425
74DA38F7C39A,2026-08-04,03:15:57,32.25,100.0,0.0,25.002,121.414
74DA38ED059C,2026-08-04,03:15:59,32.61,75.0,0.0,23.706,121.412
74DA38F209F8,2026-08-04,03:16:03,34.61,100.0,0.0,23.157,121.4
74DA38F2105C,2026-08-04,03:16:06,33.36,100.0,0.0,25.088,121.599
74DA38F20C26,2026-08-04,03:16:09,31.5,87.0,22.0,22.676,120.342
74DA38F7C600,2026-08-04,03:16:10,23.25,48.0,1.0,25.07,121.586
74DA38F20EB2,2026-08-04,03:16:15,31.5,100.0,15.0,24.324,120.835
74DA38F7C3D6,2026-08-04,03:16:15,36.5,100.0,0.0,25.045,121.541
74DA38F20B80,2026-08-04,03:16:21,31.61,100.0,2.0,22.599,120.35
74DA38F209B2,2026-08-04,03:16:23,29.61,100.0,0.0,22.363,120.599
74DA38F7C506,2026-08-04,03:16:35,33.86,100.0,0.0,24.996,121.544
74DA38F20862,2026-08-04,03:16:40,30.5,100.0,1.0,23.101,121.176
74DA38F7C480,2026-08-04,03:16:40,33.11,100.0,0.0,25.061,121.432
74DA38F20A78,2026-08-04,03:16:41,32.25,100.0,0.0,22.904,121.124
74DA38F207DE,2026-08-04,03:16:42,32.36,100.0,24.0,22.603,120.34
74DA38F7C366,2026-08-04,03:16:55,34.61,100.0,0.0,25.002,121.516
74DA38ED0640,2026-08-04,03:16:56,32.61,100.0,2.0,23.154,121.266
74DA38F7C310,2026-08-04,03:16:58,34.25,100.0,0.0,25.09,121.464
74DA38F7C5BE,2026-08-04,03:16:59,31.86,81.0,2.0,25.092,121.523
74DA38F7C3DE,2026-08-04,03:17:02,33.36,97.0,242.0,24.972,121.537
74DA38F7C27E,2026-08-04,03:17:07,32.36,94.0,2.0,25.053,121.444
74DA38F20B5C,2026-08-04,03:17:08,31.0,100.0,26.0,22.798,120.293
74DA38F20DE0,2026-08-04,03:17:13,30.11,100.0,1.0,22.589,120.328
74DA38F20F0A,2026-08-04,03:17:14,32.5,100.0,7.0,22.995,120.635
74DA38F21054,2026-08-04,03:17:15,28.5,61.0,14.0,22.898,120.627
74DA38F7C47C,2026-08-04,03:17:22,34.11,87.0,96.0,25.055,121.455
74DA38ED05B6,2026-08-04,03:17:31,31.0,100.0,2.0,23.43,121.348
74DA38F210F6,2026-08-04,03:17:35,31.25,100.0,3.0,22.757426,121.158891
74DA38F7C560,2026-08-04,03:17:45,32.75,-66.0,0.0,25.079,121.671
74DA38F7C46C,2026-08-04,03:17:55,-4.0,0.0,0.0,25.288,121.544
74DA38F21048,2026-08-04,03:17:56,30.0,100.0,31.0,22.595,120.341
74DA38F21088,2026-08-04,03:18:01,32.61,100.0,0.0,25.068,121.588
74DA38F20B12,2026-08-04,03:18:05,27.62,75.0,12.0,22.91,120.716
74DA38F7C610,2026-08-04,03:18:06,31.25,89.0,2.0,25.063,121.564
74DA38F7C260,2026-08-04,03:18:07,32.36,100.0,0.0,25.065,121.425
74DA38F20934,2026-08-04,03:18:14,29.86,77.0,2.0,23.002,121.29
74DA38F7C3B2,2026-08-04,03:18:18,32.0,65.0,0.0,24.929,121.378
74DA38F7C3DC,2026-08-04,03:18:18,33.61,100.0,1.0,25.003,121.539
74DA38F7C4CC,2026-08-04,03:18:19,33.86,100.0,1.0,25.062,121.451
74DA38F20D2E,2026-08-04,03:18:23,32.86,100.0,0.0,25.06,121.545
74DA38F20A30,2026-08-04,03:18:28,32.75,74.0,1.0,24.948,121.372
74DA38F7C5E6,2026-08-04,03:18:30,32.0,100.0,3.0,25.107,121.843
74DA38F7C54E,2026-08-04,03:18:31,32.75,100.0,0.0,25.063,121.661
74DA38F21170,2026-08-04,03:18:32,32.11,72.0,1.0,22.779,121.088
74DA38F7C30C,2026-08-04,03:18:32,32.75,82.0,0.0,24.975,121.532
74DA38F20D6C,2026-08-04,03:18:35,29.86,96.0,0.0,22.661,120.301
74DA38ED05EA,2026-08-04,03:18:38,29.61,100.0,2.0,23.394,121.357
74DA38F20E6E,2026-08-04,03:18:40,28.11,95.0,0.0,24.41,120.902
74DA38F210A2,2026-08-04,03:18:51,32.75,100.0,0.0,25.12,121.466
74DA38ED0630,2026-08-04,03:18:52,31.61,95.0,0.0,23.994,121.594
74DA38ED04F2,2026-08-04,03:19:00,30.25,100.0,1.0,23.468,121.496
74DA38F20FFE,2026-08-04,03:19:01,30.86,100.0,20.0,22.894,120.298
74DA38F7C59C,2026-08-04,03:19:08,31.75,74.0,2.0,25.103,121.487
74DA38F20D1A,2026-08-04,03:19:09,32.86,85.0,0.0,25.078,121.541
74DA38F7C464,2026-08-04,03:19:13,29.25,31.0,0.0,25.006,121.413
74DA38F20BF6,2026-08-04,03:19:24,28.61,100.0,18.0,22.582,120.368
74DA38F7C532,2026-08-04,03:19:24,32.0,91.0,2.0,25.059,121.499
74DA38F20E9E,2026-08-04,03:19:27,27.5,100.0,15.0,24.648,121.151
74DA38F20D16,2026-08-04,03:19:34,33.0,100.0,2.0,25.062,121.526
74DA38F7C4DE,2026-08-04,03:19:34,32.75,100.0,0.0,25.09,121.462
74DA38F20B88,2026-08-04,03:20:01,30.61,100.0,4.0,22.75,120.316
74DA38F7C42E,2026-08-04,03:20:03,34.36,100.0,0.0,24.969,121.514
74DA38F7C53C,2026-08-04,03:20:09,32.61,100.0,0.0,25.11,121.804
74DA38F20C06,2026-08-04,03:20:11,29.5,55.0,3.0,24.874,121.02
74DA38F7C524,2026-08-04,03:20:19,32.61,100.0,0.0,25.002,121.552
74DA38ED06E0,2026-08-04,03:20:24,29.25,100.0,4.0,23.601,121.521
74DA38F7C41E,2026-08-04,03:20:31,32.0,79.0,0.0,25.054,121.517
74DA38F20D1E,2026-08-04,03:20:32,33.36,100.0,39.0,25.048,121.573
74DA38F7C37C,2026-08-04,03:20:33,31.86,100.0,12.0,25.111,121.856
74DA38F7C570,2026-08-04,03:20:33,30.25,100.0,1.0,25.239,121.63
74DA38F209EE,2026-08-04,03:20:42,31.61,100.0,0.0,23.026,121.33
74DA38F20C22,2026-08-04,03:20:43,32.11,100.0,11.0,22.729,120.357
74DA38F2113E,2026-08-04,03:20:48,-4.0,0.0,0.0,22.728,120.313
74DA38F20F1C,2026-08-04,03:20:52,32.11,100.0,25.0,25.062,121.451
74DA38F7C514,2026-08-04,03:20:59,32.61,100.0,2.0,25.051,121.518
74DA38F20B82,2026-08-04,03:21:00,-4.0,0.0,1.0,22.847,120.465
74DA38F7C5A0,2026-08-04,03:21:09,32.75,91.0,0.0,25.107,121.518
74DA38F20B26,2026-08-04,03:21:10,30.61,100.0,16.0,22.783,120.247
74DA38F21204,2026-08-04,03:21:12,31.11,100.0,0.0,25.062,121.451
74DA38F7C5CE,2026-08-04,03:21:16,31.5,80.0,0.0,25.066,121.656
74DA38F7C47E,2026-08-04,03:21:21,33.36,100.0,3.0,25.053963,121.427681
74DA38F7C616,2026-08-04,03:21:26,34.86,100.0,0.0,25.031,121.563
74DA38F208E2,2026-08-04,03:21:40,30.61,100.0,1.0,24.688,121.766
74DA38F209DE,2026-08-04,03:21:42,33.75,100.0,0.0,24.861,120.964
74DA38F20D70,2026-08-04,03:21:46,31.36,86.0,0.0,23.05,121.164
74DA38F7C566,2026-08-04,03:21:47,32.86,100.0,0.0,25.051,121.448
74DA38F21024,2026-08-04,03:21:54,32.25,100.0,7.0,24.93,121.036
74DA38F21136,2026-08-04,03:21:54,32.75,93.0,0.0,25.119,121.505
74DA38ED059C,2026-08-04,03:22:05,32.61,75.0,0.0,23.706,121.412
74DA38F209A8,2026-08-04,03:22:13,-4.0,0.0,0.0,22.401,120.577
74DA38F7C600,2026-08-04,03:22:15,23.25,49.0,1.0,25.07,121.586
74DA38F20C26,2026-08-04,03:22:16,31.61,87.0,22.0,22.676,120.342
74DA38F7C430,2026-08-04,03:22:16,33.11,77.0,0.0,24.981,121.423
74DA38F7C592,2026-08-04,03:22:17,-4.0,0.0,0.0,25.224,121.637
74DA38F20EB2,2026-08-04,03:22:21,31.5,100.0,15.0,24.324,120.835
74DA38F7C39A,2026-08-04,03:22:24,32.25,100.0,0.0,25.002,121.414
74DA38F209F8,2026-08-04,03:22:29,34.61,100.0,0.0,23.157,121.4
74DA38F2105C,2026-08-04,03:22:33,33.5,100.0,0.0,25.088,121.599
74DA38F7C3D6,2026-08-04,03:22:40,36.5,100.0,0.0,25.045,121.541
74DA38F7C338,2026-08-04,03:22:43,30.75,100.0,2.0,25.011,121.458
74DA38F20862,2026-08-04,03:22:46,30.5,100.0,2.0,23.101,121.176
74DA38F20A78,2026-08-04,03:22:47,32.25,100.0,0.0,22.904,121.124
74DA38F20B80,2026-08-04,03:22:47,31.5,100.0,0.0,22.599,120.35
74DA38F207DE,2026-08-04,03:22:48,32.25,100.0,23.0,22.603,120.34
74DA38F209B2,2026-08-04,03:22:50,29.75,100.0,0.0,22.363,120.599
74DA38F2104E,2026-08-04,03:22:56,29.61,100.0,17.0,23.108,120.7
74DA38F7C3DE,2026-08-04,03:22:57,33.36,95.0,234.0,24.972,121.537
74DA38ED0640,2026-08-04,03:23:02,32.61,100.0,2.0,23.154,121.266
74DA38F7C310,2026-08-04,03:23:03,34.36,100.0,0.0,25.09,121.464
74DA38F7C5BE,2026-08-04,03:23:04,31.86,82.0,2.0,25.092,121.523
74DA38F7C480,2026-08-04,03:23:06,33.36,100.0,0.0,25.061,121.432
74DA38F7C366,2026-08-04,03:23:07,34.36,100.0,0.0,25.002,121.516
74DA38F7C506,2026-08-04,03:23:10,34.11,100.0,0.0,24.996,121.544
74DA38F7C27E,2026-08-04,03:23:12,32.36,94.0,2.0,25.053,121.444
74DA38F20B5C,2026-08-04,03:23:20,30.86,100.0,25.0,22.798,120.293
74DA38F20F0A,2026-08-04,03:23:20,32.61,100.0,7.0,22.995,120.635
74DA38F21054,2026-08-04,03:23:20,28.75,59.0,13.0,22.898,120.627
74DA38ED05B6,2026-08-04,03:23:36,31.0,100.0,2.0,23.43,121.348
74DA38F20DE0,2026-08-04,03:23:39,30.0,100.0,1.0,22.589,120.328
74DA38F210F6,2026-08-04,03:23:40,31.36,100.0,3.0,22.757426,121.158891
74DA38F7C5AA,2026-08-04,03:23:48,32.86,100.0,0.0,25.0,121.479
74DA38F20B12,2026-08-04,03:24:10,27.62,75.0,12.0,22.91,120.716
74DA38F7C560,2026-08-04,03:24:11,32.86,-66.0,0.0,25.079,121.671
74DA38F7C610,2026-08-04,03:24:11,31.25,89.0,2.0,25.063,121.564
74DA38F7C3B2,2026-08-04,03:24:24,31.86,65.0,0.0,24.929,121.378
74DA38F7C3DC,2026-08-04,03:24:24,33.75,100.0,2.0,25.003,121.539
74DA38F20934,2026-08-04,03:24:25,29.75,77.0,2.0,23.002,121.29
74DA38F7C4CC,2026-08-04,03:24:25,33.75,100.0,1.0,25.062,121.451
74DA38F21048,2026-08-04,03:24:26,29.86,100.0,31.0,22.595,120.341
74DA38F7C3BA,2026-08-04,03:24:27,-4.0,0.0,64.0,25.174,121.441
74DA38F21088,2026-08-04,03:24:28,32.86,100.0,0.0,25.068,121.588
74DA38F7C260,2026-08-04,03:24:35,32.5,100.0,0.0,25.065,121.425
74DA38F7C5E6,2026-08-04,03:24:36,31.86,100.0,2.0,25.107,121.843
74DA38F21170,2026-08-04,03:24:37,32.25,72.0,1.0,22.779,121.088
74DA38F20E6E,2026-08-04,03:24:43,28.25,94.0,0.0,24.41,120.902
74DA38ED05EA,2026-08-04,03:24:44,29.61,100.0,2.0,23.394,121.357
74DA38F7C30C,2026-08-04,03:24:46,32.86,82.0,0.0,24.975,121.532
74DA38F20D2E,2026-08-04,03:24:51,32.86,100.0,0.0,25.06,121.545
74DA38F210A2,2026-08-04,03:24:57,32.75,100.0,0.0,25.12,121.466
74DA38F20A30,2026-08-04,03:24:59,32.75,72.0,1.0,24.948,121.372
74DA38F20D6C,2026-08-04,03:25:04,30.0,96.0,16.0,22.661,120.301
74DA38ED04F2,2026-08-04,03:25:10,30.25,100.0,1.0,23.468,121.496
74DA38F20FFE,2026-08-04,03:25:14,31.0,100.0,18.0,22.894,120.298
74DA38ED0630,2026-08-04,03:25:20,31.61,95.0,0.0,23.994,121.594
74DA38F7C532,2026-08-04,03:25:28,32.11,89.0,2.0,25.059,121.499
74DA38F7C63C,2026-08-04,03:25:28,60.62,100.0,1.0,24.998,121.425
74DA38F20BF6,2026-08-04,03:25:29,28.61,100.0,18.0,22.582,120.368
74DA38ED0454,2026-08-04,03:25:30,32.11,95.0,2.0,24.053,121.599
74DA38F20E9E,2026-08-04,03:25:34,27.62,100.0,8.0,24.648,121.151
74DA38F7C59C,2026-08-04,03:25:36,31.75,73.0,2.0,25.103,121.487
74DA38F20D1A,2026-08-04,03:25:37,33.0,84.0,0.0,25.078,121.541
74DA38F20D16,2026-08-04,03:25:38,33.0,100.0,2.0,25.062,121.526
74DA38F7C13A,2026-08-04,03:25:41,24.12,5.0,4.0,25.069,121.359
74DA38F7C464,2026-08-04,03:25:48,29.36,31.0,0.0,25.006,121.413
74DA38F7C4DE,2026-08-04,03:25:50,32.75,100.0,0.0,25.09,121.462
74DA38F20C06,2026-08-04,03:26:16,29.5,55.0,4.0,24.874,121.02
74DA38ED06E0,2026-08-04,03:26:32,29.25,100.0,3.0,23.601,121.521
74DA38F7C42E,2026-08-04,03:26:33,34.61,100.0,0.0,24.969,121.514
74DA38F20B88,2026-08-04,03:26:36,30.36,100.0,3.0,22.75,120.316
74DA38F7C53C,2026-08-04,03:26:37,32.61,100.0,0.0,25.11,121.804
74DA38F20D1E,2026-08-04,03:26:42,33.36,100.0,8.0,25.048,121.573
74DA38F7C524,2026-08-04,03:26:47,32.5,100.0,0.0,25.002,121.552
74DA38F209EE,2026-08-04,03:26:48,31.61,100.0,0.0,23.026,121.33
74DA38F20F1C,2026-08-04,03:26:57,32.11,100.0,25.0,25.062,121.451
74DA38F7C41E,2026-08-04,03:26:59,32.11,78.0,0.0,25.054,121.517
74DA38F7C570,2026-08-04,03:27:01,30.25,100.0,0.0,25.239,121.63
74DA38F7C514,2026-08-04,03:27:04,32.5,100.0,3.0,25.051,121.518
74DA38F20C22,2026-08-04,03:27:16,32.25,100.0,23.0,22.729,120.357
74DA38F20B26,2026-08-04,03:27:19,30.75,100.0,16.0,22.783,120.247
74DA38F21204,2026-08-04,03:27:21,31.11,100.0,0.0,25.062,121.451
74DA38F7C47E,2026-08-04,03:27:26,33.36,100.0,3.0,25.053963,121.427681
74DA38F7C46C,2026-08-04,03:27:34,-4.0,0.0,0.0,25.288,121.544
74DA38F7C5A0,2026-08-04,03:27:36,33.0,91.0,0.0,25.107,121.518
74DA38F7C616,2026-08-04,03:27:40,34.86,100.0,0.0,25.031,121.563
74DA38F7C5CE,2026-08-04,03:27:42,31.61,79.0,0.0,25.066,121.656
74DA38F208E2,2026-08-04,03:27:45,30.75,100.0,1.0,24.688,121.766
74DA38F20D70,2026-08-04,03:27:53,31.61,84.0,0.0,23.05,121.164
74DA38F2113E,2026-08-04,03:28:08,-4.0,0.0,0.0,22.728,120.313
74DA38F209DE,2026-08-04,03:28:10,33.75,100.0,0.0,24.861,120.964
74DA38ED059C,2026-08-04,03:28:11,32.61,76.0,0.0,23.706,121.412
74DA38F7C566,2026-08-04,03:28:16,32.86,100.0,0.0,25.051,121.448
74DA38F21024,2026-08-04,03:28:20,32.25,100.0,0.0,24.93,121.036
74DA38F7C600,2026-08-04,03:28:20,23.25,49.0,1.0,25.07,121.586
74DA38F7C648,2026-08-04,03:28:23,31.11,73.0,2.0,25.045,121.533
74DA38F20C26,2026-08-04,03:28:25,31.61,87.0,22.0,22.676,120.342
74DA38F20EB2,2026-08-04,03:28:28,31.36,100.0,16.0,24.324,120.835
74DA38F7C430,2026-08-04,03:28:44,33.11,77.0,0.0,24.981,121.423
74DA38F20862,2026-08-04,03:28:51,30.75,100.0,2.0,23.101,121.176
74DA38F7C39A,2026-08-04,03:28:52,32.36,100.0,0.0,25.002,121.414
74DA38F7C3DE,2026-08-04,03:28:52,33.5,94.0,239.0,24.972,121.537
74DA38F20A78,2026-08-04,03:28:53,32.25,100.0,0.0,22.904,121.124
74DA38F7C338,2026-08-04,03:28:55,30.61,100.0,2.0,25.011,121.458
74DA38F207DE,2026-08-04,03:28:56,32.25,100.0,24.0,22.603,120.34
74DA38F209F8,2026-08-04,03:28:57,34.61,100.0,0.0,23.157,121.4
74DA38F2105C,2026-08-04,03:29:00,33.61,100.0,0.0,25.088,121.599
74DA38F2104E,2026-08-04,03:29:02,30.0,100.0,17.0,23.108,120.7
74DA38F7C47C,2026-08-04,03:29:06,34.11,87.0,103.0,25.055,121.455
74DA38F7C3D6,2026-08-04,03:29:07,36.5,100.0,0.0,25.045,121.541
74DA38ED0640,2026-08-04,03:29:08,32.5,100.0,2.0,23.154,121.266
74DA38F7C310,2026-08-04,03:29:08,34.36,100.0,0.0,25.09,121.464
74DA38F7C5BE,2026-08-04,03:29:09,32.0,81.0,2.0,25.092,121.523
74DA38F7C366,2026-08-04,03:29:12,34.61,100.0,0.0,25.002,121.516
74DA38F20B80,2026-08-04,03:29:15,31.61,100.0,18.0,22.599,120.35
74DA38F209B2,2026-08-04,03:29:16,29.61,100.0,0.0,22.363,120.599
74DA38F7C27E,2026-08-04,03:29:19,32.25,94.0,2.0,25.053,121.444
74DA38F20F0A,2026-08-04,03:29:26,32.61,100.0,7.0,22.995,120.635
74DA38F21054,2026-08-04,03:29:27,28.75,59.0,13.0,22.898,120.627
74DA38F20B5C,2026-08-04,03:29:33,30.86,100.0,24.0,22.798,120.293
74DA38F7C480,2026-08-04,03:29:36,33.25,100.0,0.0,25.061,121.432
74DA38ED05B6,2026-08-04,03:29:41,31.11,100.0,2.0,23.43,121.348
74DA38F7C506,2026-08-04,03:29:41,34.11,100.0,0.0,24.996,121.544
74DA38F210F6,2026-08-04,03:29:44,31.36,100.0,3.0,22.757426,121.158891
74DA38F20DE0,2026-08-04,03:30:07,29.86,100.0,1.0,22.589,120.328
74DA38F20B12,2026-08-04,03:30:16,27.5,73.0,12.0,22.91,120.716
74DA38F7C610,2026-08-04,03:30:16,31.36,89.0,2.0,25.063,121.564
74DA38F7C3DC,2026-08-04,03:30:29,33.75,100.0,1.0,25.003,121.539
74DA38F7C4CC,2026-08-04,03:30:30,33.75,100.0,1.0,25.062,121.451
74DA38F7C3B2,2026-08-04,03:30:31,31.75,65.0,0.0,24.929,121.378
74DA38F20B82,2026-08-04,03:30:32,-4.0,0.0,1.0,22.847,120.465
74DA38F20934,2026-08-04,03:30:36,29.75,77.0,2.0,23.002,121.29
74DA38F7C560,2026-08-04,03:30:39,32.75,-66.0,0.0,25.079,121.671
74DA38F21170,2026-08-04,03:30:42,32.36,72.0,1.0,22.779,121.088
74DA38F7C5E6,2026-08-04,03:30:42,32.0,100.0,3.0,25.107,121.843
74DA38F20E6E,2026-08-04,03:30:46,28.25,93.0,0.0,24.41,120.902
74DA38ED05EA,2026-08-04,03:30:50,29.75,100.0,2.0,23.394,121.357
74DA38F21088,2026-08-04,03:30:57,32.86,100.0,0.0,25.068,121.588
74DA38F21048,2026-08-04,03:30:58,30.0,100.0,31.0,22.595,120.341
74DA38F210A2,2026-08-04,03:31:02,32.86,100.0,0.0,25.12,121.466
74DA38F7C260,2026-08-04,03:31:02,32.61,100.0,0.0,25.065,121.425
74DA38ED04F2,2026-08-04,03:31:16,30.36,100.0,1.0,23.468,121.496
74DA38F20D2E,2026-08-04,03:31:18,32.75,100.0,0.0,25.06,121.545
74DA38F20A30,2026-08-04,03:31:30,32.86,73.0,2.0,24.948,121.372
74DA38F7C30C,2026-08-04,03:31:31,32.86,80.0,0.0,24.975,121.532
74DA38F7C532,2026-08-04,03:31:33,32.11,91.0,3.0,25.059,121.499
74DA38F20BF6,2026-08-04,03:31:35,28.61,100.0,19.0,22.582,120.368
74DA38F7C54E,2026-08-04,03:31:35,33.25,100.0,0.0,25.063,121.661
74DA38ED0454,2026-08-04,03:31:39,32.11,93.0,2.0,24.053,121.599
74DA38F20E9E,2026-08-04,03:31:40,27.62,100.0,7.0,24.648,121.151
74DA38F20FFE,2026-08-04,03:31:41,30.86,100.0,17.0,22.894,120.298
74DA38F20D16,2026-08-04,03:31:43,33.0,100.0,2.0,25.062,121.526
74DA38ED0630,2026-08-04,03:31:47,31.61,94.0,0.0,23.994,121.594
74DA38F209A8,2026-08-04,03:31:53,-4.0,0.0,0.0,22.401,120.577
74DA38F7C592,2026-08-04,03:31:58,-4.0,0.0,0.0,25.224,121.637
74DA38F7C4DE,2026-08-04,03:32:02,32.75,100.0,0.0,25.09,121.462
74DA38F7C59C,2026-08-04,03:32:04,31.75,74.0,2.0,25.103,121.487
74DA38F20D1A,2026-08-04,03:32:05,32.86,85.0,0.0,25.078,121.541
74DA38F7C53A,2026-08-04,03:32:09,-4.0,0.0,0.0,25.067,121.641
74DA38F7C13A,2026-08-04,03:32:10,24.12,5.0,2.0,25.069,121.359
74DA38F7C464,2026-08-04,03:32:15,29.25,31.0,0.0,25.006,121.413
74DA38F20C06,2026-08-04,03:32:22,29.36,54.0,3.0,24.874,121.02
74DA38ED06E0,2026-08-04,03:32:38,29.25,99.0,4.0,23.601,121.521
74DA38F20D1E,2026-08-04,03:32:48,33.25,100.0,4.0,25.048,121.573
74DA38F209EE,2026-08-04,03:32:53,31.5,100.0,0.0,23.026,121.33
74DA38F7C42E,2026-08-04,03:33:03,34.86,100.0,0.0,24.969,121.514
74DA38F7C53C,2026-08-04,03:33:03,32.36,100.0,0.0,25.11,121.804
74DA38F7C3BA,2026-08-04,03:33:05,-4.0,0.0,64.0,25.174,121.441
74DA38F20F1C,2026-08-04,03:33:06,31.86,100.0,25.0,25.062,121.451
74DA38F20B88,2026-08-04,03:33:10,30.5,100.0,4.0,22.75,120.316
74DA38F7C514,2026-08-04,03:33:10,32.5,100.0,2.0,25.051,121.518
74DA38F7C524,2026-08-04,03:33:15,32.61,100.0,0.0,25.002,121.552
74DA38F20B26,2026-08-04,03:33:25,30.75,100.0,15.0,22.783,120.247
74DA38F7C41E,2026-08-04,03:33:27,32.25,78.0,0.0,25.054,121.517
74DA38F7C570,2026-08-04,03:33:27,30.25,100.0,0.0,25.239,121.63
74DA38F21204,2026-08-04,03:33:32,31.11,100.0,0.0,25.062,121.451
74DA38F7C47E,2026-08-04,03:33:32,33.25,100.0,2.0,25.053963,121.427681
74DA38F20C22,2026-08-04,03:33:48,32.25,100.0,14.0,22.729,120.357
74DA38F208E2,2026-08-04,03:33:50,30.86,100.0,2.0,24.688,121.766
74DA38F7C616,2026-08-04,03:33:50,35.0,100.0,0.0,25.031,121.563
74DA38F20D70,2026-08-04,03:33:59,31.61,84.0,0.0,23.05,121.164
74DA38F7C5A0,2026-08-04,03:34:03,32.75,90.0,0.0,25.107,121.518
74DA38F7C5CE,2026-08-04,03:34:10,31.61,79.0,0.0,25.066,121.656
74DA38ED059C,2026-08-04,03:34:17,32.61,75.0,0.0,23.706,121.412
74DA38F7C600,2026-08-04,03:34:26,23.37,50.0,1.0,25.07,121.586
74DA38F7C648,2026-08-04,03:34:29,31.61,72.0,2.0,25.045,121.533
74DA38F20C26,2026-08-04,03:34:32,31.75,86.0,23.0,22.676,120.342
74DA38F20EB2,2026-08-04,03:34:35,32.0,100.0,16.0,24.324,120.835
74DA38F21136,2026-08-04,03:34:36,32.75,92.0,0.0,25.119,121.505
74DA38F209DE,2026-08-04,03:34:37,33.86,100.0,0.0,24.861,120.964
74DA38F21024,2026-08-04,03:34:47,32.25,100.0,0.0,24.93,121.036
74DA38F7C3DE,2026-08-04,03:34:47,33.61,93.0,245.0,24.972,121.537
74DA38F7C566,2026-08-04,03:34:51,33.0,100.0,0.0,25.051,121.448
74DA38F20862,2026-08-04,03:34:57,30.61,100.0,2.0,23.101,121.176
74DA38F7C47C,2026-08-04,03:34:58,34.25,87.0,101.0,25.055,121.455
74DA38F20A78,2026-08-04,03:34:59,32.5,100.0,0.0,22.904,121.124
74DA38F7C63C,2026-08-04,03:35:01,60.62,100.0,0.0,24.998,121.425
74DA38F207DE,2026-08-04,03:35:03,32.11,100.0,22.0,22.603,120.34
74DA38F7C338,2026-08-04,03:35:08,30.75,100.0,2.0,25.011,121.458
74DA38F2104E,2026-08-04,03:35:09,30.36,100.0,16.0,23.108,120.7
74DA38F7C430,2026-08-04,03:35:11,33.25,76.0,0.0,24.981,121.423
74DA38F7C310,2026-08-04,03:35:12,34.5,100.0,0.0,25.09,121.464
74DA38ED0640,2026-08-04,03:35:15,32.5,100.0,3.0,23.154,121.266
74DA38F7C5BE,2026-08-04,03:35:16,32.11,81.0,2.0,25.092,121.523
74DA38F7C366,2026-08-04,03:35:17,34.5,100.0,0.0,25.002,121.516
74DA38F7C39A,2026-08-04,03:35:20,32.36,100.0,0.0,25.002,121.414
74DA38F7C27E,2026-08-04,03:35:23,32.25,94.0,2.0,25.053,121.444
74DA38F209F8,2026-08-04,03:35:24,34.61,100.0,0.0,23.157,121.4
74DA38F2113E,2026-08-04,03:35:24,-4.0,0.0,0.0,22.728,120.313
74DA38F2105C,2026-08-04,03:35:26,33.61,100.0,0.0,25.088,121.599
74DA38F20F0A,2026-08-04,03:35:32,32.5,100.0,7.0,22.995,120.635
74DA38F21054,2026-08-04,03:35:33,28.86,59.0,14.0,22.898,120.627
74DA38F7C3D6,2026-08-04,03:35:34,36.61,98.0,0.0,25.045,121.541
74DA38F209B2,2026-08-04,03:35:43,29.61,100.0,0.0,22.363,120.599
74DA38F20B80,2026-08-04,03:35:43,31.61,100.0,31.0,22.599,120.35
74DA38ED05B6,2026-08-04,03:35:46,31.11,100.0,1.0,23.43,121.348
74DA38F20B5C,2026-08-04,03:35:49,31.11,100.0,22.0,22.798,120.293
74DA38F210F6,2026-08-04,03:35:49,31.36,100.0,3.0,22.757426,121.158891
74DA38F7C480,2026-08-04,03:36:05,33.36,100.0,0.0,25.061,121.432
74DA38F7C610,2026-08-04,03:36:21,31.36,89.0,2.0,25.063,121.564
74DA38F20B12,2026-08-04,03:36:22,27.5,74.0,13.0,22.91,120.716
74DA38F7C3DC,2026-08-04,03:36:34,33.86,100.0,1.0,25.003,121.539
74DA38F20DE0,2026-08-04,03:36:35,30.0,100.0,1.0,22.589,120.328
74DA38F7C3B2,2026-08-04,03:36:37,31.61,65.0,0.0,24.929,121.378
74DA38F7C4CC,2026-08-04,03:36:37,34.25,100.0,1.0,25.062,121.451
74DA38F7C506,2026-08-04,03:36:40,33.86,100.0,1.0,24.996,121.544
74DA38F20934,2026-08-04,03:36:42,29.86,77.0,2.0,23.002,121.29
74DA38F21170,2026-08-04,03:36:47,32.5,71.0,1.0,22.779,121.088
74DA38F20E6E,2026-08-04,03:36:48,28.36,93.0,0.0,24.41,120.902
74DA38F7C5E6,2026-08-04,03:36:48,32.0,100.0,3.0,25.107,121.843
74DA38ED05EA,2026-08-04,03:36:55,29.75,100.0,1.0,23.394,121.357
74DA38F210A2,2026-08-04,03:37:07,32.75,100.0,0.0,25.12,121.466
74DA38F7C560,2026-08-04,03:37:07,33.0,-66.0,0.0,25.079,121.671
74DA38F7C46C,2026-08-04,03:37:15,-4.0,0.0,0.0,25.288,121.544
74DA38F7C5AA,2026-08-04,03:37:16,32.86,100.0,0.0,25.0,121.479
74DA38F21088,2026-08-04,03:37:24,33.0,100.0,0.0,25.068,121.588
74DA38F21048,2026-08-04,03:37:29,30.0,100.0,30.0,22.595,120.341
74DA38F7C532,2026-08-04,03:37:37,32.25,90.0,2.0,25.059,121.499
74DA38F20BF6,2026-08-04,03:37:40,28.61,100.0,19.0,22.582,120.368
74DA38F20E9E,2026-08-04,03:37:45,27.75,100.0,6.0,24.648,121.151
74DA38F7C30C,2026-08-04,03:37:45,33.0,80.0,0.0,24.975,121.532
74DA38F20D2E,2026-08-04,03:37:46,32.86,100.0,0.0,25.06,121.545
74DA38F20D16,2026-08-04,03:37:47,33.0,100.0,2.0,25.062,121.526
74DA38F20FFE,2026-08-04,03:37:48,31.0,100.0,15.0,22.894,120.298
74DA38F7C260,2026-08-04,03:37:49,32.61,100.0,0.0,25.065,121.425
74DA38ED0454,2026-08-04,03:37:58,32.11,95.0,2.0,24.053,121.599
74DA38F20A30,2026-08-04,03:37:59,33.11,73.0,2.0,24.948,121.372
74DA38F7C54E,2026-08-04,03:38:07,33.11,100.0,0.0,25.063,121.661
74DA38F7C4DE,2026-08-04,03:38:13,32.75,100.0,0.0,25.09,121.462
74DA38ED0630,2026-08-04,03:38:15,31.61,95.0,0.0,23.994,121.594
74DA38F20C06,2026-08-04,03:38:27,29.36,54.0,3.0,24.874,121.02
74DA38F20D6C,2026-08-04,03:38:29,30.0,93.0,0.0,22.661,120.301
74DA38F7C59C,2026-08-04,03:38:29,31.86,73.0,2.0,25.103,121.487
74DA38F20D1A,2026-08-04,03:38:32,33.25,83.0,0.0,25.078,121.541
74DA38F7C13A,2026-08-04,03:38:37,24.25,6.0,1.0,25.069,121.359
74DA38ED06E0,2026-08-04,03:38:44,29.36,100.0,4.0,23.601,121.521
74DA38F7C464,2026-08-04,03:38:48,29.36,31.0,0.0,25.006,121.413
74DA38F20D1E,2026-08-04,03:38:55,33.25,100.0,4.0,25.048,121.573
74DA38F209EE,2026-08-04,03:38:58,31.5,100.0,0.0,23.026,121.33
74DA38F20F1C,2026-08-04,03:39:13,31.75,100.0,26.0,25.062,121.451
74DA38F7C514,2026-08-04,03:39:15,32.61,100.0,2.0,25.051,121.518
74DA38F7C53C,2026-08-04,03:39:31,32.61,100.0,0.0,25.11,121.804
74DA38F20B26,2026-08-04,03:39:32,30.86,100.0,17.0,22.783,120.247
74DA38F7C47E,2026-08-04,03:39:37,33.5,100.0,3.0,25.053963,121.427681
74DA38F20B88,2026-08-04,03:39:39,30.5,100.0,4.0,22.75,120.316
74DA38F7C524,2026-08-04,03:39:41,32.75,100.0,0.0,25.002,121.552
74DA38F21204,2026-08-04,03:39:42,31.11,100.0,0.0,25.062,121.451
74DA38F208E2,2026-08-04,03:39:54,31.0,100.0,2.0,24.688,121.766
74DA38F7C570,2026-08-04,03:39:55,30.36,100.0,0.0,25.239,121.63
74DA38F7C616,2026-08-04,03:39:58,35.11,100.0,0.0,25.031,121.563
74DA38F20B82,2026-08-04,03:40:04,-4.0,0.0,1.0,22.847,120.465
74DA38F20D70,2026-08-04,03:40:04,31.61,83.0,0.0,23.05,121.164
74DA38F20C22,2026-08-04,03:40:15,32.25,100.0,6.0,22.729,120.357
74DA38F7C41E,2026-08-04,03:40:15,32.25,77.0,0.0,25.054,121.517
74DA38ED059C,2026-08-04,03:40:23,32.61,77.0,1.0,23.706,121.412
74DA38F7C600,2026-08-04,03:40:31,23.37,50.0,1.0,25.07,121.586
74DA38F7C5A0,2026-08-04,03:40:33,33.0,91.0,0.0,25.107,121.518
74DA38F7C648,2026-08-04,03:40:34,31.86,71.0,2.0,25.045,121.533
74DA38F7C5CE,2026-08-04,03:40:37,31.86,78.0,0.0,25.066,121.656
74DA38F20EB2,2026-08-04,03:40:40,32.25,100.0,16.0,24.324,120.835
74DA38F20C26,2026-08-04,03:40:41,31.75,86.0,22.0,22.676,120.342
74DA38F7C3DE,2026-08-04,03:40:43,33.75,93.0,239.0,24.972,121.537
74DA38F21136,2026-08-04,03:40:46,32.86,91.0,0.0,25.119,121.505
74DA38F7C47C,2026-08-04,03:40:50,34.25,87.0,107.0,25.055,121.455
74DA38F209DE,2026-08-04,03:41:03,33.86,100.0,0.0,24.861,120.964
74DA38F20862,2026-08-04,03:41:04,30.75,100.0,3.0,23.101,121.176
74DA38F20A78,2026-08-04,03:41:05,32.61,100.0,0.0,22.904,121.124
74DA38F207DE,2026-08-04,03:41:08,32.11,100.0,21.0,22.603,120.34
74DA38F21024,2026-08-04,03:41:14,32.25,100.0,0.0,24.93,121.036
74DA38F2104E,2026-08-04,03:41:16,30.75,100.0,16.0,23.108,120.7
74DA38F7C310,2026-08-04,03:41:16,34.36,100.0,0.0,25.09,121.464
74DA38F7C338,2026-08-04,03:41:20,30.75,100.0,2.0,25.011,121.458
74DA38ED0640,2026-08-04,03:41:21,32.61,100.0,3.0,23.154,121.266
74DA38F7C5BE,2026-08-04,03:41:21,32.11,80.0,2.0,25.092,121.523
74DA38F7C366,2026-08-04,03:41:24,34.36,98.0,0.0,25.002,121.516
74DA38F7C27E,2026-08-04,03:41:29,32.25,94.0,2.0,25.053,121.444
74DA38F209A8,2026-08-04,03:41:32,-4.0,0.0,0.0,22.401,120.577
74DA38F7C592,2026-08-04,03:41:37,-4.0,0.0,0.0,25.224,121.637
74DA38F20F0A,2026-08-04,03:41:38,32.36,100.0,7.0,22.995,120.635
74DA38F21054,2026-08-04,03:41:39,28.86,58.0,14.0,22.898,120.627
74DA38F7C430,2026-08-04,03:41:40,33.36,76.0,0.0,24.981,121.423
74DA38F7C3BA,2026-08-04,03:41:44,-4.0,0.0,62.0,25.174,121.441
74DA38F7C39A,2026-08-04,03:41:47,32.5,100.0,0.0,25.002,121.414
74DA38ED05B6,2026-08-04,03:41:51,31.25,98.0,1.0,23.43,121.348
74DA38F209F8,2026-08-04,03:41:51,34.75,100.0,0.0,23.157,121.4
74DA38F2105C,2026-08-04,03:41:53,33.61,100.0,0.0,25.088,121.599
74DA38F210F6,2026-08-04,03:41:53,31.25,100.0,3.0,22.757426,121.158891
74DA38F20B5C,2026-08-04,03:41:55,31.11,100.0,21.0,22.798,120.293
74DA38F7C3D6,2026-08-04,03:42:00,36.86,100.0,0.0,25.045,121.541
74DA38F7C53A,2026-08-04,03:42:08,-4.0,0.0,0.0,25.067,121.641
74DA38F209B2,2026-08-04,03:42:10,29.61,100.0,0.0,22.363,120.599
74DA38F20B80,2026-08-04,03:42:11,31.86,100.0,42.0,22.599,120.35
74DA38F7C610,2026-08-04,03:42:26,31.36,88.0,2.0,25.063,121.564
74DA38F20B12,2026-08-04,03:42:27,27.5,73.0,13.0,22.91,120.716
74DA38F7C480,2026-08-04,03:42:33,33.61,100.0,0.0,25.061,121.432
74DA38F7C3DC,2026-08-04,03:42:38,33.86,100.0,1.0,25.003,121.539
74DA38F2113E,2026-08-04,03:42:40,-4.0,0.0,0.0,22.728,120.313
74DA38F7C3B2,2026-08-04,03:42:42,31.61,65.0,0.0,24.929,121.378
74DA38F7C4CC,2026-08-04,03:42:48,34.5,100.0,1.0,25.062,121.451
74DA38F20E6E,2026-08-04,03:42:49,28.36,94.0,0.0,24.41,120.902
74DA38F20934,2026-08-04,03:42:51,29.86,78.0,2.0,23.002,121.29
74DA38F21170,2026-08-04,03:42:53,32.5,71.0,0.0,22.779,121.088
74DA38F7C5E6,2026-08-04,03:42:53,32.0,100.0,2.0,25.107,121.843
74DA38ED05EA,2026-08-04,03:43:01,29.86,100.0,1.0,23.394,121.357
74DA38F20DE0,2026-08-04,03:43:01,30.0,100.0,2.0,22.589,120.328
74DA38F210A2,2026-08-04,03:43:12,32.86,100.0,0.0,25.12,121.466
74DA38F7C560,2026-08-04,03:43:34,33.11,-66.0,0.0,25.079,121.671
74DA38ED04F2,2026-08-04,03:43:40,30.36,100.0,2.0,23.468,121.496
74DA38F7C532,2026-08-04,03:43:41,32.36,90.0,2.0,25.059,121.499
74DA38F7C506,2026-08-04,03:43:42,34.0,100.0,0.0,24.996,121.544
74DA38F7C5AA,2026-08-04,03:43:44,33.0,100.0,0.0,25.0,121.479
74DA38F20BF6,2026-08-04,03:43:46,28.61,100.0,19.0,22.582,120.368
74DA38F20E9E,2026-08-04,03:43:50,27.75,100.0,8.0,24.648,121.151
74DA38F20D16,2026-08-04,03:43:52,33.0,100.0,2.0,25.062,121.526
74DA38F21088,2026-08-04,03:43:52,32.75,100.0,0.0,25.068,121.588
74DA38F21048,2026-08-04,03:43:59,30.0,100.0,30.0,22.595,120.341
74DA38F20FFE,2026-08-04,03:44:00,31.11,100.0,15.0,22.894,120.298
74DA38ED0454,2026-08-04,03:44:06,32.11,95.0,1.0,24.053,121.599
74DA38F20D2E,2026-08-04,03:44:13,33.11,100.0,0.0,25.06,121.545
74DA38F7C30C,2026-08-04,03:44:13,33.0,79.0,0.0,24.975,121.532
74DA38F7C260,2026-08-04,03:44:17,32.86,100.0,0.0,25.065,121.425
74DA38F20A30,2026-08-04,03:44:25,33.0,72.0,0.0,24.948,121.372
74DA38F20C06,2026-08-04,03:44:32,29.25,55.0,3.0,24.874,121.02
74DA38F7C54E,2026-08-04,03:44:33,33.36,100.0,0.0,25.063,121.661
74DA38F7C63C,2026-08-04,03:44:34,60.62,100.0,0.0,24.998,121.425
74DA38ED0630,2026-08-04,03:44:43,31.61,95.0,0.0,23.994,121.594
74DA38ED06E0,2026-08-04,03:44:54,29.36,100.0,4.0,23.601,121.521
74DA38F7C59C,2026-08-04,03:44:56,31.86,73.0,2.0,25.103,121.487
74DA38F20D1A,2026-08-04,03:45:01,32.86,83.0,0.0,25.078,121.541
74DA38F20D1E,2026-08-04,03:45:01,33.5,100.0,5.0,25.048,121.573
74DA38F209EE,2026-08-04,03:45:03,31.5,100.0,0.0,23.026,121.33
74DA38F7C13A,2026-08-04,03:45:07,24.5,5.0,2.0,25.069,121.359
74DA38F20D6C,2026-08-04,03:45:16,30.11,93.0,0.0,22.661,120.301
74DA38F7C464,2026-08-04,03:45:17,29.25,31.0,0.0,25.006,121.413
74DA38F20F1C,2026-08-04,03:45:20,31.86,100.0,22.0,25.062,121.451
74DA38F7C514,2026-08-04,03:45:22,32.61,100.0,3.0,25.051,121.518
74DA38F7C37C,2026-08-04,03:45:36,32.11,100.0,16.0,25.111,121.856
74DA38F20B26,2026-08-04,03:45:37,30.86,100.0,16.0,22.783,120.247
74DA38F7C47E,2026-08-04,03:45:42,33.5,100.0,3.0,25.053963,121.427681
74DA38F21204,2026-08-04,03:45:48,31.11,100.0,0.0,25.062,121.451
74DA38F7C53C,2026-08-04,03:45:58,32.36,100.0,0.0,25.11,121.804
74DA38F208E2,2026-08-04,03:45:59,30.86,100.0,1.0,24.688,121.766
74DA38F7C616,2026-08-04,03:46:03,35.25,100.0,0.0,25.031,121.563
74DA38F7C524,2026-08-04,03:46:09,32.75,100.0,0.0,25.002,121.552
74DA38F20B88,2026-08-04,03:46:13,30.5,100.0,3.0,22.75,120.316
74DA38F20D70,2026-08-04,03:46:17,31.86,83.0,0.0,23.05,121.164
74DA38F7C570,2026-08-04,03:46:22,30.5,100.0,0.0,25.239,121.63
74DA38ED059C,2026-08-04,03:46:30,32.75,76.0,1.0,23.706,121.412
74DA38F7C42E,2026-08-04,03:46:32,35.0,100.0,0.0,24.969,121.514
74DA38F7C600,2026-08-04,03:46:36,23.37,50.0,1.0,25.07,121.586
74DA38F7C3DE,2026-08-04,03:46:37,33.86,92.0,233.0,24.972,121.537
74DA38F7C47C,2026-08-04,03:46:41,34.25,86.0,103.0,25.055,121.455
74DA38F20C22,2026-08-04,03:46:43,32.25,100.0,15.0,22.729,120.357
74DA38F7C648,2026-08-04,03:46:45,32.0,71.0,2.0,25.045,121.533
74DA38F20EB2,2026-08-04,03:46:46,32.0,100.0,16.0,24.324,120.835
74DA38F20C26,2026-08-04,03:46:48,31.75,85.0,21.0,22.676,120.342
74DA38F21136,2026-08-04,03:46:56,32.86,88.0,0.0,25.119,121.505
74DA38F7C46C,2026-08-04,03:47:00,-4.0,0.0,0.0,25.288,121.544
74DA38F7C5A0,2026-08-04,03:47:01,33.0,89.0,0.0,25.107,121.518
74DA38F7C5CE,2026-08-04,03:47:04,31.86,78.0,0.0,25.066,121.656
74DA38F20862,2026-08-04,03:47:09,30.86,100.0,2.0,23.101,121.176
74DA38F20A78,2026-08-04,03:47:11,32.75,100.0,0.0,22.904,121.124
74DA38F207DE,2026-08-04,03:47:13,32.25,100.0,20.0,22.603,120.34
74DA38F7C310,2026-08-04,03:47:21,34.5,100.0,0.0,25.09,121.464
74DA38F2104E,2026-08-04,03:47:22,30.86,100.0,16.0,23.108,120.7
74DA38F7C338,2026-08-04,03:47:26,30.61,100.0,2.0,25.011,121.458
74DA38ED0640,2026-08-04,03:47:28,32.61,100.0,2.0,23.154,121.266
74DA38F7C366,2026-08-04,03:47:29,34.61,99.0,0.0,25.002,121.516
74DA38F209DE,2026-08-04,03:47:31,33.5,100.0,1.0,24.861,120.964
74DA38F7C27E,2026-08-04,03:47:34,32.25,94.0,2.0,25.053,121.444
74DA38F21024,2026-08-04,03:47:40,32.0,100.0,3.0,24.93,121.036
74DA38F20F0A,2026-08-04,03:47:44,32.11,100.0,7.0,22.995,120.635
74DA38F21054,2026-08-04,03:47:47,28.86,58.0,14.0,22.898,120.627
74DA38ED05B6,2026-08-04,03:47:56,31.25,99.0,2.0,23.43,121.348
74DA38F210F6,2026-08-04,03:47:58,31.36,100.0,3.0,22.757426,121.158891
74DA38F7C430,2026-08-04,03:48:07,33.5,75.0,0.0,24.981,121.423
74DA38F20B5C,2026-08-04,03:48:09,31.25,100.0,20.0,22.798,120.293
74DA38F7C39A,2026-08-04,03:48:15,32.5,100.0,0.0,25.002,121.414
74DA38F209F8,2026-08-04,03:48:18,34.61,100.0,0.0,23.157,121.4
74DA38F2105C,2026-08-04,03:48:20,33.75,100.0,0.0,25.088,121.599
74DA38F7C566,2026-08-04,03:48:21,33.25,100.0,0.0,25.051,121.448
74DA38F7C3D6,2026-08-04,03:48:27,37.12,99.0,0.0,25.045,121.541
74DA38F7C610,2026-08-04,03:48:31,31.36,89.0,3.0,25.063,121.564
74DA38F20B12,2026-08-04,03:48:34,27.5,73.0,14.0,22.91,120.716
74DA38F209B2,2026-08-04,03:48:36,29.61,100.0,0.0,22.363,120.599
74DA38F20B80,2026-08-04,03:48:39,31.86,100.0,43.0,22.599,120.35
74DA38F7C3DC,2026-08-04,03:48:44,33.75,100.0,1.0,25.003,121.539
74DA38F7C3B2,2026-08-04,03:48:47,31.61,65.0,0.0,24.929,121.378
74DA38F20E6E,2026-08-04,03:48:51,28.36,94.0,0.0,24.41,120.902
74DA38F7C4CC,2026-08-04,03:48:54,34.25,100.0,1.0,25.062,121.451
74DA38F21170,2026-08-04,03:48:58,32.61,71.0,1.0,22.779,121.088
74DA38F20934,2026-08-04,03:48:59,29.86,78.0,2.0,23.002,121.29
74DA38F7C480,2026-08-04,03:48:59,33.5,100.0,0.0,25.061,121.432
74DA38F7C5E6,2026-08-04,03:48:59,32.0,100.0,2.0,25.107,121.843
74DA38ED05EA,2026-08-04,03:49:06,29.86,100.0,1.0,23.394,121.357
74DA38F210A2,2026-08-04,03:49:16,33.0,100.0,0.0,25.12,121.466
74DA38F20DE0,2026-08-04,03:49:34,30.0,100.0,0.0,22.589,120.328
74DA38F20B82,2026-08-04,03:49:36,-4.0,0.0,1.0,22.847,120.465
74DA38F7C532,2026-08-04,03:49:45,32.36,91.0,2.0,25.059,121.499
74DA38ED04F2,2026-08-04,03:49:47,30.36,100.0,2.0,23.468,121.496
74DA38F20BF6,2026-08-04,03:49:51,28.61,100.0,19.0,22.582,120.368
74DA38F20E9E,2026-08-04,03:49:55,27.75,100.0,5.0,24.648,121.151
74DA38F20D16,2026-08-04,03:49:56,33.0,100.0,2.0,25.062,121.526
74DA38F2113E,2026-08-04,03:50:02,-4.0,0.0,0.0,22.728,120.313
74DA38F7C560,2026-08-04,03:50:02,32.86,-66.0,0.0,25.079,121.671
74DA38F20FFE,2026-08-04,03:50:09,31.11,100.0,15.0,22.894,120.298
74DA38ED0454,2026-08-04,03:50:12,32.11,96.0,1.0,24.053,121.599
74DA38F7C5AA,2026-08-04,03:50:15,33.11,100.0,0.0,25.0,121.479
74DA38F7C506,2026-08-04,03:50:18,34.5,100.0,0.0,24.996,121.544
74DA38F21088,2026-08-04,03:50:20,33.0,100.0,0.0,25.068,121.588
74DA38F7C3BA,2026-08-04,03:50:24,-4.0,0.0,60.0,25.174,121.441
74DA38F7C30C,2026-08-04,03:50:28,33.11,79.0,0.0,24.975,121.532
74DA38F21048,2026-08-04,03:50:29,29.86,100.0,31.0,22.595,120.341
74DA38F20C06,2026-08-04,03:50:37,29.25,55.0,3.0,24.874,121.02
74DA38F20D2E,2026-08-04,03:50:41,33.0,100.0,0.0,25.06,121.545
74DA38F7C260,2026-08-04,03:50:43,32.86,100.0,0.0,25.065,121.425
74DA38F20A30,2026-08-04,03:50:54,33.25,73.0,0.0,24.948,121.372
74DA38F7C54E,2026-08-04,03:51:01,33.5,99.0,0.0,25.063,121.661
74DA38ED06E0,2026-08-04,03:51:03,29.5,100.0,5.0,23.601,121.521
74DA38F209EE,2026-08-04,03:51:08,31.61,100.0,0.0,23.026,121.33
74DA38F20D1E,2026-08-04,03:51:08,33.36,100.0,4.0,25.048,121.573
74DA38ED0630,2026-08-04,03:51:09,31.75,94.0,0.0,23.994,121.594
74DA38F209A8,2026-08-04,03:51:10,-4.0,0.0,0.0,22.401,120.577
74DA38F7C592,2026-08-04,03:51:16,-4.0,0.0,0.0,25.224,121.637
74DA38F7C59C,2026-08-04,03:51:23,32.0,73.0,2.0,25.103,121.487
74DA38F20F1C,2026-08-04,03:51:27,31.86,100.0,22.0,25.062,121.451
74DA38F7C514,2026-08-04,03:51:27,32.75,100.0,2.0,25.051,121.518
74DA38F20D1A,2026-08-04,03:51:29,32.86,83.0,0.0,25.078,121.541
74DA38F7C13A,2026-08-04,03:51:33,24.5,6.0,1.0,25.069,121.359
74DA38F20B26,2026-08-04,03:51:42,30.86,100.0,15.0,22.783,120.247
74DA38F7C464,2026-08-04,03:51:46,29.25,31.0,0.0,25.006,121.413
74DA38F7C47E,2026-08-04,03:51:47,33.11,100.0,3.0,25.053963,121.427681
74DA38F21204,2026-08-04,03:51:56,31.25,100.0,0.0,25.062,121.451
74DA38F7C53A,2026-08-04,03:51:58,-4.0,0.0,0.0,25.067,121.641
74DA38F208E2,2026-08-04,03:52:03,30.86,100.0,2.0,24.688,121.766
74DA38F20D6C,2026-08-04,03:52:07,30.25,89.0,0.0,22.661,120.301
74DA38F7C616,2026-08-04,03:52:13,35.36,100.0,0.0,25.031,121.563
74DA38F20D70,2026-08-04,03:52:25,32.0,84.0,0.0,23.05,121.164
74DA38F7C53C,2026-08-04,03:52:25,32.25,100.0,0.0,25.11,121.804
74DA38F7C3DE,2026-08-04,03:52:32,34.0,92.0,236.0,24.972,121.537
74DA38F7C47C,2026-08-04,03:52:32,34.36,86.0,77.0,25.055,121.455
74DA38ED059C,2026-08-04,03:52:36,32.86,76.0,1.0,23.706,121.412
74DA38F7C524,2026-08-04,03:52:37,32.86,100.0,0.0,25.002,121.552
74DA38F20B88,2026-08-04,03:52:42,30.5,100.0,5.0,22.75,120.316
74DA38F7C600,2026-08-04,03:52:42,23.37,49.0,1.0,25.07,121.586
74DA38F7C570,2026-08-04,03:52:48,30.61,100.0,0.0,25.239,121.63
74DA38F7C648,2026-08-04,03:52:51,32.11,70.0,2.0,25.045,121.533
74DA38F20EB2,2026-08-04,03:52:53,31.36,100.0,17.0,24.324,120.835
74DA38F20C26,2026-08-04,03:52:56,31.75,85.0,20.0,22.676,120.342
74DA38F7C42E,2026-08-04,03:53:01,35.11,100.0,0.0,24.969,121.514
74DA38F20C22,2026-08-04,03:53:11,32.25,100.0,32.0,22.729,120.357
74DA38F21136,2026-08-04,03:53:12,33.0,88.0,0.0,25.119,121.505
74DA38F20A78,2026-08-04,03:53:17,33.11,100.0,0.0,22.904,121.124
74DA38F20862,2026-08-04,03:53:19,31.0,100.0,2.0,23.101,121.176
74DA38F207DE,2026-08-04,03:53:20,32.25,100.0,21.0,22.603,120.34
74DA38F7C310,2026-08-04,03:53:25,34.5,100.0,0.0,25.09,121.464
74DA38F2104E,2026-08-04,03:53:28,31.0,100.0,16.0,23.108,120.7
74DA38F7C5A0,2026-08-04,03:53:29,33.0,89.0,0.0,25.107,121.518
74DA38F7C5BE,2026-08-04,03:53:30,32.11,79.0,2.0,25.092,121.523
74DA38F7C5CE,2026-08-04,03:53:30,31.86,78.0,0.0,25.066,121.656
74DA38ED0640,2026-08-04,03:53:34,32.61,100.0,2.0,23.154,121.266
74DA38F7C366,2026-08-04,03:53:34,34.61,98.0,0.0,25.002,121.516
74DA38F7C27E,2026-08-04,03:53:38,32.36,93.0,2.0,25.053,121.444
74DA38F7C338,2026-08-04,03:53:42,30.61,100.0,2.0,25.011,121.458
74DA38F20F0A,2026-08-04,03:53:50,32.25,100.0,7.0,22.995,120.635
74DA38F21054,2026-08-04,03:53:55,28.86,58.0,15.0,22.898,120.627
74DA38F209DE,2026-08-04,03:53:58,33.36,100.0,0.0,24.861,120.964
74DA38ED05B6,2026-08-04,03:54:00,31.36,97.0,1.0,23.43,121.348
74DA38F210F6,2026-08-04,03:54:02,31.36,100.0,2.0,22.757426,121.158891
74DA38F21024,2026-08-04,03:54:07,32.0,100.0,17.0,24.93,121.036
74DA38F7C63C,2026-08-04,03:54:07,60.62,100.0,1.0,24.998,121.425
74DA38F20B5C,2026-08-04,03:54:16,31.36,100.0,19.0,22.798,120.293
74DA38F7C430,2026-08-04,03:54:35,33.5,75.0,0.0,24.981,121.423
74DA38F7C610,2026-08-04,03:54:36,31.36,90.0,3.0,25.063,121.564
74DA38F20B12,2026-08-04,03:54:40,27.5,74.0,14.0,22.91,120.716
74DA38F7C39A,2026-08-04,03:54:42,32.5,100.0,0.0,25.002,121.414
74DA38F209F8,2026-08-04,03:54:46,34.5,100.0,0.0,23.157,121.4
74DA38F2105C,2026-08-04,03:54:47,33.61,100.0,0.0,25.088,121.599
74DA38F7C3DC,2026-08-04,03:54:49,33.75,100.0,1.0,25.003,121.539
74DA38F7C566,2026-08-04,03:54:49,33.36,100.0,0.0,25.051,121.448
74DA38F7C3B2,2026-08-04,03:54:53,31.61,65.0,0.0,24.929,121.378
74DA38F7C3D6,2026-08-04,03:54:53,37.12,99.0,0.0,25.045,121.541
74DA38F20E6E,2026-08-04,03:54:54,28.5,94.0,0.0,24.41,120.902
74DA38F7C4CC,2026-08-04,03:55:01,34.25,100.0,1.0,25.062,121.451
74DA38F209B2,2026-08-04,03:55:03,29.75,100.0,0.0,22.363,120.599
74DA38F20934,2026-08-04,03:55:04,29.86,78.0,2.0,23.002,121.29
74DA38F7C5E6,2026-08-04,03:55:04,32.0,100.0,3.0,25.107,121.843
74DA38F21170,2026-08-04,03:55:06,32.61,72.0,0.0,22.779,121.088
74DA38F20B80,2026-08-04,03:55:07,31.75,100.0,43.0,22.599,120.35
74DA38ED05EA,2026-08-04,03:55:12,30.0,100.0,1.0,23.394,121.357
74DA38F210A2,2026-08-04,03:55:21,33.0,100.0,0.0,25.12,121.466
74DA38F7C480,2026-08-04,03:55:26,33.75,100.0,0.0,25.061,121.432
74DA38F7C532,2026-08-04,03:55:50,32.25,88.0,2.0,25.059,121.499
74DA38ED04F2,2026-08-04,03:55:54,30.36,100.0,2.0,23.468,121.496
74DA38F20BF6,2026-08-04,03:55:55,28.61,100.0,19.0,22.582,120.368
74DA38F20DE0,2026-08-04,03:55:59,30.11,100.0,1.0,22.589,120.328
74DA38F20D16,2026-08-04,03:56:01,32.86,100.0,2.0,25.062,121.526
74DA38F20E9E,2026-08-04,03:56:01,27.87,100.0,6.0,24.648,121.151
74DA38ED0454,2026-08-04,03:56:18,32.11,96.0,1.0,24.053,121.599
74DA38F20FFE,2026-08-04,03:56:22,31.25,100.0,17.0,22.894,120.298
74DA38F7C560,2026-08-04,03:56:30,32.61,-66.0,0.0,25.079,121.671
74DA38F7C46C,2026-08-04,03:56:40,-4.0,0.0,0.0,25.288,121.544
74DA38F20C06,2026-08-04,03:56:43,29.25,54.0,3.0,24.874,121.02
74DA38F7C30C,2026-08-04,03:56:44,33.25,79.0,0.0,24.975,121.532
74DA38F7C506,2026-08-04,03:56:47,34.11,100.0,0.0,24.996,121.544
74DA38F21088,2026-08-04,03:56:48,33.25,100.0,0.0,25.068,121.588
74DA38F7C5AA,2026-08-04,03:56:50,33.11,100.0,0.0,25.0,121.479
74DA38F21048,2026-08-04,03:57:01,29.86,100.0,28.0,22.595,120.341
74DA38F20D2E,2026-08-04,03:57:08,33.11,100.0,0.0,25.06,121.545
74DA38ED06E0,2026-08-04,03:57:09,29.5,100.0,4.0,23.601,121.521
74DA38F7C260,2026-08-04,03:57:11,32.86,100.0,0.0,25.065,121.425
74DA38F209EE,2026-08-04,03:57:13,31.5,100.0,0.0,23.026,121.33
74DA38F20D1E,2026-08-04,03:57:14,33.36,100.0,4.0,25.048,121.573
74DA38F2113E,2026-08-04,03:57:16,-4.0,0.0,0.0,22.728,120.313
74DA38F20A30,2026-08-04,03:57:20,33.36,71.0,0.0,24.948,121.372
74DA38F7C514,2026-08-04,03:57:33,32.75,100.0,2.0,25.051,121.518
74DA38F20F1C,2026-08-04,03:57:34,31.86,100.0,26.0,25.062,121.451
74DA38F7C4DE,2026-08-04,03:57:36,32.75,100.0,0.0,25.09,121.462
74DA38ED0630,2026-08-04,03:57:37,31.75,94.0,0.0,23.994,121.594
74DA38F20B26,2026-08-04,03:57:49,30.75,100.0,16.0,22.783,120.247
74DA38F7C59C,2026-08-04,03:57:50,32.0,70.0,2.0,25.103,121.487
74DA38F7C47E,2026-08-04,03:57:52,33.36,100.0,3.0,25.053963,121.427681
74DA38F20D1A,2026-08-04,03:57:56,33.11,82.0,0.0,25.078,121.541
74DA38F7C13A,2026-08-04,03:58:01,24.5,6.0,0.0,25.069,121.359
74DA38F21204,2026-08-04,03:58:02,31.25,100.0,0.0,25.062,121.451
74DA38F208E2,2026-08-04,03:58:07,30.86,100.0,2.0,24.688,121.766
74DA38F7C464,2026-08-04,03:58:12,29.36,31.0,0.0,25.006,121.413
74DA38F7C3DE,2026-08-04,03:58:28,34.11,92.0,218.0,24.972,121.537
74DA38F7C47C,2026-08-04,03:58:30,34.36,86.0,62.0,25.055,121.455
74DA38F7C616,2026-08-04,03:58:30,35.25,100.0,0.0,25.031,121.563
74DA38F20D70,2026-08-04,03:58:34,31.86,83.0,0.0,23.05,121.164
74DA38F20D6C,2026-08-04,03:58:36,30.36,88.0,0.0,22.661,120.301
74DA38ED059C,2026-08-04,03:58:41,32.75,75.0,1.0,23.706,121.412
74DA38F7C37C,2026-08-04,03:58:47,31.36,100.0,9.0,25.111,121.856
74DA38F7C600,2026-08-04,03:58:47,23.37,49.0,1.0,25.07,121.586
74DA38F7C53C,2026-08-04,03:58:51,32.25,100.0,0.0,25.11,121.804
74DA38F7C648,2026-08-04,03:58:57,32.11,70.0,2.0,25.045,121.533
74DA38F20EB2,2026-08-04,03:59:01,31.11,100.0,17.0,24.324,120.835
74DA38F7C3BA,2026-08-04,03:59:02,-4.0,0.0,59.0,25.174,121.441
74DA38F20C26,2026-08-04,03:59:04,31.75,85.0,20.0,22.676,120.342
74DA38F7C524,2026-08-04,03:59:05,32.86,100.0,0.0,25.002,121.552
74DA38F20B82,2026-08-04,03:59:11,-4.0,0.0,1.0,22.847,120.465
74DA38F20B88,2026-08-04,03:59:11,30.25,100.0,4.0,22.75,120.316
74DA38F7C570,2026-08-04,03:59:16,30.86,100.0,0.0,25.239,121.63
74DA38F20A78,2026-08-04,03:59:23,33.0,100.0,0.0,22.904,121.124
74DA38F207DE,2026-08-04,03:59:24,32.11,100.0,21.0,22.603,120.34
74DA38F20862,2026-08-04,03:59:25,31.11,100.0,1.0,23.101,121.176
74DA38F7C310,2026-08-04,03:59:29,34.61,100.0,0.0,25.09,121.464
74DA38F2104E,2026-08-04,03:59:34,31.0,100.0,16.0,23.108,120.7
74DA38F7C5BE,2026-08-04,03:59:35,32.11,78.0,2.0,25.092,121.523
74DA38F20C22,2026-08-04,03:59:38,32.25,100.0,23.0,22.729,120.357
74DA38F7C366,2026-08-04,03:59:38,34.36,100.0,0.0,25.002,121.516
74DA38ED0640,2026-08-04,03:59:40,32.75,100.0,2.0,23.154,121.266
74DA38F7C27E,2026-08-04,03:59:43,32.25,94.0,2.0,25.053,121.444
74DA38F7C338,2026-08-04,03:59:47,30.61,100.0,2.0,25.011,121.458
74DA38F20F0A,2026-08-04,03:59:56,32.11,100.0,8.0,22.995,120.635
74DA38F7C5A0,2026-08-04,03:59:57,32.86,88.0,0.0,25.107,121.518
74DA38F7C5CE,2026-08-04,03:59:58,31.86,78.0,0.0,25.066,121.656
74DA38F21054,2026-08-04,04:00:01,28.86,58.0,15.0,22.898,120.627
74DA38ED05B6,2026-08-04,04:00:06,31.25,98.0,2.0,23.43,121.348
74DA38F210F6,2026-08-04,04:00:07,31.5,100.0,1.0,22.757426,121.158891
74DA38F209DE,2026-08-04,04:00:24,33.36,100.0,0.0,24.861,120.964
74DA38F7C41E,2026-08-04,04:00:26,32.11,77.0,0.0,25.054,121.517
74DA38F20B5C,2026-08-04,04:00:32,31.5,100.0,19.0,22.798,120.293
74DA38F21024,2026-08-04,04:00:34,31.86,100.0,26.0,24.93,121.036
74DA38F7C610,2026-08-04,04:00:41,31.5,89.0,4.0,25.063,121.564
74DA38F20B12,2026-08-04,04:00:47,27.62,74.0,15.0,22.91,120.716
74DA38F209A8,2026-08-04,04:00:50,-4.0,0.0,1.0,22.401,120.577
74DA38F7C3DC,2026-08-04,04:00:53,34.11,100.0,1.0,25.003,121.539
74DA38F20E6E,2026-08-04,04:00:55,28.5,94.0,0.0,24.41,120.902
74DA38F7C592,2026-08-04,04:00:55,-4.0,0.0,0.0,25.224,121.637
74DA38F7C3B2,2026-08-04,04:00:59,31.61,65.0,0.0,24.929,121.378
74DA38F7C430,2026-08-04,04:01:02,33.75,76.0,0.0,24.981,121.423
74DA38F7C4CC,2026-08-04,04:01:08,34.11,100.0,0.0,25.062,121.451
74DA38F7C39A,2026-08-04,04:01:10,32.61,100.0,0.0,25.002,121.414
74DA38F7C5E6,2026-08-04,04:01:10,32.0,100.0,2.0,25.107,121.843
74DA38F209F8,2026-08-04,04:01:12,34.11,100.0,0.0,23.157,121.4
74DA38F21170,2026-08-04,04:01:12,32.75,71.0,0.0,22.779,121.088
74DA38F20934,2026-08-04,04:01:13,29.86,78.0,2.0,23.002,121.29
74DA38F2105C,2026-08-04,04:01:14,33.61,100.0,0.0,25.088,121.599
74DA38ED05EA,2026-08-04,04:01:17,30.11,100.0,1.0,23.394,121.357
74DA38F7C3D6,2026-08-04,04:01:19,37.25,100.0,0.0,25.045,121.541
74DA38F210A2,2026-08-04,04:01:27,32.75,100.0,0.0,25.12,121.466
74DA38F209B2,2026-08-04,04:01:30,29.75,100.0,0.0,22.363,120.599
74DA38F20B80,2026-08-04,04:01:34,31.75,100.0,50.0,22.599,120.35
74DA38F7C532,2026-08-04,04:01:54,32.25,88.0,3.0,25.059,121.499
74DA38F7C480,2026-08-04,04:01:55,33.5,100.0,0.0,25.061,121.432
74DA38ED04F2,2026-08-04,04:02:02,30.25,100.0,2.0,23.468,121.496
74DA38F20BF6,2026-08-04,04:02:03,28.61,100.0,19.0,22.582,120.368
74DA38F20D16,2026-08-04,04:02:05,33.11,100.0,2.0,25.062,121.526
74DA38F20E9E,2026-08-04,04:02:06,27.87,100.0,6.0,24.648,121.151
74DA38F20DE0,2026-08-04,04:02:28,30.11,100.0,2.0,22.589,120.328
74DA38F20C06,2026-08-04,04:02:48,29.25,54.0,3.0,24.874,121.02
74DA38F7C560,2026-08-04,04:02:56,32.61,-65.0,0.0,25.079,121.671
74DA38F21088,2026-08-04,04:03:16,33.11,100.0,0.0,25.068,121.588
74DA38F7C506,2026-08-04,04:03:16,34.25,100.0,0.0,24.996,121.544
74DA38F209EE,2026-08-04,04:03:18,31.61,100.0,0.0,23.026,121.33
74DA38ED06E0,2026-08-04,04:03:21,29.5,100.0,4.0,23.601,121.521
74DA38F20D1E,2026-08-04,04:03:21,33.36,100.0,4.0,25.048,121.573
74DA38F7C5AA,2026-08-04,04:03:28,33.25,100.0,0.0,25.0,121.479
74DA38F21048,2026-08-04,04:03:31,30.0,100.0,28.0,22.595,120.341
74DA38F20D2E,2026-08-04,04:03:35,33.25,100.0,0.0,25.06,121.545
74DA38F7C260,2026-08-04,04:03:39,33.0,100.0,1.0,25.065,121.425
74DA38F7C514,2026-08-04,04:03:39,32.75,100.0,3.0,25.051,121.518
74DA38F7C63C,2026-08-04,04:03:41,60.62,100.0,1.0,24.998,121.425
74DA38F20F1C,2026-08-04,04:03:43,31.75,100.0,24.0,25.062,121.451
74DA38F7C4DE,2026-08-04,04:03:48,32.86,100.0,0.0,25.09,121.462
74DA38F20A30,2026-08-04,04:03:49,33.36,72.0,0.0,24.948,121.372
74DA38F20B26,2026-08-04,04:03:56,30.86,100.0,16.0,22.783,120.247
74DA38F7C47E,2026-08-04,04:03:58,33.36,100.0,3.0,25.053963,121.427681
74DA38ED0630,2026-08-04,04:04:03,31.75,95.0,0.0,23.994,121.594
74DA38F21204,2026-08-04,04:04:08,31.11,100.0,0.0,25.062,121.451
74DA38F208E2,2026-08-04,04:04:12,30.86,100.0,1.0,24.688,121.766
74DA38F7C59C,2026-08-04,04:04:17,32.0,69.0,2.0,25.103,121.487
74DA38F7C3DE,2026-08-04,04:04:23,34.25,93.0,229.0,24.972,121.537
74DA38F20D1A,2026-08-04,04:04:25,33.11,81.0,0.0,25.078,121.541
74DA38F7C13A,2026-08-04,04:04:27,24.62,6.0,1.0,25.069,121.359
74DA38F7C47C,2026-08-04,04:04:27,34.11,86.0,74.0,25.055,121.455
74DA38F2113E,2026-08-04,04:04:30,-4.0,0.0,0.0,22.728,120.313
74DA38F20D70,2026-08-04,04:04:46,32.0,82.0,0.0,23.05,121.164
74DA38ED059C,2026-08-04,04:04:47,32.75,75.0,1.0,23.706,121.412
74DA38F7C464,2026-08-04,04:04:49,29.36,31.0,0.0,25.006,121.413
74DA38F7C600,2026-08-04,04:04:53,23.37,49.0,1.0,25.07,121.586
74DA38F7C648,2026-08-04,04:05:02,32.25,70.0,2.0,25.045,121.533
74DA38F20EB2,2026-08-04,04:05:07,30.86,100.0,17.0,24.324,120.835
74DA38F20C26,2026-08-04,04:05:13,31.75,83.0,19.0,22.676,120.342
74DA38F7C37C,2026-08-04,04:05:15,30.75,100.0,1.0,25.111,121.856
74DA38F7C53C,2026-08-04,04:05:18,32.25,100.0,0.0,25.11,121.804
74DA38F7C616,2026-08-04,04:05:23,35.11,100.0,0.0,25.031,121.563
74DA38F207DE,2026-08-04,04:05:29,32.25,100.0,21.0,22.603,120.34
74DA38F20A78,2026-08-04,04:05:30,32.75,100.0,0.0,22.904,121.124
74DA38F20862,2026-08-04,04:05:31,31.25,100.0,2.0,23.101,121.176
74DA38F7C524,2026-08-04,04:05:33,33.11,100.0,0.0,25.002,121.552
74DA38F7C310,2026-08-04,04:05:34,34.5,100.0,0.0,25.09,121.464
74DA38F2104E,2026-08-04,04:05:40,31.0,100.0,16.0,23.108,120.7
74DA38F7C5BE,2026-08-04,04:05:41,32.36,78.0,3.0,25.092,121.523
74DA38F20B88,2026-08-04,04:05:42,30.36,100.0,4.0,22.75,120.316
74DA38F7C366,2026-08-04,04:05:43,34.5,97.0,0.0,25.002,121.516
74DA38F7C570,2026-08-04,04:05:43,31.0,100.0,0.0,25.239,121.63
74DA38ED0640,2026-08-04,04:05:46,32.75,100.0,2.0,23.154,121.266
74DA38F7C27E,2026-08-04,04:05:49,32.36,93.0,2.0,25.053,121.444
74DA38F7C338,2026-08-04,04:05:53,30.75,100.0,2.0,25.011,121.458
74DA38F20F0A,2026-08-04,04:06:02,32.36,100.0,9.0,22.995,120.635
74DA38F21054,2026-08-04,04:06:06,28.86,59.0,15.0,22.898,120.627
74DA38F20C22,2026-08-04,04:06:08,32.25,100.0,23.0,22.729,120.357
74DA38ED05B6,2026-08-04,04:06:11,31.36,97.0,2.0,23.43,121.348
74DA38F210F6,2026-08-04,04:06:11,31.61,100.0,2.0,22.757426,121.158891
74DA38F7C46C,2026-08-04,04:06:19,-4.0,0.0,0.0,25.288,121.544
74DA38F7C5A0,2026-08-04,04:06:23,32.75,87.0,0.0,25.107,121.518
74DA38F7C5CE,2026-08-04,04:06:24,31.75,80.0,0.0,25.066,121.656
74DA38F20B5C,2026-08-04,04:06:39,31.5,100.0,19.0,22.798,120.293
74DA38F7C54E,2026-08-04,04:06:42,33.36,100.0,0.0,25.063,121.661
74DA38F7C610,2026-08-04,04:06:47,31.5,88.0,3.0,25.063,121.564
74DA38F7C42E,2026-08-04,04:06:50,34.75,100.0,0.0,24.969,121.514
74DA38F209DE,2026-08-04,04:06:52,33.11,100.0,0.0,24.861,120.964
74DA38F20B12,2026-08-04,04:06:52,27.62,76.0,16.0,22.91,120.716
74DA38F20E6E,2026-08-04,04:06:57,28.5,92.0,0.0,24.41,120.902
74DA38F7C41E,2026-08-04,04:06:57,31.86,77.0,0.0,25.054,121.517
74DA38F7C3DC,2026-08-04,04:06:59,34.25,100.0,4.0,25.003,121.539
74DA38F21024,2026-08-04,04:07:02,31.86,100.0,22.0,24.93,121.036
74DA38F7C3B2,2026-08-04,04:07:05,31.75,65.0,0.0,24.929,121.378
74DA38F7C4CC,2026-08-04,04:07:15,34.61,100.0,1.0,25.062,121.451
74DA38F7C5E6,2026-08-04,04:07:16,32.0,100.0,2.0,25.107,121.843
74DA38F21170,2026-08-04,04:07:17,33.0,71.0,1.0,22.779,121.088
74DA38F20934,2026-08-04,04:07:22,29.86,79.0,2.0,23.002,121.29
74DA38ED05EA,2026-08-04,04:07:23,30.11,100.0,0.0,23.394,121.357
74DA38F7C430,2026-08-04,04:07:30,33.75,75.0,0.0,24.981,121.423
74DA38F210A2,2026-08-04,04:07:33,32.75,100.0,0.0,25.12,121.466
74DA38F7C39A,2026-08-04,04:07:38,32.61,100.0,0.0,25.002,121.414
74DA38F7C3BA,2026-08-04,04:07:39,-4.0,0.0,65.0,25.174,121.441
74DA38F209F8,2026-08-04,04:07:40,34.11,100.0,0.0,23.157,121.4
74DA38F2105C,2026-08-04,04:07:41,33.61,100.0,0.0,25.088,121.599
74DA38F7C3D6,2026-08-04,04:07:46,37.62,99.0,0.0,25.045,121.541
74DA38F209B2,2026-08-04,04:07:56,29.61,100.0,0.0,22.363,120.599
74DA38F7C566,2026-08-04,04:07:58,33.5,100.0,0.0,25.051,121.448
74DA38F7C532,2026-08-04,04:07:59,32.11,89.0,2.0,25.059,121.499
74DA38F20B80,2026-08-04,04:08:01,31.86,100.0,46.0,22.599,120.35
74DA38ED04F2,2026-08-04,04:08:08,30.25,100.0,2.0,23.468,121.496
74DA38F20BF6,2026-08-04,04:08:10,28.75,100.0,19.0,22.582,120.368
74DA38F20D16,2026-08-04,04:08:10,33.11,99.0,2.0,25.062,121.526
74DA38F20E9E,2026-08-04,04:08:10,28.0,100.0,6.0,24.648,121.151
74DA38F7C480,2026-08-04,04:08:23,33.25,100.0,0.0,25.061,121.432
74DA38ED0454,2026-08-04,04:08:38,32.25,100.0,2.0,24.053,121.599
74DA38F20B82,2026-08-04,04:08:43,-4.0,0.0,2.0,22.847,120.465
74DA38F20FFE,2026-08-04,04:08:50,31.36,100.0,14.0,22.894,120.298
74DA38F20C06,2026-08-04,04:08:53,29.11,55.0,3.0,24.874,121.02
74DA38F20DE0,2026-08-04,04:08:55,30.11,100.0,2.0,22.589,120.328
74DA38F7C30C,2026-08-04,04:09:21,33.11,79.0,0.0,24.975,121.532
74DA38F209EE,2026-08-04,04:09:23,31.75,100.0,0.0,23.026,121.33
74DA38F7C560,2026-08-04,04:09:24,32.5,-65.0,0.0,25.079,121.671
74DA38ED06E0,2026-08-04,04:09:27,29.5,100.0,4.0,23.601,121.521
74DA38F20D1E,2026-08-04,04:09:28,33.5,100.0,4.0,25.048,121.573
74DA38F21088,2026-08-04,04:09:44,32.86,100.0,0.0,25.068,121.588
74DA38F7C514,2026-08-04,04:09:44,32.75,100.0,3.0,25.051,121.518
74DA38F7C506,2026-08-04,04:09:49,34.5,100.0,0.0,24.996,121.544
74DA38F20F1C,2026-08-04,04:09:50,31.75,100.0,22.0,25.062,121.451
74DA38F7C5AA,2026-08-04,04:09:56,33.36,100.0,0.0,25.0,121.479
74DA38F21048,2026-08-04,04:10:02,30.0,100.0,26.0,22.595,120.341
74DA38F7C4DE,2026-08-04,04:10:02,32.86,100.0,0.0,25.09,121.462
74DA38F20B26,2026-08-04,04:10:03,31.0,100.0,17.0,22.783,120.247
74DA38F20D2E,2026-08-04,04:10:03,33.36,100.0,0.0,25.06,121.545
74DA38F7C47E,2026-08-04,04:10:03,33.36,100.0,3.0,25.053963,121.427681
74DA38F7C260,2026-08-04,04:10:07,33.11,100.0,0.0,25.065,121.425
74DA38F21204,2026-08-04,04:10:13,31.25,100.0,0.0,25.062,121.451
74DA38F208E2,2026-08-04,04:10:16,30.75,100.0,1.0,24.688,121.766
74DA38F7C3DE,2026-08-04,04:10:18,34.36,91.0,227.0,24.972,121.537
74DA38F7C47C,2026-08-04,04:10:20,34.11,87.0,81.0,25.055,121.455
74DA38F20A30,2026-08-04,04:10:22,33.5,72.0,0.0,24.948,121.372
74DA38F209A8,2026-08-04,04:10:28,-4.0,0.0,0.0,22.401,120.577
74DA38ED0630,2026-08-04,04:10:31,31.61,97.0,0.0,23.994,121.594
74DA38F7C592,2026-08-04,04:10:33,-4.0,0.0,0.0,25.224,121.637
74DA38F7C59C,2026-08-04,04:10:44,32.0,68.0,2.0,25.103,121.487
74DA38F20D70,2026-08-04,04:10:53,32.25,82.0,0.0,23.05,121.164
74DA38ED059C,2026-08-04,04:10:54,33.0,73.0,0.0,23.706,121.412
74DA38F20D1A,2026-08-04,04:10:54,33.0,81.0,0.0,25.078,121.541
74DA38F7C600,2026-08-04,04:10:58,23.37,49.0,1.0,25.07,121.586
74DA38F7C13A,2026-08-04,04:11:05,24.87,7.0,3.0,25.069,121.359
74DA38F7C648,2026-08-04,04:11:06,32.11,70.0,2.0,25.045,121.533
74DA38F20EB2,2026-08-04,04:11:13,30.86,100.0,18.0,24.324,120.835
74DA38F7C464,2026-08-04,04:11:21,29.36,31.0,0.0,25.006,121.413
74DA38F20C26,2026-08-04,04:11:22,31.86,83.0,21.0,22.676,120.342
74DA38F207DE,2026-08-04,04:11:34,32.25,100.0,20.0,22.603,120.34
74DA38F20A78,2026-08-04,04:11:36,32.75,100.0,0.0,22.904,121.124
74DA38F21136,2026-08-04,04:11:36,33.11,89.0,0.0,25.119,121.505
74DA38F7C310,2026-08-04,04:11:39,34.36,100.0,0.0,25.09,121.464
74DA38F20862,2026-08-04,04:11:40,31.25,100.0,18.0,23.101,121.176
74DA38F7C37C,2026-08-04,04:11:43,30.5,100.0,1.0,25.111,121.856
74DA38F7C53C,2026-08-04,04:11:44,32.25,100.0,0.0,25.11,121.804
74DA38F2113E,2026-08-04,04:11:45,-4.0,0.0,0.0,22.728,120.313
74DA38F7C5BE,2026-08-04,04:11:45,32.36,78.0,3.0,25.092,121.523
74DA38F2104E,2026-08-04,04:11:46,31.0,100.0,15.0,23.108,120.7
74DA38F7C616,2026-08-04,04:11:47,35.36,100.0,0.0,25.031,121.563
74DA38F7C366,2026-08-04,04:11:49,35.0,98.0,0.0,25.002,121.516
74DA38ED0640,2026-08-04,04:11:52,32.75,100.0,2.0,23.154,121.266
74DA38F7C53A,2026-08-04,04:11:52,-4.0,0.0,0.0,25.067,121.641
74DA38F7C27E,2026-08-04,04:11:54,32.36,93.0,2.0,25.053,121.444
74DA38F7C338,2026-08-04,04:11:59,30.75,100.0,2.0,25.011,121.458
74DA38F7C524,2026-08-04,04:11:59,33.11,100.0,0.0,25.002,121.552
74DA38F20F0A,2026-08-04,04:12:08,32.5,100.0,8.0,22.995,120.635
74DA38F20B88,2026-08-04,04:12:10,30.25,100.0,4.0,22.75,120.316
74DA38F7C570,2026-08-04,04:12:10,31.0,100.0,0.0,25.239,121.63
74DA38F20D6C,2026-08-04,04:12:12,30.61,86.0,0.0,22.661,120.301
74DA38F21054,2026-08-04,04:12:12,28.86,57.0,15.0,22.898,120.627
74DA38ED05B6,2026-08-04,04:12:16,31.5,98.0,2.0,23.43,121.348
74DA38F210F6,2026-08-04,04:12:16,31.61,100.0,1.0,22.757426,121.158891
74DA38F20C22,2026-08-04,04:12:36,32.36,100.0,26.0,22.729,120.357
74DA38F20B5C,2026-08-04,04:12:45,31.5,100.0,20.0,22.798,120.293
74DA38F7C5A0,2026-08-04,04:12:51,32.75,87.0,0.0,25.107,121.518
74DA38F7C5CE,2026-08-04,04:12:51,31.61,80.0,0.0,25.066,121.656
74DA38F7C610,2026-08-04,04:12:51,31.5,87.0,3.0,25.063,121.564
74DA38F20E6E,2026-08-04,04:12:58,28.61,94.0,0.0,24.41,120.902
74DA38F20B12,2026-08-04,04:12:59,27.62,75.0,17.0,22.91,120.716
74DA38F7C3DC,2026-08-04,04:13:04,34.36,100.0,1.0,25.003,121.539
74DA38F7C3B2,2026-08-04,04:13:10,31.75,65.0,0.0,24.929,121.378
74DA38F7C54E,2026-08-04,04:13:11,33.0,100.0,0.0,25.063,121.661
74DA38F7C63C,2026-08-04,04:13:14,60.62,100.0,1.0,24.998,121.425
74DA38F7C42E,2026-08-04,04:13:18,34.86,100.0,0.0,24.969,121.514
74DA38F209DE,2026-08-04,04:13:19,33.36,100.0,0.0,24.861,120.964
74DA38F21170,2026-08-04,04:13:22,33.0,69.0,0.0,22.779,121.088
74DA38F7C5E6,2026-08-04,04:13:22,32.11,100.0,3.0,25.107,121.843
74DA38ED05EA,2026-08-04,04:13:28,30.25,100.0,0.0,23.394,121.357
74DA38F7C41E,2026-08-04,04:13:28,31.75,77.0,0.0,25.054,121.517
74DA38F21024,2026-08-04,04:13:30,31.86,100.0,38.0,24.93,121.036
74DA38F20934,2026-08-04,04:13:32,29.86,79.0,2.0,23.002,121.29
74DA38F210A2,2026-08-04,04:13:38,32.86,100.0,0.0,25.12,121.466
74DA38F7C430,2026-08-04,04:13:58,34.0,75.0,0.0,24.981,121.423
74DA38F7C39A,2026-08-04,04:14:06,32.61,100.0,0.0,25.002,121.414
74DA38F209F8,2026-08-04,04:14:07,34.25,100.0,0.0,23.157,121.4
74DA38F2105C,2026-08-04,04:14:07,33.5,100.0,0.0,25.088,121.599
74DA38F7C532,2026-08-04,04:14:08,32.25,88.0,3.0,25.059,121.499
74DA38F7C3D6,2026-08-04,04:14:13,37.37,99.0,0.0,25.045,121.541
74DA38ED04F2,2026-08-04,04:14:14,30.25,100.0,1.0,23.468,121.496
74DA38F20BF6,2026-08-04,04:14:15,28.75,100.0,19.0,22.582,120.368
74DA38F20D16,2026-08-04,04:14:15,33.11,98.0,2.0,25.062,121.526
74DA38F20E9E,2026-08-04,04:14:16,28.0,100.0,11.0,24.648,121.151
74DA38F209B2,2026-08-04,04:14:23,29.75,100.0,0.0,22.363,120.599
74DA38F20B80,2026-08-04,04:14:27,31.86,100.0,35.0,22.599,120.35
74DA38ED0454,2026-08-04,04:14:43,32.11,100.0,2.0,24.053,121.599
74DA38F20FFE,2026-08-04,04:14:56,31.5,100.0,13.0,22.894,120.298
74DA38F20C06,2026-08-04,04:14:59,29.11,55.0,4.0,24.874,121.02
74DA38F20DE0,2026-08-04,04:15:23,30.25,100.0,1.0,22.589,120.328
74DA38F209EE,2026-08-04,04:15:28,31.75,100.0,0.0,23.026,121.33
74DA38F7C30C,2026-08-04,04:15:29,33.11,82.0,0.0,24.975,121.532
74DA38ED06E0,2026-08-04,04:15:33,29.5,100.0,4.0,23.601,121.521
74DA38F7C514,2026-08-04,04:15:50,32.75,100.0,2.0,25.051,121.518
74DA38F7C560,2026-08-04,04:15:52,32.61,-65.0,0.0,25.079,121.671
74DA38F20F1C,2026-08-04,04:15:57,31.86,100.0,23.0,25.062,121.451
74DA38F7C46C,2026-08-04,04:15:59,-4.0,0.0,0.0,25.288,121.544
74DA38F20B26,2026-08-04,04:16:07,31.0,100.0,15.0,22.783,120.247
74DA38F7C47E,2026-08-04,04:16:08,33.25,100.0,3.0,25.053963,121.427681
74DA38F21088,2026-08-04,04:16:11,32.86,100.0,0.0,25.068,121.588
74DA38F7C3DE,2026-08-04,04:16:13,34.5,94.0,214.0,24.972,121.537
74DA38F7C47C,2026-08-04,04:16:14,34.25,86.0,96.0,25.055,121.455
74DA38F208E2,2026-08-04,04:16:21,30.75,100.0,1.0,24.688,121.766
74DA38F21204,2026-08-04,04:16:21,31.36,100.0,0.0,25.062,121.451
74DA38F7C4DE,2026-08-04,04:16:21,32.86,100.0,0.0,25.09,121.462
74DA38F7C506,2026-08-04,04:16:22,34.61,100.0,0.0,24.996,121.544
74DA38F7C5AA,2026-08-04,04:16:24,33.75,100.0,0.0,25.0,121.479
74DA38F7C3BA,2026-08-04,04:16:26,-4.0,0.0,62.0,25.174,121.441
74DA38F21048,2026-08-04,04:16:30,30.0,100.0,25.0,22.595,120.341
74DA38F20D2E,2026-08-04,04:16:31,33.36,100.0,0.0,25.06,121.545
74DA38F7C260,2026-08-04,04:16:36,33.25,100.0,0.0,25.065,121.425
74DA38ED059C,2026-08-04,04:16:59,33.25,74.0,0.0,23.706,121.412
74DA38ED0630,2026-08-04,04:16:59,31.36,98.0,0.0,23.994,121.594
74DA38F20A30,2026-08-04,04:16:59,33.61,71.0,0.0,24.948,121.372
74DA38F20D70,2026-08-04,04:16:59,32.25,81.0,0.0,23.05,121.164
74DA38F7C600,2026-08-04,04:17:03,23.37,49.0,1.0,25.07,121.586
74DA38F7C59C,2026-08-04,04:17:10,32.0,68.0,2.0,25.103,121.487
74DA38F7C648,2026-08-04,04:17:11,32.25,69.0,2.0,25.045,121.533
74DA38F20EB2,2026-08-04,04:17:21,31.11,100.0,17.0,24.324,120.835
74DA38F20D1A,2026-08-04,04:17:22,33.0,80.0,0.0,25.078,121.541
74DA38F20C26,2026-08-04,04:17:31,32.0,81.0,20.0,22.676,120.342
74DA38F7C13A,2026-08-04,04:17:32,25.0,8.0,0.0,25.069,121.359
74DA38F207DE,2026-08-04,04:17:40,32.5,100.0,19.0,22.603,120.34
74DA38F20A78,2026-08-04,04:17:42,32.86,100.0,0.0,22.904,121.124
74DA38F7C310,2026-08-04,04:17:43,34.36,100.0,0.0,25.09,121.464
74DA38F7C4CC,2026-08-04,04:17:48,34.61,100.0,1.0,25.062,121.451
74DA38F20862,2026-08-04,04:17:50,31.5,100.0,32.0,23.101,121.176
74DA38F7C5BE,2026-08-04,04:17:51,32.36,79.0,2.0,25.092,121.523
74DA38F2104E,2026-08-04,04:17:52,30.86,100.0,16.0,23.108,120.7
74DA38F7C366,2026-08-04,04:17:55,34.5,100.0,0.0,25.002,121.516
74DA38F7C464,2026-08-04,04:17:57,29.36,31.0,0.0,25.006,121.413
74DA38ED0640,2026-08-04,04:17:58,32.86,100.0,2.0,23.154,121.266
74DA38F7C27E,2026-08-04,04:17:58,32.25,92.0,2.0,25.053,121.444
74DA38F7C53C,2026-08-04,04:18:11,32.5,100.0,0.0,25.11,121.804
74DA38F20B82,2026-08-04,04:18:14,-4.0,0.0,1.0,22.847,120.465
74DA38F20F0A,2026-08-04,04:18:14,32.25,100.0,8.0,22.995,120.635
74DA38F21054,2026-08-04,04:18:20,28.75,57.0,16.0,22.898,120.627
74DA38F210F6,2026-08-04,04:18:20,31.75,100.0,1.0,22.757426,121.158891
74DA38ED05B6,2026-08-04,04:18:21,31.61,97.0,1.0,23.43,121.348
74DA38F7C37C,2026-08-04,04:18:24,30.5,100.0,0.0,25.111,121.856
74DA38F7C524,2026-08-04,04:18:27,33.25,100.0,0.0,25.002,121.552
74DA38F20B88,2026-08-04,04:18:38,30.36,100.0,2.0,22.75,120.316
74DA38F20D6C,2026-08-04,04:18:39,30.75,86.0,0.0,22.661,120.301
74DA38F7C570,2026-08-04,04:18:39,31.11,100.0,1.0,25.239,121.63
74DA38F20B5C,2026-08-04,04:18:50,31.75,100.0,20.0,22.798,120.293
74DA38F7C610,2026-08-04,04:18:56,31.5,87.0,3.0,25.063,121.564
74DA38F20E6E,2026-08-04,04:19:00,28.75,93.0,0.0,24.41,120.902
74DA38F2113E,2026-08-04,04:19:01,-4.0,0.0,0.0,22.728,120.313
74DA38F20C22,2026-08-04,04:19:04,32.36,100.0,23.0,22.729,120.357
74DA38F20B12,2026-08-04,04:19:05,27.62,76.0,16.0,22.91,120.716
74DA38F7C3DC,2026-08-04,04:19:10,34.36,100.0,3.0,25.003,121.539
74DA38F7C3B2,2026-08-04,04:19:15,31.75,65.0,0.0,24.929,121.378
74DA38F7C5A0,2026-08-04,04:19:18,32.75,87.0,0.0,25.107,121.518
74DA38F7C5CE,2026-08-04,04:19:18,31.61,80.0,0.0,25.066,121.656
74DA38F7C5E6,2026-08-04,04:19:27,32.11,100.0,2.0,25.107,121.843
74DA38F21170,2026-08-04,04:19:28,33.11,69.0,0.0,22.779,121.088
74DA38ED05EA,2026-08-04,04:19:35,30.25,100.0,1.0,23.394,121.357
74DA38F20934,2026-08-04,04:19:39,29.86,79.0,2.0,23.002,121.29
74DA38F7C54E,2026-08-04,04:19:40,33.5,100.0,0.0,25.063,121.661
74DA38F210A2,2026-08-04,04:19:43,33.0,100.0,0.0,25.12,121.466
74DA38F209DE,2026-08-04,04:19:45,33.11,100.0,0.0,24.861,120.964
74DA38F7C42E,2026-08-04,04:19:46,35.0,100.0,0.0,24.969,121.514
74DA38F21024,2026-08-04,04:19:58,31.86,100.0,38.0,24.93,121.036
74DA38F209A8,2026-08-04,04:20:07,-4.0,0.0,0.0,22.401,120.577
74DA38F7C532,2026-08-04,04:20:12,32.25,87.0,2.0,25.059,121.499
74DA38F7C592,2026-08-04,04:20:12,-4.0,0.0,0.0,25.224,121.637
74DA38ED04F2,2026-08-04,04:20:20,30.25,100.0,1.0,23.468,121.496
74DA38F20BF6,2026-08-04,04:20:20,28.86,100.0,20.0,22.582,120.368
74DA38F20D16,2026-08-04,04:20:21,33.11,97.0,2.0,25.062,121.526
74DA38F20E9E,2026-08-04,04:20:21,28.11,100.0,9.0,24.648,121.151
74DA38F7C430,2026-08-04,04:20:25,34.11,75.0,0.0,24.981,121.423
74DA38F7C39A,2026-08-04,04:20:32,32.61,100.0,0.0,25.002,121.414
74DA38F2105C,2026-08-04,04:20:33,33.5,100.0,0.0,25.088,121.599
74DA38F209F8,2026-08-04,04:20:34,34.11,100.0,0.0,23.157,121.4
74DA38F7C3D6,2026-08-04,04:20:39,37.25,97.0,0.0,25.045,121.541
74DA38ED0454,2026-08-04,04:20:50,32.11,100.0,2.0,24.053,121.599
74DA38F209B2,2026-08-04,04:20:50,29.75,100.0,0.0,22.363,120.599
74DA38F20B80,2026-08-04,04:20:55,32.0,100.0,18.0,22.599,120.35
74DA38F7C566,2026-08-04,04:21:01,33.36,100.0,0.0,25.051,121.448
74DA38F20C06,2026-08-04,04:21:04,29.25,56.0,4.0,24.874,121.02
74DA38F20FFE,2026-08-04,04:21:12,31.5,100.0,13.0,22.894,120.298
74DA38F209EE,2026-08-04,04:21:33,31.61,100.0,0.0,23.026,121.33
74DA38F7C30C,2026-08-04,04:21:37,33.11,82.0,0.0,24.975,121.532
74DA38F7C53A,2026-08-04,04:21:43,-4.0,0.0,0.0,25.067,121.641
74DA38ED06E0,2026-08-04,04:21:44,29.61,100.0,4.0,23.601,121.521
74DA38F20D1E,2026-08-04,04:21:50,33.0,100.0,5.0,25.048,121.573
74DA38F20DE0,2026-08-04,04:21:50,30.36,100.0,1.0,22.589,120.328
74DA38F7C514,2026-08-04,04:21:58,32.75,100.0,3.0,25.051,121.518
74DA38F20F1C,2026-08-04,04:22:07,31.86,100.0,24.0,25.062,121.451
74DA38F7C47C,2026-08-04,04:22:07,34.25,85.0,95.0,25.055,121.455
74DA38F7C3DE,2026-08-04,04:22:08,34.61,94.0,211.0,24.972,121.537
74DA38F7C47E,2026-08-04,04:22:13,33.11,100.0,3.0,25.053963,121.427681
74DA38F20B26,2026-08-04,04:22:15,31.0,100.0,17.0,22.783,120.247
74DA38F7C480,2026-08-04,04:22:16,33.75,100.0,0.0,25.061,121.432
74DA38F7C560,2026-08-04,04:22:18,32.61,-65.0,0.0,25.079,121.671
74DA38F208E2,2026-08-04,04:22:25,30.86,100.0,2.0,24.688,121.766
74DA38F21204,2026-08-04,04:22:30,31.5,100.0,0.0,25.062,121.451
74DA38F7C4DE,2026-08-04,04:22:33,32.86,100.0,0.0,25.09,121.462
74DA38F21088,2026-08-04,04:22:40,33.0,100.0,0.0,25.068,121.588
74DA38F7C63C,2026-08-04,04:22:46,60.62,100.0,1.0,24.998,121.425
74DA38F20D2E,2026-08-04,04:22:58,33.25,100.0,0.0,25.06,121.545
74DA38F21048,2026-08-04,04:23:00,30.0,100.0,20.0,22.595,120.341
74DA38ED059C,2026-08-04,04:23:06,33.11,71.0,0.0,23.706,121.412
74DA38F7C260,2026-08-04,04:23:07,33.36,100.0,0.0,25.065,121.425
74DA38F7C600,2026-08-04,04:23:09,23.37,49.0,1.0,25.07,121.586
74DA38F20D70,2026-08-04,04:23:15,32.36,82.0,0.0,23.05,121.164
74DA38F7C648,2026-08-04,04:23:17,32.25,69.0,3.0,25.045,121.533
74DA38F7C506,2026-08-04,04:23:22,35.0,100.0,0.0,24.996,121.544
74DA38F20A30,2026-08-04,04:23:25,33.61,71.0,0.0,24.948,121.372
74DA38ED0630,2026-08-04,04:23:28,31.5,99.0,0.0,23.994,121.594
74DA38F20EB2,2026-08-04,04:23:29,31.25,100.0,19.0,24.324,120.835
74DA38F7C59C,2026-08-04,04:23:38,32.0,68.0,1.0,25.103,121.487
74DA38F20C26,2026-08-04,04:23:41,32.0,80.0,20.0,22.676,120.342
74DA38F207DE,2026-08-04,04:23:45,32.61,100.0,18.0,22.603,120.34
74DA38F20A78,2026-08-04,04:23:47,33.0,100.0,0.0,22.904,121.124
74DA38F7C310,2026-08-04,04:23:47,34.36,100.0,0.0,25.09,121.464
74DA38F20D1A,2026-08-04,04:23:51,33.25,80.0,0.0,25.078,121.541
74DA38F7C5BE,2026-08-04,04:23:56,32.36,78.0,2.0,25.092,121.523
74DA38F2104E,2026-08-04,04:23:58,30.36,100.0,16.0,23.108,120.7
74DA38F7C4CC,2026-08-04,04:23:58,34.5,100.0,1.0,25.062,121.451
74DA38F7C13A,2026-08-04,04:23:59,24.87,8.0,0.0,25.069,121.359
74DA38F20862,2026-08-04,04:24:01,31.75,97.0,26.0,23.101,121.176
74DA38F7C366,2026-08-04,04:24:01,34.61,100.0,0.0,25.002,121.516
74DA38F7C27E,2026-08-04,04:24:03,32.25,91.0,2.0,25.053,121.444
74DA38ED0640,2026-08-04,04:24:04,32.86,100.0,2.0,23.154,121.266
74DA38F20F0A,2026-08-04,04:24:20,32.0,100.0,9.0,22.995,120.635
74DA38F7C338,2026-08-04,04:24:20,30.86,100.0,3.0,25.011,121.458
74DA38F7C464,2026-08-04,04:24:24,29.36,31.0,0.0,25.006,121.413
74DA38ED05B6,2026-08-04,04:24:25,31.61,100.0,2.0,23.43,121.348
74DA38F21054,2026-08-04,04:24:25,28.5,57.0,16.0,22.898,120.627
74DA38F210F6,2026-08-04,04:24:27,31.75,100.0,1.0,22.757426,121.158891
74DA38F7C53C,2026-08-04,04:24:39,32.61,100.0,0.0,25.11,121.804
74DA38F7C524,2026-08-04,04:24:55,33.5,100.0,0.0,25.002,121.552
74DA38F20B5C,2026-08-04,04:24:58,31.75,100.0,21.0,22.798,120.293
74DA38F20E6E,2026-08-04,04:25:01,28.75,93.0,0.0,24.41,120.902
74DA38F7C616,2026-08-04,04:25:01,35.36,100.0,0.0,25.031,121.563
74DA38F7C3BA,2026-08-04,04:25:03,-4.0,0.0,62.0,25.174,121.441
74DA38F7C610,2026-08-04,04:25:03,31.5,88.0,3.0,25.063,121.564
74DA38F20B88,2026-08-04,04:25:06,30.36,100.0,2.0,22.75,120.316
74DA38F7C570,2026-08-04,04:25:07,31.0,100.0,0.0,25.239,121.63
74DA38F20B12,2026-08-04,04:25:12,27.5,74.0,16.0,22.91,120.716
74DA38F7C37C,2026-08-04,04:25:13,30.61,100.0,2.0,25.111,121.856
74DA38F20D6C,2026-08-04,04:25:15,30.75,85.0,0.0,22.661,120.301
74DA38F7C3DC,2026-08-04,04:25:16,33.86,100.0,7.0,25.003,121.539
74DA38F7C3B2,2026-08-04,04:25:21,31.75,65.0,0.0,24.929,121.378
74DA38F20C22,2026-08-04,04:25:30,32.5,100.0,16.0,22.729,120.357
74DA38F7C5E6,2026-08-04,04:25:32,32.11,100.0,2.0,25.107,121.843
74DA38F21170,2026-08-04,04:25:35,33.36,69.0,0.0,22.779,121.088
74DA38F7C46C,2026-08-04,04:25:38,-4.0,0.0,0.0,25.288,121.544
74DA38ED05EA,2026-08-04,04:25:40,30.36,100.0,2.0,23.394,121.357
74DA38F7C5CE,2026-08-04,04:25:44,31.61,80.0,0.0,25.066,121.656
74DA38F7C5A0,2026-08-04,04:25:45,32.5,89.0,0.0,25.107,121.518
74DA38F20934,2026-08-04,04:25:47,29.86,78.0,2.0,23.002,121.29
74DA38F210A2,2026-08-04,04:25:48,33.0,100.0,0.0,25.12,121.466
74DA38F7C54E,2026-08-04,04:26:11,33.5,100.0,0.0,25.063,121.661
74DA38F209DE,2026-08-04,04:26:13,33.25,100.0,0.0,24.861,120.964
74DA38F2113E,2026-08-04,04:26:15,-4.0,0.0,0.0,22.728,120.313
74DA38F7C532,2026-08-04,04:26:21,32.25,86.0,2.0,25.059,121.499
74DA38F21024,2026-08-04,04:26:25,31.86,100.0,40.0,24.93,121.036
74DA38F20BF6,2026-08-04,04:26:26,28.86,100.0,19.0,22.582,120.368
74DA38F20D16,2026-08-04,04:26:27,33.11,94.0,2.0,25.062,121.526
74DA38F20E9E,2026-08-04,04:26:27,28.11,100.0,5.0,24.648,121.151
74DA38ED04F2,2026-08-04,04:26:28,30.25,100.0,1.0,23.468,121.496
74DA38F7C42E,2026-08-04,04:26:31,35.25,100.0,0.0,24.969,121.514
74DA38F7C41E,2026-08-04,04:26:47,31.75,76.0,0.0,25.054,121.517
74DA38F7C430,2026-08-04,04:26:52,34.11,75.0,0.0,24.981,121.423
74DA38ED0454,2026-08-04,04:26:56,32.0,100.0,2.0,24.053,121.599
74DA38F7C39A,2026-08-04,04:27:00,32.61,100.0,0.0,25.002,121.414
74DA38F209F8,2026-08-04,04:27:01,34.0,100.0,0.0,23.157,121.4
74DA38F2105C,2026-08-04,04:27:01,33.5,100.0,0.0,25.088,121.599
74DA38F7C3D6,2026-08-04,04:27:06,37.62,97.0,0.0,25.045,121.541
74DA38F20C06,2026-08-04,04:27:09,29.25,55.0,4.0,24.874,121.02
74DA38F209B2,2026-08-04,04:27:16,29.75,100.0,0.0,22.363,120.599
74DA38F20B80,2026-08-04,04:27:20,31.86,100.0,12.0,22.599,120.35
74DA38F20FFE,2026-08-04,04:27:24,31.61,100.0,12.0,22.894,120.298
74DA38F209EE,2026-08-04,04:27:38,31.75,100.0,0.0,23.026,121.33
74DA38F7C30C,2026-08-04,04:27:45,33.0,83.0,0.0,24.975,121.532
74DA38F20B82,2026-08-04,04:27:47,-4.0,0.0,1.0,22.847,120.465
74DA38ED06E0,2026-08-04,04:27:49,29.61,100.0,4.0,23.601,121.521
74DA38F20D1E,2026-08-04,04:27:58,32.86,100.0,5.0,25.048,121.573
74DA38F7C47C,2026-08-04,04:28:00,34.36,84.0,96.0,25.055,121.455
74DA38F7C3DE,2026-08-04,04:28:03,34.75,95.0,214.0,24.972,121.537
74DA38F7C514,2026-08-04,04:28:03,32.75,100.0,2.0,25.051,121.518
74DA38F20F1C,2026-08-04,04:28:15,31.86,100.0,28.0,25.062,121.451
74DA38F20DE0,2026-08-04,04:28:18,30.36,100.0,0.0,22.589,120.328
74DA38F7C47E,2026-08-04,04:28:18,33.36,100.0,3.0,25.053963,121.427681
74DA38F20B26,2026-08-04,04:28:21,30.86,100.0,15.0,22.783,120.247
74DA38F208E2,2026-08-04,04:28:30,30.86,100.0,2.0,24.688,121.766
74DA38F7C4DE,2026-08-04,04:28:41,32.75,100.0,0.0,25.09,121.462
74DA38F7C480,2026-08-04,04:28:43,33.75,100.0,0.0,25.061,121.432
74DA38F21204,2026-08-04,04:28:45,31.5,100.0,0.0,25.062,121.451
74DA38F7C560,2026-08-04,04:28:46,32.61,-65.0,0.0,25.079,121.671
74DA38F21088,2026-08-04,04:29:08,33.0,100.0,0.0,25.068,121.588
74DA38F7C600,2026-08-04,04:29:14,23.37,49.0,1.0,25.07,121.586
74DA38ED059C,2026-08-04,04:29:15,33.0,80.0,12.0,23.706,121.412
74DA38F20D70,2026-08-04,04:29:21,32.5,81.0,0.0,23.05,121.164
74DA38F7C648,2026-08-04,04:29:22,32.25,68.0,2.0,25.045,121.533
74DA38F20D2E,2026-08-04,04:29:26,33.11,100.0,0.0,25.06,121.545
74DA38F21048,2026-08-04,04:29:28,30.0,100.0,19.0,22.595,120.341
74DA38F7C260,2026-08-04,04:29:35,33.5,100.0,0.0,25.065,121.425
74DA38F20EB2,2026-08-04,04:29:37,31.11,100.0,18.0,24.324,120.835
74DA38F209A8,2026-08-04,04:29:47,-4.0,0.0,0.0,22.401,120.577
74DA38F20C26,2026-08-04,04:29:48,32.0,79.0,21.0,22.676,120.342
74DA38F207DE,2026-08-04,04:29:50,32.36,100.0,19.0,22.603,120.34
74DA38F7C310,2026-08-04,04:29:51,34.25,100.0,0.0,25.09,121.464
74DA38F20A30,2026-08-04,04:29:52,33.5,70.0,0.0,24.948,121.372
74DA38F7C592,2026-08-04,04:29:52,-4.0,0.0,0.0,25.224,121.637
74DA38F20A78,2026-08-04,04:29:53,33.0,100.0,0.0,22.904,121.124
74DA38ED0630,2026-08-04,04:29:56,31.5,99.0,0.0,23.994,121.594
74DA38F7C5BE,2026-08-04,04:30:02,32.25,79.0,3.0,25.092,121.523
74DA38F2104E,2026-08-04,04:30:05,30.61,100.0,15.0,23.108,120.7
74DA38F7C59C,2026-08-04,04:30:05,32.0,70.0,2.0,25.103,121.487
74DA38F20862,2026-08-04,04:30:07,31.61,94.0,29.0,23.101,121.176
74DA38F7C366,2026-08-04,04:30:07,34.5,100.0,0.0,25.002,121.516
74DA38F7C4CC,2026-08-04,04:30:08,35.0,100.0,1.0,25.062,121.451
74DA38F7C27E,2026-08-04,04:30:09,32.25,91.0,2.0,25.053,121.444
74DA38F7C506,2026-08-04,04:30:09,35.0,100.0,0.0,24.996,121.544
74DA38ED0640,2026-08-04,04:30:11,32.75,100.0,2.0,23.154,121.266
74DA38F20D1A,2026-08-04,04:30:19,33.36,80.0,0.0,25.078,121.541
74DA38F7C13A,2026-08-04,04:30:25,25.0,8.0,0.0,25.069,121.359
74DA38F20F0A,2026-08-04,04:30:26,32.25,100.0,9.0,22.995,120.635
74DA38ED05B6,2026-08-04,04:30:30,31.75,98.0,2.0,23.43,121.348
74DA38F21054,2026-08-04,04:30:31,28.5,57.0,15.0,22.898,120.627
74DA38F7C338,2026-08-04,04:30:33,30.86,100.0,3.0,25.011,121.458
74DA38F210F6,2026-08-04,04:30:35,31.75,100.0,1.0,22.757426,121.158891
74DA38F7C464,2026-08-04,04:30:57,29.36,31.0,0.0,25.006,121.413
74DA38F20E6E,2026-08-04,04:31:03,28.75,93.0,0.0,24.41,120.902
74DA38F7C53C,2026-08-04,04:31:05,32.61,100.0,0.0,25.11,121.804
74DA38F7C610,2026-08-04,04:31:08,31.5,88.0,3.0,25.063,121.564
74DA38F20B5C,2026-08-04,04:31:10,31.86,100.0,20.0,22.798,120.293
74DA38F20B12,2026-08-04,04:31:18,27.37,74.0,15.0,22.91,120.716
74DA38F7C3DC,2026-08-04,04:31:23,33.36,100.0,9.0,25.003,121.539
74DA38F7C524,2026-08-04,04:31:26,33.61,100.0,0.0,25.002,121.552
74DA38F7C3B2,2026-08-04,04:31:27,31.75,65.0,0.0,24.929,121.378
74DA38F20B88,2026-08-04,04:31:32,30.61,100.0,1.0,22.75,120.316
74DA38F7C570,2026-08-04,04:31:33,30.86,100.0,0.0,25.239,121.63
74DA38F7C5E6,2026-08-04,04:31:37,32.11,100.0,2.0,25.107,121.843
74DA38F21170,2026-08-04,04:31:40,33.5,69.0,0.0,22.779,121.088
74DA38F20D6C,2026-08-04,04:31:43,30.86,84.0,0.0,22.661,120.301
74DA38ED05EA,2026-08-04,04:31:46,30.36,100.0,1.0,23.394,121.357
74DA38F210A2,2026-08-04,04:31:53,32.86,100.0,0.0,25.12,121.466
74DA38F20934,2026-08-04,04:31:55,29.86,78.0,2.0,23.002,121.29
74DA38F20C22,2026-08-04,04:31:58,32.61,100.0,11.0,22.729,120.357
74DA38F7C5CE,2026-08-04,04:32:12,31.75,80.0,0.0,25.066,121.656
74DA38F7C5A0,2026-08-04,04:32:13,32.5,90.0,0.0,25.107,121.518
74DA38F7C63C,2026-08-04,04:32:20,60.62,100.0,1.0,24.998,121.425
74DA38F7C37C,2026-08-04,04:32:21,30.75,100.0,8.0,25.111,121.856
74DA38F7C532,2026-08-04,04:32:28,32.5,86.0,2.0,25.059,121.499
74DA38F20BF6,2026-08-04,04:32:32,28.86,100.0,19.0,22.582,120.368
74DA38F20D16,2026-08-04,04:32:32,33.25,92.0,1.0,25.062,121.526
74DA38F20E9E,2026-08-04,04:32:32,28.25,100.0,4.0,24.648,121.151
74DA38ED04F2,2026-08-04,04:32:36,30.25,100.0,2.0,23.468,121.496
74DA38F7C54E,2026-08-04,04:32:37,33.36,100.0,0.0,25.063,121.661
74DA38F209DE,2026-08-04,04:32:41,32.86,100.0,1.0,24.861,120.964
74DA38F21024,2026-08-04,04:32:54,31.86,100.0,42.0,24.93,121.036
74DA38F7C42E,2026-08-04,04:32:59,35.25,100.0,0.0,24.969,121.514
74DA38ED0454,2026-08-04,04:33:03,31.86,100.0,1.0,24.053,121.599
74DA38F20C06,2026-08-04,04:33:15,29.11,55.0,3.0,24.874,121.02
74DA38F7C41E,2026-08-04,04:33:15,31.75,76.0,0.0,25.054,121.517
74DA38F7C430,2026-08-04,04:33:20,34.11,74.0,0.0,24.981,121.423
74DA38F2105C,2026-08-04,04:33:27,33.5,100.0,0.0,25.088,121.599
74DA38F7C39A,2026-08-04,04:33:28,32.61,100.0,0.0,25.002,121.414
74DA38F209F8,2026-08-04,04:33:30,33.5,100.0,0.0,23.157,121.4
74DA38F2113E,2026-08-04,04:33:30,-4.0,0.0,0.0,22.728,120.313
74DA38F7C3D6,2026-08-04,04:33:33,37.12,97.0,0.0,25.045,121.541
74DA38F20FFE,2026-08-04,04:33:37,31.61,100.0,11.0,22.894,120.298
74DA38F209EE,2026-08-04,04:33:43,31.61,100.0,0.0,23.026,121.33
74DA38F209B2,2026-08-04,04:33:44,29.75,100.0,0.0,22.363,120.599
74DA38F7C3BA,2026-08-04,04:33:44,-4.0,0.0,62.0,25.174,121.441
74DA38F20B80,2026-08-04,04:33:47,31.75,100.0,14.0,22.599,120.35
74DA38F7C47C,2026-08-04,04:33:55,34.25,84.0,87.0,25.055,121.455
74DA38ED06E0,2026-08-04,04:33:57,29.61,100.0,4.0,23.601,121.521
74DA38F7C3DE,2026-08-04,04:33:58,34.75,95.0,211.0,24.972,121.537
74DA38F20D1E,2026-08-04,04:34:04,33.0,100.0,5.0,25.048,121.573
74DA38F7C566,2026-08-04,04:34:04,33.61,100.0,0.0,25.051,121.448
74DA38F7C30C,2026-08-04,04:34:05,33.0,83.0,0.0,24.975,121.532
74DA38F7C514,2026-08-04,04:34:08,32.75,100.0,2.0,25.051,121.518
74DA38F7C47E,2026-08-04,04:34:24,33.36,100.0,3.0,25.053963,121.427681
74DA38F20F1C,2026-08-04,04:34:26,31.86,100.0,37.0,25.062,121.451
74DA38F20B26,2026-08-04,04:34:30,30.86,100.0,16.0,22.783,120.247
74DA38F208E2,2026-08-04,04:34:36,30.86,100.0,2.0,24.688,121.766
74DA38F20DE0,2026-08-04,04:34:45,30.5,100.0,0.0,22.589,120.328
74DA38F21204,2026-08-04,04:34:51,31.5,100.0,0.0,25.062,121.451
74DA38F7C480,2026-08-04,04:35:09,33.75,100.0,0.0,25.061,121.432
74DA38F7C560,2026-08-04,04:35:14,32.61,-65.0,0.0,25.079,121.671
74DA38F7C46C,2026-08-04,04:35:16,-4.0,0.0,0.0,25.288,121.544
74DA38F7C600,2026-08-04,04:35:19,23.37,48.0,1.0,25.07,121.586
74DA38ED059C,2026-08-04,04:35:21,32.86,81.0,1.0,23.706,121.412
74DA38F21088,2026-08-04,04:35:35,33.0,100.0,0.0,25.068,121.588
74DA38F7C648,2026-08-04,04:35:35,32.36,68.0,2.0,25.045,121.533
74DA38F20D70,2026-08-04,04:35:36,32.5,81.0,0.0,23.05,121.164
74DA38F20EB2,2026-08-04,04:35:44,31.36,100.0,19.0,24.324,120.835
74DA38F20D2E,2026-08-04,04:35:54,33.25,100.0,0.0,25.06,121.545
74DA38F21048,2026-08-04,04:35:55,30.11,100.0,16.0,22.595,120.341
74DA38F7C310,2026-08-04,04:35:56,34.11,100.0,0.0,25.09,121.464
74DA38F20C26,2026-08-04,04:35:58,32.11,79.0,20.0,22.676,120.342
74DA38F207DE,2026-08-04,04:35:59,32.61,100.0,17.0,22.603,120.34
74DA38F20A78,2026-08-04,04:35:59,33.11,100.0,0.0,22.904,121.124
74DA38F7C5BE,2026-08-04,04:36:07,32.25,80.0,3.0,25.092,121.523
74DA38F7C260,2026-08-04,04:36:09,33.61,100.0,0.0,25.065,121.425
74DA38F2104E,2026-08-04,04:36:11,30.86,100.0,16.0,23.108,120.7
74DA38F7C366,2026-08-04,04:36:12,33.86,100.0,0.0,25.002,121.516
74DA38F20862,2026-08-04,04:36:13,31.75,92.0,23.0,23.101,121.176
74DA38F7C27E,2026-08-04,04:36:13,32.25,91.0,2.0,25.053,121.444
74DA38ED0640,2026-08-04,04:36:17,32.75,100.0,1.0,23.154,121.266
74DA38F20A30,2026-08-04,04:36:20,33.5,71.0,0.0,24.948,121.372
74DA38F7C4CC,2026-08-04,04:36:22,34.75,100.0,1.0,25.062,121.451
74DA38ED0630,2026-08-04,04:36:23,31.25,99.0,0.0,23.994,121.594
74DA38F7C59C,2026-08-04,04:36:31,32.0,70.0,2.0,25.103,121.487
74DA38F20F0A,2026-08-04,04:36:34,32.36,100.0,9.0,22.995,120.635
74DA38ED05B6,2026-08-04,04:36:35,31.75,97.0,2.0,23.43,121.348
74DA38F21054,2026-08-04,04:36:39,28.36,57.0,17.0,22.898,120.627
74DA38F210F6,2026-08-04,04:36:40,31.86,100.0,1.0,22.757426,121.158891
74DA38F7C506,2026-08-04,04:36:41,34.75,100.0,0.0,24.996,121.544
74DA38F20D1A,2026-08-04,04:36:47,33.25,82.0,0.0,25.078,121.541
74DA38F7C338,2026-08-04,04:36:48,30.86,100.0,3.0,25.011,121.458
74DA38F7C13A,2026-08-04,04:36:52,25.12,9.0,1.0,25.069,121.359
74DA38F20E6E,2026-08-04,04:37:04,28.75,94.0,0.0,24.41,120.902
74DA38F7C610,2026-08-04,04:37:13,31.5,87.0,3.0,25.063,121.564
74DA38F21136,2026-08-04,04:37:16,33.0,90.0,0.0,25.119,121.505
74DA38F20B82,2026-08-04,04:37:20,-4.0,0.0,1.0,22.847,120.465
74DA38F20B12,2026-08-04,04:37:24,27.5,75.0,14.0,22.91,120.716
74DA38F20B5C,2026-08-04,04:37:24,31.86,100.0,18.0,22.798,120.293
74DA38F7C3DC,2026-08-04,04:37:28,32.75,100.0,5.0,25.003,121.539
74DA38F7C53C,2026-08-04,04:37:31,32.75,100.0,0.0,25.11,121.804
74DA38F7C3B2,2026-08-04,04:37:33,31.86,65.0,0.0,24.929,121.378
74DA38F7C5AA,2026-08-04,04:37:36,33.36,100.0,0.0,25.0,121.479
74DA38F7C5E6,2026-08-04,04:37:42,32.11,100.0,1.0,25.107,121.843
74DA38F21170,2026-08-04,04:37:45,33.61,68.0,0.0,22.779,121.088
74DA38ED05EA,2026-08-04,04:37:51,30.5,100.0,1.0,23.394,121.357
74DA38F7C524,2026-08-04,04:37:56,33.25,100.0,0.0,25.002,121.552
74DA38F210A2,2026-08-04,04:37:58,33.0,100.0,0.0,25.12,121.466
74DA38F7C616,2026-08-04,04:38:01,35.36,100.0,0.0,25.031,121.563
74DA38F20B88,2026-08-04,04:38:02,30.75,100.0,1.0,22.75,120.316
74DA38F7C570,2026-08-04,04:38:02,31.0,100.0,0.0,25.239,121.63
74DA38F20934,2026-08-04,04:38:03,30.0,79.0,2.0,23.002,121.29
74DA38F20D6C,2026-08-04,04:38:15,30.86,84.0,0.0,22.661,120.301
74DA38F20C22,2026-08-04,04:38:26,32.61,100.0,4.0,22.729,120.357
74DA38F7C532,2026-08-04,04:38:34,32.25,85.0,2.0,25.059,121.499
74DA38F20D16,2026-08-04,04:38:37,33.36,94.0,2.0,25.062,121.526
74DA38F20E9E,2026-08-04,04:38:37,28.25,100.0,6.0,24.648,121.151
74DA38F20BF6,2026-08-04,04:38:38,28.86,100.0,19.0,22.582,120.368
74DA38F7C5CE,2026-08-04,04:38:39,31.61,80.0,0.0,25.066,121.656
74DA38F7C5A0,2026-08-04,04:38:40,32.5,90.0,0.0,25.107,121.518
74DA38ED04F2,2026-08-04,04:38:45,30.25,100.0,2.0,23.468,121.496
74DA38F7C37C,2026-08-04,04:38:54,31.25,100.0,7.0,25.111,121.856
74DA38F7C54E,2026-08-04,04:39:07,33.25,100.0,0.0,25.063,121.661
74DA38F209DE,2026-08-04,04:39:08,32.86,100.0,3.0,24.861,120.964
74DA38ED0454,2026-08-04,04:39:09,32.0,100.0,2.0,24.053,121.599
74DA38F20C06,2026-08-04,04:39:20,29.11,58.0,4.0,24.874,121.02
74DA38F21024,2026-08-04,04:39:22,31.86,100.0,32.0,24.93,121.036
74DA38F209A8,2026-08-04,04:39:26,-4.0,0.0,0.0,22.401,120.577
74DA38F7C42E,2026-08-04,04:39:30,35.36,100.0,0.0,24.969,121.514
74DA38F7C592,2026-08-04,04:39:30,-4.0,0.0,0.0,25.224,121.637
74DA38F7C41E,2026-08-04,04:39:46,31.61,76.0,0.0,25.054,121.517
74DA38F7C430,2026-08-04,04:39:47,34.25,75.0,0.0,24.981,121.423
74DA38F209EE,2026-08-04,04:39:48,31.75,100.0,0.0,23.026,121.33
74DA38F7C47C,2026-08-04,04:39:49,34.36,84.0,105.0,25.055,121.455
74DA38F20FFE,2026-08-04,04:39:52,31.61,100.0,10.0,22.894,120.298
74DA38F7C3DE,2026-08-04,04:39:52,34.75,96.0,205.0,24.972,121.537
74DA38F2105C,2026-08-04,04:39:54,33.5,100.0,0.0,25.088,121.599
74DA38F7C39A,2026-08-04,04:39:54,32.61,100.0,0.0,25.002,121.414
74DA38F209F8,2026-08-04,04:39:58,33.36,100.0,0.0,23.157,121.4
74DA38F7C3D6,2026-08-04,04:39:58,37.25,98.0,0.0,25.045,121.541
74DA38ED06E0,2026-08-04,04:40:03,29.75,99.0,4.0,23.601,121.521
74DA38F209B2,2026-08-04,04:40:11,30.0,100.0,0.0,22.363,120.599
74DA38F20D1E,2026-08-04,04:40:12,32.86,100.0,4.0,25.048,121.573
74DA38F20B80,2026-08-04,04:40:14,31.75,100.0,19.0,22.599,120.35
74DA38F7C514,2026-08-04,04:40:14,32.86,100.0,2.0,25.051,121.518
74DA38F7C30C,2026-08-04,04:40:15,33.0,83.0,0.0,24.975,121.532
74DA38F7C47E,2026-08-04,04:40:29,33.5,100.0,3.0,25.053963,121.427681
74DA38F20F1C,2026-08-04,04:40:34,31.75,100.0,30.0,25.062,121.451
74DA38F20B26,2026-08-04,04:40:37,31.0,100.0,16.0,22.783,120.247
74DA38F208E2,2026-08-04,04:40:40,30.86,100.0,1.0,24.688,121.766
74DA38F2113E,2026-08-04,04:40:46,-4.0,0.0,1.0,22.728,120.313
74DA38F21204,2026-08-04,04:41:01,31.5,100.0,0.0,25.062,121.451
74DA38F20DE0,2026-08-04,04:41:13,30.5,100.0,1.0,22.589,120.328
74DA38F7C600,2026-08-04,04:41:25,23.37,49.0,1.0,25.07,121.586
74DA38ED059C,2026-08-04,04:41:27,32.61,81.0,0.0,23.706,121.412
74DA38F7C53A,2026-08-04,04:41:31,-4.0,0.0,0.0,25.067,121.641
74DA38F7C480,2026-08-04,04:41:37,33.75,100.0,0.0,25.061,121.432
74DA38F7C4DE,2026-08-04,04:41:37,32.86,100.0,0.0,25.09,121.462
74DA38F7C560,2026-08-04,04:41:41,32.61,-65.0,0.0,25.079,121.671
74DA38F7C648,2026-08-04,04:41:43,32.36,68.0,2.0,25.045,121.533
74DA38F20EB2,2026-08-04,04:41:51,31.36,100.0,18.0,24.324,120.835
74DA38F7C63C,2026-08-04,04:41:52,60.62,100.0,2.0,24.998,121.425
74DA38F7C310,2026-08-04,04:42:00,34.0,100.0,0.0,25.09,121.464
74DA38F207DE,2026-08-04,04:42:03,32.61,100.0,16.0,22.603,120.34
74DA38F21088,2026-08-04,04:42:03,33.0,100.0,0.0,25.068,121.588
74DA38F20C26,2026-08-04,04:42:07,32.11,77.0,20.0,22.676,120.342
74DA38F20A78,2026-08-04,04:42:08,33.0,100.0,0.0,22.904,121.124
74DA38F20D70,2026-08-04,04:42:12,32.61,82.0,0.0,23.05,121.164
74DA38F7C5BE,2026-08-04,04:42:13,32.11,80.0,3.0,25.092,121.523
74DA38F2104E,2026-08-04,04:42:16,31.25,100.0,16.0,23.108,120.7
74DA38F7C27E,2026-08-04,04:42:18,32.36,91.0,2.0,25.053,121.444
74DA38F20862,2026-08-04,04:42:19,31.75,94.0,15.0,23.101,121.176
74DA38F20D2E,2026-08-04,04:42:21,33.11,100.0,0.0,25.06,121.545
74DA38F7C3BA,2026-08-04,04:42:21,-4.0,0.0,61.0,25.174,121.441
74DA38ED0640,2026-08-04,04:42:23,32.86,100.0,2.0,23.154,121.266
74DA38F21048,2026-08-04,04:42:23,30.0,100.0,17.0,22.595,120.341
74DA38F7C4CC,2026-08-04,04:42:29,34.75,100.0,2.0,25.062,121.451
74DA38ED05B6,2026-08-04,04:42:40,31.86,97.0,2.0,23.43,121.348
74DA38F20F0A,2026-08-04,04:42:40,32.5,100.0,10.0,22.995,120.635
74DA38F210F6,2026-08-04,04:42:45,32.0,100.0,1.0,22.757426,121.158891
74DA38F21054,2026-08-04,04:42:46,28.36,56.0,16.0,22.898,120.627
74DA38ED0630,2026-08-04,04:42:50,31.11,99.0,0.0,23.994,121.594
74DA38F20A30,2026-08-04,04:42:53,33.61,72.0,0.0,24.948,121.372
74DA38F7C260,2026-08-04,04:42:54,33.75,100.0,0.0,25.065,121.425
74DA38F7C338,2026-08-04,04:42:57,30.86,100.0,3.0,25.011,121.458
74DA38F7C59C,2026-08-04,04:42:58,32.0,70.0,3.0,25.103,121.487
74DA38F20E6E,2026-08-04,04:43:07,28.86,95.0,0.0,24.41,120.902
74DA38F7C506,2026-08-04,04:43:13,34.25,100.0,0.0,24.996,121.544
74DA38F20D1A,2026-08-04,04:43:15,33.36,82.0,0.0,25.078,121.541
74DA38F7C610,2026-08-04,04:43:18,31.61,87.0,3.0,25.063,121.564
74DA38F7C13A,2026-08-04,04:43:21,25.25,11.0,3.0,25.069,121.359
74DA38F21136,2026-08-04,04:43:25,33.0,90.0,0.0,25.119,121.505
74DA38F20B5C,2026-08-04,04:43:30,32.25,100.0,18.0,22.798,120.293
74DA38F20B12,2026-08-04,04:43:31,27.5,76.0,14.0,22.91,120.716
74DA38F7C3DC,2026-08-04,04:43:36,33.0,100.0,13.0,25.003,121.539
74DA38F7C3B2,2026-08-04,04:43:38,32.0,64.0,0.0,24.929,121.378
74DA38F7C5E6,2026-08-04,04:43:47,32.11,100.0,1.0,25.107,121.843
74DA38F21170,2026-08-04,04:43:50,33.61,68.0,0.0,22.779,121.088
74DA38ED05EA,2026-08-04,04:43:56,30.61,100.0,1.0,23.394,121.357
74DA38F7C53C,2026-08-04,04:43:59,32.86,100.0,0.0,25.11,121.804
74DA38F210A2,2026-08-04,04:44:03,32.75,100.0,0.0,25.12,121.466
74DA38F7C616,2026-08-04,04:44:20,34.86,100.0,0.0,25.031,121.563
74DA38F20934,2026-08-04,04:44:23,29.86,79.0,3.0,23.002,121.29
74DA38F7C524,2026-08-04,04:44:25,33.11,100.0,0.0,25.002,121.552
74DA38F7C570,2026-08-04,04:44:29,30.86,100.0,1.0,25.239,121.63
74DA38F20B88,2026-08-04,04:44:30,30.75,100.0,2.0,22.75,120.316
74DA38F7C532,2026-08-04,04:44:38,32.61,85.0,2.0,25.059,121.499
74DA38F20D16,2026-08-04,04:44:42,33.25,93.0,2.0,25.062,121.526
74DA38F20E9E,2026-08-04,04:44:42,28.25,100.0,7.0,24.648,121.151
74DA38F20BF6,2026-08-04,04:44:43,29.0,100.0,19.0,22.582,120.368
74DA38ED04F2,2026-08-04,04:44:52,30.5,100.0,2.0,23.468,121.496
74DA38F20C22,2026-08-04,04:44:52,32.61,100.0,0.0,22.729,120.357
74DA38F7C46C,2026-08-04,04:44:58,-4.0,0.0,0.0,25.288,121.544
74DA38F7C5CE,2026-08-04,04:45:06,31.61,80.0,0.0,25.066,121.656
74DA38F7C5A0,2026-08-04,04:45:07,32.36,89.0,0.0,25.107,121.518
74DA38ED0454,2026-08-04,04:45:14,31.86,100.0,2.0,24.053,121.599
74DA38F20C06,2026-08-04,04:45:25,29.11,58.0,4.0,24.874,121.02
74DA38F20D6C,2026-08-04,04:45:34,31.11,83.0,0.0,22.661,120.301
74DA38F209DE,2026-08-04,04:45:36,32.86,100.0,2.0,24.861,120.964
74DA38F7C47C,2026-08-04,04:45:42,34.25,84.0,109.0,25.055,121.455
74DA38F7C3DE,2026-08-04,04:45:47,34.86,95.0,216.0,24.972,121.537
74DA38F21024,2026-08-04,04:45:49,31.86,100.0,43.0,24.93,121.036
74DA38F209EE,2026-08-04,04:45:54,31.75,100.0,0.0,23.026,121.33
74DA38F7C42E,2026-08-04,04:45:57,35.11,100.0,0.0,24.969,121.514
74DA38F20FFE,2026-08-04,04:46:01,31.61,100.0,10.0,22.894,120.298
74DA38ED06E0,2026-08-04,04:46:10,29.75,99.0,3.0,23.601,121.521
74DA38F7C430,2026-08-04,04:46:15,34.25,76.0,0.0,24.981,121.423
74DA38F7C514,2026-08-04,04:46:20,32.75,100.0,3.0,25.051,121.518
74DA38F2105C,2026-08-04,04:46:22,33.5,100.0,0.0,25.088,121.599
74DA38F7C30C,2026-08-04,04:46:22,33.11,84.0,0.0,24.975,121.532
74DA38F7C39A,2026-08-04,04:46:22,32.75,100.0,0.0,25.002,121.414
74DA38F209F8,2026-08-04,04:46:25,33.25,100.0,0.0,23.157,121.4
74DA38F7C3D6,2026-08-04,04:46:25,37.5,97.0,0.0,25.045,121.541
74DA38F7C47E,2026-08-04,04:46:34,33.36,100.0,3.0,25.053963,121.427681
74DA38F209B2,2026-08-04,04:46:37,30.0,100.0,0.0,22.363,120.599
74DA38F20B80,2026-08-04,04:46:42,31.5,100.0,38.0,22.599,120.35
74DA38F20F1C,2026-08-04,04:46:42,31.75,100.0,31.0,25.062,121.451
74DA38F208E2,2026-08-04,04:46:45,30.86,100.0,1.0,24.688,121.766
74DA38F20B26,2026-08-04,04:46:47,31.11,100.0,16.0,22.783,120.247
74DA38F20B82,2026-08-04,04:47:03,-4.0,0.0,1.0,22.847,120.465
74DA38F21204,2026-08-04,04:47:10,31.5,100.0,0.0,25.062,121.451
74DA38F7C566,2026-08-04,04:47:12,33.75,100.0,0.0,25.051,121.448
74DA38F7C600,2026-08-04,04:47:30,23.37,47.0,1.0,25.07,121.586
74DA38ED059C,2026-08-04,04:47:33,32.86,82.0,0.0,23.706,121.412
74DA38F20DE0,2026-08-04,04:47:41,30.5,100.0,2.0,22.589,120.328
74DA38F7C648,2026-08-04,04:47:49,32.5,68.0,2.0,25.045,121.533
74DA38F7C4DE,2026-08-04,04:47:53,32.86,100.0,0.0,25.09,121.462
74DA38F20EB2,2026-08-04,04:47:58,31.36,100.0,19.0,24.324,120.835
74DA38F2113E,2026-08-04,04:48:02,-4.0,0.0,1.0,22.728,120.313
74DA38F7C310,2026-08-04,04:48:05,34.0,100.0,0.0,25.09,121.464
74DA38F7C480,2026-08-04,04:48:05,33.75,100.0,0.0,25.061,121.432
74DA38F7C560,2026-08-04,04:48:09,32.75,-65.0,0.0,25.079,121.671
74DA38F20A78,2026-08-04,04:48:13,32.61,100.0,0.0,22.904,121.124
74DA38F20C26,2026-08-04,04:48:15,32.11,76.0,18.0,22.676,120.342
74DA38F7C5BE,2026-08-04,04:48:18,32.0,80.0,3.0,25.092,121.523
74DA38F20D70,2026-08-04,04:48:20,32.61,81.0,0.0,23.05,121.164
74DA38F2104E,2026-08-04,04:48:22,31.36,100.0,15.0,23.108,120.7
74DA38F7C366,2026-08-04,04:48:22,34.0,100.0,0.0,25.002,121.516
74DA38F20862,2026-08-04,04:48:26,31.75,92.0,10.0,23.101,121.176
74DA38ED0640,2026-08-04,04:48:29,33.0,100.0,2.0,23.154,121.266
74DA38F21088,2026-08-04,04:48:32,33.0,100.0,0.0,25.068,121.588
74DA38F7C4CC,2026-08-04,04:48:35,34.36,100.0,2.0,25.062,121.451
74DA38ED05B6,2026-08-04,04:48:45,32.0,97.0,1.0,23.43,121.348
74DA38F20F0A,2026-08-04,04:48:46,32.36,100.0,10.0,22.995,120.635
74DA38F20D2E,2026-08-04,04:48:49,33.0,100.0,0.0,25.06,121.545
74DA38F21048,2026-08-04,04:48:52,30.11,100.0,16.0,22.595,120.341
74DA38F21054,2026-08-04,04:48:52,28.25,56.0,16.0,22.898,120.627
74DA38F210F6,2026-08-04,04:48:53,31.86,100.0,2.0,22.757426,121.158891
74DA38F7C338,2026-08-04,04:49:02,30.86,100.0,3.0,25.011,121.458
74DA38F209A8,2026-08-04,04:49:04,-4.0,0.0,0.0,22.401,120.577
74DA38F20E6E,2026-08-04,04:49:08,28.86,95.0,0.0,24.41,120.902
74DA38F7C592,2026-08-04,04:49:09,-4.0,0.0,0.0,25.224,121.637
74DA38ED0630,2026-08-04,04:49:17,31.0,100.0,0.0,23.994,121.594
74DA38F20A30,2026-08-04,04:49:20,33.5,73.0,0.0,24.948,121.372
74DA38F7C610,2026-08-04,04:49:22,31.61,86.0,3.0,25.063,121.564
74DA38F7C59C,2026-08-04,04:49:26,32.0,70.0,2.0,25.103,121.487
74DA38F20B5C,2026-08-04,04:49:37,32.25,100.0,18.0,22.798,120.293
74DA38F20B12,2026-08-04,04:49:39,27.5,75.0,15.0,22.91,120.716
74DA38F7C3DC,2026-08-04,04:49:41,32.75,100.0,4.0,25.003,121.539
74DA38F20D1A,2026-08-04,04:49:42,33.25,81.0,0.0,25.078,121.541
74DA38F7C3B2,2026-08-04,04:49:43,32.0,64.0,0.0,24.929,121.378
74DA38F7C506,2026-08-04,04:49:43,34.0,100.0,0.0,24.996,121.544
74DA38F7C13A,2026-08-04,04:49:49,25.37,13.0,3.0,25.069,121.359
74DA38F7C5E6,2026-08-04,04:49:52,32.25,100.0,1.0,25.107,121.843
74DA38F21170,2026-08-04,04:49:56,33.61,68.0,0.0,22.779,121.088
74DA38F21136,2026-08-04,04:49:57,33.0,88.0,0.0,25.119,121.505
74DA38ED05EA,2026-08-04,04:50:01,30.61,100.0,1.0,23.394,121.357
74DA38F210A2,2026-08-04,04:50:08,32.75,100.0,0.0,25.12,121.466
74DA38F7C53C,2026-08-04,04:50:25,32.75,100.0,0.0,25.11,121.804
74DA38F20934,2026-08-04,04:50:35,29.86,79.0,2.0,23.002,121.29
74DA38F7C616,2026-08-04,04:50:37,34.75,100.0,0.0,25.031,121.563
74DA38F7C532,2026-08-04,04:50:45,32.61,84.0,2.0,25.059,121.499
74DA38F20D16,2026-08-04,04:50:46,33.25,94.0,2.0,25.062,121.526
74DA38F20E9E,2026-08-04,04:50:47,28.25,100.0,6.0,24.648,121.151
74DA38F20BF6,2026-08-04,04:50:48,29.0,100.0,19.0,22.582,120.368
74DA38F7C524,2026-08-04,04:50:51,33.11,100.0,0.0,25.002,121.552
74DA38F7C570,2026-08-04,04:50:57,31.0,100.0,0.0,25.239,121.63
74DA38F20B88,2026-08-04,04:50:58,30.75,100.0,2.0,22.75,120.316
74DA38F7C3BA,2026-08-04,04:50:59,-4.0,0.0,61.0,25.174,121.441
74DA38ED04F2,2026-08-04,04:51:00,30.36,100.0,2.0,23.468,121.496
74DA38F7C5AA,2026-08-04,04:51:01,33.25,100.0,0.0,25.0,121.479
74DA38F7C53A,2026-08-04,04:51:11,-4.0,0.0,0.0,25.067,121.641
74DA38ED0454,2026-08-04,04:51:20,32.0,100.0,1.0,24.053,121.599
74DA38F20C22,2026-08-04,04:51:21,32.61,100.0,0.0,22.729,120.357
74DA38F7C464,2026-08-04,04:51:21,29.36,31.0,0.0,25.006,121.413
74DA38F7C63C,2026-08-04,04:51:25,60.62,100.0,2.0,24.998,121.425
74DA38F20C06,2026-08-04,04:51:31,29.0,58.0,4.0,24.874,121.02
74DA38F7C5CE,2026-08-04,04:51:33,31.61,80.0,0.0,25.066,121.656
74DA38F7C47C,2026-08-04,04:51:34,34.11,85.0,94.0,25.055,121.455
74DA38F7C5A0,2026-08-04,04:51:34,32.61,89.0,0.0,25.107,121.518
74DA38F7C3DE,2026-08-04,04:51:42,34.86,95.0,226.0,24.972,121.537
74DA38F209EE,2026-08-04,04:51:59,31.75,100.0,0.0,23.026,121.33
74DA38F209DE,2026-08-04,04:52:03,33.0,100.0,0.0,24.861,120.964
74DA38F20FFE,2026-08-04,04:52:08,31.75,100.0,11.0,22.894,120.298
74DA38ED06E0,2026-08-04,04:52:16,29.86,99.0,3.0,23.601,121.521
74DA38F21024,2026-08-04,04:52:17,31.86,100.0,42.0,24.93,121.036
74DA38F7C42E,2026-08-04,04:52:23,35.36,100.0,0.0,24.969,121.514
74DA38F7C514,2026-08-04,04:52:26,32.75,100.0,2.0,25.051,121.518
74DA38F7C30C,2026-08-04,04:52:32,33.11,83.0,0.0,24.975,121.532
74DA38F7C47E,2026-08-04,04:52:39,33.11,100.0,2.0,25.053963,121.427681
74DA38F20D1E,2026-08-04,04:52:42,32.75,100.0,4.0,25.048,121.573
74DA38F7C430,2026-08-04,04:52:43,34.36,76.0,0.0,24.981,121.423
74DA38F2105C,2026-08-04,04:52:48,33.5,100.0,0.0,25.088,121.599
74DA38F208E2,2026-08-04,04:52:49,31.11,100.0,1.0,24.688,121.766
74DA38F20F1C,2026-08-04,04:52:49,31.86,100.0,32.0,25.062,121.451
74DA38F7C39A,2026-08-04,04:52:50,32.75,100.0,0.0,25.002,121.414
74DA38F7C3D6,2026-08-04,04:52:52,37.62,95.0,0.0,25.045,121.541
74DA38F209F8,2026-08-04,04:52:53,33.11,100.0,0.0,23.157,121.4
74DA38F20B26,2026-08-04,04:52:54,31.0,100.0,16.0,22.783,120.247
74DA38F7C41E,2026-08-04,04:52:57,31.75,76.0,0.0,25.054,121.517
74DA38F209B2,2026-08-04,04:53:04,29.86,100.0,0.0,22.363,120.599
74DA38F20B80,2026-08-04,04:53:11,31.75,100.0,36.0,22.599,120.35
74DA38F21204,2026-08-04,04:53:16,31.5,100.0,0.0,25.062,121.451
74DA38F7C600,2026-08-04,04:53:35,23.37,48.0,1.0,25.07,121.586
74DA38ED059C,2026-08-04,04:53:39,32.75,80.0,1.0,23.706,121.412
74DA38F7C566,2026-08-04,04:53:49,33.61,100.0,0.0,25.051,121.448
74DA38F7C648,2026-08-04,04:53:54,32.5,68.0,2.0,25.045,121.533
74DA38F20EB2,2026-08-04,04:54:05,31.0,100.0,20.0,24.324,120.835
74DA38F20DE0,2026-08-04,04:54:08,30.75,100.0,1.0,22.589,120.328
74DA38F7C310,2026-08-04,04:54:11,33.86,100.0,0.0,25.09,121.464
74DA38F20A78,2026-08-04,04:54:19,32.11,100.0,0.0,22.904,121.124
74DA38F7C5BE,2026-08-04,04:54:23,32.0,79.0,3.0,25.092,121.523
74DA38F20D70,2026-08-04,04:54:25,32.86,82.0,0.0,23.05,121.164
74DA38F20C26,2026-08-04,04:54:27,32.36,75.0,16.0,22.676,120.342
74DA38F7C27E,2026-08-04,04:54:28,32.36,91.0,2.0,25.053,121.444
74DA38F7C366,2026-08-04,04:54:28,34.0,100.0,0.0,25.002,121.516
74DA38F2104E,2026-08-04,04:54:29,31.25,100.0,17.0,23.108,120.7
74DA38F7C480,2026-08-04,04:54:31,33.86,100.0,0.0,25.061,121.432
74DA38F20862,2026-08-04,04:54:34,31.86,93.0,7.0,23.101,121.176
74DA38ED0640,2026-08-04,04:54:35,33.0,100.0,2.0,23.154,121.266
74DA38F7C46C,2026-08-04,04:54:37,-4.0,0.0,0.0,25.288,121.544
74DA38F7C560,2026-08-04,04:54:37,32.75,-65.0,0.0,25.079,121.671
74DA38F7C4CC,2026-08-04,04:54:41,34.25,100.0,2.0,25.062,121.451
74DA38ED05B6,2026-08-04,04:54:50,31.86,97.0,2.0,23.43,121.348
74DA38F20F0A,2026-08-04,04:54:52,32.11,100.0,10.0,22.995,120.635
74DA38F21054,2026-08-04,04:54:58,28.25,56.0,16.0,22.898,120.627
74DA38F210F6,2026-08-04,04:54:58,31.86,100.0,2.0,22.757426,121.158891
74DA38F21088,2026-08-04,04:54:59,32.86,100.0,0.0,25.068,121.588
74DA38F207DE,2026-08-04,04:55:04,32.5,100.0,16.0,22.603,120.34
74DA38F7C338,2026-08-04,04:55:10,30.86,100.0,3.0,25.011,121.458
74DA38F20E6E,2026-08-04,04:55:11,28.86,94.0,0.0,24.41,120.902
74DA38F20D2E,2026-08-04,04:55:17,33.11,100.0,0.0,25.06,121.545
74DA38F2113E,2026-08-04,04:55:17,-4.0,0.0,0.0,22.728,120.313
74DA38F21048,2026-08-04,04:55:20,30.25,100.0,21.0,22.595,120.341
74DA38F7C610,2026-08-04,04:55:27,31.61,86.0,3.0,25.063,121.564
74DA38ED0630,2026-08-04,04:55:44,31.0,100.0,0.0,23.994,121.594
74DA38F20B12,2026-08-04,04:55:46,27.37,75.0,16.0,22.91,120.716
74DA38F20B5C,2026-08-04,04:55:48,32.25,100.0,18.0,22.798,120.293
74DA38F7C3DC,2026-08-04,04:55:48,32.75,100.0,10.0,25.003,121.539
74DA38F20A30,2026-08-04,04:55:49,33.61,75.0,1.0,24.948,121.372
74DA38F7C3B2,2026-08-04,04:55:49,32.0,64.0,0.0,24.929,121.378
74DA38F7C59C,2026-08-04,04:55:52,32.0,70.0,3.0,25.103,121.487
74DA38F7C5E6,2026-08-04,04:55:57,32.11,100.0,1.0,25.107,121.843
74DA38F21170,2026-08-04,04:56:01,33.75,67.0,0.0,22.779,121.088
74DA38ED05EA,2026-08-04,04:56:07,30.75,100.0,1.0,23.394,121.357
74DA38F20D1A,2026-08-04,04:56:11,33.36,81.0,0.0,25.078,121.541
74DA38F210A2,2026-08-04,04:56:13,32.75,100.0,0.0,25.12,121.466
74DA38F7C506,2026-08-04,04:56:15,34.25,100.0,0.0,24.996,121.544
74DA38F7C13A,2026-08-04,04:56:17,25.37,13.0,1.0,25.069,121.359
74DA38F7C260,2026-08-04,04:56:25,34.0,100.0,0.0,25.065,121.425
74DA38F20B82,2026-08-04,04:56:35,-4.0,0.0,1.0,22.847,120.465
74DA38F20934,2026-08-04,04:56:45,29.86,78.0,2.0,23.002,121.29
74DA38F7C616,2026-08-04,04:56:46,34.75,100.0,0.0,25.031,121.563
74DA38F7C53C,2026-08-04,04:56:52,32.5,100.0,0.0,25.11,121.804
74DA38F20BF6,2026-08-04,04:56:54,29.0,100.0,18.0,22.582,120.368
74DA38F20E9E,2026-08-04,04:56:54,28.36,100.0,4.0,24.648,121.151
74DA38F7C532,2026-08-04,04:56:54,32.5,84.0,2.0,25.059,121.499
74DA38F20D16,2026-08-04,04:56:58,33.36,94.0,2.0,25.062,121.526
74DA38ED04F2,2026-08-04,04:57:06,30.36,100.0,2.0,23.468,121.496
74DA38F7C524,2026-08-04,04:57:20,33.11,100.0,0.0,25.002,121.552
74DA38F7C570,2026-08-04,04:57:24,31.11,100.0,0.0,25.239,121.63
74DA38F20B88,2026-08-04,04:57:25,30.86,100.0,0.0,22.75,120.316
74DA38ED0454,2026-08-04,04:57:26,32.11,100.0,2.0,24.053,121.599
74DA38F7C47C,2026-08-04,04:57:27,34.0,85.0,78.0,25.055,121.455
74DA38F20C06,2026-08-04,04:57:36,29.11,57.0,3.0,24.874,121.02
74DA38F20C22,2026-08-04,04:57:49,32.75,100.0,0.0,22.729,120.357
74DA38F7C464,2026-08-04,04:57:53,29.36,31.0,0.0,25.006,121.413
74DA38F7C5CE,2026-08-04,04:58:00,31.75,81.0,0.0,25.066,121.656
74DA38F7C5A0,2026-08-04,04:58:02,32.75,89.0,0.0,25.107,121.518
74DA38F209EE,2026-08-04,04:58:04,31.61,100.0,0.0,23.026,121.33
74DA38F20FFE,2026-08-04,04:58:20,31.86,100.0,12.0,22.894,120.298
74DA38ED06E0,2026-08-04,04:58:22,29.86,100.0,3.0,23.601,121.521
74DA38F209DE,2026-08-04,04:58:30,32.86,100.0,0.0,24.861,120.964
74DA38F7C514,2026-08-04,04:58:32,32.86,100.0,3.0,25.051,121.518
74DA38F7C30C,2026-08-04,04:58:39,33.0,83.0,0.0,24.975,121.532
74DA38F209A8,2026-08-04,04:58:43,-4.0,0.0,0.0,22.401,120.577
74DA38F7C47E,2026-08-04,04:58:45,33.25,100.0,3.0,25.053963,121.427681
74DA38F21024,2026-08-04,04:58:47,31.75,100.0,33.0,24.93,121.036
74DA38F20D1E,2026-08-04,04:58:48,32.75,100.0,4.0,25.048,121.573
74DA38F7C592,2026-08-04,04:58:50,-4.0,0.0,0.0,25.224,121.637
74DA38F208E2,2026-08-04,04:58:53,31.25,100.0,1.0,24.688,121.766
74DA38F7C42E,2026-08-04,04:58:53,34.86,100.0,0.0,24.969,121.514
74DA38F20F1C,2026-08-04,04:58:57,32.0,100.0,32.0,25.062,121.451
74DA38F20B26,2026-08-04,04:59:00,31.0,100.0,17.0,22.783,120.247
74DA38F20D6C,2026-08-04,04:59:10,31.0,81.0,0.0,22.661,120.301
74DA38F7C430,2026-08-04,04:59:10,34.36,76.0,0.0,24.981,121.423
74DA38F2105C,2026-08-04,04:59:15,33.5,100.0,0.0,25.088,121.599
74DA38F7C39A,2026-08-04,04:59:17,32.75,100.0,0.0,25.002,121.414
74DA38F7C3D6,2026-08-04,04:59:17,38.0,95.0,0.0,25.045,121.541
74DA38F209F8,2026-08-04,04:59:20,32.75,100.0,0.0,23.157,121.4
74DA38F21204,2026-08-04,04:59:24,31.61,100.0,0.0,25.062,121.451
74DA38F209B2,2026-08-04,04:59:31,30.0,100.0,0.0,22.363,120.599
74DA38F7C41E,2026-08-04,04:59:33,31.61,75.0,0.0,25.054,121.517
74DA38F7C3BA,2026-08-04,04:59:36,-4.0,0.0,65.0,25.174,121.441
74DA38F20B80,2026-08-04,04:59:38,31.86,100.0,36.0,22.599,120.35
74DA38F7C600,2026-08-04,04:59:41,23.37,48.0,1.0,25.07,121.586
74DA38ED059C,2026-08-04,04:59:45,32.36,82.0,0.0,23.706,121.412
74DA38F7C648,2026-08-04,05:00:00,32.5,67.0,2.0,25.045,121.533
74DA38F7C310,2026-08-04,05:00:15,33.86,100.0,0.0,25.09,121.464
74DA38F20EB2,2026-08-04,05:00:16,31.11,100.0,21.0,24.324,120.835
74DA38F7C566,2026-08-04,05:00:18,33.75,100.0,0.0,25.051,121.448
74DA38F20A78,2026-08-04,05:00:26,32.0,100.0,0.0,22.904,121.124
74DA38F7C5BE,2026-08-04,05:00:28,32.11,79.0,3.0,25.092,121.523
74DA38F20D70,2026-08-04,05:00:32,33.36,82.0,0.0,23.05,121.164
74DA38F20C26,2026-08-04,05:00:33,32.36,75.0,17.0,22.676,120.342
74DA38F7C27E,2026-08-04,05:00:33,32.36,91.0,2.0,25.053,121.444
74DA38F7C366,2026-08-04,05:00:33,33.75,100.0,0.0,25.002,121.516
74DA38F2104E,2026-08-04,05:00:34,31.11,100.0,16.0,23.108,120.7
74DA38F7C4DE,2026-08-04,05:00:34,32.75,100.0,0.0,25.09,121.462
74DA38F20DE0,2026-08-04,05:00:37,30.61,100.0,1.0,22.589,120.328
74DA38F20862,2026-08-04,05:00:39,31.75,91.0,7.0,23.101,121.176
74DA38ED0640,2026-08-04,05:00:41,32.86,100.0,2.0,23.154,121.266
74DA38F7C53A,2026-08-04,05:00:52,-4.0,0.0,0.0,25.067,121.641
74DA38ED05B6,2026-08-04,05:00:54,32.0,97.0,2.0,23.43,121.348
74DA38F7C63C,2026-08-04,05:00:57,60.62,100.0,2.0,24.998,121.425
74DA38F7C480,2026-08-04,05:00:59,33.5,100.0,0.0,25.061,121.432
74DA38F20F0A,2026-08-04,05:01:00,32.11,100.0,10.0,22.995,120.635
74DA38F7C4CC,2026-08-04,05:01:01,34.11,100.0,2.0,25.062,121.451
74DA38F210F6,2026-08-04,05:01:02,31.86,100.0,2.0,22.757426,121.158891
74DA38F7C560,2026-08-04,05:01:04,32.61,-64.0,0.0,25.079,121.671
74DA38F21054,2026-08-04,05:01:05,28.11,56.0,17.0,22.898,120.627
74DA38F207DE,2026-08-04,05:01:10,32.36,100.0,16.0,22.603,120.34
74DA38F20E6E,2026-08-04,05:01:12,28.86,94.0,0.0,24.41,120.902
74DA38F21088,2026-08-04,05:01:28,32.75,100.0,0.0,25.068,121.588
74DA38F7C610,2026-08-04,05:01:34,31.61,85.0,3.0,25.063,121.564
74DA38F20D2E,2026-08-04,05:01:45,33.11,100.0,0.0,25.06,121.545
74DA38F21048,2026-08-04,05:01:50,30.25,100.0,21.0,22.595,120.341
74DA38F7C3DC,2026-08-04,05:01:53,32.86,100.0,4.0,25.003,121.539
74DA38F20B5C,2026-08-04,05:01:54,32.61,100.0,19.0,22.798,120.293
74DA38F20B12,2026-08-04,05:01:55,27.37,76.0,16.0,22.91,120.716
74DA38F7C3B2,2026-08-04,05:01:55,32.0,64.0,0.0,24.929,121.378
74DA38F7C5E6,2026-08-04,05:02:02,32.25,100.0,2.0,25.107,121.843
74DA38F21170,2026-08-04,05:02:07,33.86,68.0,0.0,22.779,121.088
74DA38ED05EA,2026-08-04,05:02:12,30.75,100.0,1.0,23.394,121.357
74DA38ED0630,2026-08-04,05:02:12,31.11,100.0,0.0,23.994,121.594
74DA38F210A2,2026-08-04,05:02:18,32.61,100.0,0.0,25.12,121.466
74DA38F7C59C,2026-08-04,05:02:19,32.11,71.0,3.0,25.103,121.487
74DA38F20A30,2026-08-04,05:02:24,33.61,76.0,0.0,24.948,121.372
74DA38F2113E,2026-08-04,05:02:32,-4.0,0.0,0.0,22.728,120.313
74DA38F20D1A,2026-08-04,05:02:39,33.11,81.0,0.0,25.078,121.541
74DA38F7C13A,2026-08-04,05:02:43,25.37,13.0,1.0,25.069,121.359
74DA38F21136,2026-08-04,05:02:44,33.11,89.0,0.0,25.119,121.505
74DA38F7C506,2026-08-04,05:02:47,34.11,100.0,0.0,24.996,121.544
74DA38F20934,2026-08-04,05:02:55,29.86,78.0,2.0,23.002,121.29
74DA38F20BF6,2026-08-04,05:03:00,29.0,100.0,18.0,22.582,120.368
74DA38F20E9E,2026-08-04,05:03:00,28.36,100.0,6.0,24.648,121.151
74DA38F7C260,2026-08-04,05:03:00,34.0,100.0,0.0,25.065,121.425
74DA38F20D16,2026-08-04,05:03:04,33.5,93.0,2.0,25.062,121.526
74DA38F7C532,2026-08-04,05:03:08,32.61,84.0,2.0,25.059,121.499
74DA38F7C616,2026-08-04,05:03:08,35.25,100.0,0.0,25.031,121.563
74DA38ED04F2,2026-08-04,05:03:15,30.36,100.0,2.0,23.468,121.496
74DA38F7C47C,2026-08-04,05:03:19,34.0,85.0,86.0,25.055,121.455
74DA38F7C53C,2026-08-04,05:03:19,32.61,100.0,0.0,25.11,121.804
74DA38F7C3DE,2026-08-04,05:03:29,35.0,95.0,213.0,24.972,121.537
74DA38F20C06,2026-08-04,05:03:41,29.11,57.0,3.0,24.874,121.02
74DA38ED0454,2026-08-04,05:03:50,32.0,100.0,2.0,24.053,121.599
74DA38F7C570,2026-08-04,05:03:52,31.11,100.0,0.0,25.239,121.63
74DA38F7C524,2026-08-04,05:03:53,33.25,100.0,0.0,25.002,121.552
74DA38F20B88,2026-08-04,05:04:01,30.86,100.0,1.0,22.75,120.316
74DA38F209EE,2026-08-04,05:04:09,31.5,100.0,0.0,23.026,121.33
74DA38F20C22,2026-08-04,05:04:16,32.86,100.0,0.0,22.729,120.357
74DA38F7C46C,2026-08-04,05:04:19,-4.0,0.0,0.0,25.288,121.544
74DA38F7C5CE,2026-08-04,05:04:26,31.5,82.0,0.0,25.066,121.656
74DA38F7C5A0,2026-08-04,05:04:29,32.75,89.0,0.0,25.107,121.518
74DA38ED06E0,2026-08-04,05:04:31,30.0,100.0,3.0,23.601,121.521
74DA38F20FFE,2026-08-04,05:04:33,31.75,100.0,11.0,22.894,120.298
74DA38F7C464,2026-08-04,05:04:34,29.5,31.0,0.0,25.006,121.413
74DA38F7C514,2026-08-04,05:04:38,32.86,100.0,2.0,25.051,121.518
74DA38F7C30C,2026-08-04,05:04:48,33.11,84.0,0.0,24.975,121.532
74DA38F7C47E,2026-08-04,05:04:50,33.5,100.0,3.0,25.053963,121.427681
74DA38F7C5AA,2026-08-04,05:04:53,33.11,100.0,0.0,25.0,121.479
74DA38F20D1E,2026-08-04,05:04:56,32.75,100.0,4.0,25.048,121.573
74DA38F209DE,2026-08-04,05:04:57,33.0,100.0,2.0,24.861,120.964
74DA38F208E2,2026-08-04,05:04:58,31.25,100.0,1.0,24.688,121.766
74DA38F20F1C,2026-08-04,05:05:05,32.11,100.0,31.0,25.062,121.451
74DA38F20B26,2026-08-04,05:05:07,30.86,100.0,18.0,22.783,120.247
74DA38F21024,2026-08-04,05:05:13,31.61,100.0,36.0,24.93,121.036
74DA38F7C42E,2026-08-04,05:05:20,35.0,100.0,0.0,24.969,121.514
74DA38F21204,2026-08-04,05:05:35,31.75,100.0,0.0,25.062,121.451
74DA38F7C430,2026-08-04,05:05:37,34.5,76.0,0.0,24.981,121.423
74DA38F2105C,2026-08-04,05:05:42,33.5,100.0,0.0,25.088,121.599
74DA38F7C39A,2026-08-04,05:05:44,32.86,100.0,0.0,25.002,121.414
74DA38F7C3D6,2026-08-04,05:05:44,38.12,93.0,0.0,25.045,121.541
74DA38F7C600,2026-08-04,05:05:47,23.37,48.0,1.0,25.07,121.586
74DA38F209F8,2026-08-04,05:05:48,32.61,100.0,0.0,23.157,121.4
74DA38ED059C,2026-08-04,05:05:51,32.61,83.0,1.0,23.706,121.412
74DA38F20D6C,2026-08-04,05:05:51,31.11,82.0,0.0,22.661,120.301
74DA38F209B2,2026-08-04,05:05:58,29.86,100.0,0.0,22.363,120.599
74DA38F20B82,2026-08-04,05:06:07,-4.0,0.0,1.0,22.847,120.465
74DA38F20B80,2026-08-04,05:06:08,31.86,100.0,33.0,22.599,120.35
74DA38F7C41E,2026-08-04,05:06:12,31.75,75.0,0.0,25.054,121.517
74DA38F7C310,2026-08-04,05:06:20,33.86,100.0,1.0,25.09,121.464
74DA38F20EB2,2026-08-04,05:06:24,31.11,100.0,21.0,24.324,120.835
74DA38F20A78,2026-08-04,05:06:32,32.25,100.0,0.0,22.904,121.124
74DA38F7C5BE,2026-08-04,05:06:34,32.11,79.0,3.0,25.092,121.523
74DA38F20D70,2026-08-04,05:06:37,33.5,80.0,0.0,23.05,121.164
74DA38F7C27E,2026-08-04,05:06:38,32.36,91.0,2.0,25.053,121.444
74DA38F20C26,2026-08-04,05:06:42,32.25,74.0,17.0,22.676,120.342
74DA38F2104E,2026-08-04,05:06:42,31.11,100.0,16.0,23.108,120.7
74DA38F20862,2026-08-04,05:06:44,31.86,92.0,7.0,23.101,121.176
74DA38ED0640,2026-08-04,05:06:47,32.86,100.0,2.0,23.154,121.266
74DA38F7C566,2026-08-04,05:06:47,33.86,99.0,0.0,25.051,121.448
74DA38ED05B6,2026-08-04,05:07:02,32.11,100.0,2.0,23.43,121.348
74DA38F20DE0,2026-08-04,05:07:05,31.0,100.0,1.0,22.589,120.328
74DA38F20F0A,2026-08-04,05:07:05,31.75,100.0,10.0,22.995,120.635
74DA38F7C4DE,2026-08-04,05:07:07,32.75,100.0,0.0,25.09,121.462
74DA38F210F6,2026-08-04,05:07:08,31.86,100.0,2.0,22.757426,121.158891
74DA38F21054,2026-08-04,05:07:13,28.25,56.0,18.0,22.898,120.627
74DA38F7C4CC,2026-08-04,05:07:13,34.5,100.0,2.0,25.062,121.451
74DA38F20E6E,2026-08-04,05:07:14,29.11,93.0,0.0,24.41,120.902
74DA38F207DE,2026-08-04,05:07:15,32.61,100.0,16.0,22.603,120.34
74DA38F7C480,2026-08-04,05:07:27,33.61,100.0,0.0,25.061,121.432
74DA38F7C560,2026-08-04,05:07:31,32.36,-65.0,0.0,25.079,121.671
74DA38F7C610,2026-08-04,05:07:39,31.61,85.0,3.0,25.063,121.564
74DA38F21088,2026-08-04,05:07:56,32.86,100.0,0.0,25.068,121.588
74DA38F7C3DC,2026-08-04,05:07:59,33.0,100.0,4.0,25.003,121.539
74DA38F20B5C,2026-08-04,05:08:01,32.86,100.0,19.0,22.798,120.293
74DA38F7C3B2,2026-08-04,05:08:01,32.0,65.0,0.0,24.929,121.378
74DA38F20B12,2026-08-04,05:08:03,27.37,75.0,16.0,22.91,120.716
74DA38F7C5E6,2026-08-04,05:08:08,32.11,100.0,1.0,25.107,121.843
74DA38F20D2E,2026-08-04,05:08:11,33.11,100.0,0.0,25.06,121.545
74DA38F21170,2026-08-04,05:08:12,34.11,68.0,0.0,22.779,121.088
74DA38F7C3BA,2026-08-04,05:08:14,-4.0,0.0,67.0,25.174,121.441
74DA38ED05EA,2026-08-04,05:08:18,30.86,100.0,2.0,23.394,121.357
74DA38F209A8,2026-08-04,05:08:20,-4.0,0.0,0.0,22.401,120.577
74DA38F21048,2026-08-04,05:08:21,30.25,100.0,21.0,22.595,120.341
74DA38F210A2,2026-08-04,05:08:23,32.61,100.0,0.0,25.12,121.466
74DA38F7C592,2026-08-04,05:08:31,-4.0,0.0,0.0,25.224,121.637
74DA38ED0630,2026-08-04,05:08:41,31.25,99.0,0.0,23.994,121.594
74DA38F7C59C,2026-08-04,05:08:47,32.0,71.0,3.0,25.103,121.487
74DA38F21136,2026-08-04,05:08:49,33.25,89.0,0.0,25.119,121.505
74DA38F20A30,2026-08-04,05:08:54,33.5,76.0,0.0,24.948,121.372
74DA38F20E9E,2026-08-04,05:09:04,28.25,100.0,4.0,24.648,121.151
74DA38F20934,2026-08-04,05:09:05,29.86,78.0,2.0,23.002,121.29
74DA38F20BF6,2026-08-04,05:09:05,29.0,100.0,18.0,22.582,120.368
74DA38F20D1A,2026-08-04,05:09:06,33.11,82.0,0.0,25.078,121.541
74DA38F7C47C,2026-08-04,05:09:11,33.86,85.0,79.0,25.055,121.455
74DA38F7C13A,2026-08-04,05:09:15,25.5,13.0,1.0,25.069,121.359
74DA38F7C532,2026-08-04,05:09:20,32.61,84.0,2.0,25.059,121.499
74DA38ED04F2,2026-08-04,05:09:21,30.36,100.0,2.0,23.468,121.496
74DA38F20D16,2026-08-04,05:09:22,33.61,93.0,2.0,25.062,121.526
74DA38F7C3DE,2026-08-04,05:09:24,35.11,94.0,215.0,24.972,121.537
74DA38F7C506,2026-08-04,05:09:25,34.0,100.0,0.0,24.996,121.544
74DA38F7C260,2026-08-04,05:09:35,34.11,100.0,0.0,25.065,121.425
74DA38F7C53C,2026-08-04,05:09:45,32.5,100.0,0.0,25.11,121.804
74DA38F20C06,2026-08-04,05:09:47,29.11,56.0,3.0,24.874,121.02
74DA38F2113E,2026-08-04,05:09:48,-4.0,0.0,0.0,22.728,120.313
74DA38ED0454,2026-08-04,05:09:56,32.0,99.0,2.0,24.053,121.599
74DA38F7C616,2026-08-04,05:10:04,35.25,100.0,0.0,25.031,121.563
74DA38F209EE,2026-08-04,05:10:14,31.36,100.0,0.0,23.026,121.33
74DA38F7C524,2026-08-04,05:10:21,33.25,100.0,0.0,25.002,121.552
74DA38F7C570,2026-08-04,05:10:21,31.25,100.0,0.0,25.239,121.63
74DA38F20B88,2026-08-04,05:10:29,31.0,100.0,1.0,22.75,120.316
74DA38F7C63C,2026-08-04,05:10:30,60.62,100.0,2.0,24.998,121.425
74DA38F7C53A,2026-08-04,05:10:38,-4.0,0.0,0.0,25.067,121.641
74DA38ED06E0,2026-08-04,05:10:39,30.0,100.0,4.0,23.601,121.521
74DA38F20C22,2026-08-04,05:10:44,33.0,100.0,0.0,22.729,120.357
74DA38F7C514,2026-08-04,05:10:44,32.75,100.0,2.0,25.051,121.518
74DA38F20FFE,2026-08-04,05:10:45,31.75,100.0,11.0,22.894,120.298
74DA38F7C5CE,2026-08-04,05:10:54,31.61,81.0,0.0,25.066,121.656
74DA38F7C47E,2026-08-04,05:10:55,33.36,100.0,3.0,25.053963,121.427681
74DA38F7C30C,2026-08-04,05:10:56,33.11,83.0,0.0,24.975,121.532
74DA38F7C5A0,2026-08-04,05:10:56,32.86,89.0,0.0,25.107,121.518
74DA38F208E2,2026-08-04,05:11:02,31.25,100.0,1.0,24.688,121.766
74DA38F20D1E,2026-08-04,05:11:07,32.86,100.0,5.0,25.048,121.573
74DA38F20F1C,2026-08-04,05:11:12,32.11,100.0,29.0,25.062,121.451
74DA38F20B26,2026-08-04,05:11:15,30.86,100.0,17.0,22.783,120.247
74DA38F7C464,2026-08-04,05:11:18,29.36,31.0,0.0,25.006,121.413
74DA38F7C5AA,2026-08-04,05:11:20,33.25,100.0,0.0,25.0,121.479
74DA38F209DE,2026-08-04,05:11:25,32.86,100.0,0.0,24.861,120.964
74DA38F21024,2026-08-04,05:11:40,31.75,100.0,11.0,24.93,121.036
74DA38F21204,2026-08-04,05:11:42,31.61,100.0,0.0,25.062,121.451
74DA38F7C600,2026-08-04,05:11:53,23.37,48.0,1.0,25.07,121.586
74DA38ED059C,2026-08-04,05:11:57,32.75,80.0,1.0,23.706,121.412
74DA38F7C42E,2026-08-04,05:11:59,35.25,100.0,0.0,24.969,121.514
74DA38F7C430,2026-08-04,05:12:05,34.5,76.0,0.0,24.981,121.423
74DA38F2105C,2026-08-04,05:12:08,33.36,100.0,0.0,25.088,121.599
74DA38F7C3D6,2026-08-04,05:12:10,37.87,94.0,0.0,25.045,121.541
74DA38F7C39A,2026-08-04,05:12:12,32.86,100.0,0.0,25.002,121.414
74DA38F209F8,2026-08-04,05:12:14,33.11,100.0,0.0,23.157,121.4
74DA38F209B2,2026-08-04,05:12:24,30.0,100.0,0.0,22.363,120.599
74DA38F7C310,2026-08-04,05:12:24,33.75,100.0,0.0,25.09,121.464
74DA38F20EB2,2026-08-04,05:12:31,30.75,100.0,21.0,24.324,120.835
74DA38F20B80,2026-08-04,05:12:35,31.86,100.0,12.0,22.599,120.35
74DA38F20A78,2026-08-04,05:12:38,32.61,100.0,0.0,22.904,121.124
74DA38F7C41E,2026-08-04,05:12:39,32.0,75.0,0.0,25.054,121.517
74DA38F7C5BE,2026-08-04,05:12:39,32.11,80.0,3.0,25.092,121.523
74DA38F20D70,2026-08-04,05:12:43,33.61,80.0,0.0,23.05,121.164
74DA38F7C27E,2026-08-04,05:12:44,32.25,90.0,2.0,25.053,121.444
74DA38F2104E,2026-08-04,05:12:48,31.25,100.0,18.0,23.108,120.7
74DA38F20862,2026-08-04,05:12:50,31.86,91.0,5.0,23.101,121.176
74DA38F20C26,2026-08-04,05:12:51,32.25,73.0,16.0,22.676,120.342
74DA38ED0640,2026-08-04,05:12:53,32.75,100.0,2.0,23.154,121.266
74DA38F7C366,2026-08-04,05:12:56,33.5,100.0,0.0,25.002,121.516
74DA38F20D6C,2026-08-04,05:13:05,31.25,80.0,0.0,22.661,120.301
74DA38ED05B6,2026-08-04,05:13:06,32.0,98.0,2.0,23.43,121.348
74DA38F20F0A,2026-08-04,05:13:12,31.61,100.0,11.0,22.995,120.635
74DA38F210F6,2026-08-04,05:13:12,32.0,100.0,3.0,22.757426,121.158891
74DA38F7C4DE,2026-08-04,05:13:14,32.75,100.0,0.0,25.09,121.462
74DA38F20E6E,2026-08-04,05:13:17,29.25,92.0,0.0,24.41,120.902
74DA38F21054,2026-08-04,05:13:19,28.11,56.0,17.0,22.898,120.627
74DA38F207DE,2026-08-04,05:13:20,32.61,100.0,15.0,22.603,120.34
74DA38F7C4CC,2026-08-04,05:13:20,34.36,100.0,2.0,25.062,121.451
74DA38F20DE0,2026-08-04,05:13:31,31.0,100.0,0.0,22.589,120.328
74DA38F7C610,2026-08-04,05:13:45,31.61,85.0,3.0,25.063,121.564
74DA38F7C480,2026-08-04,05:13:56,33.75,100.0,0.0,25.061,121.432
74DA38F7C46C,2026-08-04,05:13:59,-4.0,0.0,0.0,25.288,121.544
74DA38F7C560,2026-08-04,05:13:59,32.25,-64.0,0.0,25.079,121.671
74DA38F7C3DC,2026-08-04,05:14:04,32.86,100.0,4.0,25.003,121.539
74DA38F7C3B2,2026-08-04,05:14:07,32.11,65.0,0.0,24.929,121.378
74DA38F20B12,2026-08-04,05:14:09,27.25,75.0,15.0,22.91,120.716
74DA38F20B5C,2026-08-04,05:14:11,32.86,100.0,18.0,22.798,120.293
74DA38F7C5E6,2026-08-04,05:14:13,32.25,100.0,2.0,25.107,121.843
74DA38F21170,2026-08-04,05:14:19,34.11,67.0,0.0,22.779,121.088
74DA38ED05EA,2026-08-04,05:14:23,30.86,100.0,1.0,23.394,121.357
74DA38F21088,2026-08-04,05:14:24,32.86,100.0,0.0,25.068,121.588
74DA38F210A2,2026-08-04,05:14:27,32.5,100.0,0.0,25.12,121.466
74DA38F20D2E,2026-08-04,05:14:40,33.36,100.0,0.0,25.06,121.545
74DA38F21048,2026-08-04,05:14:49,30.25,100.0,22.0,22.595,120.341
74DA38F21136,2026-08-04,05:15:00,33.11,89.0,0.0,25.119,121.505
74DA38F7C47C,2026-08-04,05:15:03,33.61,85.0,81.0,25.055,121.455
74DA38ED0630,2026-08-04,05:15:10,31.11,99.0,0.0,23.994,121.594
74DA38F20BF6,2026-08-04,05:15:10,29.0,100.0,18.0,22.582,120.368
74DA38F20E9E,2026-08-04,05:15:10,28.36,100.0,5.0,24.648,121.151
74DA38F20934,2026-08-04,05:15:12,29.86,79.0,2.0,23.002,121.29
74DA38F7C59C,2026-08-04,05:15:13,32.0,71.0,3.0,25.103,121.487
74DA38F7C3DE,2026-08-04,05:15:17,35.25,94.0,207.0,24.972,121.537
74DA38F20A30,2026-08-04,05:15:22,33.5,75.0,0.0,24.948,121.372
74DA38F7C532,2026-08-04,05:15:25,32.75,83.0,2.0,25.059,121.499
74DA38F20D16,2026-08-04,05:15:26,33.61,93.0,2.0,25.062,121.526
74DA38ED04F2,2026-08-04,05:15:28,30.36,100.0,1.0,23.468,121.496
74DA38F20D1A,2026-08-04,05:15:34,33.11,82.0,0.0,25.078,121.541
74DA38F20B82,2026-08-04,05:15:39,-4.0,0.0,1.0,22.847,120.465
74DA38F7C13A,2026-08-04,05:15:45,25.62,14.0,1.0,25.069,121.359
74DA38F20C06,2026-08-04,05:15:53,29.0,56.0,4.0,24.874,121.02
74DA38F7C506,2026-08-04,05:15:57,34.0,100.0,0.0,24.996,121.544
74DA38ED0454,2026-08-04,05:16:03,32.0,100.0,2.0,24.053,121.599
74DA38F7C260,2026-08-04,05:16:07,34.25,100.0,0.0,25.065,121.425
74DA38F7C53C,2026-08-04,05:16:12,32.25,100.0,0.0,25.11,121.804
74DA38F7C616,2026-08-04,05:16:16,35.36,100.0,0.0,25.031,121.563
74DA38F209EE,2026-08-04,05:16:19,31.36,100.0,0.0,23.026,121.33
74DA38ED06E0,2026-08-04,05:16:45,30.11,100.0,3.0,23.601,121.521
74DA38F7C524,2026-08-04,05:16:48,33.11,100.0,0.0,25.002,121.552
74DA38F7C570,2026-08-04,05:16:49,31.25,100.0,0.0,25.239,121.63
74DA38F7C514,2026-08-04,05:16:50,32.86,100.0,2.0,25.051,121.518
74DA38F20FFE,2026-08-04,05:16:52,31.75,100.0,10.0,22.894,120.298
74DA38F7C3BA,2026-08-04,05:16:53,-4.0,0.0,65.0,25.174,121.441
74DA38F20B88,2026-08-04,05:16:58,31.0,100.0,2.0,22.75,120.316
74DA38F7C47E,2026-08-04,05:17:00,33.25,100.0,3.0,25.053963,121.427681
74DA38F2113E,2026-08-04,05:17:04,-4.0,0.0,1.0,22.728,120.313
74DA38F7C30C,2026-08-04,05:17:04,33.11,85.0,0.0,24.975,121.532
74DA38F208E2,2026-08-04,05:17:07,31.36,100.0,2.0,24.688,121.766
74DA38F20C22,2026-08-04,05:17:12,33.11,100.0,0.0,22.729,120.357
74DA38F7C5CE,2026-08-04,05:17:20,31.5,82.0,0.0,25.066,121.656
74DA38F20B26,2026-08-04,05:17:21,31.0,100.0,16.0,22.783,120.247
74DA38F20D1E,2026-08-04,05:17:22,32.36,100.0,4.0,25.048,121.573
74DA38F20F1C,2026-08-04,05:17:22,31.86,100.0,32.0,25.062,121.451
74DA38F7C5A0,2026-08-04,05:17:24,32.86,88.0,0.0,25.107,121.518
74DA38F21204,2026-08-04,05:17:48,31.61,100.0,0.0,25.062,121.451
74DA38F7C464,2026-08-04,05:17:48,29.25,31.0,0.0,25.006,121.413
74DA38F7C5AA,2026-08-04,05:17:48,33.11,100.0,0.0,25.0,121.479
74DA38F209DE,2026-08-04,05:17:51,32.86,100.0,0.0,24.861,120.964
74DA38F7C37C,2026-08-04,05:17:58,33.11,100.0,31.0,25.111,121.856
74DA38F7C600,2026-08-04,05:17:58,23.37,48.0,1.0,25.07,121.586
74DA38F209A8,2026-08-04,05:17:59,-4.0,0.0,0.0,22.401,120.577
74DA38ED059C,2026-08-04,05:18:03,32.61,80.0,1.0,23.706,121.412
74DA38F21024,2026-08-04,05:18:07,31.61,100.0,15.0,24.93,121.036
74DA38F7C592,2026-08-04,05:18:12,-4.0,0.0,0.0,25.224,121.637
74DA38F7C310,2026-08-04,05:18:28,33.75,100.0,1.0,25.09,121.464
74DA38F7C430,2026-08-04,05:18:32,34.61,76.0,0.0,24.981,121.423
74DA38F7C3D6,2026-08-04,05:18:36,37.12,94.0,0.0,25.045,121.541
74DA38F2105C,2026-08-04,05:18:38,33.36,100.0,0.0,25.088,121.599
74DA38F7C39A,2026-08-04,05:18:39,33.0,100.0,0.0,25.002,121.414
74DA38F20EB2,2026-08-04,05:18:40,30.86,100.0,22.0,24.324,120.835
74DA38F209F8,2026-08-04,05:18:42,33.0,100.0,0.0,23.157,121.4
74DA38F20A78,2026-08-04,05:18:44,33.0,100.0,0.0,22.904,121.124
74DA38F7C5BE,2026-08-04,05:18:44,32.0,81.0,3.0,25.092,121.523
74DA38F20D70,2026-08-04,05:18:49,33.61,78.0,0.0,23.05,121.164
74DA38F7C27E,2026-08-04,05:18:51,32.25,90.0,2.0,25.053,121.444
74DA38F209B2,2026-08-04,05:18:52,30.0,100.0,0.0,22.363,120.599
74DA38F2104E,2026-08-04,05:18:53,30.86,100.0,18.0,23.108,120.7
74DA38F20862,2026-08-04,05:18:55,31.75,90.0,19.0,23.101,121.176
74DA38F20C26,2026-08-04,05:18:57,32.36,73.0,16.0,22.676,120.342
74DA38ED0640,2026-08-04,05:19:00,32.86,100.0,3.0,23.154,121.266
74DA38F20B80,2026-08-04,05:19:01,31.86,100.0,17.0,22.599,120.35
74DA38F7C366,2026-08-04,05:19:02,33.5,100.0,0.0,25.002,121.516
74DA38ED05B6,2026-08-04,05:19:12,32.0,99.0,1.0,23.43,121.348
74DA38F210F6,2026-08-04,05:19:17,32.0,100.0,3.0,22.757426,121.158891
74DA38F20F0A,2026-08-04,05:19:18,31.61,100.0,10.0,22.995,120.635
74DA38F20E6E,2026-08-04,05:19:19,29.0,92.0,0.0,24.41,120.902
74DA38F21054,2026-08-04,05:19:24,28.25,56.0,18.0,22.898,120.627
74DA38F207DE,2026-08-04,05:19:27,32.61,100.0,14.0,22.603,120.34
74DA38F7C4CC,2026-08-04,05:19:28,34.36,100.0,3.0,25.062,121.451
74DA38F20D6C,2026-08-04,05:19:43,31.25,80.0,0.0,22.661,120.301
74DA38F7C610,2026-08-04,05:19:50,31.75,85.0,3.0,25.063,121.564
74DA38F7C4DE,2026-08-04,05:19:54,32.75,100.0,0.0,25.09,121.462
74DA38F20DE0,2026-08-04,05:20:00,31.0,100.0,0.0,22.589,120.328
74DA38F7C63C,2026-08-04,05:20:01,60.62,100.0,2.0,24.998,121.425
74DA38F7C3DC,2026-08-04,05:20:10,32.5,100.0,4.0,25.003,121.539
74DA38F7C3B2,2026-08-04,05:20:13,32.11,65.0,0.0,24.929,121.378
74DA38F20B12,2026-08-04,05:20:15,27.25,74.0,15.0,22.91,120.716
74DA38F20B5C,2026-08-04,05:20:16,33.11,100.0,19.0,22.798,120.293
74DA38F7C5E6,2026-08-04,05:20:18,32.25,100.0,3.0,25.107,121.843
74DA38F7C480,2026-08-04,05:20:24,33.61,100.0,0.0,25.061,121.432
74DA38F7C53A,2026-08-04,05:20:24,-4.0,0.0,0.0,25.067,121.641
74DA38F21170,2026-08-04,05:20:25,33.86,67.0,0.0,22.779,121.088
74DA38F7C560,2026-08-04,05:20:26,32.5,-64.0,0.0,25.079,121.671
74DA38ED05EA,2026-08-04,05:20:27,31.0,100.0,1.0,23.394,121.357
74DA38F7C566,2026-08-04,05:20:27,33.86,98.0,0.0,25.051,121.448
74DA38F210A2,2026-08-04,05:20:33,32.5,100.0,0.0,25.12,121.466
74DA38F21088,2026-08-04,05:20:52,32.86,100.0,0.0,25.068,121.588
74DA38F7C47C,2026-08-04,05:20:56,33.75,85.0,81.0,25.055,121.455
74DA38F20D2E,2026-08-04,05:21:07,33.36,100.0,0.0,25.06,121.545
74DA38F7C3DE,2026-08-04,05:21:12,35.25,95.0,212.0,24.972,121.537
74DA38F20BF6,2026-08-04,05:21:15,29.0,100.0,18.0,22.582,120.368
74DA38F20E9E,2026-08-04,05:21:15,28.36,100.0,3.0,24.648,121.151
74DA38F21048,2026-08-04,05:21:17,30.36,100.0,19.0,22.595,120.341
74DA38F7C532,2026-08-04,05:21:32,32.5,86.0,2.0,25.059,121.499
74DA38F20D16,2026-08-04,05:21:34,33.5,94.0,2.0,25.062,121.526
74DA38ED04F2,2026-08-04,05:21:37,30.36,100.0,2.0,23.468,121.496
74DA38ED0630,2026-08-04,05:21:38,31.11,100.0,0.0,23.994,121.594
74DA38F7C59C,2026-08-04,05:21:40,32.0,70.0,3.0,25.103,121.487
74DA38F20934,2026-08-04,05:21:42,29.86,79.0,2.0,23.002,121.29
74DA38F20A30,2026-08-04,05:21:52,33.36,76.0,0.0,24.948,121.372
74DA38F20C06,2026-08-04,05:21:58,28.86,56.0,4.0,24.874,121.02
74DA38F20D1A,2026-08-04,05:22:03,33.11,81.0,0.0,25.078,121.541
74DA38F7C13A,2026-08-04,05:22:13,25.5,15.0,1.0,25.069,121.359
74DA38ED0454,2026-08-04,05:22:23,31.86,98.0,1.0,24.053,121.599
74DA38F209EE,2026-08-04,05:22:24,31.36,100.0,0.0,23.026,121.33
74DA38F7C616,2026-08-04,05:22:24,35.0,100.0,0.0,25.031,121.563
74DA38F7C506,2026-08-04,05:22:26,34.11,100.0,0.0,24.996,121.544
74DA38F7C53C,2026-08-04,05:22:39,32.11,100.0,0.0,25.11,121.804
74DA38F7C260,2026-08-04,05:22:40,34.25,100.0,0.0,25.065,121.425
74DA38ED06E0,2026-08-04,05:22:51,30.11,100.0,4.0,23.601,121.521
74DA38F7C514,2026-08-04,05:22:56,32.75,100.0,2.0,25.051,121.518
74DA38F20FFE,2026-08-04,05:22:58,31.86,100.0,9.0,22.894,120.298
74DA38F7C47E,2026-08-04,05:23:05,33.11,100.0,2.0,25.053963,121.427681
74DA38F208E2,2026-08-04,05:23:11,31.36,100.0,2.0,24.688,121.766
74DA38F7C54E,2026-08-04,05:23:11,32.61,100.0,0.0,25.063,121.661
74DA38F7C30C,2026-08-04,05:23:15,33.0,87.0,0.0,24.975,121.532
74DA38F7C524,2026-08-04,05:23:17,33.11,100.0,0.0,25.002,121.552
74DA38F7C570,2026-08-04,05:23:18,31.11,100.0,1.0,25.239,121.63
74DA38F20B88,2026-08-04,05:23:26,31.0,100.0,2.0,22.75,120.316
74DA38F20B26,2026-08-04,05:23:28,31.0,100.0,16.0,22.783,120.247
74DA38F20D1E,2026-08-04,05:23:28,32.61,100.0,4.0,25.048,121.573
74DA38F20F1C,2026-08-04,05:23:31,31.61,100.0,31.0,25.062,121.451
74DA38F7C46C,2026-08-04,05:23:40,-4.0,0.0,0.0,25.288,121.544
74DA38F20C22,2026-08-04,05:23:41,33.11,100.0,0.0,22.729,120.357
74DA38F7C5CE,2026-08-04,05:23:47,31.61,81.0,0.0,25.066,121.656
74DA38F7C5A0,2026-08-04,05:23:51,33.0,88.0,0.0,25.107,121.518
74DA38F21204,2026-08-04,05:24:03,31.75,100.0,0.0,25.062,121.451
74DA38F7C600,2026-08-04,05:24:03,23.37,48.0,1.0,25.07,121.586
74DA38ED059C,2026-08-04,05:24:09,32.5,81.0,0.0,23.706,121.412
74DA38F209DE,2026-08-04,05:24:18,32.75,100.0,0.0,24.861,120.964
74DA38F2113E,2026-08-04,05:24:19,-4.0,0.0,0.0,22.728,120.313
74DA38F7C464,2026-08-04,05:24:22,29.25,31.0,0.0,25.006,121.413
74DA38F21024,2026-08-04,05:24:33,31.61,100.0,0.0,24.93,121.036
74DA38F7C310,2026-08-04,05:24:33,33.61,100.0,0.0,25.09,121.464
74DA38F20EB2,2026-08-04,05:24:48,31.0,100.0,23.0,24.324,120.835
74DA38F20A78,2026-08-04,05:24:50,32.75,100.0,0.0,22.904,121.124
74DA38F7C5BE,2026-08-04,05:24:50,32.0,81.0,4.0,25.092,121.523
74DA38F20D70,2026-08-04,05:24:56,33.75,82.0,0.0,23.05,121.164
74DA38F7C27E,2026-08-04,05:24:56,32.25,90.0,2.0,25.053,121.444
74DA38F2104E,2026-08-04,05:25:00,31.0,100.0,18.0,23.108,120.7
74DA38F7C430,2026-08-04,05:25:00,34.61,76.0,0.0,24.981,121.423
74DA38F20862,2026-08-04,05:25:01,31.75,94.0,41.0,23.101,121.176
74DA38F7C3D6,2026-08-04,05:25:03,36.86,94.0,0.0,25.045,121.541
74DA38F20C26,2026-08-04,05:25:04,32.36,73.0,15.0,22.676,120.342
74DA38F2105C,2026-08-04,05:25:05,33.36,100.0,0.0,25.088,121.599
74DA38ED0640,2026-08-04,05:25:06,32.86,100.0,2.0,23.154,121.266
74DA38F7C39A,2026-08-04,05:25:06,33.0,100.0,0.0,25.002,121.414
74DA38F7C366,2026-08-04,05:25:07,33.61,100.0,1.0,25.002,121.516
74DA38F209F8,2026-08-04,05:25:10,32.86,100.0,0.0,23.157,121.4
74DA38F20B82,2026-08-04,05:25:11,-4.0,0.0,1.0,22.847,120.465
74DA38ED05B6,2026-08-04,05:25:16,32.11,99.0,2.0,23.43,121.348
74DA38F209B2,2026-08-04,05:25:21,30.11,100.0,0.0,22.363,120.599
74DA38F210F6,2026-08-04,05:25:21,32.0,100.0,3.0,22.757426,121.158891
74DA38F20E6E,2026-08-04,05:25:22,29.0,93.0,0.0,24.41,120.902
74DA38F20F0A,2026-08-04,05:25:24,31.86,100.0,10.0,22.995,120.635
74DA38F20B80,2026-08-04,05:25:28,31.86,100.0,17.0,22.599,120.35
74DA38F21054,2026-08-04,05:25:30,28.11,56.0,17.0,22.898,120.627
74DA38F7C3BA,2026-08-04,05:25:31,-4.0,0.0,66.0,25.174,121.441
74DA38F207DE,2026-08-04,05:25:32,32.86,100.0,16.0,22.603,120.34
74DA38F7C4CC,2026-08-04,05:25:34,34.36,100.0,2.0,25.062,121.451
74DA38F7C41E,2026-08-04,05:25:48,32.0,75.0,0.0,25.054,121.517
74DA38F7C610,2026-08-04,05:25:55,31.75,85.0,3.0,25.063,121.564
74DA38F7C3DC,2026-08-04,05:26:15,32.61,100.0,5.0,25.003,121.539
74DA38F7C3B2,2026-08-04,05:26:18,32.11,66.0,1.0,24.929,121.378
74DA38F20B12,2026-08-04,05:26:21,27.12,76.0,16.0,22.91,120.716
74DA38F20B5C,2026-08-04,05:26:22,33.0,100.0,18.0,22.798,120.293
74DA38F7C5E6,2026-08-04,05:26:24,32.11,100.0,2.0,25.107,121.843
74DA38F20DE0,2026-08-04,05:26:29,31.0,100.0,1.0,22.589,120.328
74DA38ED05EA,2026-08-04,05:26:32,31.11,100.0,1.0,23.394,121.357
74DA38F21170,2026-08-04,05:26:32,33.86,67.0,0.0,22.779,121.088
74DA38F210A2,2026-08-04,05:26:38,32.36,100.0,0.0,25.12,121.466
74DA38F7C47C,2026-08-04,05:26:47,33.86,85.0,83.0,25.055,121.455
74DA38F7C480,2026-08-04,05:26:51,33.61,100.0,0.0,25.061,121.432
74DA38F7C560,2026-08-04,05:26:53,32.75,-64.0,0.0,25.079,121.671
74DA38F7C566,2026-08-04,05:26:55,34.11,97.0,0.0,25.051,121.448
74DA38F7C3DE,2026-08-04,05:27:05,35.25,96.0,210.0,24.972,121.537
74DA38F7C338,2026-08-04,05:27:14,30.86,100.0,3.0,25.011,121.458
74DA38F20BF6,2026-08-04,05:27:20,29.0,100.0,18.0,22.582,120.368
74DA38F20E9E,2026-08-04,05:27:20,28.5,100.0,3.0,24.648,121.151
74DA38F21088,2026-08-04,05:27:21,32.86,100.0,0.0,25.068,121.588
74DA38F21136,2026-08-04,05:27:27,33.25,88.0,0.0,25.119,121.505
74DA38F20D2E,2026-08-04,05:27:34,33.25,100.0,0.0,25.06,121.545
74DA38F7C532,2026-08-04,05:27:41,32.61,87.0,2.0,25.059,121.499
74DA38F209A8,2026-08-04,05:27:42,-4.0,0.0,0.0,22.401,120.577
74DA38ED04F2,2026-08-04,05:27:45,30.5,100.0,2.0,23.468,121.496
74DA38F21048,2026-08-04,05:27:46,30.25,100.0,19.0,22.595,120.341
74DA38F20934,2026-08-04,05:27:50,29.86,78.0,2.0,23.002,121.29
74DA38F7C592,2026-08-04,05:27:52,-4.0,0.0,0.0,25.224,121.637
74DA38F20C06,2026-08-04,05:28:03,28.75,56.0,4.0,24.874,121.02
74DA38ED0630,2026-08-04,05:28:05,31.11,100.0,0.0,23.994,121.594
74DA38F7C59C,2026-08-04,05:28:08,32.11,70.0,3.0,25.103,121.487
74DA38F20A30,2026-08-04,05:28:19,33.36,76.0,0.0,24.948,121.372
74DA38F209EE,2026-08-04,05:28:29,31.25,100.0,0.0,23.026,121.33
74DA38ED0454,2026-08-04,05:28:30,32.0,100.0,1.0,24.053,121.599
74DA38F20D1A,2026-08-04,05:28:30,33.11,82.0,0.0,25.078,121.541
74DA38F7C616,2026-08-04,05:28:33,34.75,100.0,0.0,25.031,121.563
74DA38F7C13A,2026-08-04,05:28:52,25.62,14.0,0.0,25.069,121.359
74DA38ED06E0,2026-08-04,05:28:58,30.25,100.0,4.0,23.601,121.521
74DA38F7C506,2026-08-04,05:28:58,34.25,100.0,2.0,24.996,121.544
74DA38F7C514,2026-08-04,05:29:03,32.75,100.0,2.0,25.051,121.518
74DA38F7C53C,2026-08-04,05:29:05,32.25,100.0,0.0,25.11,121.804
74DA38F20FFE,2026-08-04,05:29:08,31.86,100.0,10.0,22.894,120.298
74DA38F7C47E,2026-08-04,05:29:11,32.86,100.0,2.0,25.053963,121.427681
74DA38F7C260,2026-08-04,05:29:12,34.5,99.0,0.0,25.065,121.425
74DA38F208E2,2026-08-04,05:29:16,31.5,100.0,2.0,24.688,121.766
74DA38F7C63C,2026-08-04,05:29:34,60.62,100.0,1.0,24.998,121.425
74DA38F20B26,2026-08-04,05:29:35,31.0,100.0,17.0,22.783,120.247
74DA38F20D1E,2026-08-04,05:29:35,32.75,100.0,4.0,25.048,121.573
74DA38F7C54E,2026-08-04,05:29:37,33.11,100.0,0.0,25.063,121.661
74DA38F20F1C,2026-08-04,05:29:38,31.61,100.0,31.0,25.062,121.451
74DA38F7C524,2026-08-04,05:29:44,33.11,100.0,0.0,25.002,121.552
74DA38F7C570,2026-08-04,05:29:46,31.25,100.0,2.0,25.239,121.63
74DA38F20B88,2026-08-04,05:29:57,30.75,100.0,1.0,22.75,120.316
74DA38F20C22,2026-08-04,05:30:09,33.25,100.0,0.0,22.729,120.357
74DA38F7C600,2026-08-04,05:30:09,23.37,48.0,1.0,25.07,121.586
74DA38F21204,2026-08-04,05:30:12,31.75,100.0,0.0,25.062,121.451
74DA38ED059C,2026-08-04,05:30:15,32.36,81.0,1.0,23.706,121.412
74DA38F7C5CE,2026-08-04,05:30:15,31.5,81.0,0.0,25.066,121.656
74DA38F7C5A0,2026-08-04,05:30:18,32.86,88.0,0.0,25.107,121.518
74DA38F7C310,2026-08-04,05:30:37,33.61,100.0,0.0,25.09,121.464
74DA38F209DE,2026-08-04,05:30:46,32.61,100.0,1.0,24.861,120.964
74DA38F20A78,2026-08-04,05:30:55,32.75,100.0,0.0,22.904,121.124
74DA38F7C5BE,2026-08-04,05:30:55,32.0,80.0,3.0,25.092,121.523
74DA38F20EB2,2026-08-04,05:30:56,31.0,100.0,22.0,24.324,120.835
74DA38F21024,2026-08-04,05:31:00,31.61,100.0,0.0,24.93,121.036
74DA38F20D70,2026-08-04,05:31:01,34.11,83.0,0.0,23.05,121.164
74DA38F7C27E,2026-08-04,05:31:02,32.25,91.0,2.0,25.053,121.444
74DA38F7C464,2026-08-04,05:31:03,29.25,31.0,0.0,25.006,121.413
74DA38F20862,2026-08-04,05:31:07,31.75,95.0,39.0,23.101,121.176
74DA38F2104E,2026-08-04,05:31:07,31.25,100.0,18.0,23.108,120.7
74DA38F20C26,2026-08-04,05:31:11,32.36,73.0,15.0,22.676,120.342
74DA38ED0640,2026-08-04,05:31:12,32.86,100.0,4.0,23.154,121.266
74DA38F7C366,2026-08-04,05:31:12,33.5,100.0,0.0,25.002,121.516
74DA38ED05B6,2026-08-04,05:31:21,32.25,98.0,1.0,23.43,121.348
74DA38F20E6E,2026-08-04,05:31:23,29.0,94.0,0.0,24.41,120.902
74DA38F210F6,2026-08-04,05:31:26,32.0,100.0,2.0,22.757426,121.158891
74DA38F7C3D6,2026-08-04,05:31:29,37.12,96.0,0.0,25.045,121.541
74DA38F7C430,2026-08-04,05:31:29,34.61,76.0,0.0,24.981,121.423
74DA38F20F0A,2026-08-04,05:31:30,31.86,100.0,10.0,22.995,120.635
74DA38F2105C,2026-08-04,05:31:32,33.36,100.0,0.0,25.088,121.599
74DA38F7C39A,2026-08-04,05:31:34,33.0,100.0,0.0,25.002,121.414
74DA38F2113E,2026-08-04,05:31:35,-4.0,0.0,1.0,22.728,120.313
74DA38F209F8,2026-08-04,05:31:36,33.0,100.0,0.0,23.157,121.4
74DA38F21054,2026-08-04,05:31:36,28.11,56.0,19.0,22.898,120.627
74DA38F207DE,2026-08-04,05:31:37,32.75,100.0,15.0,22.603,120.34
74DA38F7C4CC,2026-08-04,05:31:40,34.5,100.0,2.0,25.062,121.451
74DA38F209B2,2026-08-04,05:31:48,30.25,100.0,0.0,22.363,120.599
74DA38F20B80,2026-08-04,05:31:56,32.0,100.0,10.0,22.599,120.35
74DA38F7C610,2026-08-04,05:32:00,31.75,85.0,3.0,25.063,121.564
74DA38F7C3DC,2026-08-04,05:32:22,32.5,100.0,6.0,25.003,121.539
74DA38F7C3B2,2026-08-04,05:32:23,32.25,66.0,1.0,24.929,121.378
74DA38F20B12,2026-08-04,05:32:28,27.25,78.0,17.0,22.91,120.716
74DA38F7C5E6,2026-08-04,05:32:29,32.11,100.0,3.0,25.107,121.843
74DA38F20B5C,2026-08-04,05:32:30,33.11,100.0,17.0,22.798,120.293
74DA38F7C42E,2026-08-04,05:32:31,35.36,100.0,0.0,24.969,121.514
74DA38F7C4DE,2026-08-04,05:32:33,32.86,100.0,0.0,25.09,121.462
74DA38ED05EA,2026-08-04,05:32:38,31.25,100.0,1.0,23.394,121.357
74DA38F21170,2026-08-04,05:32:38,33.86,67.0,0.0,22.779,121.088
74DA38F7C47C,2026-08-04,05:32:39,34.0,85.0,102.0,25.055,121.455
74DA38F210A2,2026-08-04,05:32:42,32.25,100.0,0.0,25.12,121.466
74DA38F20DE0,2026-08-04,05:32:57,31.0,100.0,0.0,22.589,120.328
74DA38F7C3DE,2026-08-04,05:32:59,35.25,98.0,208.0,24.972,121.537
74DA38F20D6C,2026-08-04,05:33:15,31.75,79.0,0.0,22.661,120.301
74DA38F7C480,2026-08-04,05:33:18,33.5,100.0,0.0,25.061,121.432
74DA38F7C46C,2026-08-04,05:33:19,-4.0,0.0,0.0,25.288,121.544
74DA38F7C560,2026-08-04,05:33:21,32.86,-65.0,0.0,25.079,121.671
74DA38F7C338,2026-08-04,05:33:23,30.86,100.0,3.0,25.011,121.458
74DA38F7C566,2026-08-04,05:33:24,34.5,97.0,0.0,25.051,121.448
74DA38F20E9E,2026-08-04,05:33:25,28.5,100.0,3.0,24.648,121.151
74DA38F20BF6,2026-08-04,05:33:26,29.0,100.0,17.0,22.582,120.368
74DA38F21136,2026-08-04,05:33:44,33.25,89.0,0.0,25.119,121.505
74DA38F20D16,2026-08-04,05:33:47,33.5,93.0,2.0,25.062,121.526
74DA38F21088,2026-08-04,05:33:48,33.0,100.0,0.0,25.068,121.588
74DA38F7C532,2026-08-04,05:33:50,32.75,85.0,2.0,25.059,121.499
74DA38ED04F2,2026-08-04,05:33:53,30.36,100.0,2.0,23.468,121.496
74DA38F20934,2026-08-04,05:34:01,29.86,78.0,2.0,23.002,121.29
74DA38F20D2E,2026-08-04,05:34:02,33.11,100.0,0.0,25.06,121.545
74DA38F20C06,2026-08-04,05:34:09,28.75,56.0,4.0,24.874,121.02
74DA38F7C3BA,2026-08-04,05:34:10,-4.0,0.0,64.0,25.174,121.441
74DA38F21048,2026-08-04,05:34:14,30.25,100.0,19.0,22.595,120.341
74DA38ED0630,2026-08-04,05:34:34,31.11,100.0,0.0,23.994,121.594
74DA38F209EE,2026-08-04,05:34:34,31.36,100.0,0.0,23.026,121.33
74DA38F7C59C,2026-08-04,05:34:34,32.11,70.0,3.0,25.103,121.487
74DA38ED0454,2026-08-04,05:34:36,31.86,100.0,2.0,24.053,121.599
74DA38F7C616,2026-08-04,05:34:41,34.61,100.0,0.0,25.031,121.563
74DA38F20B82,2026-08-04,05:34:43,-4.0,0.0,1.0,22.847,120.465
74DA38F20D1A,2026-08-04,05:34:58,33.11,82.0,0.0,25.078,121.541
74DA38ED06E0,2026-08-04,05:35:04,30.25,100.0,4.0,23.601,121.521
74DA38F7C514,2026-08-04,05:35:09,32.75,100.0,2.0,25.051,121.518
74DA38F7C47E,2026-08-04,05:35:16,33.0,100.0,3.0,25.053963,121.427681
74DA38F208E2,2026-08-04,05:35:20,31.36,100.0,1.0,24.688,121.766
74DA38F20FFE,2026-08-04,05:35:25,31.86,100.0,9.0,22.894,120.298
74DA38F7C53C,2026-08-04,05:35:32,32.0,100.0,0.0,25.11,121.804
74DA38F7C506,2026-08-04,05:35:34,34.25,100.0,1.0,24.996,121.544
74DA38F20D1E,2026-08-04,05:35:42,32.61,100.0,4.0,25.048,121.573
74DA38F20B26,2026-08-04,05:35:43,31.11,100.0,17.0,22.783,120.247
74DA38F20F1C,2026-08-04,05:35:45,31.75,100.0,30.0,25.062,121.451
74DA38F7C13A,2026-08-04,05:35:45,25.62,14.0,3.0,25.069,121.359
74DA38F7C260,2026-08-04,05:35:47,34.61,99.0,0.0,25.065,121.425
74DA38F7C54E,2026-08-04,05:36:08,33.11,100.0,0.0,25.063,121.661
74DA38F7C524,2026-08-04,05:36:13,33.11,100.0,0.0,25.002,121.552
74DA38F7C570,2026-08-04,05:36:14,31.25,100.0,0.0,25.239,121.63
74DA38F7C600,2026-08-04,05:36:14,23.37,48.0,1.0,25.07,121.586
74DA38F21204,2026-08-04,05:36:19,31.75,100.0,0.0,25.062,121.451
74DA38F7C30C,2026-08-04,05:36:20,33.0,88.0,0.0,24.975,121.532
74DA38ED059C,2026-08-04,05:36:21,32.36,83.0,2.0,23.706,121.412
74DA38F20B88,2026-08-04,05:36:26,30.86,100.0,1.0,22.75,120.316
74DA38F20C22,2026-08-04,05:36:37,33.5,100.0,2.0,22.729,120.357
74DA38F7C5CE,2026-08-04,05:36:41,31.5,81.0,0.0,25.066,121.656
74DA38F7C310,2026-08-04,05:36:42,33.75,100.0,0.0,25.09,121.464
74DA38F7C5A0,2026-08-04,05:36:46,32.75,88.0,0.0,25.107,121.518
74DA38F20A78,2026-08-04,05:37:01,33.11,100.0,0.0,22.904,121.124
74DA38F7C5BE,2026-08-04,05:37:01,32.0,80.0,3.0,25.092,121.523
74DA38F20EB2,2026-08-04,05:37:05,30.75,100.0,25.0,24.324,120.835
74DA38F20D70,2026-08-04,05:37:07,34.36,82.0,0.0,23.05,121.164
74DA38F7C27E,2026-08-04,05:37:07,32.25,91.0,2.0,25.053,121.444
74DA38F20862,2026-08-04,05:37:13,31.75,96.0,38.0,23.101,121.176
74DA38F209DE,2026-08-04,05:37:14,32.5,100.0,1.0,24.861,120.964
74DA38F2104E,2026-08-04,05:37:14,31.25,100.0,17.0,23.108,120.7
74DA38F20C26,2026-08-04,05:37:17,32.5,72.0,15.0,22.676,120.342
74DA38F7C366,2026-08-04,05:37:17,33.36,100.0,1.0,25.002,121.516
74DA38F209A8,2026-08-04,05:37:19,-4.0,0.0,0.0,22.401,120.577
74DA38ED0640,2026-08-04,05:37:21,32.86,100.0,4.0,23.154,121.266
74DA38ED05B6,2026-08-04,05:37:25,32.25,100.0,1.0,23.43,121.348
74DA38F20E6E,2026-08-04,05:37:25,29.0,94.0,0.0,24.41,120.902
74DA38F21024,2026-08-04,05:37:28,31.61,100.0,3.0,24.93,121.036
74DA38F210F6,2026-08-04,05:37:30,32.0,100.0,2.0,22.757426,121.158891
74DA38F7C592,2026-08-04,05:37:30,-4.0,0.0,0.0,25.224,121.637
74DA38F20F0A,2026-08-04,05:37:36,31.75,100.0,11.0,22.995,120.635
74DA38F21054,2026-08-04,05:37:43,28.25,57.0,20.0,22.898,120.627
74DA38F207DE,2026-08-04,05:37:44,32.61,100.0,14.0,22.603,120.34
74DA38F7C4CC,2026-08-04,05:37:47,34.5,100.0,2.0,25.062,121.451
74DA38F7C3D6,2026-08-04,05:37:55,36.5,95.0,0.0,25.045,121.541
74DA38F7C430,2026-08-04,05:37:57,34.61,76.0,0.0,24.981,121.423
74DA38F2105C,2026-08-04,05:37:59,33.11,100.0,0.0,25.088,121.599
74DA38F7C39A,2026-08-04,05:38:01,33.0,100.0,0.0,25.002,121.414
74DA38F7C610,2026-08-04,05:38:05,31.61,84.0,2.0,25.063,121.564
74DA38F209F8,2026-08-04,05:38:06,32.86,100.0,0.0,23.157,121.4
74DA38F209B2,2026-08-04,05:38:15,30.25,100.0,0.0,22.363,120.599
74DA38F20B80,2026-08-04,05:38:22,32.0,100.0,4.0,22.599,120.35
74DA38F7C3DC,2026-08-04,05:38:28,32.5,100.0,5.0,25.003,121.539
74DA38F7C3B2,2026-08-04,05:38:29,32.25,66.0,1.0,24.929,121.378
74DA38F7C47C,2026-08-04,05:38:30,34.0,85.0,101.0,25.055,121.455
74DA38F7C5E6,2026-08-04,05:38:35,32.11,100.0,3.0,25.107,121.843
74DA38F20B12,2026-08-04,05:38:36,27.37,80.0,19.0,22.91,120.716
74DA38F7C37C,2026-08-04,05:38:38,33.25,100.0,32.0,25.111,121.856
74DA38F20B5C,2026-08-04,05:38:39,33.11,100.0,16.0,22.798,120.293
74DA38F7C4DE,2026-08-04,05:38:41,32.86,100.0,0.0,25.09,121.462
74DA38ED05EA,2026-08-04,05:38:43,31.36,100.0,1.0,23.394,121.357
74DA38F21170,2026-08-04,05:38:44,34.25,67.0,0.0,22.779,121.088
74DA38F210A2,2026-08-04,05:38:47,32.25,100.0,0.0,25.12,121.466
74DA38F2113E,2026-08-04,05:38:50,-4.0,0.0,0.0,22.728,120.313
74DA38F7C5AA,2026-08-04,05:38:52,33.0,100.0,0.0,25.0,121.479
74DA38F7C3DE,2026-08-04,05:38:54,35.11,98.0,219.0,24.972,121.537
74DA38F7C42E,2026-08-04,05:38:59,35.11,100.0,0.0,24.969,121.514
74DA38F7C41E,2026-08-04,05:39:03,32.0,74.0,0.0,25.054,121.517
74DA38F7C63C,2026-08-04,05:39:07,60.62,100.0,2.0,24.998,121.425
74DA38F20DE0,2026-08-04,05:39:25,31.11,100.0,0.0,22.589,120.328
74DA38F20BF6,2026-08-04,05:39:31,29.0,100.0,18.0,22.582,120.368
74DA38F20E9E,2026-08-04,05:39:31,28.5,100.0,2.0,24.648,121.151
74DA38F7C480,2026-08-04,05:39:46,33.61,100.0,0.0,25.061,121.432
74DA38F7C560,2026-08-04,05:39:49,32.75,-65.0,1.0,25.079,121.671
74DA38F7C338,2026-08-04,05:39:50,30.86,100.0,3.0,25.011,121.458
74DA38F20D16,2026-08-04,05:39:52,33.36,95.0,2.0,25.062,121.526
74DA38F21136,2026-08-04,05:39:52,33.36,88.0,0.0,25.119,121.505
74DA38F7C566,2026-08-04,05:39:52,34.61,97.0,0.0,25.051,121.448
74DA38F7C532,2026-08-04,05:39:55,32.75,84.0,2.0,25.059,121.499
74DA38ED04F2,2026-08-04,05:40:00,30.36,100.0,2.0,23.468,121.496
74DA38F20D6C,2026-08-04,05:40:09,31.61,78.0,0.0,22.661,120.301
74DA38F20934,2026-08-04,05:40:10,29.86,78.0,2.0,23.002,121.29
74DA38F20C06,2026-08-04,05:40:14,28.86,56.0,4.0,24.874,121.02
74DA38F21088,2026-08-04,05:40:16,33.0,100.0,0.0,25.068,121.588
74DA38F20D2E,2026-08-04,05:40:29,33.11,100.0,0.0,25.06,121.545
74DA38F209EE,2026-08-04,05:40:39,31.5,100.0,0.0,23.026,121.33
74DA38ED0454,2026-08-04,05:40:42,31.86,100.0,2.0,24.053,121.599
74DA38F21048,2026-08-04,05:40:42,30.36,100.0,15.0,22.595,120.341
74DA38F7C616,2026-08-04,05:40:54,34.5,100.0,0.0,25.031,121.563
74DA38ED0630,2026-08-04,05:41:00,31.11,100.0,0.0,23.994,121.594
74DA38F7C59C,2026-08-04,05:41:01,32.0,68.0,2.0,25.103,121.487
74DA38ED06E0,2026-08-04,05:41:10,30.36,100.0,4.0,23.601,121.521
74DA38F7C514,2026-08-04,05:41:15,32.61,100.0,2.0,25.051,121.518
74DA38F7C47E,2026-08-04,05:41:21,32.75,100.0,3.0,25.053963,121.427681
74DA38F208E2,2026-08-04,05:41:25,31.5,100.0,2.0,24.688,121.766
74DA38F20D1A,2026-08-04,05:41:27,33.0,81.0,0.0,25.078,121.541
74DA38F20A30,2026-08-04,05:41:32,33.11,77.0,0.0,24.948,121.372
74DA38F20FFE,2026-08-04,05:41:46,31.86,100.0,10.0,22.894,120.298
74DA38F20B26,2026-08-04,05:41:50,31.11,100.0,16.0,22.783,120.247
74DA38F20D1E,2026-08-04,05:41:50,32.36,100.0,4.0,25.048,121.573
74DA38F20F1C,2026-08-04,05:41:53,31.86,100.0,31.0,25.062,121.451
74DA38F7C53C,2026-08-04,05:41:59,32.25,100.0,0.0,25.11,121.804
74DA38F7C13A,2026-08-04,05:42:12,25.5,13.0,1.0,25.069,121.359
74DA38F7C506,2026-08-04,05:42:14,34.25,100.0,1.0,24.996,121.544
74DA38F7C260,2026-08-04,05:42:17,34.61,99.0,0.0,25.065,121.425
74DA38F7C600,2026-08-04,05:42:19,23.37,48.0,1.0,25.07,121.586
74DA38F7C30C,2026-08-04,05:42:26,33.11,88.0,0.0,24.975,121.532
74DA38ED059C,2026-08-04,05:42:28,32.36,81.0,1.0,23.706,121.412
74DA38F21204,2026-08-04,05:42:34,31.75,100.0,0.0,25.062,121.451
74DA38F7C524,2026-08-04,05:42:39,33.36,100.0,0.0,25.002,121.552
74DA38F7C54E,2026-08-04,05:42:39,32.86,100.0,0.0,25.063,121.661
74DA38F7C570,2026-08-04,05:42:42,31.25,100.0,0.0,25.239,121.63
74DA38F7C310,2026-08-04,05:42:46,33.86,100.0,0.0,25.09,121.464
74DA38F7C3BA,2026-08-04,05:42:49,-4.0,0.0,70.0,25.174,121.441
74DA38F20B88,2026-08-04,05:42:53,30.86,100.0,2.0,22.75,120.316
74DA38F7C46C,2026-08-04,05:43:01,-4.0,0.0,0.0,25.288,121.544
74DA38F20C22,2026-08-04,05:43:04,33.61,100.0,0.0,22.729,120.357
74DA38F7C5BE,2026-08-04,05:43:05,32.11,79.0,3.0,25.092,121.523
74DA38F20A78,2026-08-04,05:43:07,33.61,100.0,0.0,22.904,121.124
74DA38F7C5CE,2026-08-04,05:43:08,31.5,81.0,0.0,25.066,121.656
74DA38F20D70,2026-08-04,05:43:13,34.36,83.0,0.0,23.05,121.164
74DA38F20EB2,2026-08-04,05:43:13,30.61,100.0,24.0,24.324,120.835
74DA38F7C5A0,2026-08-04,05:43:13,32.75,88.0,0.0,25.107,121.518
74DA38F7C27E,2026-08-04,05:43:14,32.25,91.0,2.0,25.053,121.444
74DA38F20862,2026-08-04,05:43:19,32.0,99.0,32.0,23.101,121.176
74DA38F2104E,2026-08-04,05:43:20,31.11,100.0,18.0,23.108,120.7
74DA38F20C26,2026-08-04,05:43:23,32.61,73.0,15.0,22.676,120.342
74DA38F7C366,2026-08-04,05:43:24,33.11,100.0,1.0,25.002,121.516
74DA38ED0640,2026-08-04,05:43:27,32.86,100.0,2.0,23.154,121.266
74DA38F20E6E,2026-08-04,05:43:27,29.0,95.0,0.0,24.41,120.902
74DA38ED05B6,2026-08-04,05:43:30,32.36,100.0,1.0,23.43,121.348
74DA38F210F6,2026-08-04,05:43:35,32.0,100.0,2.0,22.757426,121.158891
74DA38F209DE,2026-08-04,05:43:41,32.36,100.0,0.0,24.861,120.964
74DA38F20F0A,2026-08-04,05:43:43,31.75,100.0,12.0,22.995,120.635
74DA38F21054,2026-08-04,05:43:49,28.11,57.0,19.0,22.898,120.627
74DA38F207DE,2026-08-04,05:43:50,32.61,100.0,15.0,22.603,120.34
74DA38F7C4CC,2026-08-04,05:43:53,34.11,100.0,2.0,25.062,121.451
74DA38F21024,2026-08-04,05:43:58,31.61,100.0,39.0,24.93,121.036
74DA38F7C610,2026-08-04,05:44:10,31.75,84.0,2.0,25.063,121.564
74DA38F20B82,2026-08-04,05:44:16,-4.0,0.0,1.0,22.847,120.465
74DA38F7C3D6,2026-08-04,05:44:22,36.75,96.0,0.0,25.045,121.541
74DA38F7C47C,2026-08-04,05:44:22,33.86,85.0,107.0,25.055,121.455
74DA38F2105C,2026-08-04,05:44:25,33.11,100.0,0.0,25.088,121.599
74DA38F7C430,2026-08-04,05:44:25,34.75,76.0,0.0,24.981,121.423
74DA38F7C39A,2026-08-04,05:44:29,33.11,100.0,0.0,25.002,121.414
74DA38F209F8,2026-08-04,05:44:33,32.36,100.0,0.0,23.157,121.4
74DA38F7C3DC,2026-08-04,05:44:34,32.5,100.0,5.0,25.003,121.539
74DA38F7C3B2,2026-08-04,05:44:35,32.25,66.0,1.0,24.929,121.378
74DA38F7C5E6,2026-08-04,05:44:41,32.11,100.0,3.0,25.107,121.843
74DA38F20B12,2026-08-04,05:44:43,27.5,79.0,20.0,22.91,120.716
74DA38F20B5C,2026-08-04,05:44:47,33.11,100.0,17.0,22.798,120.293
74DA38F7C3DE,2026-08-04,05:44:47,35.25,99.0,221.0,24.972,121.537
74DA38ED05EA,2026-08-04,05:44:48,31.36,100.0,1.0,23.394,121.357
74DA38F20B80,2026-08-04,05:44:49,32.11,100.0,1.0,22.599,120.35
74DA38F7C4DE,2026-08-04,05:44:49,32.86,100.0,0.0,25.09,121.462
74DA38F210A2,2026-08-04,05:44:52,32.0,100.0,0.0,25.12,121.466
74DA38F21170,2026-08-04,05:44:53,34.25,66.0,0.0,22.779,121.088
74DA38F7C37C,2026-08-04,05:45:16,33.11,100.0,20.0,25.111,121.856
74DA38F7C5AA,2026-08-04,05:45:26,33.11,100.0,0.0,25.0,121.479
74DA38F7C42E,2026-08-04,05:45:27,35.0,100.0,0.0,24.969,121.514
74DA38F20BF6,2026-08-04,05:45:36,29.0,100.0,17.0,22.582,120.368
74DA38F20E9E,2026-08-04,05:45:37,28.36,100.0,3.0,24.648,121.151
74DA38F7C41E,2026-08-04,05:45:37,32.11,75.0,0.0,25.054,121.517
74DA38F20DE0,2026-08-04,05:45:53,31.25,100.0,1.0,22.589,120.328
74DA38F21136,2026-08-04,05:46:00,33.36,87.0,0.0,25.119,121.505
74DA38F20D16,2026-08-04,05:46:01,33.25,96.0,1.0,25.062,121.526
74DA38F7C532,2026-08-04,05:46:03,32.75,83.0,2.0,25.059,121.499
74DA38ED04F2,2026-08-04,05:46:06,30.36,100.0,2.0,23.468,121.496
74DA38F2113E,2026-08-04,05:46:06,-4.0,0.0,0.0,22.728,120.313
74DA38F7C560,2026-08-04,05:46:17,32.86,-65.0,0.0,25.079,121.671
74DA38F20C06,2026-08-04,05:46:19,28.86,56.0,4.0,24.874,121.02
74DA38F7C566,2026-08-04,05:46:19,34.86,96.0,0.0,25.051,121.448
74DA38F20934,2026-08-04,05:46:22,29.86,78.0,2.0,23.002,121.29
74DA38F20D6C,2026-08-04,05:46:42,31.5,77.0,0.0,22.661,120.301
74DA38F209EE,2026-08-04,05:46:44,31.36,100.0,0.0,23.026,121.33
74DA38F21088,2026-08-04,05:46:44,33.25,100.0,0.0,25.068,121.588
74DA38F20D2E,2026-08-04,05:46:57,33.0,100.0,0.0,25.06,121.545
74DA38ED0454,2026-08-04,05:47:01,31.75,100.0,2.0,24.053,121.599
74DA38F7C616,2026-08-04,05:47:04,34.36,100.0,0.0,25.031,121.563
74DA38F7C592,2026-08-04,05:47:09,-4.0,0.0,0.0,25.224,121.637
74DA38F21048,2026-08-04,05:47:12,30.36,100.0,18.0,22.595,120.341
74DA38ED06E0,2026-08-04,05:47:18,30.5,100.0,4.0,23.601,121.521
74DA38F7C514,2026-08-04,05:47:21,32.61,100.0,3.0,25.051,121.518
74DA38F7C47E,2026-08-04,05:47:26,33.0,100.0,3.0,25.053963,121.427681
74DA38ED0630,2026-08-04,05:47:28,30.86,100.0,0.0,23.994,121.594
74DA38F7C59C,2026-08-04,05:47:28,32.0,70.0,2.0,25.103,121.487
74DA38F208E2,2026-08-04,05:47:29,31.36,100.0,2.0,24.688,121.766
74DA38F20D1A,2026-08-04,05:47:55,32.86,81.0,0.0,25.078,121.541
74DA38F20D1E,2026-08-04,05:47:56,32.5,100.0,4.0,25.048,121.573
74DA38F20B26,2026-08-04,05:47:57,31.0,100.0,14.0,22.783,120.247
74DA38F20A30,2026-08-04,05:48:01,33.11,77.0,0.0,24.948,121.372
74DA38F20F1C,2026-08-04,05:48:01,31.86,100.0,31.0,25.062,121.451
74DA38F20FFE,2026-08-04,05:48:04,31.86,100.0,9.0,22.894,120.298
74DA38F7C53C,2026-08-04,05:48:25,32.25,100.0,0.0,25.11,121.804
74DA38F7C600,2026-08-04,05:48:25,23.5,48.0,2.0,25.07,121.586
74DA38ED059C,2026-08-04,05:48:34,32.25,82.0,0.0,23.706,121.412
74DA38F7C13A,2026-08-04,05:48:39,25.62,13.0,0.0,25.069,121.359
74DA38F7C63C,2026-08-04,05:48:40,60.62,100.0,1.0,24.998,121.425
74DA38F7C30C,2026-08-04,05:48:41,33.11,88.0,0.0,24.975,121.532
74DA38F7C506,2026-08-04,05:48:42,34.25,100.0,1.0,24.996,121.544
74DA38F21204,2026-08-04,05:48:43,31.86,100.0,0.0,25.062,121.451
74DA38F7C260,2026-08-04,05:48:43,34.75,98.0,0.0,25.065,121.425
74DA38F7C310,2026-08-04,05:48:51,33.75,100.0,0.0,25.09,121.464
74DA38F7C524,2026-08-04,05:49:06,33.36,100.0,0.0,25.002,121.552
74DA38F7C54E,2026-08-04,05:49:08,33.0,100.0,0.0,25.063,121.661
74DA38F7C570,2026-08-04,05:49:09,31.36,100.0,0.0,25.239,121.63
74DA38F7C5BE,2026-08-04,05:49:11,32.0,79.0,3.0,25.092,121.523
74DA38F20A78,2026-08-04,05:49:14,33.75,100.0,0.0,22.904,121.124
74DA38F7C27E,2026-08-04,05:49:19,32.25,91.0,2.0,25.053,121.444
74DA38F20EB2,2026-08-04,05:49:22,30.75,100.0,23.0,24.324,120.835
74DA38F20862,2026-08-04,05:49:26,32.0,96.0,4.0,23.101,121.176
74DA38F20B88,2026-08-04,05:49:26,30.86,100.0,1.0,22.75,120.316
74DA38F20D70,2026-08-04,05:49:26,33.75,85.0,0.0,23.05,121.164
74DA38F20C26,2026-08-04,05:49:28,32.61,71.0,15.0,22.676,120.342
74DA38F20E6E,2026-08-04,05:49:28,29.0,95.0,0.0,24.41,120.902
74DA38F2104E,2026-08-04,05:49:28,30.86,100.0,18.0,23.108,120.7
74DA38ED0640,2026-08-04,05:49:32,33.0,100.0,2.0,23.154,121.266
74DA38F20C22,2026-08-04,05:49:32,33.61,100.0,0.0,22.729,120.357
74DA38F7C366,2026-08-04,05:49:34,33.25,100.0,0.0,25.002,121.516
74DA38F7C5CE,2026-08-04,05:49:35,31.5,81.0,0.0,25.066,121.656
74DA38ED05B6,2026-08-04,05:49:36,32.36,100.0,2.0,23.43,121.348
74DA38F210F6,2026-08-04,05:49:39,32.0,100.0,2.0,22.757426,121.158891
74DA38F7C5A0,2026-08-04,05:49:40,32.86,88.0,0.0,25.107,121.518
74DA38F20F0A,2026-08-04,05:49:50,32.0,100.0,11.0,22.995,120.635
74DA38F207DE,2026-08-04,05:49:55,32.75,100.0,14.0,22.603,120.34
74DA38F21054,2026-08-04,05:49:55,28.25,57.0,21.0,22.898,120.627
74DA38F7C4CC,2026-08-04,05:49:58,34.25,100.0,2.0,25.062,121.451
74DA38F209DE,2026-08-04,05:50:08,32.61,100.0,0.0,24.861,120.964
74DA38F7C47C,2026-08-04,05:50:13,34.0,85.0,94.0,25.055,121.455
74DA38F7C610,2026-08-04,05:50:15,31.61,83.0,2.0,25.063,121.564
74DA38F21024,2026-08-04,05:50:28,31.61,100.0,34.0,24.93,121.036
74DA38F7C3B2,2026-08-04,05:50:40,32.25,66.0,1.0,24.929,121.378
74DA38F7C3DC,2026-08-04,05:50:40,32.5,100.0,4.0,25.003,121.539
74DA38F7C3DE,2026-08-04,05:50:41,35.25,97.0,210.0,24.972,121.537
74DA38F7C5E6,2026-08-04,05:50:46,32.25,100.0,2.0,25.107,121.843
74DA38F7C3D6,2026-08-04,05:50:49,36.86,93.0,0.0,25.045,121.541
74DA38F20B12,2026-08-04,05:50:50,27.5,78.0,17.0,22.91,120.716
74DA38F2105C,2026-08-04,05:50:52,33.11,100.0,0.0,25.088,121.599
74DA38ED05EA,2026-08-04,05:50:53,31.36,100.0,1.0,23.394,121.357
74DA38F7C430,2026-08-04,05:50:53,34.86,76.0,0.0,24.981,121.423
74DA38F7C39A,2026-08-04,05:50:56,33.25,100.0,0.0,25.002,121.414
74DA38F210A2,2026-08-04,05:50:57,32.11,100.0,0.0,25.12,121.466
74DA38F21170,2026-08-04,05:50:59,34.75,67.0,0.0,22.779,121.088
74DA38F209F8,2026-08-04,05:51:02,32.36,100.0,0.0,23.157,121.4
74DA38F20B5C,2026-08-04,05:51:04,33.0,100.0,18.0,22.798,120.293
74DA38F7C4DE,2026-08-04,05:51:04,32.86,100.0,0.0,25.09,121.462
74DA38F20B80,2026-08-04,05:51:16,32.0,100.0,0.0,22.599,120.35
74DA38F7C3BA,2026-08-04,05:51:28,-4.0,0.0,64.0,25.174,121.441
74DA38F20BF6,2026-08-04,05:51:43,29.0,100.0,17.0,22.582,120.368
74DA38F20E9E,2026-08-04,05:51:43,28.5,100.0,2.0,24.648,121.151
74DA38F7C464,2026-08-04,05:51:48,29.36,31.0,0.0,25.006,121.413
74DA38F7C37C,2026-08-04,05:51:54,33.36,100.0,12.0,25.111,121.856
74DA38F7C42E,2026-08-04,05:52:01,35.11,100.0,0.0,24.969,121.514
74DA38F20D16,2026-08-04,05:52:06,33.25,94.0,2.0,25.062,121.526
74DA38F7C532,2026-08-04,05:52:08,32.61,83.0,2.0,25.059,121.499
74DA38F7C41E,2026-08-04,05:52:11,32.11,74.0,0.0,25.054,121.517
74DA38ED04F2,2026-08-04,05:52:12,30.5,100.0,3.0,23.468,121.496
74DA38F21136,2026-08-04,05:52:15,33.5,85.0,0.0,25.119,121.505
74DA38F20DE0,2026-08-04,05:52:20,31.0,100.0,1.0,22.589,120.328
74DA38F20C06,2026-08-04,05:52:25,28.75,55.0,4.0,24.874,121.02
74DA38F20934,2026-08-04,05:52:28,29.86,78.0,2.0,23.002,121.29
74DA38F7C46C,2026-08-04,05:52:41,-4.0,0.0,0.0,25.288,121.544
74DA38F7C560,2026-08-04,05:52:44,32.86,-65.0,0.0,25.079,121.671
74DA38F209EE,2026-08-04,05:52:49,31.25,100.0,0.0,23.026,121.33
74DA38F7C480,2026-08-04,05:52:50,33.36,100.0,0.0,25.061,121.432
74DA38F7C566,2026-08-04,05:52:53,35.11,96.0,0.0,25.051,121.448
74DA38F21088,2026-08-04,05:53:11,33.11,100.0,0.0,25.068,121.588
74DA38F7C616,2026-08-04,05:53:14,34.61,100.0,0.0,25.031,121.563
74DA38F2113E,2026-08-04,05:53:20,-4.0,0.0,0.0,22.728,120.313
74DA38ED0454,2026-08-04,05:53:22,31.75,100.0,2.0,24.053,121.599
74DA38ED06E0,2026-08-04,05:53:24,30.61,100.0,4.0,23.601,121.521
74DA38F20D2E,2026-08-04,05:53:25,33.0,100.0,0.0,25.06,121.545
74DA38F7C514,2026-08-04,05:53:28,32.5,100.0,2.0,25.051,121.518
74DA38F7C47E,2026-08-04,05:53:32,33.11,100.0,3.0,25.053963,121.427681
74DA38F208E2,2026-08-04,05:53:34,31.36,100.0,2.0,24.688,121.766
74DA38F21048,2026-08-04,05:53:39,30.36,100.0,18.0,22.595,120.341
74DA38F20B82,2026-08-04,05:53:48,-4.0,0.0,1.0,22.847,120.465
74DA38ED0630,2026-08-04,05:53:55,30.86,100.0,0.0,23.994,121.594
74DA38F7C59C,2026-08-04,05:53:55,32.0,69.0,2.0,25.103,121.487
74DA38F20B26,2026-08-04,05:54:04,31.11,100.0,14.0,22.783,120.247
74DA38F20D1E,2026-08-04,05:54:06,32.61,100.0,4.0,25.048,121.573
74DA38F20F1C,2026-08-04,05:54:09,31.86,100.0,31.0,25.062,121.451
74DA38F20D1A,2026-08-04,05:54:24,32.61,81.0,0.0,25.078,121.541
74DA38F20FFE,2026-08-04,05:54:25,31.86,100.0,8.0,22.894,120.298
74DA38F7C600,2026-08-04,05:54:30,23.37,48.0,2.0,25.07,121.586
74DA38F20A30,2026-08-04,05:54:32,33.25,78.0,0.0,24.948,121.372
74DA38ED059C,2026-08-04,05:54:41,32.75,81.0,0.0,23.706,121.412
74DA38F7C53C,2026-08-04,05:54:51,32.11,100.0,0.0,25.11,121.804
74DA38F21204,2026-08-04,05:54:52,31.86,100.0,0.0,25.062,121.451
74DA38F7C310,2026-08-04,05:54:55,33.61,100.0,0.0,25.09,121.464
74DA38F7C30C,2026-08-04,05:54:57,33.0,89.0,0.0,24.975,121.532
74DA38F7C260,2026-08-04,05:55:09,34.75,97.0,0.0,25.065,121.425
74DA38F7C13A,2026-08-04,05:55:10,25.5,12.0,0.0,25.069,121.359
74DA38F7C5BE,2026-08-04,05:55:16,31.86,79.0,3.0,25.092,121.523
74DA38F20A78,2026-08-04,05:55:19,34.0,100.0,0.0,22.904,121.124
74DA38F7C27E,2026-08-04,05:55:24,32.25,90.0,2.0,25.053,121.444
74DA38F20E6E,2026-08-04,05:55:29,29.0,94.0,0.0,24.41,120.902
74DA38F20862,2026-08-04,05:55:31,32.0,97.0,2.0,23.101,121.176
74DA38F20EB2,2026-08-04,05:55:32,31.0,100.0,21.0,24.324,120.835
74DA38F7C506,2026-08-04,05:55:32,34.25,100.0,0.0,24.996,121.544
74DA38F2104E,2026-08-04,05:55:34,30.61,100.0,19.0,23.108,120.7
74DA38F7C524,2026-08-04,05:55:34,33.36,100.0,0.0,25.002,121.552
74DA38F20C26,2026-08-04,05:55:36,32.75,71.0,16.0,22.676,120.342
74DA38F20D70,2026-08-04,05:55:36,33.36,86.0,0.0,23.05,121.164
74DA38F7C570,2026-08-04,05:55:37,31.5,100.0,0.0,25.239,121.63
74DA38F7C366,2026-08-04,05:55:39,33.25,100.0,0.0,25.002,121.516
74DA38ED05B6,2026-08-04,05:55:40,32.36,100.0,1.0,23.43,121.348
74DA38ED0640,2026-08-04,05:55:40,33.0,100.0,2.0,23.154,121.266
74DA38F210F6,2026-08-04,05:55:44,32.0,100.0,2.0,22.757426,121.158891
74DA38F20B88,2026-08-04,05:55:56,31.0,100.0,1.0,22.75,120.316
74DA38F20F0A,2026-08-04,05:55:56,31.86,100.0,12.0,22.995,120.635
74DA38F20C22,2026-08-04,05:55:58,33.86,100.0,0.0,22.729,120.357
74DA38F207DE,2026-08-04,05:56:01,32.75,100.0,15.0,22.603,120.34
74DA38F21054,2026-08-04,05:56:02,28.25,57.0,21.0,22.898,120.627
74DA38F7C5CE,2026-08-04,05:56:02,31.61,79.0,0.0,25.066,121.656
74DA38F7C4CC,2026-08-04,05:56:04,34.11,100.0,3.0,25.062,121.451
74DA38F7C47C,2026-08-04,05:56:05,34.0,84.0,95.0,25.055,121.455
74DA38F7C5A0,2026-08-04,05:56:08,33.0,88.0,0.0,25.107,121.518
74DA38F7C610,2026-08-04,05:56:20,31.61,83.0,2.0,25.063,121.564
74DA38F7C3DE,2026-08-04,05:56:35,35.36,96.0,213.0,24.972,121.537
74DA38F209DE,2026-08-04,05:56:36,32.61,100.0,2.0,24.861,120.964
74DA38F7C3DC,2026-08-04,05:56:45,32.25,100.0,5.0,25.003,121.539
74DA38F7C3B2,2026-08-04,05:56:46,32.36,66.0,1.0,24.929,121.378
74DA38F7C592,2026-08-04,05:56:47,-4.0,0.0,0.0,25.224,121.637
74DA38F7C5E6,2026-08-04,05:56:51,32.25,100.0,1.0,25.107,121.843
74DA38F20B12,2026-08-04,05:56:56,27.37,76.0,17.0,22.91,120.716
74DA38F21024,2026-08-04,05:56:58,31.61,100.0,29.0,24.93,121.036
74DA38ED05EA,2026-08-04,05:56:59,31.5,100.0,1.0,23.394,121.357
74DA38F210A2,2026-08-04,05:57:02,32.11,100.0,0.0,25.12,121.466
74DA38F21170,2026-08-04,05:57:07,34.61,67.0,0.0,22.779,121.088
74DA38F7C3D6,2026-08-04,05:57:15,36.11,95.0,0.0,25.045,121.541
74DA38F7C4DE,2026-08-04,05:57:17,32.86,100.0,0.0,25.09,121.462
74DA38F20B5C,2026-08-04,05:57:18,33.0,100.0,16.0,22.798,120.293
74DA38F2105C,2026-08-04,05:57:19,33.11,100.0,0.0,25.088,121.599
74DA38F7C430,2026-08-04,05:57:20,35.0,75.0,0.0,24.981,121.423
74DA38F7C39A,2026-08-04,05:57:23,33.36,100.0,0.0,25.002,121.414
74DA38F209F8,2026-08-04,05:57:30,32.36,100.0,0.0,23.157,121.4
74DA38F20B80,2026-08-04,05:57:44,31.86,100.0,0.0,22.599,120.35
74DA38F20E9E,2026-08-04,05:57:48,28.61,100.0,3.0,24.648,121.151
74DA38F20BF6,2026-08-04,05:57:49,29.0,100.0,18.0,22.582,120.368
74DA38F20D16,2026-08-04,05:58:10,33.25,92.0,1.0,25.062,121.526
74DA38F7C63C,2026-08-04,05:58:12,60.62,100.0,2.0,24.998,121.425
74DA38F7C532,2026-08-04,05:58:14,32.61,83.0,2.0,25.059,121.499
74DA38ED04F2,2026-08-04,05:58:20,30.5,100.0,2.0,23.468,121.496
74DA38F7C42E,2026-08-04,05:58:29,35.25,100.0,0.0,24.969,121.514
74DA38F21136,2026-08-04,05:58:30,33.5,86.0,0.0,25.119,121.505
74DA38F20934,2026-08-04,05:58:38,30.0,79.0,2.0,23.002,121.29
74DA38F20DE0,2026-08-04,05:58:49,31.11,100.0,1.0,22.589,120.328
74DA38F7C41E,2026-08-04,05:58:49,32.0,74.0,0.0,25.054,121.517
74DA38F7C37C,2026-08-04,05:58:51,33.25,99.0,5.0,25.111,121.856
74DA38F7C464,2026-08-04,05:58:53,29.5,31.0,0.0,25.006,121.413
74DA38F209EE,2026-08-04,05:58:54,31.25,100.0,0.0,23.026,121.33
74DA38F7C560,2026-08-04,05:59:11,33.0,-65.0,0.0,25.079,121.671
74DA38F7C480,2026-08-04,05:59:18,33.25,100.0,0.0,25.061,121.432
74DA38F7C566,2026-08-04,05:59:22,35.25,93.0,0.0,25.051,121.448
74DA38F7C616,2026-08-04,05:59:25,34.86,100.0,0.0,25.031,121.563
74DA38ED06E0,2026-08-04,05:59:33,30.75,100.0,4.0,23.601,121.521
74DA38ED0454,2026-08-04,05:59:35,31.75,100.0,2.0,24.053,121.599
74DA38F7C47E,2026-08-04,05:59:37,33.25,100.0,3.0,25.053963,121.427681
74DA38F7C514,2026-08-04,05:59:37,32.5,100.0,2.0,25.051,121.518
74DA38F208E2,2026-08-04,05:59:39,31.36,100.0,2.0,24.688,121.766
74DA38F21088,2026-08-04,05:59:39,33.36,100.0,0.0,25.068,121.588
74DA38F20D2E,2026-08-04,05:59:52,32.86,100.0,0.0,25.06,121.545
74DA38F21048,2026-08-04,06:00:06,30.36,100.0,17.0,22.595,120.341
74DA38F7C3BA,2026-08-04,06:00:09,-4.0,0.0,68.0,25.174,121.441
74DA38F20B26,2026-08-04,06:00:11,31.11,100.0,14.0,22.783,120.247
74DA38F20D1E,2026-08-04,06:00:12,32.61,100.0,4.0,25.048,121.573
74DA38F20F1C,2026-08-04,06:00:17,31.86,100.0,30.0,25.062,121.451
74DA38F7C59C,2026-08-04,06:00:22,32.0,70.0,2.0,25.103,121.487
74DA38ED0630,2026-08-04,06:00:23,30.86,100.0,0.0,23.994,121.594
74DA38F2113E,2026-08-04,06:00:36,-4.0,0.0,0.0,22.728,120.313
74DA38F7C600,2026-08-04,06:00:36,23.5,48.0,1.0,25.07,121.586
74DA38ED059C,2026-08-04,06:00:47,32.86,78.0,0.0,23.706,121.412
74DA38F20D6C,2026-08-04,06:00:49,31.61,76.0,0.0,22.661,120.301
74DA38F20D1A,2026-08-04,06:00:52,32.5,81.0,0.0,25.078,121.541
74DA38F20FFE,2026-08-04,06:00:52,31.86,100.0,8.0,22.894,120.298
74DA38F21204,2026-08-04,06:00:58,31.75,100.0,0.0,25.062,121.451
74DA38F7C310,2026-08-04,06:00:59,33.5,100.0,0.0,25.09,121.464
74DA38F20A30,2026-08-04,06:01:00,33.11,78.0,0.0,24.948,121.372
74DA38F7C30C,2026-08-04,06:01:09,32.86,88.0,0.0,24.975,121.532
74DA38F7C53A,2026-08-04,06:01:13,-4.0,0.0,0.0,25.067,121.641
74DA38F7C53C,2026-08-04,06:01:19,32.11,100.0,0.0,25.11,121.804
74DA38F7C5BE,2026-08-04,06:01:22,31.86,79.0,4.0,25.092,121.523
74DA38F20A78,2026-08-04,06:01:25,34.11,100.0,0.0,22.904,121.124
74DA38F7C27E,2026-08-04,06:01:28,32.25,90.0,1.0,25.053,121.444
74DA38F20E6E,2026-08-04,06:01:31,29.0,95.0,0.0,24.41,120.902
74DA38F7C13A,2026-08-04,06:01:35,25.37,12.0,0.0,25.069,121.359
74DA38F20862,2026-08-04,06:01:37,32.0,96.0,2.0,23.101,121.176
74DA38F7C260,2026-08-04,06:01:39,34.75,96.0,0.0,25.065,121.425
74DA38F2104E,2026-08-04,06:01:41,30.75,100.0,18.0,23.108,120.7
74DA38F20EB2,2026-08-04,06:01:42,30.86,100.0,20.0,24.324,120.835
74DA38F7C366,2026-08-04,06:01:43,33.36,100.0,0.0,25.002,121.516
74DA38F20C26,2026-08-04,06:01:44,32.86,72.0,15.0,22.676,120.342
74DA38ED05B6,2026-08-04,06:01:45,32.5,100.0,1.0,23.43,121.348
74DA38ED0640,2026-08-04,06:01:47,32.86,100.0,2.0,23.154,121.266
74DA38F210F6,2026-08-04,06:01:48,32.0,100.0,2.0,22.757426,121.158891
74DA38F7C47C,2026-08-04,06:01:57,34.0,84.0,96.0,25.055,121.455
74DA38F20D70,2026-08-04,06:02:00,33.0,87.0,0.0,23.05,121.164
74DA38F20F0A,2026-08-04,06:02:02,31.86,100.0,13.0,22.995,120.635
74DA38F7C524,2026-08-04,06:02:04,33.36,100.0,0.0,25.002,121.552
74DA38F7C570,2026-08-04,06:02:04,31.61,100.0,0.0,25.239,121.63
74DA38F207DE,2026-08-04,06:02:06,32.5,100.0,14.0,22.603,120.34
74DA38F21054,2026-08-04,06:02:08,28.25,58.0,23.0,22.898,120.627
74DA38F7C4CC,2026-08-04,06:02:09,33.86,100.0,2.0,25.062,121.451
74DA38F7C506,2026-08-04,06:02:11,34.25,100.0,0.0,24.996,121.544
74DA38F7C46C,2026-08-04,06:02:21,-4.0,0.0,0.0,25.288,121.544
74DA38F20B88,2026-08-04,06:02:24,30.86,100.0,1.0,22.75,120.316
74DA38F7C610,2026-08-04,06:02:25,31.61,84.0,2.0,25.063,121.564
74DA38F20C22,2026-08-04,06:02:26,33.75,100.0,0.0,22.729,120.357
74DA38F7C5CE,2026-08-04,06:02:28,31.75,79.0,0.0,25.066,121.656
74DA38F7C3DE,2026-08-04,06:02:29,35.25,98.0,222.0,24.972,121.537
74DA38F7C5A0,2026-08-04,06:02:35,32.75,87.0,0.0,25.107,121.518
74DA38F7C3DC,2026-08-04,06:02:50,32.5,100.0,8.0,25.003,121.539
74DA38F7C3B2,2026-08-04,06:02:52,32.36,66.0,1.0,24.929,121.378
74DA38F7C5E6,2026-08-04,06:02:57,32.36,100.0,1.0,25.107,121.843
74DA38F20B12,2026-08-04,06:03:02,27.5,75.0,16.0,22.91,120.716
74DA38ED05EA,2026-08-04,06:03:03,31.5,100.0,1.0,23.394,121.357
74DA38F209DE,2026-08-04,06:03:03,32.5,100.0,0.0,24.861,120.964
74DA38F210A2,2026-08-04,06:03:07,32.0,100.0,0.0,25.12,121.466
74DA38F21170,2026-08-04,06:03:12,34.86,67.0,0.0,22.779,121.088
74DA38F20B82,2026-08-04,06:03:20,-4.0,0.0,1.0,22.847,120.465
74DA38F21024,2026-08-04,06:03:24,31.5,100.0,17.0,24.93,121.036
74DA38F20B5C,2026-08-04,06:03:25,33.0,100.0,16.0,22.798,120.293
74DA38F7C4DE,2026-08-04,06:03:32,32.86,100.0,0.0,25.09,121.462
74DA38F7C3D6,2026-08-04,06:03:41,36.5,96.0,0.0,25.045,121.541
74DA38F2105C,2026-08-04,06:03:45,33.0,100.0,0.0,25.088,121.599
74DA38F7C430,2026-08-04,06:03:48,35.0,75.0,0.0,24.981,121.423
74DA38F7C39A,2026-08-04,06:03:52,33.25,100.0,1.0,25.002,121.414
74DA38F20E9E,2026-08-04,06:03:53,29.0,100.0,4.0,24.648,121.151
74DA38F20BF6,2026-08-04,06:03:55,29.0,100.0,16.0,22.582,120.368
74DA38F209F8,2026-08-04,06:03:56,32.11,100.0,0.0,23.157,121.4
74DA38F20B80,2026-08-04,06:04:13,32.0,100.0,0.0,22.599,120.35
74DA38F20D16,2026-08-04,06:04:16,33.25,93.0,1.0,25.062,121.526
74DA38F7C532,2026-08-04,06:04:24,32.5,84.0,2.0,25.059,121.499
74DA38ED04F2,2026-08-04,06:04:27,30.5,100.0,2.0,23.468,121.496
74DA38F20C06,2026-08-04,06:04:35,28.75,56.0,4.0,24.874,121.02
74DA38F21136,2026-08-04,06:04:38,33.36,84.0,0.0,25.119,121.505
74DA38F20934,2026-08-04,06:04:45,29.86,79.0,3.0,23.002,121.29
74DA38F7C42E,2026-08-04,06:04:57,35.11,100.0,0.0,24.969,121.514
74DA38F209EE,2026-08-04,06:04:59,31.11,100.0,0.0,23.026,121.33
74DA38F20DE0,2026-08-04,06:05:15,31.25,100.0,0.0,22.589,120.328
74DA38F7C41E,2026-08-04,06:05:19,32.0,74.0,0.0,25.054,121.517
74DA38F7C616,2026-08-04,06:05:38,34.61,100.0,0.0,25.031,121.563
74DA38ED06E0,2026-08-04,06:05:39,30.75,100.0,4.0,23.601,121.521
74DA38F7C560,2026-08-04,06:05:39,33.25,-66.0,0.0,25.079,121.671
74DA38ED0454,2026-08-04,06:05:42,31.75,100.0,2.0,24.053,121.599
74DA38F7C37C,2026-08-04,06:05:42,33.36,94.0,26.0,25.111,121.856
74DA38F7C47E,2026-08-04,06:05:42,33.11,100.0,3.0,25.053963,121.427681
74DA38F208E2,2026-08-04,06:05:43,31.36,100.0,2.0,24.688,121.766
74DA38F7C514,2026-08-04,06:05:43,32.61,100.0,2.0,25.051,121.518
74DA38F7C480,2026-08-04,06:05:44,33.36,100.0,0.0,25.061,121.432
74DA38F7C566,2026-08-04,06:05:54,35.5,94.0,0.0,25.051,121.448
74DA38F7C464,2026-08-04,06:06:02,29.36,31.0,0.0,25.006,121.413
74DA38F21088,2026-08-04,06:06:08,33.36,100.0,0.0,25.068,121.588
74DA38F7C338,2026-08-04,06:06:15,31.0,100.0,3.0,25.011,121.458
74DA38F20B26,2026-08-04,06:06:17,31.11,100.0,13.0,22.783,120.247
74DA38F20D2E,2026-08-04,06:06:19,32.86,100.0,0.0,25.06,121.545
74DA38F20D1E,2026-08-04,06:06:21,32.61,100.0,4.0,25.048,121.573
74DA38F7C592,2026-08-04,06:06:25,-4.0,0.0,0.0,25.224,121.637
74DA38F20F1C,2026-08-04,06:06:26,31.86,100.0,29.0,25.062,121.451
74DA38F7C5AA,2026-08-04,06:06:33,32.75,100.0,0.0,25.0,121.479
74DA38F21048,2026-08-04,06:06:36,30.5,100.0,18.0,22.595,120.341
74DA38F7C600,2026-08-04,06:06:41,23.37,48.0,1.0,25.07,121.586
74DA38ED0630,2026-08-04,06:06:49,31.0,100.0,0.0,23.994,121.594
74DA38F7C59C,2026-08-04,06:06:49,31.86,70.0,2.0,25.103,121.487
74DA38ED059C,2026-08-04,06:06:53,33.11,78.0,0.0,23.706,121.412
74DA38F7C310,2026-08-04,06:07:04,33.61,100.0,0.0,25.09,121.464
74DA38F21204,2026-08-04,06:07:06,31.75,100.0,0.0,25.062,121.451
74DA38F20D1A,2026-08-04,06:07:21,32.61,81.0,0.0,25.078,121.541
74DA38F20FFE,2026-08-04,06:07:24,32.0,100.0,8.0,22.894,120.298
74DA38F20A30,2026-08-04,06:07:28,33.25,78.0,0.0,24.948,121.372
74DA38F7C5BE,2026-08-04,06:07:28,31.61,80.0,3.0,25.092,121.523
74DA38F20A78,2026-08-04,06:07:31,33.86,100.0,0.0,22.904,121.124
74DA38F20E6E,2026-08-04,06:07:33,28.86,96.0,0.0,24.41,120.902
74DA38F7C27E,2026-08-04,06:07:33,32.25,90.0,2.0,25.053,121.444
74DA38F20862,2026-08-04,06:07:43,32.0,95.0,2.0,23.101,121.176
74DA38F7C53C,2026-08-04,06:07:45,32.25,100.0,0.0,25.11,121.804
74DA38F7C63C,2026-08-04,06:07:45,60.62,100.0,1.0,24.998,121.425
74DA38F7C366,2026-08-04,06:07:48,33.11,100.0,0.0,25.002,121.516
74DA38F2104E,2026-08-04,06:07:49,30.86,100.0,20.0,23.108,120.7
74DA38ED05B6,2026-08-04,06:07:50,32.5,100.0,1.0,23.43,121.348
74DA38F20EB2,2026-08-04,06:07:50,30.86,100.0,18.0,24.324,120.835
74DA38F20C26,2026-08-04,06:07:51,33.0,70.0,15.0,22.676,120.342
74DA38F2113E,2026-08-04,06:07:51,-4.0,0.0,0.0,22.728,120.313
74DA38F210F6,2026-08-04,06:07:53,32.0,100.0,2.0,22.757426,121.158891
74DA38ED0640,2026-08-04,06:07:55,32.61,100.0,2.0,23.154,121.266
74DA38F7C13A,2026-08-04,06:08:03,25.37,12.0,0.0,25.069,121.359
74DA38F20D70,2026-08-04,06:08:09,32.86,87.0,0.0,23.05,121.164
74DA38F20F0A,2026-08-04,06:08:09,31.86,100.0,12.0,22.995,120.635
74DA38F207DE,2026-08-04,06:08:12,32.61,100.0,15.0,22.603,120.34
74DA38F7C4CC,2026-08-04,06:08:15,33.75,100.0,2.0,25.062,121.451
74DA38F21054,2026-08-04,06:08:16,28.11,57.0,25.0,22.898,120.627
74DA38F7C260,2026-08-04,06:08:19,34.75,97.0,0.0,25.065,121.425
74DA38F7C3DE,2026-08-04,06:08:22,35.25,98.0,215.0,24.972,121.537
74DA38F7C570,2026-08-04,06:08:31,31.61,100.0,0.0,25.239,121.63
74DA38F7C610,2026-08-04,06:08:31,31.61,84.0,2.0,25.063,121.564
74DA38F7C524,2026-08-04,06:08:33,33.36,100.0,0.0,25.002,121.552
74DA38F7C506,2026-08-04,06:08:43,34.25,100.0,0.0,24.996,121.544
74DA38F7C3BA,2026-08-04,06:08:49,-4.0,0.0,67.0,25.174,121.441
74DA38F20C22,2026-08-04,06:08:52,33.5,100.0,0.0,22.729,120.357
74DA38F20B88,2026-08-04,06:08:53,30.86,100.0,2.0,22.75,120.316
74DA38F7C3DC,2026-08-04,06:08:56,32.5,100.0,8.0,25.003,121.539
74DA38F7C5CE,2026-08-04,06:08:56,31.86,77.0,0.0,25.066,121.656
74DA38F7C3B2,2026-08-04,06:08:57,32.36,67.0,0.0,24.929,121.378
74DA38F7C5E6,2026-08-04,06:09:02,32.36,100.0,0.0,25.107,121.843
74DA38F7C5A0,2026-08-04,06:09:03,32.61,87.0,0.0,25.107,121.518
74DA38ED05EA,2026-08-04,06:09:09,31.5,100.0,1.0,23.394,121.357
74DA38F20B12,2026-08-04,06:09:09,27.5,75.0,15.0,22.91,120.716
74DA38F210A2,2026-08-04,06:09:12,31.75,100.0,0.0,25.12,121.466
74DA38F21170,2026-08-04,06:09:17,34.75,68.0,0.0,22.779,121.088
74DA38F209DE,2026-08-04,06:09:31,32.5,100.0,1.0,24.861,120.964
74DA38F20B5C,2026-08-04,06:09:31,33.0,100.0,15.0,22.798,120.293
74DA38F21024,2026-08-04,06:09:51,31.61,100.0,0.0,24.93,121.036
74DA38F20BF6,2026-08-04,06:09:59,29.0,100.0,17.0,22.582,120.368
74DA38F20E9E,2026-08-04,06:09:59,29.11,100.0,5.0,24.648,121.151
74DA38F7C3D6,2026-08-04,06:10:08,36.5,95.0,0.0,25.045,121.541
74DA38F2105C,2026-08-04,06:10:13,32.86,100.0,8.0,25.088,121.599
74DA38F7C430,2026-08-04,06:10:15,35.0,75.0,0.0,24.981,121.423
74DA38F7C39A,2026-08-04,06:10:20,33.25,100.0,0.0,25.002,121.414
74DA38F209F8,2026-08-04,06:10:26,32.0,100.0,0.0,23.157,121.4
74DA38F20D16,2026-08-04,06:10:26,33.0,94.0,1.0,25.062,121.526
74DA38F7C532,2026-08-04,06:10:32,32.36,83.0,2.0,25.059,121.499
74DA38ED04F2,2026-08-04,06:10:37,30.5,100.0,2.0,23.468,121.496
74DA38F20B80,2026-08-04,06:10:41,32.11,100.0,0.0,22.599,120.35
74DA38F20C06,2026-08-04,06:10:41,28.75,56.0,4.0,24.874,121.02
74DA38F20934,2026-08-04,06:10:51,30.0,79.0,3.0,23.002,121.29
74DA38F21136,2026-08-04,06:10:56,33.36,86.0,0.0,25.119,121.505
74DA38F209EE,2026-08-04,06:11:05,31.11,100.0,0.0,23.026,121.33
74DA38F7C42E,2026-08-04,06:11:25,34.75,100.0,0.0,24.969,121.514
74DA38F20DE0,2026-08-04,06:11:44,31.25,100.0,0.0,22.589,120.328
74DA38F7C616,2026-08-04,06:11:46,34.75,100.0,0.0,25.031,121.563
74DA38ED0454,2026-08-04,06:11:47,31.75,100.0,1.0,24.053,121.599
74DA38ED06E0,2026-08-04,06:11:47,30.86,100.0,4.0,23.601,121.521
74DA38F7C41E,2026-08-04,06:11:47,31.86,74.0,0.0,25.054,121.517
74DA38F7C47E,2026-08-04,06:11:47,32.86,100.0,3.0,25.053963,121.427681
74DA38F208E2,2026-08-04,06:11:48,31.5,100.0,2.0,24.688,121.766
74DA38F7C514,2026-08-04,06:11:50,32.61,100.0,2.0,25.051,121.518
74DA38F7C46C,2026-08-04,06:12:02,-4.0,0.0,0.0,25.288,121.544
74DA38F7C560,2026-08-04,06:12:06,33.11,-66.0,0.0,25.079,121.671
74DA38F7C480,2026-08-04,06:12:16,33.11,100.0,0.0,25.061,121.432
74DA38F7C566,2026-08-04,06:12:20,35.61,93.0,0.0,25.051,121.448
74DA38F20B26,2026-08-04,06:12:23,31.11,100.0,13.0,22.783,120.247
74DA38F20D1E,2026-08-04,06:12:30,32.5,100.0,3.0,25.048,121.573
74DA38F20F1C,2026-08-04,06:12:33,31.86,100.0,26.0,25.062,121.451
74DA38F21088,2026-08-04,06:12:35,33.25,100.0,0.0,25.068,121.588
74DA38F7C464,2026-08-04,06:12:46,29.25,31.0,0.0,25.006,121.413
74DA38F7C600,2026-08-04,06:12:46,23.5,48.0,2.0,25.07,121.586
74DA38F20D2E,2026-08-04,06:12:48,32.86,100.0,0.0,25.06,121.545
74DA38F20B82,2026-08-04,06:12:52,-4.0,0.0,1.0,22.847,120.465
74DA38ED059C,2026-08-04,06:12:59,33.25,77.0,0.0,23.706,121.412
74DA38F21048,2026-08-04,06:13:03,30.36,100.0,18.0,22.595,120.341
74DA38F7C310,2026-08-04,06:13:08,33.5,100.0,0.0,25.09,121.464
74DA38F21204,2026-08-04,06:13:15,31.75,100.0,0.0,25.062,121.451
74DA38F7C59C,2026-08-04,06:13:15,32.0,70.0,2.0,25.103,121.487
74DA38ED0630,2026-08-04,06:13:17,31.11,100.0,0.0,23.994,121.594
74DA38F7C5AA,2026-08-04,06:13:27,32.75,100.0,0.0,25.0,121.479
74DA38F20E6E,2026-08-04,06:13:34,28.75,97.0,0.0,24.41,120.902
74DA38F7C5BE,2026-08-04,06:13:35,31.61,80.0,3.0,25.092,121.523
74DA38F20A78,2026-08-04,06:13:37,33.5,100.0,0.0,22.904,121.124
74DA38F7C27E,2026-08-04,06:13:37,32.25,90.0,1.0,25.053,121.444
74DA38F7C47C,2026-08-04,06:13:41,34.11,83.0,87.0,25.055,121.455
74DA38F7C30C,2026-08-04,06:13:46,33.0,87.0,0.0,24.975,121.532
74DA38F20862,2026-08-04,06:13:49,32.0,97.0,3.0,23.101,121.176
74DA38F20FFE,2026-08-04,06:13:49,32.0,100.0,8.0,22.894,120.298
74DA38F20D1A,2026-08-04,06:13:51,32.36,81.0,0.0,25.078,121.541
74DA38ED05B6,2026-08-04,06:13:55,32.61,100.0,1.0,23.43,121.348
74DA38F7C366,2026-08-04,06:13:55,33.0,100.0,0.0,25.002,121.516
74DA38F2104E,2026-08-04,06:13:56,30.75,100.0,20.0,23.108,120.7
74DA38F210F6,2026-08-04,06:13:57,32.0,100.0,2.0,22.757426,121.158891
74DA38F20EB2,2026-08-04,06:13:58,30.86,100.0,14.0,24.324,120.835
74DA38F20C26,2026-08-04,06:14:00,33.0,73.0,13.0,22.676,120.342
74DA38ED0640,2026-08-04,06:14:01,32.61,100.0,2.0,23.154,121.266
74DA38F20A30,2026-08-04,06:14:03,33.11,78.0,0.0,24.948,121.372
74DA38F7C53C,2026-08-04,06:14:12,32.11,100.0,0.0,25.11,121.804
74DA38F20D70,2026-08-04,06:14:15,32.75,87.0,0.0,23.05,121.164
74DA38F207DE,2026-08-04,06:14:16,32.61,100.0,15.0,22.603,120.34
74DA38F20F0A,2026-08-04,06:14:16,31.86,100.0,13.0,22.995,120.635
74DA38F7C3DE,2026-08-04,06:14:16,35.36,96.0,204.0,24.972,121.537
74DA38F20D6C,2026-08-04,06:14:20,31.75,77.0,0.0,22.661,120.301
74DA38F7C4CC,2026-08-04,06:14:20,33.5,100.0,2.0,25.062,121.451
74DA38F21054,2026-08-04,06:14:22,28.25,57.0,24.0,22.898,120.627
74DA38F7C13A,2026-08-04,06:14:30,25.5,13.0,0.0,25.069,121.359
74DA38F7C610,2026-08-04,06:14:35,31.75,85.0,2.0,25.063,121.564
74DA38F7C260,2026-08-04,06:14:55,34.86,96.0,0.0,25.065,121.425
74DA38F7C570,2026-08-04,06:14:58,31.86,100.0,0.0,25.239,121.63
74DA38F7C3DC,2026-08-04,06:15:01,32.25,100.0,5.0,25.003,121.539
74DA38F7C524,2026-08-04,06:15:02,33.36,100.0,0.0,25.002,121.552
74DA38F7C3B2,2026-08-04,06:15:03,32.5,67.0,1.0,24.929,121.378
74DA38F2113E,2026-08-04,06:15:05,-4.0,0.0,0.0,22.728,120.313
74DA38F7C5E6,2026-08-04,06:15:07,32.5,100.0,1.0,25.107,121.843
74DA38ED05EA,2026-08-04,06:15:14,31.61,100.0,1.0,23.394,121.357
74DA38F7C506,2026-08-04,06:15:15,34.36,100.0,0.0,24.996,121.544
74DA38F210A2,2026-08-04,06:15:16,31.86,100.0,0.0,25.12,121.466
74DA38F20B12,2026-08-04,06:15:18,27.62,77.0,16.0,22.91,120.716
74DA38F20C22,2026-08-04,06:15:19,33.36,100.0,0.0,22.729,120.357
74DA38F20B88,2026-08-04,06:15:21,30.75,100.0,2.0,22.75,120.316
74DA38F7C5CE,2026-08-04,06:15:23,32.0,77.0,0.0,25.066,121.656
74DA38F7C5A0,2026-08-04,06:15:31,32.61,87.0,0.0,25.107,121.518
74DA38F21170,2026-08-04,06:15:32,34.75,67.0,0.0,22.779,121.088
74DA38F209DE,2026-08-04,06:15:57,32.61,100.0,1.0,24.861,120.964
74DA38F20BF6,2026-08-04,06:16:04,29.0,100.0,16.0,22.582,120.368
74DA38F20E9E,2026-08-04,06:16:05,29.25,100.0,3.0,24.648,121.151
74DA38F7C592,2026-08-04,06:16:05,-4.0,0.0,0.0,25.224,121.637
74DA38F21024,2026-08-04,06:16:18,31.61,100.0,0.0,24.93,121.036
74DA38F7C4DE,2026-08-04,06:16:26,32.61,100.0,0.0,25.09,121.462
74DA38F20D16,2026-08-04,06:16:31,33.0,92.0,1.0,25.062,121.526
74DA38F7C3D6,2026-08-04,06:16:34,36.5,95.0,0.0,25.045,121.541
74DA38F7C532,2026-08-04,06:16:37,32.61,85.0,2.0,25.059,121.499
74DA38F2105C,2026-08-04,06:16:40,33.0,100.0,0.0,25.088,121.599
74DA38F7C430,2026-08-04,06:16:43,35.11,75.0,0.0,24.981,121.423
74DA38ED04F2,2026-08-04,06:16:45,30.5,100.0,2.0,23.468,121.496
74DA38F20C06,2026-08-04,06:16:46,28.75,56.0,4.0,24.874,121.02
74DA38F7C39A,2026-08-04,06:16:46,33.25,100.0,0.0,25.002,121.414
74DA38F209F8,2026-08-04,06:16:54,31.86,100.0,0.0,23.157,121.4
74DA38F20934,2026-08-04,06:17:00,30.0,80.0,3.0,23.002,121.29
74DA38F20B80,2026-08-04,06:17:08,32.36,100.0,0.0,22.599,120.35
74DA38F209EE,2026-08-04,06:17:11,31.25,100.0,0.0,23.026,121.33
74DA38F7C63C,2026-08-04,06:17:17,60.62,100.0,1.0,24.998,121.425
74DA38F21136,2026-08-04,06:17:24,33.36,86.0,0.0,25.119,121.505
74DA38F7C3BA,2026-08-04,06:17:28,-4.0,0.0,65.0,25.174,121.441
74DA38ED0454,2026-08-04,06:17:52,31.75,100.0,1.0,24.053,121.599
74DA38ED06E0,2026-08-04,06:17:52,30.86,100.0,4.0,23.601,121.521
74DA38F208E2,2026-08-04,06:17:52,31.36,100.0,3.0,24.688,121.766
74DA38F7C47E,2026-08-04,06:17:53,32.61,100.0,2.0,25.053963,121.427681
74DA38F7C42E,2026-08-04,06:17:55,34.61,100.0,0.0,24.969,121.514
74DA38F7C514,2026-08-04,06:17:56,32.61,100.0,2.0,25.051,121.518
74DA38F7C616,2026-08-04,06:17:57,34.86,100.0,0.0,25.031,121.563
74DA38F20DE0,2026-08-04,06:18:11,31.11,100.0,2.0,22.589,120.328
74DA38F20B26,2026-08-04,06:18:28,31.11,100.0,12.0,22.783,120.247
74DA38F7C41E,2026-08-04,06:18:29,31.86,74.0,0.0,25.054,121.517
74DA38F7C560,2026-08-04,06:18:34,33.25,-66.0,1.0,25.079,121.671
74DA38F20D1E,2026-08-04,06:18:37,32.61,100.0,4.0,25.048,121.573
74DA38F20F1C,2026-08-04,06:18:41,31.75,100.0,26.0,25.062,121.451
74DA38F7C480,2026-08-04,06:18:48,33.25,100.0,0.0,25.061,121.432
74DA38F7C566,2026-08-04,06:18:48,35.75,92.0,0.0,25.051,121.448
74DA38F7C600,2026-08-04,06:18:52,23.37,46.0,2.0,25.07,121.586
74DA38F21088,2026-08-04,06:19:03,33.36,100.0,0.0,25.068,121.588
74DA38ED059C,2026-08-04,06:19:04,32.86,80.0,0.0,23.706,121.412
74DA38F7C310,2026-08-04,06:19:13,33.25,100.0,0.0,25.09,121.464
74DA38F20D2E,2026-08-04,06:19:15,32.75,100.0,0.0,25.06,121.545
74DA38F21204,2026-08-04,06:19:32,31.86,100.0,0.0,25.062,121.451
74DA38F7C47C,2026-08-04,06:19:33,33.86,82.0,96.0,25.055,121.455
74DA38F21048,2026-08-04,06:19:34,30.36,100.0,20.0,22.595,120.341
74DA38F20E6E,2026-08-04,06:19:35,28.75,96.0,0.0,24.41,120.902
74DA38F7C5BE,2026-08-04,06:19:40,31.5,80.0,4.0,25.092,121.523
74DA38F7C27E,2026-08-04,06:19:41,32.25,88.0,2.0,25.053,121.444
74DA38F20A78,2026-08-04,06:19:43,33.25,100.0,0.0,22.904,121.124
74DA38F7C59C,2026-08-04,06:19:43,32.0,69.0,2.0,25.103,121.487
74DA38ED0630,2026-08-04,06:19:44,31.25,100.0,0.0,23.994,121.594
74DA38F7C338,2026-08-04,06:19:50,31.11,100.0,2.0,25.011,121.458
74DA38F20862,2026-08-04,06:19:54,31.75,98.0,12.0,23.101,121.176
74DA38F20FFE,2026-08-04,06:19:58,32.0,100.0,7.0,22.894,120.298
74DA38ED05B6,2026-08-04,06:20:00,32.5,97.0,1.0,23.43,121.348
74DA38F7C366,2026-08-04,06:20:01,32.75,100.0,0.0,25.002,121.516
74DA38F2104E,2026-08-04,06:20:02,30.86,100.0,19.0,23.108,120.7
74DA38F210F6,2026-08-04,06:20:02,32.11,100.0,2.0,22.757426,121.158891
74DA38F20EB2,2026-08-04,06:20:05,30.75,100.0,11.0,24.324,120.835
74DA38F20C26,2026-08-04,06:20:06,32.75,73.0,12.0,22.676,120.342
74DA38ED0640,2026-08-04,06:20:09,32.5,100.0,3.0,23.154,121.266
74DA38F7C3DE,2026-08-04,06:20:10,35.5,94.0,217.0,24.972,121.537
74DA38F7C5AA,2026-08-04,06:20:15,32.75,100.0,0.0,25.0,121.479
74DA38F20D1A,2026-08-04,06:20:19,32.25,82.0,0.0,25.078,121.541
74DA38F20D70,2026-08-04,06:20:21,33.25,87.0,0.0,23.05,121.164
74DA38F207DE,2026-08-04,06:20:22,32.5,100.0,15.0,22.603,120.34
74DA38F20F0A,2026-08-04,06:20:22,31.75,100.0,14.0,22.995,120.635
74DA38F7C4CC,2026-08-04,06:20:26,33.61,100.0,2.0,25.062,121.451
74DA38F21054,2026-08-04,06:20:28,28.11,57.0,25.0,22.898,120.627
74DA38F20A30,2026-08-04,06:20:34,33.0,78.0,0.0,24.948,121.372
74DA38F7C53C,2026-08-04,06:20:39,31.86,100.0,0.0,25.11,121.804
74DA38F7C610,2026-08-04,06:20:40,31.61,85.0,2.0,25.063,121.564
74DA38F20D6C,2026-08-04,06:20:48,31.61,80.0,0.0,22.661,120.301
74DA38F7C13A,2026-08-04,06:20:57,25.62,14.0,0.0,25.069,121.359
74DA38F7C3DC,2026-08-04,06:21:06,32.11,100.0,4.0,25.003,121.539
74DA38F7C3B2,2026-08-04,06:21:08,32.5,67.0,1.0,24.929,121.378
74DA38F7C5E6,2026-08-04,06:21:12,32.5,100.0,0.0,25.107,121.843
74DA38ED05EA,2026-08-04,06:21:18,31.61,100.0,1.0,23.394,121.357
74DA38F7C260,2026-08-04,06:21:20,34.86,96.0,0.0,25.065,121.425
74DA38F210A2,2026-08-04,06:21:21,31.75,100.0,0.0,25.12,121.466
74DA38F7C53A,2026-08-04,06:21:21,-4.0,0.0,0.0,25.067,121.641
74DA38F20B12,2026-08-04,06:21:25,27.75,77.0,16.0,22.91,120.716
74DA38F7C570,2026-08-04,06:21:26,31.86,100.0,0.0,25.239,121.63
74DA38F7C524,2026-08-04,06:21:33,33.36,100.0,0.0,25.002,121.552
74DA38F21170,2026-08-04,06:21:41,34.86,66.0,0.0,22.779,121.088
74DA38F7C46C,2026-08-04,06:21:42,-4.0,0.0,0.0,25.288,121.544
74DA38F20C22,2026-08-04,06:21:47,33.5,100.0,0.0,22.729,120.357
74DA38F7C506,2026-08-04,06:21:48,34.75,100.0,0.0,24.996,121.544
74DA38F7C5CE,2026-08-04,06:21:49,32.0,77.0,0.0,25.066,121.656
74DA38F20B88,2026-08-04,06:21:57,30.61,100.0,1.0,22.75,120.316
74DA38F7C5A0,2026-08-04,06:21:57,32.36,87.0,0.0,25.107,121.518
74DA38F20BF6,2026-08-04,06:22:11,29.0,100.0,17.0,22.582,120.368
74DA38F20E9E,2026-08-04,06:22:11,29.25,100.0,3.0,24.648,121.151
74DA38F2113E,2026-08-04,06:22:20,-4.0,0.0,0.0,22.728,120.313
74DA38F20B82,2026-08-04,06:22:23,-4.0,0.0,1.0,22.847,120.465
74DA38F209DE,2026-08-04,06:22:24,32.61,100.0,0.0,24.861,120.964
74DA38F20D16,2026-08-04,06:22:35,33.11,93.0,1.0,25.062,121.526
74DA38F7C4DE,2026-08-04,06:22:36,32.5,100.0,0.0,25.09,121.462
74DA38F21024,2026-08-04,06:22:44,31.61,100.0,0.0,24.93,121.036
74DA38F7C532,2026-08-04,06:22:45,32.11,83.0,1.0,25.059,121.499
74DA38F20C06,2026-08-04,06:22:51,28.75,56.0,4.0,24.874,121.02
74DA38ED04F2,2026-08-04,06:22:52,30.5,100.0,3.0,23.468,121.496
74DA38F7C3D6,2026-08-04,06:23:01,36.11,96.0,0.0,25.045,121.541
74DA38F2105C,2026-08-04,06:23:06,32.86,100.0,0.0,25.088,121.599
74DA38F20934,2026-08-04,06:23:07,30.0,80.0,3.0,23.002,121.29
74DA38F7C430,2026-08-04,06:23:11,35.11,75.0,0.0,24.981,121.423
74DA38F7C39A,2026-08-04,06:23:14,33.11,100.0,0.0,25.002,121.414
74DA38F209EE,2026-08-04,06:23:17,31.25,100.0,0.0,23.026,121.33
74DA38F209F8,2026-08-04,06:23:21,31.86,100.0,0.0,23.157,121.4
74DA38F209B2,2026-08-04,06:23:35,31.0,100.0,0.0,22.363,120.599
74DA38F20B80,2026-08-04,06:23:36,32.11,100.0,0.0,22.599,120.35
74DA38F21136,2026-08-04,06:23:40,33.25,86.0,0.0,25.119,121.505
74DA38F208E2,2026-08-04,06:23:57,31.36,100.0,2.0,24.688,121.766
74DA38F7C47E,2026-08-04,06:23:58,32.36,100.0,2.0,25.053963,121.427681
74DA38ED0454,2026-08-04,06:23:59,31.75,100.0,1.0,24.053,121.599
74DA38ED06E0,2026-08-04,06:23:59,31.0,100.0,4.0,23.601,121.521
74DA38F7C514,2026-08-04,06:24:02,32.5,100.0,3.0,25.051,121.518
74DA38F7C42E,2026-08-04,06:24:25,34.5,100.0,0.0,24.969,121.514
74DA38F20DE0,2026-08-04,06:24:39,31.11,100.0,1.0,22.589,120.328
74DA38F7C616,2026-08-04,06:24:40,35.0,100.0,0.0,25.031,121.563
74DA38F20B26,2026-08-04,06:24:45,31.11,100.0,12.0,22.783,120.247
74DA38F20F1C,2026-08-04,06:24:47,31.86,100.0,27.0,25.062,121.451
74DA38F20D1E,2026-08-04,06:24:54,32.75,100.0,4.0,25.048,121.573
74DA38F7C600,2026-08-04,06:24:57,23.37,47.0,1.0,25.07,121.586
74DA38F7C41E,2026-08-04,06:25:02,31.86,74.0,0.0,25.054,121.517
74DA38F7C560,2026-08-04,06:25:04,33.25,-66.0,0.0,25.079,121.671
74DA38ED059C,2026-08-04,06:25:11,32.36,81.0,1.0,23.706,121.412
74DA38F7C480,2026-08-04,06:25:15,33.25,100.0,0.0,25.061,121.432
74DA38F7C566,2026-08-04,06:25:16,35.75,92.0,0.0,25.051,121.448
74DA38F7C310,2026-08-04,06:25:18,33.25,100.0,0.0,25.09,121.464
74DA38F7C47C,2026-08-04,06:25:25,33.61,84.0,89.0,25.055,121.455
74DA38F21088,2026-08-04,06:25:31,33.25,100.0,0.0,25.068,121.588
74DA38F20E6E,2026-08-04,06:25:37,28.61,97.0,0.0,24.41,120.902
74DA38F20D2E,2026-08-04,06:25:42,32.75,100.0,0.0,25.06,121.545
74DA38F7C592,2026-08-04,06:25:44,-4.0,0.0,0.0,25.224,121.637
74DA38F7C5BE,2026-08-04,06:25:45,31.5,79.0,2.0,25.092,121.523
74DA38F21204,2026-08-04,06:25:47,31.86,100.0,0.0,25.062,121.451
74DA38F7C27E,2026-08-04,06:25:47,32.25,90.0,1.0,25.053,121.444
74DA38F20A78,2026-08-04,06:25:48,33.25,100.0,0.0,22.904,121.124
74DA38F20862,2026-08-04,06:26:00,31.86,97.0,20.0,23.101,121.176
74DA38F21048,2026-08-04,06:26:03,30.36,100.0,19.0,22.595,120.341
74DA38ED05B6,2026-08-04,06:26:04,32.36,98.0,1.0,23.43,121.348
74DA38F7C3DE,2026-08-04,06:26:04,35.5,93.0,211.0,24.972,121.537
74DA38F7C3BA,2026-08-04,06:26:06,-4.0,0.0,68.0,25.174,121.441
74DA38F210F6,2026-08-04,06:26:07,32.11,100.0,2.0,22.757426,121.158891
74DA38F7C366,2026-08-04,06:26:08,32.75,100.0,0.0,25.002,121.516
74DA38F2104E,2026-08-04,06:26:09,31.11,100.0,20.0,23.108,120.7
74DA38ED0630,2026-08-04,06:26:11,31.25,100.0,0.0,23.994,121.594
74DA38F20EB2,2026-08-04,06:26:11,30.86,100.0,12.0,24.324,120.835
74DA38F7C59C,2026-08-04,06:26:11,31.86,68.0,2.0,25.103,121.487
74DA38F20C26,2026-08-04,06:26:14,32.75,75.0,13.0,22.676,120.342
74DA38ED0640,2026-08-04,06:26:16,32.5,100.0,3.0,23.154,121.266
74DA38F20FFE,2026-08-04,06:26:25,32.0,100.0,7.0,22.894,120.298
74DA38F207DE,2026-08-04,06:26:27,32.36,100.0,15.0,22.603,120.34
74DA38F20F0A,2026-08-04,06:26:30,31.5,100.0,15.0,22.995,120.635
74DA38F20D70,2026-08-04,06:26:31,33.75,85.0,0.0,23.05,121.164
74DA38F7C4CC,2026-08-04,06:26:32,33.36,100.0,2.0,25.062,121.451
74DA38F21054,2026-08-04,06:26:36,28.11,57.0,27.0,22.898,120.627
74DA38F7C610,2026-08-04,06:26:45,31.61,85.0,2.0,25.063,121.564
74DA38F20D1A,2026-08-04,06:26:48,32.25,81.0,0.0,25.078,121.541
74DA38F7C5AA,2026-08-04,06:26:48,32.86,100.0,0.0,25.0,121.479
74DA38F7C63C,2026-08-04,06:26:50,60.62,100.0,1.0,24.998,121.425
74DA38F7C30C,2026-08-04,06:26:56,33.11,84.0,0.0,24.975,121.532
74DA38F20A30,2026-08-04,06:27:02,32.86,78.0,0.0,24.948,121.372
74DA38F7C53C,2026-08-04,06:27:05,32.11,100.0,0.0,25.11,121.804
74DA38F7C3DC,2026-08-04,06:27:12,32.25,100.0,4.0,25.003,121.539
74DA38F7C3B2,2026-08-04,06:27:14,32.5,67.0,2.0,24.929,121.378
74DA38F20D6C,2026-08-04,06:27:17,31.61,80.0,0.0,22.661,120.301
74DA38F7C5E6,2026-08-04,06:27:18,32.61,100.0,0.0,25.107,121.843
74DA38ED05EA,2026-08-04,06:27:23,31.75,100.0,1.0,23.394,121.357
74DA38F7C13A,2026-08-04,06:27:24,25.87,15.0,1.0,25.069,121.359
74DA38F210A2,2026-08-04,06:27:26,31.75,100.0,0.0,25.12,121.466
74DA38F20B12,2026-08-04,06:27:32,27.62,76.0,16.0,22.91,120.716
74DA38F21170,2026-08-04,06:27:47,35.0,66.0,0.0,22.779,121.088
74DA38F7C260,2026-08-04,06:27:47,34.75,94.0,0.0,25.065,121.425
74DA38F7C570,2026-08-04,06:27:52,31.86,100.0,0.0,25.239,121.63
74DA38F7C524,2026-08-04,06:28:03,33.61,100.0,0.0,25.002,121.552
74DA38F20C22,2026-08-04,06:28:14,33.36,100.0,0.0,22.729,120.357
74DA38F20E9E,2026-08-04,06:28:16,29.36,100.0,3.0,24.648,121.151
74DA38F7C5CE,2026-08-04,06:28:16,32.0,76.0,0.0,25.066,121.656
74DA38F20BF6,2026-08-04,06:28:17,29.0,100.0,16.0,22.582,120.368
74DA38F7C5A0,2026-08-04,06:28:25,32.36,87.0,0.0,25.107,121.518
74DA38F20B5C,2026-08-04,06:28:39,33.11,100.0,14.0,22.798,120.293
74DA38F20D16,2026-08-04,06:28:40,33.11,93.0,2.0,25.062,121.526
74DA38F7C506,2026-08-04,06:28:43,34.61,100.0,0.0,24.996,121.544
74DA38F7C4DE,2026-08-04,06:28:50,32.5,100.0,0.0,25.09,121.462
74DA38F209DE,2026-08-04,06:28:52,32.75,100.0,0.0,24.861,120.964
74DA38F7C532,2026-08-04,06:28:53,32.36,84.0,2.0,25.059,121.499
74DA38F20C06,2026-08-04,06:28:57,28.75,55.0,5.0,24.874,121.02
74DA38ED04F2,2026-08-04,06:29:01,30.36,100.0,2.0,23.468,121.496
74DA38F21024,2026-08-04,06:29:11,31.5,100.0,0.0,24.93,121.036
74DA38F20934,2026-08-04,06:29:13,30.0,80.0,3.0,23.002,121.29
74DA38F209EE,2026-08-04,06:29:24,31.0,100.0,0.0,23.026,121.33
74DA38F7C3D6,2026-08-04,06:29:28,36.5,97.0,0.0,25.045,121.541
74DA38F2105C,2026-08-04,06:29:33,32.75,100.0,0.0,25.088,121.599
74DA38F2113E,2026-08-04,06:29:35,-4.0,0.0,0.0,22.728,120.313
74DA38F7C430,2026-08-04,06:29:37,35.11,75.0,0.0,24.981,121.423
74DA38F7C39A,2026-08-04,06:29:42,33.25,100.0,0.0,25.002,121.414
74DA38F209F8,2026-08-04,06:29:49,31.75,100.0,0.0,23.157,121.4
74DA38F21136,2026-08-04,06:29:53,33.25,86.0,0.0,25.119,121.505
74DA38F208E2,2026-08-04,06:30:02,31.25,100.0,2.0,24.688,121.766
74DA38F209B2,2026-08-04,06:30:02,30.86,100.0,0.0,22.363,120.599
74DA38F7C47E,2026-08-04,06:30:03,32.25,100.0,2.0,25.053963,121.427681
74DA38F20B80,2026-08-04,06:30:04,32.0,100.0,0.0,22.599,120.35
74DA38ED06E0,2026-08-04,06:30:05,31.0,99.0,4.0,23.601,121.521
74DA38F7C514,2026-08-04,06:30:08,32.5,100.0,2.0,25.051,121.518
74DA38ED0454,2026-08-04,06:30:14,31.61,100.0,2.0,24.053,121.599
74DA38F209A8,2026-08-04,06:30:30,-4.0,0.0,0.0,22.401,120.577
74DA38F20B26,2026-08-04,06:30:51,31.11,100.0,13.0,22.783,120.247
74DA38F7C616,2026-08-04,06:30:52,35.0,100.0,0.0,25.031,121.563
74DA38F20F1C,2026-08-04,06:30:54,31.75,100.0,26.0,25.062,121.451
74DA38F7C42E,2026-08-04,06:30:58,34.5,100.0,0.0,24.969,121.514
74DA38F7C600,2026-08-04,06:31:02,23.37,48.0,1.0,25.07,121.586
74DA38F20D1E,2026-08-04,06:31:03,32.61,100.0,3.0,25.048,121.573
74DA38F20DE0,2026-08-04,06:31:09,31.11,100.0,3.0,22.589,120.328
74DA38ED059C,2026-08-04,06:31:17,32.36,81.0,0.0,23.706,121.412
74DA38F7C47C,2026-08-04,06:31:17,33.61,85.0,88.0,25.055,121.455
74DA38F7C310,2026-08-04,06:31:22,33.25,100.0,0.0,25.09,121.464
74DA38F7C46C,2026-08-04,06:31:22,-4.0,0.0,0.0,25.288,121.544
74DA38F7C560,2026-08-04,06:31:32,33.25,-66.0,0.0,25.079,121.671
74DA38F7C41E,2026-08-04,06:31:33,31.86,75.0,0.0,25.054,121.517
74DA38F20E6E,2026-08-04,06:31:38,28.61,97.0,0.0,24.41,120.902
74DA38F7C566,2026-08-04,06:31:42,36.0,91.0,0.0,25.051,121.448
74DA38F7C480,2026-08-04,06:31:43,33.0,100.0,0.0,25.061,121.432
74DA38F7C5BE,2026-08-04,06:31:51,31.36,79.0,2.0,25.092,121.523
74DA38F7C27E,2026-08-04,06:31:53,32.25,90.0,2.0,25.053,121.444
74DA38F20A78,2026-08-04,06:31:54,33.5,100.0,0.0,22.904,121.124
74DA38F21204,2026-08-04,06:31:54,31.86,100.0,0.0,25.062,121.451
74DA38F20B82,2026-08-04,06:31:55,-4.0,0.0,0.0,22.847,120.465
74DA38F7C3DE,2026-08-04,06:31:58,35.5,92.0,200.0,24.972,121.537
74DA38F21088,2026-08-04,06:31:59,33.25,100.0,0.0,25.068,121.588
74DA38F20862,2026-08-04,06:32:07,31.75,98.0,27.0,23.101,121.176
74DA38ED05B6,2026-08-04,06:32:09,32.5,97.0,1.0,23.43,121.348
74DA38F20D2E,2026-08-04,06:32:11,32.61,100.0,0.0,25.06,121.545
74DA38F210F6,2026-08-04,06:32:11,32.11,100.0,2.0,22.757426,121.158891
74DA38F7C366,2026-08-04,06:32:13,32.86,100.0,0.0,25.002,121.516
74DA38F2104E,2026-08-04,06:32:15,31.36,100.0,20.0,23.108,120.7
74DA38F20EB2,2026-08-04,06:32:17,31.5,100.0,10.0,24.324,120.835
74DA38F7C37C,2026-08-04,06:32:19,33.0,12.0,18.0,25.111,121.856
74DA38F20C26,2026-08-04,06:32:20,32.36,74.0,12.0,22.676,120.342
74DA38ED0640,2026-08-04,06:32:25,32.36,100.0,2.0,23.154,121.266
74DA38F207DE,2026-08-04,06:32:31,32.5,100.0,14.0,22.603,120.34
74DA38F21048,2026-08-04,06:32:32,30.36,100.0,19.0,22.595,120.341
74DA38F7C59C,2026-08-04,06:32:36,31.61,69.0,1.0,25.103,121.487
74DA38ED0630,2026-08-04,06:32:39,31.25,100.0,0.0,23.994,121.594
74DA38F20D70,2026-08-04,06:32:39,34.25,86.0,0.0,23.05,121.164
74DA38F20F0A,2026-08-04,06:32:39,31.36,100.0,15.0,22.995,120.635
74DA38F7C4CC,2026-08-04,06:32:42,33.36,100.0,2.0,25.062,121.451
74DA38F21054,2026-08-04,06:32:44,28.11,58.0,27.0,22.898,120.627
74DA38F7C610,2026-08-04,06:32:51,31.61,85.0,2.0,25.063,121.564
74DA38F20D1A,2026-08-04,06:33:14,32.36,81.0,0.0,25.078,121.541
74DA38F7C3B2,2026-08-04,06:33:19,32.5,67.0,1.0,24.929,121.378
74DA38F7C3DC,2026-08-04,06:33:19,32.25,100.0,4.0,25.003,121.539
74DA38F20FFE,2026-08-04,06:33:21,32.0,100.0,8.0,22.894,120.298
74DA38F7C5E6,2026-08-04,06:33:23,32.75,100.0,0.0,25.107,121.843
74DA38ED05EA,2026-08-04,06:33:28,31.75,100.0,1.0,23.394,121.357
74DA38F20A30,2026-08-04,06:33:31,32.75,78.0,0.0,24.948,121.372
74DA38F7C53C,2026-08-04,06:33:32,31.86,100.0,0.0,25.11,121.804
74DA38F210A2,2026-08-04,06:33:33,31.75,100.0,0.0,25.12,121.466
74DA38F7C464,2026-08-04,06:33:40,29.25,31.0,0.0,25.006,121.413
74DA38F20B12,2026-08-04,06:33:42,27.62,76.0,16.0,22.91,120.716
74DA38F20D6C,2026-08-04,06:33:50,31.61,80.0,0.0,22.661,120.301
74DA38F21170,2026-08-04,06:33:52,35.11,66.0,0.0,22.779,121.088
74DA38F7C13A,2026-08-04,06:33:59,26.0,17.0,0.0,25.069,121.359
74DA38F7C260,2026-08-04,06:34:15,34.75,95.0,0.0,25.065,121.425
74DA38F7C570,2026-08-04,06:34:20,32.11,100.0,0.0,25.239,121.63
74DA38F20E9E,2026-08-04,06:34:21,29.25,100.0,6.0,24.648,121.151
74DA38F20BF6,2026-08-04,06:34:22,29.0,100.0,15.0,22.582,120.368
74DA38F7C524,2026-08-04,06:34:31,33.75,100.0,0.0,25.002,121.552
74DA38F20C22,2026-08-04,06:34:41,33.5,100.0,0.0,22.729,120.357
74DA38F7C5CE,2026-08-04,06:34:44,32.0,76.0,0.0,25.066,121.656
74DA38F20D16,2026-08-04,06:34:45,33.0,92.0,1.0,25.062,121.526
74DA38F7C3BA,2026-08-04,06:34:45,-4.0,0.0,72.0,25.174,121.441
74DA38F7C5A0,2026-08-04,06:34:53,32.5,87.0,0.0,25.107,121.518
74DA38F7C532,2026-08-04,06:35:01,32.36,84.0,1.0,25.059,121.499
74DA38F20C06,2026-08-04,06:35:02,28.61,56.0,4.0,24.874,121.02
74DA38ED04F2,2026-08-04,06:35:11,30.25,100.0,3.0,23.468,121.496
74DA38F20934,2026-08-04,06:35:19,30.0,80.0,3.0,23.002,121.29
74DA38F209DE,2026-08-04,06:35:19,32.75,100.0,0.0,24.861,120.964
74DA38F7C4DE,2026-08-04,06:35:22,32.5,100.0,0.0,25.09,121.462
74DA38F7C592,2026-08-04,06:35:23,-4.0,0.0,0.0,25.224,121.637
74DA38F20B88,2026-08-04,06:35:28,30.5,100.0,2.0,22.75,120.316
74DA38F209EE,2026-08-04,06:35:29,31.0,100.0,0.0,23.026,121.33
74DA38F21024,2026-08-04,06:35:38,31.5,100.0,4.0,24.93,121.036
74DA38F7C3D6,2026-08-04,06:35:53,36.25,95.0,0.0,25.045,121.541
74DA38F2105C,2026-08-04,06:36:00,32.75,100.0,0.0,25.088,121.599
74DA38F7C430,2026-08-04,06:36:05,35.11,74.0,0.0,24.981,121.423
74DA38F208E2,2026-08-04,06:36:06,31.11,100.0,2.0,24.688,121.766
74DA38F7C39A,2026-08-04,06:36:09,33.25,100.0,0.0,25.002,121.414
74DA38F7C47E,2026-08-04,06:36:09,32.25,100.0,2.0,25.053963,121.427681
74DA38ED06E0,2026-08-04,06:36:12,30.86,99.0,4.0,23.601,121.521
74DA38F209F8,2026-08-04,06:36:16,31.75,100.0,0.0,23.157,121.4
74DA38F7C514,2026-08-04,06:36:16,32.5,100.0,2.0,25.051,121.518
74DA38F7C63C,2026-08-04,06:36:23,60.62,100.0,1.0,24.998,121.425
74DA38F209B2,2026-08-04,06:36:29,30.75,100.0,0.0,22.363,120.599
74DA38F20B80,2026-08-04,06:36:30,32.0,100.0,0.0,22.599,120.35
74DA38ED0454,2026-08-04,06:36:31,31.61,100.0,1.0,24.053,121.599
74DA38F2113E,2026-08-04,06:36:49,-4.0,0.0,0.0,22.728,120.313
74DA38F20B26,2026-08-04,06:36:57,31.0,100.0,12.0,22.783,120.247
74DA38F7C616,2026-08-04,06:36:59,34.5,100.0,0.0,25.031,121.563
74DA38F20F1C,2026-08-04,06:37:01,31.86,100.0,27.0,25.062,121.451
74DA38F7C47C,2026-08-04,06:37:08,33.36,84.0,111.0,25.055,121.455
74DA38F7C600,2026-08-04,06:37:08,23.37,48.0,2.0,25.07,121.586
74DA38ED059C,2026-08-04,06:37:23,32.25,83.0,0.0,23.706,121.412
74DA38F7C42E,2026-08-04,06:37:26,34.36,100.0,0.0,24.969,121.514
74DA38F7C310,2026-08-04,06:37:27,33.0,100.0,0.0,25.09,121.464
74DA38F20D1E,2026-08-04,06:37:28,32.5,100.0,3.0,25.048,121.573
74DA38F20DE0,2026-08-04,06:37:37,31.25,100.0,1.0,22.589,120.328
74DA38F20E6E,2026-08-04,06:37:39,28.5,97.0,0.0,24.41,120.902
74DA38F7C3DE,2026-08-04,06:37:52,35.61,91.0,198.0,24.972,121.537
74DA38F7C5BE,2026-08-04,06:37:57,31.36,79.0,2.0,25.092,121.523
74DA38F7C27E,2026-08-04,06:37:58,32.25,88.0,1.0,25.053,121.444
74DA38F7C560,2026-08-04,06:37:59,33.36,-66.0,0.0,25.079,121.671
74DA38F20A78,2026-08-04,06:38:01,33.75,100.0,0.0,22.904,121.124
74DA38F7C41E,2026-08-04,06:38:03,31.86,75.0,0.0,25.054,121.517
74DA38F21204,2026-08-04,06:38:08,31.86,100.0,0.0,25.062,121.451
74DA38F7C566,2026-08-04,06:38:09,36.0,90.0,0.0,25.051,121.448
74DA38F7C480,2026-08-04,06:38:11,32.75,100.0,0.0,25.061,121.432
74DA38ED05B6,2026-08-04,06:38:14,32.5,96.0,1.0,23.43,121.348
74DA38F20862,2026-08-04,06:38:15,31.5,100.0,38.0,23.101,121.176
74DA38F210F6,2026-08-04,06:38:16,32.25,100.0,2.0,22.757426,121.158891
74DA38F7C366,2026-08-04,06:38:18,32.86,100.0,0.0,25.002,121.516
74DA38F20EB2,2026-08-04,06:38:23,31.5,100.0,10.0,24.324,120.835
74DA38F2104E,2026-08-04,06:38:24,31.5,100.0,20.0,23.108,120.7
74DA38F21088,2026-08-04,06:38:27,33.25,100.0,0.0,25.068,121.588
74DA38ED0640,2026-08-04,06:38:30,32.0,100.0,3.0,23.154,121.266
74DA38F20C26,2026-08-04,06:38:30,32.36,74.0,17.0,22.676,120.342
74DA38F207DE,2026-08-04,06:38:36,32.36,100.0,14.0,22.603,120.34
74DA38F20D2E,2026-08-04,06:38:38,32.5,100.0,0.0,25.06,121.545
74DA38F20F0A,2026-08-04,06:38:46,31.25,100.0,14.0,22.995,120.635
74DA38F7C4CC,2026-08-04,06:38:47,33.25,100.0,2.0,25.062,121.451
74DA38F21054,2026-08-04,06:38:52,28.0,58.0,29.0,22.898,120.627
74DA38F7C610,2026-08-04,06:38:56,31.61,85.0,2.0,25.063,121.564
74DA38F21048,2026-08-04,06:39:02,30.36,100.0,18.0,22.595,120.341
74DA38F7C59C,2026-08-04,06:39:04,31.61,69.0,1.0,25.103,121.487
74DA38ED0630,2026-08-04,06:39:06,31.36,100.0,0.0,23.994,121.594
74DA38F7C3B2,2026-08-04,06:39:24,32.5,67.0,1.0,24.929,121.378
74DA38F7C3DC,2026-08-04,06:39:24,32.36,100.0,3.0,25.003,121.539
74DA38F20FFE,2026-08-04,06:39:28,32.0,100.0,8.0,22.894,120.298
74DA38F7C5E6,2026-08-04,06:39:28,32.86,100.0,0.0,25.107,121.843
74DA38ED05EA,2026-08-04,06:39:33,31.75,100.0,1.0,23.394,121.357
74DA38F210A2,2026-08-04,06:39:38,31.86,100.0,0.0,25.12,121.466
74DA38F20D1A,2026-08-04,06:39:42,32.11,81.0,0.0,25.078,121.541
74DA38F7C30C,2026-08-04,06:39:44,33.0,83.0,0.0,24.975,121.532
74DA38F20B12,2026-08-04,06:39:49,27.62,75.0,16.0,22.91,120.716
74DA38F21170,2026-08-04,06:39:57,35.25,65.0,0.0,22.779,121.088
74DA38F7C53C,2026-08-04,06:40:01,31.86,100.0,0.0,25.11,121.804
74DA38F20A30,2026-08-04,06:40:02,32.75,78.0,0.0,24.948,121.372
74DA38F209A8,2026-08-04,06:40:06,-4.0,0.0,0.0,22.401,120.577
74DA38F7C464,2026-08-04,06:40:08,29.11,31.0,0.0,25.006,121.413
74DA38F7C5AA,2026-08-04,06:40:10,32.36,100.0,0.0,25.0,121.479
74DA38F20D6C,2026-08-04,06:40:25,31.5,82.0,0.0,22.661,120.301
74DA38F20E9E,2026-08-04,06:40:26,29.11,100.0,5.0,24.648,121.151
74DA38F20BF6,2026-08-04,06:40:27,29.0,100.0,16.0,22.582,120.368
74DA38F7C13A,2026-08-04,06:40:27,26.0,19.0,0.0,25.069,121.359
74DA38F7C260,2026-08-04,06:40:47,34.75,94.0,0.0,25.065,121.425
74DA38F20D16,2026-08-04,06:40:49,32.75,93.0,2.0,25.062,121.526
74DA38F7C570,2026-08-04,06:40:49,32.25,100.0,0.0,25.239,121.63
74DA38F7C46C,2026-08-04,06:41:01,-4.0,0.0,0.0,25.288,121.544
74DA38F7C524,2026-08-04,06:41:02,33.75,100.0,0.0,25.002,121.552
74DA38F7C532,2026-08-04,06:41:06,32.5,83.0,1.0,25.059,121.499
74DA38F20C06,2026-08-04,06:41:08,28.75,56.0,4.0,24.874,121.02
74DA38F20C22,2026-08-04,06:41:08,33.36,100.0,0.0,22.729,120.357
74DA38F7C5CE,2026-08-04,06:41:10,32.0,74.0,0.0,25.066,121.656
74DA38ED04F2,2026-08-04,06:41:18,30.25,100.0,3.0,23.468,121.496
74DA38F7C5A0,2026-08-04,06:41:19,32.5,88.0,0.0,25.107,121.518
74DA38F20934,2026-08-04,06:41:27,30.0,80.0,2.0,23.002,121.29
74DA38F20B82,2026-08-04,06:41:27,-4.0,0.0,1.0,22.847,120.465
74DA38F7C4DE,2026-08-04,06:41:29,32.36,100.0,0.0,25.09,121.462
74DA38F209EE,2026-08-04,06:41:35,31.11,100.0,0.0,23.026,121.33
74DA38F7C53A,2026-08-04,06:41:40,-4.0,0.0,0.0,25.067,121.641
74DA38F209DE,2026-08-04,06:41:47,32.86,100.0,0.0,24.861,120.964
74DA38F20B88,2026-08-04,06:41:57,31.0,100.0,1.0,22.75,120.316
74DA38F21024,2026-08-04,06:42:09,31.61,100.0,27.0,24.93,121.036
74DA38F208E2,2026-08-04,06:42:11,31.0,100.0,2.0,24.688,121.766
74DA38F7C47E,2026-08-04,06:42:14,32.61,100.0,3.0,25.053963,121.427681
74DA38ED06E0,2026-08-04,06:42:19,30.86,99.0,4.0,23.601,121.521
74DA38F7C3D6,2026-08-04,06:42:20,35.61,96.0,0.0,25.045,121.541
74DA38F7C514,2026-08-04,06:42:22,32.36,100.0,2.0,25.051,121.518
74DA38F2105C,2026-08-04,06:42:27,32.61,100.0,0.0,25.088,121.599
74DA38F7C430,2026-08-04,06:42:33,35.11,74.0,0.0,24.981,121.423
74DA38ED0454,2026-08-04,06:42:36,31.61,100.0,2.0,24.053,121.599
74DA38F7C39A,2026-08-04,06:42:36,33.25,100.0,0.0,25.002,121.414
74DA38F209F8,2026-08-04,06:42:44,31.61,100.0,0.0,23.157,121.4
74DA38F7C506,2026-08-04,06:42:45,34.36,100.0,0.0,24.996,121.544
74DA38F209B2,2026-08-04,06:42:56,30.86,100.0,0.0,22.363,120.599
74DA38F20B80,2026-08-04,06:42:59,31.86,100.0,0.0,22.599,120.35
74DA38F7C47C,2026-08-04,06:42:59,33.25,84.0,104.0,25.055,121.455
74DA38F20B26,2026-08-04,06:43:03,31.11,100.0,13.0,22.783,120.247
74DA38F7C616,2026-08-04,06:43:05,34.5,100.0,0.0,25.031,121.563
74DA38F20F1C,2026-08-04,06:43:08,32.0,100.0,28.0,25.062,121.451
74DA38F7C600,2026-08-04,06:43:13,23.5,48.0,2.0,25.07,121.586
74DA38F7C3BA,2026-08-04,06:43:23,-4.0,0.0,64.0,25.174,121.441
74DA38ED059C,2026-08-04,06:43:29,32.25,81.0,0.0,23.706,121.412
74DA38F7C310,2026-08-04,06:43:31,32.86,100.0,1.0,25.09,121.464
74DA38F20E6E,2026-08-04,06:43:41,28.5,97.0,0.0,24.41,120.902
74DA38F7C3DE,2026-08-04,06:43:47,35.61,92.0,209.0,24.972,121.537
74DA38F7C5BE,2026-08-04,06:44:01,31.36,79.0,2.0,25.092,121.523
74DA38F7C42E,2026-08-04,06:44:03,34.11,100.0,0.0,24.969,121.514
74DA38F20DE0,2026-08-04,06:44:04,31.5,100.0,0.0,22.589,120.328
74DA38F2113E,2026-08-04,06:44:04,-4.0,0.0,0.0,22.728,120.313
74DA38F7C27E,2026-08-04,06:44:04,32.0,88.0,1.0,25.053,121.444
74DA38F20D1E,2026-08-04,06:44:06,32.25,100.0,3.0,25.048,121.573
74DA38F20A78,2026-08-04,06:44:07,34.11,100.0,0.0,22.904,121.124
74DA38F21204,2026-08-04,06:44:17,31.86,100.0,0.0,25.062,121.451
74DA38ED05B6,2026-08-04,06:44:19,32.5,96.0,1.0,23.43,121.348
74DA38F210F6,2026-08-04,06:44:20,32.25,100.0,1.0,22.757426,121.158891
74DA38F20862,2026-08-04,06:44:21,31.5,100.0,52.0,23.101,121.176
74DA38F7C366,2026-08-04,06:44:23,33.0,100.0,0.0,25.002,121.516
74DA38F7C560,2026-08-04,06:44:27,33.36,-66.0,0.0,25.079,121.671
74DA38F20EB2,2026-08-04,06:44:28,31.25,100.0,8.0,24.324,120.835
74DA38F2104E,2026-08-04,06:44:30,31.11,100.0,23.0,23.108,120.7
74DA38F7C41E,2026-08-04,06:44:33,31.86,75.0,0.0,25.054,121.517
74DA38F7C480,2026-08-04,06:44:37,32.86,100.0,0.0,25.061,121.432
74DA38F20C26,2026-08-04,06:44:39,32.75,74.0,14.0,22.676,120.342
74DA38F207DE,2026-08-04,06:44:41,32.25,100.0,14.0,22.603,120.34
74DA38ED0640,2026-08-04,06:44:46,32.11,100.0,3.0,23.154,121.266
74DA38F20F0A,2026-08-04,06:44:52,31.25,100.0,15.0,22.995,120.635
74DA38F7C4CC,2026-08-04,06:44:53,33.5,100.0,2.0,25.062,121.451
74DA38F21088,2026-08-04,06:44:55,33.36,100.0,0.0,25.068,121.588
74DA38F7C566,2026-08-04,06:44:58,35.75,90.0,0.0,25.051,121.448
74DA38F21054,2026-08-04,06:44:59,28.25,60.0,28.0,22.898,120.627
74DA38F7C610,2026-08-04,06:45:01,31.75,84.0,2.0,25.063,121.564
74DA38F7C592,2026-08-04,06:45:02,-4.0,0.0,0.0,25.224,121.637
74DA38F20D2E,2026-08-04,06:45:05,32.5,100.0,0.0,25.06,121.545
74DA38F20D70,2026-08-04,06:45:09,34.0,83.0,0.0,23.05,121.164
74DA38F21048,2026-08-04,06:45:30,30.36,100.0,19.0,22.595,120.341
74DA38F7C3B2,2026-08-04,06:45:30,32.61,67.0,1.0,24.929,121.378
74DA38F7C59C,2026-08-04,06:45:31,31.5,69.0,2.0,25.103,121.487
74DA38F7C3DC,2026-08-04,06:45:32,32.5,100.0,4.0,25.003,121.539
74DA38F7C5E6,2026-08-04,06:45:33,33.0,100.0,0.0,25.107,121.843
74DA38ED0630,2026-08-04,06:45:34,31.25,100.0,0.0,23.994,121.594
74DA38ED05EA,2026-08-04,06:45:38,31.75,100.0,0.0,23.394,121.357
74DA38F210A2,2026-08-04,06:45:44,31.75,100.0,0.0,25.12,121.466
74DA38F20B12,2026-08-04,06:45:55,27.5,75.0,16.0,22.91,120.716
74DA38F7C63C,2026-08-04,06:45:55,60.62,100.0,1.0,24.998,121.425
74DA38F7C30C,2026-08-04,06:45:56,33.0,83.0,0.0,24.975,121.532
74DA38F20D1A,2026-08-04,06:46:11,32.11,80.0,0.0,25.078,121.541
74DA38F21170,2026-08-04,06:46:30,35.36,66.0,0.0,22.779,121.088
74DA38F7C53C,2026-08-04,06:46:30,31.75,100.0,0.0,25.11,121.804
74DA38F20BF6,2026-08-04,06:46:31,29.0,100.0,16.0,22.582,120.368
74DA38F20E9E,2026-08-04,06:46:31,29.0,100.0,3.0,24.648,121.151
74DA38F7C464,2026-08-04,06:46:46,29.11,31.0,0.0,25.006,121.413
74DA38F20D6C,2026-08-04,06:46:52,31.5,83.0,0.0,22.661,120.301
74DA38F20D16,2026-08-04,06:46:54,32.86,95.0,1.0,25.062,121.526
74DA38F7C5AA,2026-08-04,06:46:54,32.36,100.0,0.0,25.0,121.479
74DA38F7C13A,2026-08-04,06:46:55,25.87,17.0,0.0,25.069,121.359
74DA38F7C532,2026-08-04,06:47:11,32.36,82.0,2.0,25.059,121.499
74DA38F20C06,2026-08-04,06:47:13,28.75,57.0,4.0,24.874,121.02
74DA38F7C260,2026-08-04,06:47:15,34.86,95.0,0.0,25.065,121.425
74DA38F7C570,2026-08-04,06:47:15,32.36,100.0,0.0,25.239,121.63
74DA38ED04F2,2026-08-04,06:47:27,30.25,100.0,3.0,23.468,121.496
74DA38F7C524,2026-08-04,06:47:30,33.75,100.0,0.0,25.002,121.552
74DA38F20C22,2026-08-04,06:47:35,33.5,100.0,0.0,22.729,120.357
74DA38F7C5CE,2026-08-04,06:47:37,32.0,74.0,0.0,25.066,121.656
74DA38F209EE,2026-08-04,06:47:41,31.0,100.0,0.0,23.026,121.33
74DA38F20934,2026-08-04,06:47:45,30.0,80.0,3.0,23.002,121.29
74DA38F7C4DE,2026-08-04,06:47:46,32.25,100.0,0.0,25.09,121.462
74DA38F7C5A0,2026-08-04,06:47:47,32.61,87.0,0.0,25.107,121.518
74DA38F20B5C,2026-08-04,06:47:57,32.75,100.0,13.0,22.798,120.293
74DA38F209DE,2026-08-04,06:48:14,32.75,100.0,0.0,24.861,120.964
74DA38F208E2,2026-08-04,06:48:15,31.11,100.0,2.0,24.688,121.766
74DA38F7C47E,2026-08-04,06:48:19,32.61,100.0,2.0,25.053963,121.427681
74DA38F20B88,2026-08-04,06:48:24,30.61,100.0,3.0,22.75,120.316
74DA38ED06E0,2026-08-04,06:48:29,31.0,100.0,4.0,23.601,121.521
74DA38F7C514,2026-08-04,06:48:29,32.36,100.0,3.0,25.051,121.518
74DA38F21024,2026-08-04,06:48:36,31.61,100.0,16.0,24.93,121.036
74DA38ED0454,2026-08-04,06:48:42,31.61,100.0,2.0,24.053,121.599
74DA38F7C3D6,2026-08-04,06:48:47,35.25,98.0,0.0,25.045,121.541
74DA38F7C47C,2026-08-04,06:48:52,33.25,84.0,85.0,25.055,121.455
74DA38F2105C,2026-08-04,06:48:54,32.61,100.0,0.0,25.088,121.599
74DA38F7C430,2026-08-04,06:49:00,35.11,74.0,0.0,24.981,121.423
74DA38F7C39A,2026-08-04,06:49:05,33.0,100.0,0.0,25.002,121.414
74DA38F20B26,2026-08-04,06:49:11,31.0,100.0,13.0,22.783,120.247
74DA38F209F8,2026-08-04,06:49:12,31.36,100.0,0.0,23.157,121.4
74DA38F20F1C,2026-08-04,06:49:13,32.0,100.0,27.0,25.062,121.451
74DA38F7C506,2026-08-04,06:49:15,34.25,100.0,0.0,24.996,121.544
74DA38F7C616,2026-08-04,06:49:15,34.5,100.0,0.0,25.031,121.563
74DA38F7C600,2026-08-04,06:49:19,23.5,48.0,2.0,25.07,121.586
74DA38F209B2,2026-08-04,06:49:22,30.86,100.0,0.0,22.363,120.599
74DA38F20B80,2026-08-04,06:49:26,31.86,100.0,5.0,22.599,120.35
74DA38ED059C,2026-08-04,06:49:35,32.36,83.0,0.0,23.706,121.412
74DA38F7C310,2026-08-04,06:49:36,33.0,100.0,0.0,25.09,121.464
74DA38F7C3DE,2026-08-04,06:49:40,35.5,91.0,203.0,24.972,121.537
74DA38F20E6E,2026-08-04,06:49:43,28.5,98.0,0.0,24.41,120.902
74DA38F209A8,2026-08-04,06:49:45,-4.0,0.0,0.0,22.401,120.577
74DA38F7C5BE,2026-08-04,06:50:06,31.5,79.0,2.0,25.092,121.523
74DA38F7C27E,2026-08-04,06:50:09,32.0,88.0,1.0,25.053,121.444
74DA38F20A78,2026-08-04,06:50:13,34.0,100.0,0.0,22.904,121.124
74DA38F21204,2026-08-04,06:50:23,31.86,100.0,0.0,25.062,121.451
74DA38ED05B6,2026-08-04,06:50:24,32.5,95.0,1.0,23.43,121.348
74DA38F210F6,2026-08-04,06:50:25,32.11,100.0,1.0,22.757426,121.158891
74DA38F20862,2026-08-04,06:50:28,31.36,100.0,37.0,23.101,121.176
74DA38F20D1E,2026-08-04,06:50:30,32.61,100.0,3.0,25.048,121.573
74DA38F7C366,2026-08-04,06:50:31,33.11,100.0,0.0,25.002,121.516
74DA38F7C42E,2026-08-04,06:50:31,34.11,100.0,0.0,24.969,121.514
74DA38F20DE0,2026-08-04,06:50:32,31.36,100.0,0.0,22.589,120.328
74DA38F20EB2,2026-08-04,06:50:33,30.61,100.0,9.0,24.324,120.835
74DA38F2104E,2026-08-04,06:50:37,31.0,100.0,22.0,23.108,120.7
74DA38F7C46C,2026-08-04,06:50:41,-4.0,0.0,0.0,25.288,121.544
74DA38F207DE,2026-08-04,06:50:46,32.36,100.0,14.0,22.603,120.34
74DA38F20C26,2026-08-04,06:50:46,32.86,74.0,13.0,22.676,120.342
74DA38ED0640,2026-08-04,06:50:52,32.11,100.0,2.0,23.154,121.266
74DA38F7C560,2026-08-04,06:50:54,33.5,-66.0,0.0,25.079,121.671
74DA38F20F0A,2026-08-04,06:50:59,31.11,100.0,16.0,22.995,120.635
74DA38F7C41E,2026-08-04,06:50:59,31.86,75.0,0.0,25.054,121.517
74DA38F7C4CC,2026-08-04,06:50:59,33.36,100.0,1.0,25.062,121.451
74DA38F20B82,2026-08-04,06:51:00,-4.0,0.0,0.0,22.847,120.465
74DA38F7C480,2026-08-04,06:51:05,32.75,100.0,0.0,25.061,121.432
74DA38F7C610,2026-08-04,06:51:07,31.75,83.0,2.0,25.063,121.564
74DA38F21054,2026-08-04,06:51:09,28.5,61.0,29.0,22.898,120.627
74DA38F20D70,2026-08-04,06:51:16,34.25,85.0,0.0,23.05,121.164
74DA38F2113E,2026-08-04,06:51:21,-4.0,0.0,0.0,22.728,120.313
74DA38F21088,2026-08-04,06:51:22,33.5,100.0,0.0,25.068,121.588
74DA38F7C566,2026-08-04,06:51:27,35.61,89.0,0.0,25.051,121.448
74DA38F20D2E,2026-08-04,06:51:33,32.5,100.0,0.0,25.06,121.545
74DA38F7C3B2,2026-08-04,06:51:35,32.61,67.0,1.0,24.929,121.378
74DA38F7C53A,2026-08-04,06:51:35,-4.0,0.0,0.0,25.067,121.641
74DA38F7C5E6,2026-08-04,06:51:38,33.11,100.0,0.0,25.107,121.843
74DA38F7C3DC,2026-08-04,06:51:39,33.0,100.0,2.0,25.003,121.539
74DA38ED05EA,2026-08-04,06:51:45,31.75,100.0,1.0,23.394,121.357
74DA38F210A2,2026-08-04,06:51:50,31.61,100.0,0.0,25.12,121.466
74DA38F7C59C,2026-08-04,06:51:57,31.5,70.0,2.0,25.103,121.487
74DA38F20FFE,2026-08-04,06:51:58,32.0,100.0,8.0,22.894,120.298
74DA38F21048,2026-08-04,06:51:59,30.36,100.0,19.0,22.595,120.341
74DA38ED0630,2026-08-04,06:52:02,31.25,100.0,0.0,23.994,121.594
74DA38F20B12,2026-08-04,06:52:03,27.62,75.0,16.0,22.91,120.716
74DA38F7C3BA,2026-08-04,06:52:03,-4.0,0.0,65.0,25.174,121.441
74DA38F7C30C,2026-08-04,06:52:08,33.0,83.0,0.0,24.975,121.532
74DA38F7C37C,2026-08-04,06:52:19,33.36,-38.0,14.0,25.111,121.856
74DA38F20E9E,2026-08-04,06:52:35,29.0,100.0,2.0,24.648,121.151
74DA38F20BF6,2026-08-04,06:52:36,29.0,100.0,15.0,22.582,120.368
74DA38F21170,2026-08-04,06:52:36,35.11,65.0,0.0,22.779,121.088
74DA38F20D1A,2026-08-04,06:52:39,32.0,80.0,0.0,25.078,121.541
74DA38F7C53C,2026-08-04,06:52:57,32.0,100.0,0.0,25.11,121.804
74DA38F20D16,2026-08-04,06:52:59,32.86,94.0,1.0,25.062,121.526
74DA38F20A30,2026-08-04,06:53:13,32.61,78.0,0.0,24.948,121.372
74DA38F20C06,2026-08-04,06:53:18,28.75,56.0,4.0,24.874,121.02
74DA38F7C464,2026-08-04,06:53:18,29.0,31.0,0.0,25.006,121.413
74DA38F7C532,2026-08-04,06:53:19,31.86,83.0,2.0,25.059,121.499
74DA38F7C13A,2026-08-04,06:53:21,25.75,15.0,0.0,25.069,121.359
74DA38F7C5AA,2026-08-04,06:53:22,32.25,100.0,0.0,25.0,121.479
74DA38F20D6C,2026-08-04,06:53:25,31.5,82.0,0.0,22.661,120.301
74DA38ED04F2,2026-08-04,06:53:33,30.25,100.0,3.0,23.468,121.496
74DA38F7C54E,2026-08-04,06:53:33,33.0,98.0,0.0,25.063,121.661
74DA38F7C260,2026-08-04,06:53:43,34.86,92.0,0.0,25.065,121.425
74DA38F7C570,2026-08-04,06:53:45,32.5,100.0,0.0,25.239,121.63
74DA38F209EE,2026-08-04,06:53:47,31.0,100.0,0.0,23.026,121.33
74DA38F7C4DE,2026-08-04,06:53:56,32.0,100.0,0.0,25.09,121.462
74DA38F7C524,2026-08-04,06:53:57,33.75,100.0,3.0,25.002,121.552
74DA38F20934,2026-08-04,06:54:03,30.0,80.0,3.0,23.002,121.29
74DA38F20C22,2026-08-04,06:54:04,33.61,100.0,0.0,22.729,120.357
74DA38F7C5CE,2026-08-04,06:54:04,32.11,74.0,0.0,25.066,121.656
74DA38F20B5C,2026-08-04,06:54:05,32.86,100.0,13.0,22.798,120.293
74DA38F7C5A0,2026-08-04,06:54:15,32.61,87.0,0.0,25.107,121.518
74DA38F208E2,2026-08-04,06:54:20,31.11,100.0,1.0,24.688,121.766
74DA38F7C47E,2026-08-04,06:54:24,33.0,100.0,3.0,25.053963,121.427681
74DA38ED06E0,2026-08-04,06:54:35,31.0,100.0,4.0,23.601,121.521
74DA38F7C514,2026-08-04,06:54:35,32.25,100.0,2.0,25.051,121.518
74DA38F209DE,2026-08-04,06:54:41,32.61,100.0,0.0,24.861,120.964
74DA38F7C592,2026-08-04,06:54:41,-4.0,0.0,0.0,25.224,121.637
74DA38F7C47C,2026-08-04,06:54:43,33.11,84.0,102.0,25.055,121.455
74DA38ED0454,2026-08-04,06:54:48,31.5,100.0,1.0,24.053,121.599
74DA38F20B88,2026-08-04,06:54:57,30.61,100.0,1.0,22.75,120.316
74DA38F21024,2026-08-04,06:55:03,31.5,100.0,0.0,24.93,121.036
74DA38F7C3D6,2026-08-04,06:55:13,35.25,98.0,0.0,25.045,121.541
74DA38F20B26,2026-08-04,06:55:17,30.86,100.0,14.0,22.783,120.247
74DA38F20F1C,2026-08-04,06:55:19,32.11,100.0,25.0,25.062,121.451
74DA38F2105C,2026-08-04,06:55:21,32.75,100.0,0.0,25.088,121.599
74DA38F7C600,2026-08-04,06:55:24,23.5,48.0,2.0,25.07,121.586
74DA38F7C430,2026-08-04,06:55:28,35.11,74.0,0.0,24.981,121.423
74DA38F7C63C,2026-08-04,06:55:28,60.62,100.0,1.0,24.998,121.425
74DA38F7C39A,2026-08-04,06:55:32,33.11,100.0,0.0,25.002,121.414
74DA38F7C3DE,2026-08-04,06:55:34,35.36,91.0,212.0,24.972,121.537
74DA38F7C616,2026-08-04,06:55:37,34.5,100.0,0.0,25.031,121.563
74DA38F209F8,2026-08-04,06:55:38,31.36,100.0,0.0,23.157,121.4
74DA38F7C310,2026-08-04,06:55:40,33.0,100.0,0.0,25.09,121.464
74DA38ED059C,2026-08-04,06:55:42,31.86,83.0,1.0,23.706,121.412
74DA38F20E6E,2026-08-04,06:55:45,28.5,98.0,0.0,24.41,120.902
74DA38F7C506,2026-08-04,06:55:47,33.86,100.0,0.0,24.996,121.544
74DA38F209B2,2026-08-04,06:55:50,30.75,100.0,0.0,22.363,120.599
74DA38F20B80,2026-08-04,06:55:52,31.75,100.0,8.0,22.599,120.35
74DA38F21136,2026-08-04,06:55:52,33.0,87.0,0.0,25.119,121.505
74DA38F7C5BE,2026-08-04,06:56:11,31.5,79.0,2.0,25.092,121.523
74DA38F7C27E,2026-08-04,06:56:14,32.0,87.0,1.0,25.053,121.444
74DA38F20A78,2026-08-04,06:56:19,33.75,100.0,0.0,22.904,121.124
74DA38ED05B6,2026-08-04,06:56:28,32.61,96.0,1.0,23.43,121.348
74DA38F210F6,2026-08-04,06:56:29,32.11,100.0,2.0,22.757426,121.158891
74DA38F21204,2026-08-04,06:56:32,31.86,100.0,0.0,25.062,121.451
74DA38F20D1E,2026-08-04,06:56:36,32.75,100.0,3.0,25.048,121.573
74DA38F20862,2026-08-04,06:56:37,31.36,100.0,27.0,23.101,121.176
74DA38F20EB2,2026-08-04,06:56:39,30.61,100.0,9.0,24.324,120.835
74DA38F7C366,2026-08-04,06:56:39,33.0,100.0,0.0,25.002,121.516
74DA38F2104E,2026-08-04,06:56:44,31.11,100.0,23.0,23.108,120.7
74DA38F20C26,2026-08-04,06:56:52,33.0,74.0,12.0,22.676,120.342
74DA38F207DE,2026-08-04,06:56:55,32.5,100.0,15.0,22.603,120.34
74DA38F7C42E,2026-08-04,06:56:58,33.86,100.0,0.0,24.969,121.514
74DA38ED0640,2026-08-04,06:56:59,32.0,100.0,2.0,23.154,121.266
74DA38F20DE0,2026-08-04,06:57:00,31.25,100.0,1.0,22.589,120.328
74DA38F7C4CC,2026-08-04,06:57:06,33.36,100.0,1.0,25.062,121.451
74DA38F20F0A,2026-08-04,06:57:07,31.0,100.0,18.0,22.995,120.635
74DA38F7C610,2026-08-04,06:57:12,31.75,83.0,2.0,25.063,121.564
74DA38F21054,2026-08-04,06:57:17,28.86,62.0,30.0,22.898,120.627
74DA38F7C560,2026-08-04,06:57:21,33.5,-66.0,0.0,25.079,121.671
74DA38F20D70,2026-08-04,06:57:22,33.86,85.0,0.0,23.05,121.164
74DA38F7C41E,2026-08-04,06:57:27,31.86,75.0,0.0,25.054,121.517
74DA38F7C480,2026-08-04,06:57:32,32.5,100.0,0.0,25.061,121.432
74DA38F7C3B2,2026-08-04,06:57:41,32.75,67.0,1.0,24.929,121.378
74DA38F7C5E6,2026-08-04,06:57:43,33.25,100.0,0.0,25.107,121.843
74DA38F7C3DC,2026-08-04,06:57:44,33.36,100.0,3.0,25.003,121.539
74DA38ED05EA,2026-08-04,06:57:50,31.86,100.0,1.0,23.394,121.357
74DA38F21088,2026-08-04,06:57:50,33.36,100.0,0.0,25.068,121.588
74DA38F210A2,2026-08-04,06:57:54,31.61,100.0,0.0,25.12,121.466
74DA38F20D2E,2026-08-04,06:58:01,32.5,100.0,0.0,25.06,121.545
74DA38F7C566,2026-08-04,06:58:04,35.86,89.0,0.0,25.051,121.448
74DA38F20B12,2026-08-04,06:58:10,27.62,75.0,17.0,22.91,120.716
74DA38F20FFE,2026-08-04,06:58:12,32.0,100.0,8.0,22.894,120.298
74DA38F7C59C,2026-08-04,06:58:25,31.5,70.0,2.0,25.103,121.487
74DA38F21048,2026-08-04,06:58:28,30.36,100.0,20.0,22.595,120.341
74DA38ED0630,2026-08-04,06:58:35,31.25,100.0,0.0,23.994,121.594
74DA38F2113E,2026-08-04,06:58:36,-4.0,0.0,0.0,22.728,120.313
74DA38F20BF6,2026-08-04,06:58:40,29.0,100.0,16.0,22.582,120.368
74DA38F20E9E,2026-08-04,06:58:40,29.0,100.0,7.0,24.648,121.151
74DA38F21170,2026-08-04,06:58:41,35.0,66.0,0.0,22.779,121.088
74DA38F20D16,2026-08-04,06:59:05,32.61,93.0,1.0,25.062,121.526
74DA38F20D1A,2026-08-04,06:59:06,32.0,80.0,0.0,25.078,121.541
74DA38F209A8,2026-08-04,06:59:24,-4.0,0.0,0.0,22.401,120.577
74DA38F20C06,2026-08-04,06:59:24,28.75,55.0,4.0,24.874,121.02
74DA38F7C532,2026-08-04,06:59:24,32.0,84.0,2.0,25.059,121.499
74DA38F7C53C,2026-08-04,06:59:25,32.0,100.0,0.0,25.11,121.804
74DA38ED04F2,2026-08-04,06:59:42,30.25,100.0,3.0,23.468,121.496
74DA38F7C13A,2026-08-04,06:59:47,25.5,13.0,0.0,25.069,121.359
74DA38F7C5AA,2026-08-04,06:59:51,32.5,100.0,0.0,25.0,121.479
74DA38F209EE,2026-08-04,06:59:52,31.11,100.0,0.0,23.026,121.33
74DA38F20A30,2026-08-04,06:59:52,32.75,78.0,0.0,24.948,121.372
74DA38F7C54E,2026-08-04,06:59:59,32.61,98.0,0.0,25.063,121.661
74DA38F7C4DE,2026-08-04,07:00:08,32.0,100.0,0.0,25.09,121.462
74DA38F20934,2026-08-04,07:00:10,30.0,80.0,3.0,23.002,121.29
74DA38F20B5C,2026-08-04,07:00:12,32.86,100.0,13.0,22.798,120.293
74DA38F7C570,2026-08-04,07:00:12,32.5,100.0,0.0,25.239,121.63
74DA38F7C260,2026-08-04,07:00:13,34.75,93.0,0.0,25.065,121.425
74DA38F7C464,2026-08-04,07:00:14,29.0,31.0,0.0,25.006,121.413
74DA38F7C46C,2026-08-04,07:00:21,-4.0,0.0,0.0,25.288,121.544
74DA38F208E2,2026-08-04,07:00:24,31.25,100.0,2.0,24.688,121.766
74DA38F7C524,2026-08-04,07:00:26,33.5,100.0,1.0,25.002,121.552
74DA38F7C47E,2026-08-04,07:00:30,32.75,100.0,3.0,25.053963,121.427681
74DA38F7C5CE,2026-08-04,07:00:30,32.11,74.0,0.0,25.066,121.656
74DA38F20B82,2026-08-04,07:00:31,-4.0,0.0,0.0,22.847,120.465
74DA38F20C22,2026-08-04,07:00:32,33.75,100.0,0.0,22.729,120.357
74DA38F7C47C,2026-08-04,07:00:36,33.0,84.0,93.0,25.055,121.455
74DA38F7C514,2026-08-04,07:00:41,32.25,100.0,2.0,25.051,121.518
74DA38F7C5A0,2026-08-04,07:00:41,32.61,85.0,0.0,25.107,121.518
74DA38F7C3BA,2026-08-04,07:00:42,-4.0,0.0,64.0,25.174,121.441
74DA38ED06E0,2026-08-04,07:00:45,31.0,100.0,5.0,23.601,121.521
74DA38ED0454,2026-08-04,07:00:53,31.36,100.0,2.0,24.053,121.599
74DA38F209DE,2026-08-04,07:01:09,32.75,100.0,1.0,24.861,120.964
74DA38F20B26,2026-08-04,07:01:24,30.86,100.0,13.0,22.783,120.247
74DA38F20B88,2026-08-04,07:01:25,30.5,100.0,1.0,22.75,120.316
74DA38F20F1C,2026-08-04,07:01:25,32.0,100.0,23.0,25.062,121.451
74DA38F7C3DE,2026-08-04,07:01:28,35.25,92.0,212.0,24.972,121.537
74DA38F21024,2026-08-04,07:01:30,31.5,100.0,1.0,24.93,121.036
74DA38F7C600,2026-08-04,07:01:30,23.5,48.0,1.0,25.07,121.586
74DA38F7C3D6,2026-08-04,07:01:39,35.36,97.0,0.0,25.045,121.541
74DA38F7C310,2026-08-04,07:01:45,32.86,100.0,0.0,25.09,121.464
74DA38F20E6E,2026-08-04,07:01:47,28.61,98.0,0.0,24.41,120.902
74DA38F2105C,2026-08-04,07:01:47,32.61,100.0,0.0,25.088,121.599
74DA38ED059C,2026-08-04,07:01:48,31.75,84.0,1.0,23.706,121.412
74DA38F7C616,2026-08-04,07:01:54,34.36,100.0,0.0,25.031,121.563
74DA38F7C430,2026-08-04,07:01:56,35.11,74.0,0.0,24.981,121.423
74DA38F7C39A,2026-08-04,07:02:00,33.25,100.0,0.0,25.002,121.414
74DA38F21136,2026-08-04,07:02:04,32.86,87.0,0.0,25.119,121.505
74DA38F209F8,2026-08-04,07:02:05,31.36,100.0,0.0,23.157,121.4
74DA38F209B2,2026-08-04,07:02:16,31.0,100.0,0.0,22.363,120.599
74DA38F7C5BE,2026-08-04,07:02:16,31.5,78.0,3.0,25.092,121.523
74DA38F7C506,2026-08-04,07:02:17,34.36,100.0,0.0,24.996,121.544
74DA38F20B80,2026-08-04,07:02:19,31.75,100.0,10.0,22.599,120.35
74DA38F20A78,2026-08-04,07:02:25,33.75,100.0,0.0,22.904,121.124
74DA38F7C27E,2026-08-04,07:02:29,32.11,88.0,1.0,25.053,121.444
74DA38ED05B6,2026-08-04,07:02:32,32.61,97.0,1.0,23.43,121.348
74DA38F210F6,2026-08-04,07:02:34,32.11,100.0,2.0,22.757426,121.158891
74DA38F21204,2026-08-04,07:02:43,31.75,100.0,1.0,25.062,121.451
74DA38F20EB2,2026-08-04,07:02:44,30.61,100.0,9.0,24.324,120.835
74DA38F20862,2026-08-04,07:02:45,31.25,100.0,54.0,23.101,121.176
74DA38F20D1E,2026-08-04,07:02:50,32.75,100.0,3.0,25.048,121.573
74DA38F2104E,2026-08-04,07:02:52,31.11,100.0,23.0,23.108,120.7
74DA38F7C366,2026-08-04,07:02:53,33.11,100.0,0.0,25.002,121.516
74DA38F207DE,2026-08-04,07:02:59,32.36,100.0,15.0,22.603,120.34
74DA38F20C26,2026-08-04,07:02:59,33.0,74.0,13.0,22.676,120.342
74DA38ED0640,2026-08-04,07:03:05,32.0,100.0,2.0,23.154,121.266
74DA38F7C4CC,2026-08-04,07:03:13,33.25,100.0,1.0,25.062,121.451
74DA38F20F0A,2026-08-04,07:03:14,30.86,100.0,19.0,22.995,120.635
74DA38F7C610,2026-08-04,07:03:17,31.75,82.0,2.0,25.063,121.564
74DA38F7C42E,2026-08-04,07:03:25,33.86,100.0,0.0,24.969,121.514
74DA38F21054,2026-08-04,07:03:26,29.11,63.0,30.0,22.898,120.627
74DA38F20D70,2026-08-04,07:03:28,34.11,85.0,0.0,23.05,121.164
74DA38F20DE0,2026-08-04,07:03:28,31.25,100.0,0.0,22.589,120.328
74DA38F7C3B2,2026-08-04,07:03:47,32.75,66.0,1.0,24.929,121.378
74DA38F7C5E6,2026-08-04,07:03:48,33.36,100.0,0.0,25.107,121.843
74DA38F7C3DC,2026-08-04,07:03:49,33.5,100.0,2.0,25.003,121.539
74DA38F7C560,2026-08-04,07:03:49,33.61,-66.0,0.0,25.079,121.671
74DA38F7C41E,2026-08-04,07:03:55,31.75,75.0,0.0,25.054,121.517
74DA38ED05EA,2026-08-04,07:03:56,31.75,100.0,1.0,23.394,121.357
74DA38F7C480,2026-08-04,07:03:59,32.61,100.0,0.0,25.061,121.432
74DA38F210A2,2026-08-04,07:04:00,31.61,100.0,0.0,25.12,121.466
74DA38F20B12,2026-08-04,07:04:18,27.62,75.0,19.0,22.91,120.716
74DA38F20FFE,2026-08-04,07:04:19,32.0,100.0,9.0,22.894,120.298
74DA38F21088,2026-08-04,07:04:19,33.36,100.0,0.0,25.068,121.588
74DA38F7C592,2026-08-04,07:04:20,-4.0,0.0,0.0,25.224,121.637
74DA38F20D2E,2026-08-04,07:04:29,32.5,100.0,0.0,25.06,121.545
74DA38F7C30C,2026-08-04,07:04:31,33.11,83.0,0.0,24.975,121.532
74DA38F20BF6,2026-08-04,07:04:46,29.0,100.0,16.0,22.582,120.368
74DA38F20E9E,2026-08-04,07:04:46,29.0,100.0,9.0,24.648,121.151
74DA38F7C59C,2026-08-04,07:04:52,31.5,70.0,2.0,25.103,121.487
74DA38F21170,2026-08-04,07:04:56,35.11,67.0,0.0,22.779,121.088
74DA38F7C338,2026-08-04,07:04:56,31.11,100.0,2.0,25.011,121.458
74DA38F21048,2026-08-04,07:04:57,30.36,100.0,19.0,22.595,120.341
74DA38F7C63C,2026-08-04,07:05:01,60.62,100.0,1.0,24.998,121.425
74DA38ED0630,2026-08-04,07:05:03,31.25,100.0,0.0,23.994,121.594
74DA38F20D16,2026-08-04,07:05:09,32.61,94.0,2.0,25.062,121.526
74DA38F20C06,2026-08-04,07:05:29,28.75,55.0,4.0,24.874,121.02
74DA38F7C532,2026-08-04,07:05:29,32.11,83.0,2.0,25.059,121.499
74DA38F20D1A,2026-08-04,07:05:35,32.0,79.0,0.0,25.078,121.541
74DA38F7C37C,2026-08-04,07:05:37,33.86,-39.0,8.0,25.111,121.856
74DA38ED04F2,2026-08-04,07:05:51,30.11,100.0,2.0,23.468,121.496
74DA38F2113E,2026-08-04,07:05:51,-4.0,0.0,0.0,22.728,120.313
74DA38F7C53C,2026-08-04,07:05:52,31.75,100.0,0.0,25.11,121.804
74DA38F209EE,2026-08-04,07:05:57,31.0,100.0,0.0,23.026,121.33
74DA38F7C13A,2026-08-04,07:06:15,25.75,13.0,0.0,25.069,121.359
74DA38F20B5C,2026-08-04,07:06:19,32.86,100.0,13.0,22.798,120.293
74DA38F7C5AA,2026-08-04,07:06:19,32.5,100.0,0.0,25.0,121.479
74DA38F20A30,2026-08-04,07:06:20,32.86,75.0,0.0,24.948,121.372
74DA38F20934,2026-08-04,07:06:21,30.0,80.0,2.0,23.002,121.29
74DA38F7C54E,2026-08-04,07:06:25,32.5,98.0,0.0,25.063,121.661
74DA38F7C4DE,2026-08-04,07:06:26,32.0,100.0,0.0,25.09,121.462
74DA38F7C47C,2026-08-04,07:06:29,33.0,85.0,96.0,25.055,121.455
74DA38F208E2,2026-08-04,07:06:30,31.25,100.0,2.0,24.688,121.766
74DA38F7C47E,2026-08-04,07:06:35,32.75,100.0,2.0,25.053963,121.427681
74DA38F20D6C,2026-08-04,07:06:38,31.61,83.0,0.0,22.661,120.301
74DA38F7C260,2026-08-04,07:06:40,34.86,93.0,0.0,25.065,121.425
74DA38F7C570,2026-08-04,07:06:40,32.61,100.0,0.0,25.239,121.63
74DA38F7C514,2026-08-04,07:06:47,32.36,100.0,2.0,25.051,121.518
74DA38F7C464,2026-08-04,07:06:50,28.86,31.0,0.0,25.006,121.413
74DA38ED06E0,2026-08-04,07:06:51,31.0,100.0,5.0,23.601,121.521
74DA38F7C524,2026-08-04,07:06:55,33.61,100.0,1.0,25.002,121.552
74DA38F7C5CE,2026-08-04,07:06:58,32.11,73.0,0.0,25.066,121.656
74DA38F20C22,2026-08-04,07:06:59,33.61,100.0,0.0,22.729,120.357
74DA38ED0454,2026-08-04,07:07:06,31.36,100.0,2.0,24.053,121.599
74DA38F7C5A0,2026-08-04,07:07:09,32.36,85.0,0.0,25.107,121.518
74DA38F7C3DE,2026-08-04,07:07:22,35.25,91.0,209.0,24.972,121.537
74DA38F20B26,2026-08-04,07:07:29,30.75,100.0,13.0,22.783,120.247
74DA38F20F1C,2026-08-04,07:07:31,32.11,100.0,23.0,25.062,121.451
74DA38F7C600,2026-08-04,07:07:35,23.5,48.0,2.0,25.07,121.586
74DA38F209DE,2026-08-04,07:07:37,32.75,100.0,1.0,24.861,120.964
74DA38F20E6E,2026-08-04,07:07:48,28.61,96.0,0.0,24.41,120.902
74DA38F7C310,2026-08-04,07:07:50,32.86,100.0,0.0,25.09,121.464
74DA38F20B88,2026-08-04,07:07:53,30.61,100.0,1.0,22.75,120.316
74DA38ED059C,2026-08-04,07:07:55,31.61,85.0,1.0,23.706,121.412
74DA38F21024,2026-08-04,07:07:57,31.36,100.0,4.0,24.93,121.036
74DA38F7C616,2026-08-04,07:08:03,34.5,100.0,0.0,25.031,121.563
74DA38F7C3D6,2026-08-04,07:08:06,35.25,97.0,0.0,25.045,121.541
74DA38F2105C,2026-08-04,07:08:15,32.61,100.0,0.0,25.088,121.599
74DA38F21136,2026-08-04,07:08:17,32.86,87.0,0.0,25.119,121.505
74DA38F7C5BE,2026-08-04,07:08:21,31.5,77.0,2.0,25.092,121.523
74DA38F7C430,2026-08-04,07:08:23,35.25,73.0,0.0,24.981,121.423
74DA38F7C39A,2026-08-04,07:08:27,33.25,100.0,0.0,25.002,121.414
74DA38F20A78,2026-08-04,07:08:31,33.61,100.0,0.0,22.904,121.124
74DA38F209F8,2026-08-04,07:08:33,31.36,100.0,0.0,23.157,121.4
74DA38F7C27E,2026-08-04,07:08:33,32.11,88.0,2.0,25.053,121.444
74DA38ED05B6,2026-08-04,07:08:37,32.61,96.0,1.0,23.43,121.348
74DA38F210F6,2026-08-04,07:08:38,32.11,100.0,2.0,22.757426,121.158891
74DA38F209B2,2026-08-04,07:08:42,31.0,100.0,0.0,22.363,120.599
74DA38F20B80,2026-08-04,07:08:45,32.0,100.0,7.0,22.599,120.35
74DA38F7C506,2026-08-04,07:08:45,34.36,100.0,0.0,24.996,121.544
74DA38F20EB2,2026-08-04,07:08:49,30.61,100.0,9.0,24.324,120.835
74DA38F21204,2026-08-04,07:08:52,31.75,100.0,0.0,25.062,121.451
74DA38F20862,2026-08-04,07:08:55,31.0,100.0,40.0,23.101,121.176
74DA38F2104E,2026-08-04,07:08:58,31.11,100.0,21.0,23.108,120.7
74DA38F7C366,2026-08-04,07:08:59,33.36,100.0,0.0,25.002,121.516
74DA38F209A8,2026-08-04,07:09:04,-4.0,0.0,0.0,22.401,120.577
74DA38F207DE,2026-08-04,07:09:06,32.5,100.0,16.0,22.603,120.34
74DA38F20C26,2026-08-04,07:09:07,32.86,76.0,14.0,22.676,120.342
74DA38ED0640,2026-08-04,07:09:17,31.75,100.0,2.0,23.154,121.266
74DA38F7C4CC,2026-08-04,07:09:19,33.11,100.0,1.0,25.062,121.451
74DA38F7C3BA,2026-08-04,07:09:21,-4.0,0.0,63.0,25.174,121.441
74DA38F7C610,2026-08-04,07:09:22,31.75,82.0,2.0,25.063,121.564
74DA38F20F0A,2026-08-04,07:09:23,30.75,100.0,18.0,22.995,120.635
74DA38F20D70,2026-08-04,07:09:34,33.86,85.0,0.0,23.05,121.164
74DA38F21054,2026-08-04,07:09:34,29.5,65.0,31.0,22.898,120.627
74DA38F7C3B2,2026-08-04,07:09:52,32.75,65.0,0.0,24.929,121.378
74DA38F7C5E6,2026-08-04,07:09:53,33.61,100.0,0.0,25.107,121.843
74DA38F20DE0,2026-08-04,07:09:55,31.5,100.0,0.0,22.589,120.328
74DA38F7C3DC,2026-08-04,07:09:55,33.25,100.0,2.0,25.003,121.539
74DA38ED05EA,2026-08-04,07:10:00,31.61,100.0,1.0,23.394,121.357
74DA38F7C46C,2026-08-04,07:10:01,-4.0,0.0,0.0,25.288,121.544
74DA38F20B82,2026-08-04,07:10:03,-4.0,0.0,0.0,22.847,120.465
74DA38F210A2,2026-08-04,07:10:04,31.75,100.0,0.0,25.12,121.466
74DA38F7C42E,2026-08-04,07:10:04,33.86,100.0,0.0,24.969,121.514
74DA38F7C560,2026-08-04,07:10:16,33.5,-66.0,0.0,25.079,121.671
74DA38F20B12,2026-08-04,07:10:24,27.75,75.0,19.0,22.91,120.716
74DA38F7C41E,2026-08-04,07:10:25,31.61,75.0,0.0,25.054,121.517
74DA38F7C480,2026-08-04,07:10:26,32.5,100.0,0.0,25.061,121.432
74DA38F21088,2026-08-04,07:10:46,33.36,100.0,0.0,25.068,121.588
74DA38F20BF6,2026-08-04,07:10:50,29.0,100.0,15.0,22.582,120.368
74DA38F20E9E,2026-08-04,07:10:51,28.86,100.0,8.0,24.648,121.151
74DA38F20D2E,2026-08-04,07:10:57,32.61,100.0,0.0,25.06,121.545
74DA38F21170,2026-08-04,07:11:05,35.0,67.0,0.0,22.779,121.088
74DA38F7C566,2026-08-04,07:11:07,35.86,89.0,0.0,25.051,121.448
74DA38F20D16,2026-08-04,07:11:14,32.5,94.0,2.0,25.062,121.526
74DA38F7C338,2026-08-04,07:11:15,31.11,100.0,3.0,25.011,121.458
74DA38F7C59C,2026-08-04,07:11:19,31.36,69.0,2.0,25.103,121.487
74DA38F21048,2026-08-04,07:11:26,30.36,100.0,17.0,22.595,120.341
74DA38ED0630,2026-08-04,07:11:31,31.25,100.0,0.0,23.994,121.594
74DA38F20C06,2026-08-04,07:11:35,28.75,55.0,5.0,24.874,121.02
74DA38F7C532,2026-08-04,07:11:35,32.11,83.0,2.0,25.059,121.499
74DA38F7C53A,2026-08-04,07:11:36,-4.0,0.0,0.0,25.067,121.641
74DA38ED04F2,2026-08-04,07:11:58,30.0,100.0,3.0,23.468,121.496
74DA38F209EE,2026-08-04,07:12:03,31.11,100.0,0.0,23.026,121.33
74DA38F20D1A,2026-08-04,07:12:03,32.11,80.0,0.0,25.078,121.541
74DA38F7C53C,2026-08-04,07:12:18,31.75,100.0,0.0,25.11,121.804
74DA38F7C47C,2026-08-04,07:12:22,33.0,85.0,88.0,25.055,121.455
74DA38F20B5C,2026-08-04,07:12:23,33.0,100.0,13.0,22.798,120.293
74DA38F20934,2026-08-04,07:12:32,30.0,80.0,3.0,23.002,121.29
74DA38F208E2,2026-08-04,07:12:35,31.25,100.0,2.0,24.688,121.766
74DA38F7C47E,2026-08-04,07:12:40,32.36,100.0,2.0,25.053963,121.427681
74DA38F7C13A,2026-08-04,07:12:42,25.75,12.0,1.0,25.069,121.359
74DA38F7C4DE,2026-08-04,07:12:42,32.11,100.0,0.0,25.09,121.462
74DA38F20A30,2026-08-04,07:12:51,32.75,72.0,0.0,24.948,121.372
74DA38F7C54E,2026-08-04,07:12:53,32.25,99.0,0.0,25.063,121.661
74DA38F7C514,2026-08-04,07:12:54,32.5,100.0,2.0,25.051,121.518
74DA38ED06E0,2026-08-04,07:12:57,31.11,100.0,5.0,23.601,121.521
74DA38F7C5AA,2026-08-04,07:13:00,32.75,100.0,0.0,25.0,121.479
74DA38F20D6C,2026-08-04,07:13:04,31.36,83.0,0.0,22.661,120.301
74DA38F2113E,2026-08-04,07:13:07,-4.0,0.0,1.0,22.728,120.313
74DA38F7C570,2026-08-04,07:13:08,32.61,100.0,0.0,25.239,121.63
74DA38F7C260,2026-08-04,07:13:10,34.86,93.0,0.0,25.065,121.425
74DA38F7C3DE,2026-08-04,07:13:16,35.25,90.0,212.0,24.972,121.537
74DA38ED0454,2026-08-04,07:13:22,31.36,100.0,2.0,24.053,121.599
74DA38F7C524,2026-08-04,07:13:23,33.5,100.0,1.0,25.002,121.552
74DA38F7C5CE,2026-08-04,07:13:26,32.25,73.0,0.0,25.066,121.656
74DA38F20C22,2026-08-04,07:13:27,33.61,100.0,0.0,22.729,120.357
74DA38F7C464,2026-08-04,07:13:27,29.0,31.0,0.0,25.006,121.413
74DA38F20B26,2026-08-04,07:13:34,30.75,100.0,13.0,22.783,120.247
74DA38F20F1C,2026-08-04,07:13:37,32.11,100.0,24.0,25.062,121.451
74DA38F7C5A0,2026-08-04,07:13:37,32.36,86.0,0.0,25.107,121.518
74DA38F7C600,2026-08-04,07:13:41,23.5,48.0,2.0,25.07,121.586
74DA38F20E6E,2026-08-04,07:13:50,28.75,95.0,0.0,24.41,120.902
74DA38F7C310,2026-08-04,07:13:54,32.75,100.0,0.0,25.09,121.464
74DA38F7C592,2026-08-04,07:13:58,-4.0,0.0,0.0,25.224,121.637
74DA38ED059C,2026-08-04,07:14:03,31.61,85.0,0.0,23.706,121.412
74DA38F209DE,2026-08-04,07:14:03,32.61,100.0,0.0,24.861,120.964
74DA38F20B88,2026-08-04,07:14:20,30.61,100.0,0.0,22.75,120.316
74DA38F21024,2026-08-04,07:14:24,31.25,100.0,0.0,24.93,121.036
74DA38F7C616,2026-08-04,07:14:25,34.61,100.0,0.0,25.031,121.563
74DA38F7C5BE,2026-08-04,07:14:26,31.61,78.0,3.0,25.092,121.523
74DA38F21136,2026-08-04,07:14:27,32.75,88.0,0.0,25.119,121.505
74DA38F7C3D6,2026-08-04,07:14:32,35.11,97.0,0.0,25.045,121.541
74DA38F7C63C,2026-08-04,07:14:34,60.62,100.0,1.0,24.998,121.425
74DA38F7C27E,2026-08-04,07:14:38,32.11,88.0,1.0,25.053,121.444
74DA38F20A78,2026-08-04,07:14:41,33.5,100.0,0.0,22.904,121.124
74DA38ED05B6,2026-08-04,07:14:42,32.36,97.0,1.0,23.43,121.348
74DA38F2105C,2026-08-04,07:14:42,32.61,100.0,0.0,25.088,121.599
74DA38F210F6,2026-08-04,07:14:43,32.25,100.0,2.0,22.757426,121.158891
74DA38F7C430,2026-08-04,07:14:50,35.25,72.0,0.0,24.981,121.423
74DA38F7C39A,2026-08-04,07:14:54,33.25,100.0,0.0,25.002,121.414
74DA38F20EB2,2026-08-04,07:14:55,30.25,100.0,10.0,24.324,120.835
74DA38F209F8,2026-08-04,07:14:59,31.11,100.0,0.0,23.157,121.4
74DA38F21204,2026-08-04,07:15:00,31.75,100.0,0.0,25.062,121.451
74DA38F2104E,2026-08-04,07:15:06,31.11,100.0,21.0,23.108,120.7
74DA38F7C366,2026-08-04,07:15:06,33.75,100.0,0.0,25.002,121.516
74DA38F20862,2026-08-04,07:15:10,30.86,100.0,14.0,23.101,121.176
74DA38F209B2,2026-08-04,07:15:10,31.25,100.0,0.0,22.363,120.599
74DA38F207DE,2026-08-04,07:15:11,32.36,100.0,14.0,22.603,120.34
74DA38F20B80,2026-08-04,07:15:11,32.0,100.0,4.0,22.599,120.35
74DA38F20C26,2026-08-04,07:15:13,32.86,76.0,13.0,22.676,120.342
74DA38ED0640,2026-08-04,07:15:25,31.36,100.0,2.0,23.154,121.266
74DA38F7C4CC,2026-08-04,07:15:25,33.36,100.0,1.0,25.062,121.451
74DA38F7C610,2026-08-04,07:15:26,31.61,81.0,2.0,25.063,121.564
74DA38F20F0A,2026-08-04,07:15:32,30.61,100.0,19.0,22.995,120.635
74DA38F7C506,2026-08-04,07:15:36,34.75,100.0,0.0,24.996,121.544
74DA38F20D1E,2026-08-04,07:15:39,32.36,100.0,3.0,25.048,121.573
74DA38F20D70,2026-08-04,07:15:40,33.61,85.0,0.0,23.05,121.164
74DA38F21054,2026-08-04,07:15:43,29.61,67.0,31.0,22.898,120.627
74DA38F7C3B2,2026-08-04,07:15:58,32.75,65.0,0.0,24.929,121.378
74DA38F7C5E6,2026-08-04,07:15:59,33.61,100.0,5.0,25.107,121.843
74DA38F7C3DC,2026-08-04,07:16:01,33.0,100.0,1.0,25.003,121.539
74DA38ED05EA,2026-08-04,07:16:06,31.5,100.0,0.0,23.394,121.357
74DA38F210A2,2026-08-04,07:16:09,32.0,100.0,0.0,25.12,121.466
74DA38F20DE0,2026-08-04,07:16:23,31.36,100.0,1.0,22.589,120.328
74DA38F20B12,2026-08-04,07:16:31,27.75,75.0,21.0,22.91,120.716
74DA38F7C560,2026-08-04,07:16:43,33.36,-66.0,0.0,25.079,121.671
74DA38F7C41E,2026-08-04,07:16:51,31.75,75.0,0.0,25.054,121.517
74DA38F7C480,2026-08-04,07:16:54,32.61,100.0,0.0,25.061,121.432
74DA38F20BF6,2026-08-04,07:16:55,29.0,100.0,15.0,22.582,120.368
74DA38F20E9E,2026-08-04,07:16:57,28.86,100.0,6.0,24.648,121.151
74DA38F20FFE,2026-08-04,07:17:05,32.0,100.0,8.0,22.894,120.298
74DA38F21170,2026-08-04,07:17:11,34.75,67.0,0.0,22.779,121.088
74DA38F21088,2026-08-04,07:17:15,33.36,100.0,0.0,25.068,121.588
74DA38F20D16,2026-08-04,07:17:19,32.61,95.0,2.0,25.062,121.526
74DA38F20D2E,2026-08-04,07:17:24,32.61,100.0,0.0,25.06,121.545
74DA38F7C338,2026-08-04,07:17:30,31.11,100.0,2.0,25.011,121.458
74DA38F7C566,2026-08-04,07:17:35,35.86,89.0,0.0,25.051,121.448
74DA38F20C06,2026-08-04,07:17:40,28.61,55.0,4.0,24.874,121.02
74DA38F7C532,2026-08-04,07:17:41,32.11,84.0,2.0,25.059,121.499
74DA38F7C59C,2026-08-04,07:17:46,31.36,69.0,2.0,25.103,121.487
74DA38F21048,2026-08-04,07:17:53,30.25,100.0,19.0,22.595,120.341
74DA38ED0630,2026-08-04,07:17:58,31.11,100.0,0.0,23.994,121.594
74DA38F7C3BA,2026-08-04,07:17:59,-4.0,0.0,66.0,25.174,121.441
74DA38ED04F2,2026-08-04,07:18:07,30.11,100.0,3.0,23.468,121.496
74DA38F209EE,2026-08-04,07:18:08,31.11,100.0,0.0,23.026,121.33
74DA38F7C47C,2026-08-04,07:18:14,33.0,85.0,92.0,25.055,121.455
74DA38F20B5C,2026-08-04,07:18:29,32.86,100.0,13.0,22.798,120.293
74DA38F20D1A,2026-08-04,07:18:31,32.0,80.0,0.0,25.078,121.541
74DA38F208E2,2026-08-04,07:18:39,31.25,100.0,3.0,24.688,121.766
74DA38F209A8,2026-08-04,07:18:41,-4.0,0.0,0.0,22.401,120.577
74DA38F7C47E,2026-08-04,07:18:45,32.5,100.0,2.0,25.053963,121.427681
74DA38F7C53C,2026-08-04,07:18:47,31.86,100.0,0.0,25.11,121.804
74DA38F7C4DE,2026-08-04,07:18:58,32.11,100.0,0.0,25.09,121.462
74DA38F7C514,2026-08-04,07:19:00,32.61,100.0,2.0,25.051,121.518
74DA38ED06E0,2026-08-04,07:19:05,31.11,100.0,5.0,23.601,121.521
74DA38F7C13A,2026-08-04,07:19:08,25.5,9.0,0.0,25.069,121.359
74DA38F7C3DE,2026-08-04,07:19:10,35.36,88.0,204.0,24.972,121.537
74DA38F7C37C,2026-08-04,07:19:16,33.86,-62.0,25.0,25.111,121.856
74DA38F20A30,2026-08-04,07:19:18,33.0,71.0,0.0,24.948,121.372
74DA38F7C54E,2026-08-04,07:19:23,32.25,99.0,0.0,25.063,121.661
74DA38F7C5AA,2026-08-04,07:19:28,32.75,100.0,0.0,25.0,121.479
74DA38ED0454,2026-08-04,07:19:29,31.5,100.0,2.0,24.053,121.599
74DA38F20D6C,2026-08-04,07:19:31,31.36,85.0,0.0,22.661,120.301
74DA38F7C570,2026-08-04,07:19:35,32.86,100.0,0.0,25.239,121.63
74DA38F20B82,2026-08-04,07:19:36,-4.0,0.0,0.0,22.847,120.465
74DA38F7C46C,2026-08-04,07:19:41,-4.0,0.0,0.0,25.288,121.544
74DA38F20B26,2026-08-04,07:19:42,30.86,100.0,15.0,22.783,120.247
74DA38F20F1C,2026-08-04,07:19:43,32.0,100.0,22.0,25.062,121.451
74DA38F7C600,2026-08-04,07:19:47,23.5,48.0,2.0,25.07,121.586
74DA38F7C524,2026-08-04,07:19:49,33.61,100.0,0.0,25.002,121.552
74DA38F7C260,2026-08-04,07:19:50,35.0,93.0,0.0,25.065,121.425
74DA38F20E6E,2026-08-04,07:19:51,28.61,95.0,0.0,24.41,120.902
74DA38F7C5CE,2026-08-04,07:19:52,32.11,73.0,0.0,25.066,121.656
74DA38F20C22,2026-08-04,07:19:55,33.5,100.0,0.0,22.729,120.357
74DA38F7C310,2026-08-04,07:19:59,32.75,100.0,0.0,25.09,121.464
74DA38F7C464,2026-08-04,07:19:59,29.0,31.0,0.0,25.006,121.413
74DA38F7C5A0,2026-08-04,07:20:04,32.25,85.0,0.0,25.107,121.518
74DA38ED059C,2026-08-04,07:20:09,31.5,85.0,1.0,23.706,121.412
74DA38F2113E,2026-08-04,07:20:24,-4.0,0.0,1.0,22.728,120.313
74DA38F209DE,2026-08-04,07:20:31,32.5,100.0,0.0,24.861,120.964
74DA38F7C5BE,2026-08-04,07:20:31,31.5,78.0,2.0,25.092,121.523
74DA38F21136,2026-08-04,07:20:33,32.75,87.0,0.0,25.119,121.505
74DA38F7C616,2026-08-04,07:20:36,34.5,100.0,0.0,25.031,121.563
74DA38F7C27E,2026-08-04,07:20:42,32.11,88.0,2.0,25.053,121.444
74DA38ED05B6,2026-08-04,07:20:47,32.36,96.0,1.0,23.43,121.348
74DA38F20A78,2026-08-04,07:20:47,33.5,100.0,0.0,22.904,121.124
74DA38F210F6,2026-08-04,07:20:47,32.25,100.0,2.0,22.757426,121.158891
74DA38F20B88,2026-08-04,07:20:51,30.5,100.0,1.0,22.75,120.316
74DA38F21024,2026-08-04,07:20:51,30.86,100.0,0.0,24.93,121.036
74DA38F7C3D6,2026-08-04,07:20:59,35.0,96.0,0.0,25.045,121.541
74DA38F20EB2,2026-08-04,07:21:02,30.36,100.0,12.0,24.324,120.835
74DA38F2105C,2026-08-04,07:21:11,32.61,100.0,2.0,25.088,121.599
74DA38F21204,2026-08-04,07:21:11,31.61,100.0,0.0,25.062,121.451
74DA38F7C366,2026-08-04,07:21:13,33.5,100.0,0.0,25.002,121.516
74DA38F207DE,2026-08-04,07:21:16,32.36,100.0,14.0,22.603,120.34
74DA38F7C430,2026-08-04,07:21:19,35.36,72.0,0.0,24.981,121.423
74DA38F20C26,2026-08-04,07:21:20,32.86,76.0,13.0,22.676,120.342
74DA38F7C39A,2026-08-04,07:21:22,33.25,100.0,0.0,25.002,121.414
74DA38F20862,2026-08-04,07:21:25,30.86,100.0,16.0,23.101,121.176
74DA38F209F8,2026-08-04,07:21:27,31.0,100.0,0.0,23.157,121.4
74DA38F7C4CC,2026-08-04,07:21:30,33.36,100.0,1.0,25.062,121.451
74DA38ED0640,2026-08-04,07:21:31,31.25,100.0,2.0,23.154,121.266
74DA38F7C610,2026-08-04,07:21:31,31.61,81.0,2.0,25.063,121.564
74DA38F209B2,2026-08-04,07:21:37,31.11,100.0,0.0,22.363,120.599
74DA38F20B80,2026-08-04,07:21:38,31.75,100.0,4.0,22.599,120.35
74DA38F20F0A,2026-08-04,07:21:39,30.61,100.0,18.0,22.995,120.635
74DA38F20D70,2026-08-04,07:21:46,34.11,86.0,0.0,23.05,121.164
74DA38F21054,2026-08-04,07:21:53,29.86,67.0,31.0,22.898,120.627
74DA38F7C3B2,2026-08-04,07:22:04,32.86,64.0,0.0,24.929,121.378
74DA38F7C5E6,2026-08-04,07:22:06,33.75,100.0,8.0,25.107,121.843
74DA38F7C3DC,2026-08-04,07:22:08,32.86,100.0,1.0,25.003,121.539
74DA38ED05EA,2026-08-04,07:22:11,31.36,100.0,1.0,23.394,121.357
74DA38F210A2,2026-08-04,07:22:15,31.86,100.0,0.0,25.12,121.466
74DA38F7C506,2026-08-04,07:22:34,34.25,100.0,0.0,24.996,121.544
74DA38F20B12,2026-08-04,07:22:38,27.75,76.0,21.0,22.91,120.716
74DA38F20DE0,2026-08-04,07:22:51,31.5,100.0,1.0,22.589,120.328
74DA38F20BF6,2026-08-04,07:23:00,29.0,100.0,15.0,22.582,120.368
74DA38F20E9E,2026-08-04,07:23:02,28.75,100.0,2.0,24.648,121.151
74DA38F7C560,2026-08-04,07:23:11,33.5,-66.0,0.0,25.079,121.671
74DA38F21170,2026-08-04,07:23:19,34.5,67.0,1.0,22.779,121.088
74DA38F7C41E,2026-08-04,07:23:19,31.86,74.0,0.0,25.054,121.517
74DA38F7C480,2026-08-04,07:23:21,32.61,100.0,0.0,25.061,121.432
74DA38F20D16,2026-08-04,07:23:23,32.61,95.0,2.0,25.062,121.526
74DA38F20FFE,2026-08-04,07:23:24,32.0,100.0,8.0,22.894,120.298
74DA38F7C592,2026-08-04,07:23:37,-4.0,0.0,0.0,25.224,121.637
74DA38F21088,2026-08-04,07:23:43,33.36,100.0,0.0,25.068,121.588
74DA38F20C06,2026-08-04,07:23:46,28.61,55.0,4.0,24.874,121.02
74DA38F7C42E,2026-08-04,07:23:49,33.5,100.0,0.0,24.969,121.514
74DA38F7C532,2026-08-04,07:23:49,32.0,83.0,2.0,25.059,121.499
74DA38F20D2E,2026-08-04,07:23:51,32.5,100.0,0.0,25.06,121.545
74DA38F7C338,2026-08-04,07:23:59,31.11,100.0,2.0,25.011,121.458
74DA38F7C566,2026-08-04,07:24:03,35.5,89.0,0.0,25.051,121.448
74DA38F7C47C,2026-08-04,07:24:05,32.86,86.0,102.0,25.055,121.455
74DA38F7C63C,2026-08-04,07:24:08,60.62,100.0,1.0,24.998,121.425
74DA38F209EE,2026-08-04,07:24:13,31.11,100.0,0.0,23.026,121.33
74DA38F7C59C,2026-08-04,07:24:14,31.36,70.0,3.0,25.103,121.487
74DA38ED04F2,2026-08-04,07:24:16,30.25,100.0,3.0,23.468,121.496
74DA38F21048,2026-08-04,07:24:20,30.25,100.0,14.0,22.595,120.341
74DA38ED0630,2026-08-04,07:24:33,31.0,100.0,0.0,23.994,121.594
74DA38F20B5C,2026-08-04,07:24:36,32.86,100.0,13.0,22.798,120.293
74DA38F208E2,2026-08-04,07:24:44,31.36,100.0,3.0,24.688,121.766
74DA38F7C47E,2026-08-04,07:24:51,32.5,100.0,2.0,25.053963,121.427681
74DA38F20D1A,2026-08-04,07:24:59,31.86,81.0,0.0,25.078,121.541
74DA38F7C3DE,2026-08-04,07:25:04,35.5,89.0,216.0,24.972,121.537
74DA38F7C514,2026-08-04,07:25:06,32.36,100.0,2.0,25.051,121.518
74DA38F7C4DE,2026-08-04,07:25:12,32.25,100.0,0.0,25.09,121.462
74DA38ED06E0,2026-08-04,07:25:16,31.0,100.0,5.0,23.601,121.521
74DA38F7C53C,2026-08-04,07:25:16,31.75,100.0,0.0,25.11,121.804
74DA38F20934,2026-08-04,07:25:18,30.0,79.0,3.0,23.002,121.29
74DA38F7C13A,2026-08-04,07:25:35,25.5,8.0,0.0,25.069,121.359
74DA38ED0454,2026-08-04,07:25:46,31.36,100.0,2.0,24.053,121.599
74DA38F20B26,2026-08-04,07:25:48,31.0,100.0,15.0,22.783,120.247
74DA38F20F1C,2026-08-04,07:25:50,32.11,100.0,22.0,25.062,121.451
74DA38F20E6E,2026-08-04,07:25:53,28.61,95.0,0.0,24.41,120.902
74DA38F7C600,2026-08-04,07:25:53,23.5,48.0,2.0,25.07,121.586
74DA38F7C5AA,2026-08-04,07:25:56,32.61,100.0,0.0,25.0,121.479
74DA38F20D6C,2026-08-04,07:25:58,31.25,84.0,0.0,22.661,120.301
74DA38F7C37C,2026-08-04,07:25:58,33.5,-65.0,8.0,25.111,121.856
74DA38F7C570,2026-08-04,07:26:02,32.86,100.0,0.0,25.239,121.63
74DA38F7C310,2026-08-04,07:26:04,32.61,100.0,1.0,25.09,121.464
74DA38ED059C,2026-08-04,07:26:16,31.61,85.0,1.0,23.706,121.412
74DA38F7C260,2026-08-04,07:26:16,35.11,93.0,0.0,25.065,121.425
74DA38F7C524,2026-08-04,07:26:17,33.61,100.0,0.0,25.002,121.552
74DA38F7C5CE,2026-08-04,07:26:19,32.11,73.0,0.0,25.066,121.656
74DA38F20C22,2026-08-04,07:26:22,33.5,100.0,0.0,22.729,120.357
74DA38F7C5A0,2026-08-04,07:26:32,32.25,86.0,0.0,25.107,121.518
74DA38F7C464,2026-08-04,07:26:35,29.0,31.0,0.0,25.006,121.413
74DA38F7C5BE,2026-08-04,07:26:37,31.61,78.0,3.0,25.092,121.523
74DA38F7C3BA,2026-08-04,07:26:38,-4.0,0.0,69.0,25.174,121.441
74DA38F21136,2026-08-04,07:26:45,32.61,87.0,0.0,25.119,121.505
74DA38F7C27E,2026-08-04,07:26:47,32.0,89.0,1.0,25.053,121.444
74DA38ED05B6,2026-08-04,07:26:52,32.36,94.0,1.0,23.43,121.348
74DA38F210F6,2026-08-04,07:26:52,32.25,100.0,2.0,22.757426,121.158891
74DA38F20A78,2026-08-04,07:26:53,33.11,100.0,0.0,22.904,121.124
74DA38F209DE,2026-08-04,07:26:58,32.5,100.0,0.0,24.861,120.964
74DA38F2104E,2026-08-04,07:27:00,30.86,100.0,22.0,23.108,120.7
74DA38F20EB2,2026-08-04,07:27:06,30.5,100.0,12.0,24.324,120.835
74DA38F21024,2026-08-04,07:27:18,30.5,100.0,0.0,24.93,121.036
74DA38F21204,2026-08-04,07:27:18,31.5,100.0,1.0,25.062,121.451
74DA38F7C366,2026-08-04,07:27:18,33.36,100.0,0.0,25.002,121.516
74DA38F20B88,2026-08-04,07:27:20,30.5,100.0,1.0,22.75,120.316
74DA38F207DE,2026-08-04,07:27:22,32.36,100.0,15.0,22.603,120.34
74DA38F7C3D6,2026-08-04,07:27:25,34.75,96.0,0.0,25.045,121.541
74DA38F20C26,2026-08-04,07:27:27,33.0,77.0,13.0,22.676,120.342
74DA38F7C610,2026-08-04,07:27:36,31.61,81.0,2.0,25.063,121.564
74DA38ED0640,2026-08-04,07:27:37,31.36,100.0,2.0,23.154,121.266
74DA38F2113E,2026-08-04,07:27:38,-4.0,0.0,1.0,22.728,120.313
74DA38F7C4CC,2026-08-04,07:27:38,33.36,100.0,1.0,25.062,121.451
74DA38F2105C,2026-08-04,07:27:39,32.5,100.0,0.0,25.088,121.599
74DA38F20862,2026-08-04,07:27:41,30.61,100.0,16.0,23.101,121.176
74DA38F7C430,2026-08-04,07:27:46,35.5,70.0,0.0,24.981,121.423
74DA38F20F0A,2026-08-04,07:27:47,30.5,100.0,19.0,22.995,120.635
74DA38F7C39A,2026-08-04,07:27:49,33.11,100.0,0.0,25.002,121.414
74DA38F20D70,2026-08-04,07:27:51,34.25,85.0,0.0,23.05,121.164
74DA38F209F8,2026-08-04,07:27:54,31.0,100.0,0.0,23.157,121.4
74DA38F21054,2026-08-04,07:28:02,30.0,67.0,31.0,22.898,120.627
74DA38F209B2,2026-08-04,07:28:03,30.86,100.0,0.0,22.363,120.599
74DA38F20B80,2026-08-04,07:28:04,31.5,100.0,9.0,22.599,120.35
74DA38F7C3B2,2026-08-04,07:28:09,32.86,63.0,0.0,24.929,121.378
74DA38F7C5E6,2026-08-04,07:28:12,34.0,100.0,5.0,25.107,121.843
74DA38F7C3DC,2026-08-04,07:28:14,32.75,100.0,2.0,25.003,121.539
74DA38ED05EA,2026-08-04,07:28:16,31.5,100.0,1.0,23.394,121.357
74DA38F210A2,2026-08-04,07:28:19,31.86,100.0,0.0,25.12,121.466
74DA38F209A8,2026-08-04,07:28:20,-4.0,0.0,0.0,22.401,120.577
74DA38F20B12,2026-08-04,07:28:46,27.87,77.0,23.0,22.91,120.716
74DA38F20BF6,2026-08-04,07:29:05,29.0,100.0,15.0,22.582,120.368
74DA38F20E9E,2026-08-04,07:29:06,28.86,100.0,3.0,24.648,121.151
74DA38F20B82,2026-08-04,07:29:08,-4.0,0.0,0.0,22.847,120.465
74DA38F7C506,2026-08-04,07:29:09,34.5,100.0,0.0,24.996,121.544
74DA38F20DE0,2026-08-04,07:29:19,31.36,100.0,1.0,22.589,120.328
74DA38F7C46C,2026-08-04,07:29:22,-4.0,0.0,0.0,25.288,121.544
74DA38F20D16,2026-08-04,07:29:28,32.61,95.0,2.0,25.062,121.526
74DA38F21170,2026-08-04,07:29:28,34.5,67.0,1.0,22.779,121.088
74DA38F7C560,2026-08-04,07:29:39,33.61,-66.0,0.0,25.079,121.671
74DA38F7C480,2026-08-04,07:29:48,32.61,100.0,0.0,25.061,121.432
74DA38F20C06,2026-08-04,07:29:51,28.61,55.0,4.0,24.874,121.02
74DA38F7C41E,2026-08-04,07:29:52,31.75,74.0,0.0,25.054,121.517
74DA38F7C532,2026-08-04,07:29:54,32.11,85.0,2.0,25.059,121.499
74DA38F20FFE,2026-08-04,07:29:57,31.86,100.0,8.0,22.894,120.298
74DA38F7C47C,2026-08-04,07:29:57,32.75,86.0,106.0,25.055,121.455
74DA38F7C338,2026-08-04,07:30:04,31.11,100.0,2.0,25.011,121.458
74DA38F21088,2026-08-04,07:30:10,33.5,100.0,0.0,25.068,121.588
74DA38F209EE,2026-08-04,07:30:18,31.11,100.0,0.0,23.026,121.33
74DA38F20D2E,2026-08-04,07:30:19,32.5,100.0,0.0,25.06,121.545
74DA38F7C42E,2026-08-04,07:30:20,33.25,100.0,0.0,24.969,121.514
74DA38ED04F2,2026-08-04,07:30:23,30.25,100.0,2.0,23.468,121.496
74DA38F7C59C,2026-08-04,07:30:40,31.5,70.0,2.0,25.103,121.487
74DA38F20B5C,2026-08-04,07:30:48,32.86,100.0,14.0,22.798,120.293
74DA38F21048,2026-08-04,07:30:48,30.25,100.0,14.0,22.595,120.341
74DA38F208E2,2026-08-04,07:30:49,31.25,100.0,2.0,24.688,121.766
74DA38F7C47E,2026-08-04,07:30:56,32.5,100.0,3.0,25.053963,121.427681
74DA38F7C3DE,2026-08-04,07:30:58,35.36,88.0,210.0,24.972,121.537
74DA38ED0630,2026-08-04,07:30:59,31.11,100.0,0.0,23.994,121.594
74DA38F7C30C,2026-08-04,07:31:07,33.0,82.0,0.0,24.975,121.532
74DA38F7C514,2026-08-04,07:31:14,32.36,100.0,2.0,25.051,121.518
74DA38F7C53A,2026-08-04,07:31:19,-4.0,0.0,0.0,25.067,121.641
74DA38ED06E0,2026-08-04,07:31:27,31.0,100.0,5.0,23.601,121.521
74DA38F20934,2026-08-04,07:31:27,30.0,79.0,2.0,23.002,121.29
74DA38F20D1A,2026-08-04,07:31:27,32.0,81.0,0.0,25.078,121.541
74DA38F7C53C,2026-08-04,07:31:42,31.61,100.0,0.0,25.11,121.804
74DA38F20E6E,2026-08-04,07:31:54,28.75,96.0,0.0,24.41,120.902
74DA38F20B26,2026-08-04,07:31:55,31.11,100.0,14.0,22.783,120.247
74DA38F20F1C,2026-08-04,07:31:57,32.11,100.0,23.0,25.062,121.451
74DA38F7C600,2026-08-04,07:31:58,23.5,48.0,1.0,25.07,121.586
74DA38ED0454,2026-08-04,07:32:02,31.36,100.0,2.0,24.053,121.599
74DA38F7C13A,2026-08-04,07:32:03,25.5,8.0,0.0,25.069,121.359
74DA38F7C310,2026-08-04,07:32:09,32.75,100.0,0.0,25.09,121.464
74DA38ED059C,2026-08-04,07:32:22,31.5,84.0,1.0,23.706,121.412
74DA38F7C5AA,2026-08-04,07:32:22,32.75,100.0,0.0,25.0,121.479
74DA38F20D6C,2026-08-04,07:32:24,31.25,84.0,0.0,22.661,120.301
74DA38F7C570,2026-08-04,07:32:30,33.25,100.0,0.0,25.239,121.63
74DA38F7C37C,2026-08-04,07:32:32,33.75,-65.0,12.0,25.111,121.856
74DA38F7C54E,2026-08-04,07:32:33,32.75,99.0,0.0,25.063,121.661
74DA38F7C260,2026-08-04,07:32:43,34.86,91.0,0.0,25.065,121.425
74DA38F7C5BE,2026-08-04,07:32:43,31.61,78.0,3.0,25.092,121.523
74DA38F7C524,2026-08-04,07:32:45,33.61,100.0,1.0,25.002,121.552
74DA38F7C5CE,2026-08-04,07:32:46,32.11,73.0,0.0,25.066,121.656
74DA38F20A30,2026-08-04,07:32:47,33.0,70.0,0.0,24.948,121.372
74DA38F20C22,2026-08-04,07:32:48,33.36,100.0,0.0,22.729,120.357
74DA38F7C27E,2026-08-04,07:32:52,31.86,89.0,1.0,25.053,121.444
74DA38F210F6,2026-08-04,07:32:56,32.11,100.0,2.0,22.757426,121.158891
74DA38F7C5A0,2026-08-04,07:32:59,32.36,86.0,0.0,25.107,121.518
74DA38F20A78,2026-08-04,07:33:00,32.86,100.0,0.0,22.904,121.124
74DA38F7C464,2026-08-04,07:33:05,29.0,31.0,0.0,25.006,121.413
74DA38F2104E,2026-08-04,07:33:09,30.75,100.0,27.0,23.108,120.7
74DA38F20EB2,2026-08-04,07:33:12,30.86,100.0,11.0,24.324,120.835
74DA38F7C592,2026-08-04,07:33:16,-4.0,0.0,0.0,25.224,121.637
74DA38F7C366,2026-08-04,07:33:23,33.5,100.0,0.0,25.002,121.516
74DA38F21204,2026-08-04,07:33:24,31.36,100.0,1.0,25.062,121.451
74DA38F209DE,2026-08-04,07:33:25,32.61,100.0,1.0,24.861,120.964
74DA38F207DE,2026-08-04,07:33:28,32.36,100.0,15.0,22.603,120.34
74DA38F7C616,2026-08-04,07:33:31,34.0,100.0,0.0,25.031,121.563
74DA38F20C26,2026-08-04,07:33:34,32.86,77.0,13.0,22.676,120.342
74DA38F7C610,2026-08-04,07:33:41,31.75,80.0,2.0,25.063,121.564
74DA38F7C63C,2026-08-04,07:33:41,60.62,100.0,1.0,24.998,121.425
74DA38F7C4CC,2026-08-04,07:33:44,33.25,100.0,1.0,25.062,121.451
74DA38ED0640,2026-08-04,07:33:45,31.5,100.0,2.0,23.154,121.266
74DA38F21024,2026-08-04,07:33:45,30.25,100.0,0.0,24.93,121.036
74DA38F20B88,2026-08-04,07:33:49,30.5,100.0,1.0,22.75,120.316
74DA38F7C3D6,2026-08-04,07:33:52,34.75,97.0,0.0,25.045,121.541
74DA38F20F0A,2026-08-04,07:33:56,30.25,100.0,20.0,22.995,120.635
74DA38F20D70,2026-08-04,07:33:57,33.5,86.0,0.0,23.05,121.164
74DA38F20862,2026-08-04,07:33:59,30.75,100.0,20.0,23.101,121.176
74DA38F2105C,2026-08-04,07:34:06,32.5,100.0,0.0,25.088,121.599
74DA38F21054,2026-08-04,07:34:09,30.11,67.0,31.0,22.898,120.627
74DA38F7C430,2026-08-04,07:34:13,35.61,69.0,0.0,24.981,121.423
74DA38F7C3B2,2026-08-04,07:34:15,32.86,63.0,0.0,24.929,121.378
74DA38F7C39A,2026-08-04,07:34:16,33.11,100.0,0.0,25.002,121.414
74DA38F7C5E6,2026-08-04,07:34:17,34.0,100.0,4.0,25.107,121.843
74DA38F7C3DC,2026-08-04,07:34:19,32.75,100.0,3.0,25.003,121.539
74DA38F209F8,2026-08-04,07:34:21,30.86,100.0,0.0,23.157,121.4
74DA38ED05EA,2026-08-04,07:34:22,31.61,100.0,1.0,23.394,121.357
74DA38F210A2,2026-08-04,07:34:24,31.86,100.0,0.0,25.12,121.466
74DA38F20D1E,2026-08-04,07:34:27,32.5,100.0,4.0,25.048,121.573
74DA38F209B2,2026-08-04,07:34:30,31.11,100.0,0.0,22.363,120.599
74DA38F20B80,2026-08-04,07:34:31,31.36,100.0,19.0,22.599,120.35
74DA38F20B12,2026-08-04,07:34:54,27.87,77.0,28.0,22.91,120.716
74DA38F20BF6,2026-08-04,07:35:09,29.0,100.0,15.0,22.582,120.368
74DA38F20E9E,2026-08-04,07:35:11,28.75,100.0,4.0,24.648,121.151
74DA38F7C3BA,2026-08-04,07:35:17,-4.0,0.0,67.0,25.174,121.441
74DA38F20D16,2026-08-04,07:35:33,32.5,96.0,2.0,25.062,121.526
74DA38F21170,2026-08-04,07:35:34,34.75,67.0,1.0,22.779,121.088
74DA38F7C506,2026-08-04,07:35:38,34.61,100.0,0.0,24.996,121.544
74DA38F20DE0,2026-08-04,07:35:46,31.25,100.0,2.0,22.589,120.328
74DA38F7C47C,2026-08-04,07:35:49,32.75,87.0,78.0,25.055,121.455
74DA38F20C06,2026-08-04,07:35:57,28.75,55.0,4.0,24.874,121.02
74DA38F7C532,2026-08-04,07:35:58,32.11,85.0,2.0,25.059,121.499
74DA38F7C560,2026-08-04,07:36:06,33.75,-66.0,0.0,25.079,121.671
74DA38F20FFE,2026-08-04,07:36:11,31.86,100.0,8.0,22.894,120.298
74DA38F7C338,2026-08-04,07:36:15,31.11,100.0,2.0,25.011,121.458
74DA38F7C480,2026-08-04,07:36:16,32.75,100.0,0.0,25.061,121.432
74DA38F7C41E,2026-08-04,07:36:20,31.75,75.0,0.0,25.054,121.517
74DA38F209EE,2026-08-04,07:36:23,31.11,100.0,0.0,23.026,121.33
74DA38ED04F2,2026-08-04,07:36:32,30.25,100.0,2.0,23.468,121.496
74DA38F21088,2026-08-04,07:36:39,33.5,100.0,0.0,25.068,121.588
74DA38F20D2E,2026-08-04,07:36:46,32.75,100.0,0.0,25.06,121.545
74DA38F7C3DE,2026-08-04,07:36:52,35.25,87.0,224.0,24.972,121.537
74DA38F20B5C,2026-08-04,07:36:53,32.75,100.0,13.0,22.798,120.293
74DA38F208E2,2026-08-04,07:36:54,31.25,100.0,3.0,24.688,121.766
74DA38F7C47E,2026-08-04,07:37:01,32.36,100.0,3.0,25.053963,121.427681
74DA38F7C59C,2026-08-04,07:37:07,31.36,70.0,3.0,25.103,121.487
74DA38F7C566,2026-08-04,07:37:08,35.11,90.0,0.0,25.051,121.448
74DA38F21048,2026-08-04,07:37:16,30.25,100.0,16.0,22.595,120.341
74DA38F7C514,2026-08-04,07:37:19,32.25,100.0,2.0,25.051,121.518
74DA38ED0630,2026-08-04,07:37:30,31.11,100.0,0.0,23.994,121.594
74DA38ED06E0,2026-08-04,07:37:37,31.0,100.0,5.0,23.601,121.521
74DA38F20934,2026-08-04,07:37:38,29.86,79.0,3.0,23.002,121.29
74DA38F20D1A,2026-08-04,07:37:54,32.0,81.0,0.0,25.078,121.541
74DA38F20E6E,2026-08-04,07:37:56,28.75,97.0,0.0,24.41,120.902
74DA38F209A8,2026-08-04,07:37:59,-4.0,0.0,0.0,22.401,120.577
74DA38F20B26,2026-08-04,07:38:01,31.0,100.0,14.0,22.783,120.247
74DA38F20F1C,2026-08-04,07:38:03,32.0,100.0,23.0,25.062,121.451
74DA38F7C600,2026-08-04,07:38:03,23.5,48.0,1.0,25.07,121.586
74DA38ED0454,2026-08-04,07:38:08,31.36,100.0,2.0,24.053,121.599
74DA38F7C53C,2026-08-04,07:38:09,31.5,100.0,0.0,25.11,121.804
74DA38F7C4DE,2026-08-04,07:38:10,32.25,100.0,0.0,25.09,121.462
74DA38F7C310,2026-08-04,07:38:13,32.61,100.0,0.0,25.09,121.464
74DA38ED059C,2026-08-04,07:38:29,31.75,84.0,1.0,23.706,121.412
74DA38F7C13A,2026-08-04,07:38:30,25.75,9.0,0.0,25.069,121.359
74DA38F20B82,2026-08-04,07:38:39,-4.0,0.0,0.0,22.847,120.465
74DA38F7C5BE,2026-08-04,07:38:48,31.61,78.0,3.0,25.092,121.523
74DA38F20D6C,2026-08-04,07:38:54,31.25,82.0,0.0,22.661,120.301
74DA38F7C5AA,2026-08-04,07:38:56,32.61,100.0,0.0,25.0,121.479
74DA38F7C27E,2026-08-04,07:38:57,31.86,89.0,2.0,25.053,121.444
74DA38F7C570,2026-08-04,07:38:57,33.25,100.0,0.0,25.239,121.63
74DA38F210F6,2026-08-04,07:39:01,32.11,100.0,2.0,22.757426,121.158891
74DA38F7C46C,2026-08-04,07:39:01,-4.0,0.0,0.0,25.288,121.544
74DA38ED05B6,2026-08-04,07:39:02,32.25,96.0,1.0,23.43,121.348
74DA38F20A78,2026-08-04,07:39:06,32.75,100.0,0.0,22.904,121.124
74DA38F7C5CE,2026-08-04,07:39:12,32.11,73.0,0.0,25.066,121.656
74DA38F7C524,2026-08-04,07:39:13,33.61,100.0,0.0,25.002,121.552
74DA38F7C54E,2026-08-04,07:39:14,32.5,98.0,0.0,25.063,121.661
74DA38F20C22,2026-08-04,07:39:16,33.25,100.0,0.0,22.729,120.357
74DA38F2104E,2026-08-04,07:39:17,30.61,100.0,27.0,23.108,120.7
74DA38F7C260,2026-08-04,07:39:18,34.75,91.0,0.0,25.065,121.425
74DA38F20EB2,2026-08-04,07:39:19,31.11,100.0,12.0,24.324,120.835
74DA38F20A30,2026-08-04,07:39:26,32.86,69.0,0.0,24.948,121.372
74DA38F7C5A0,2026-08-04,07:39:27,32.11,86.0,0.0,25.107,121.518
74DA38F21136,2026-08-04,07:39:30,32.36,88.0,0.0,25.119,121.505
74DA38F21204,2026-08-04,07:39:30,31.25,100.0,0.0,25.062,121.451
74DA38F7C366,2026-08-04,07:39:30,33.61,100.0,0.0,25.002,121.516
74DA38F7C464,2026-08-04,07:39:31,29.0,31.0,0.0,25.006,121.413
74DA38F207DE,2026-08-04,07:39:33,32.11,100.0,15.0,22.603,120.34
74DA38F7C37C,2026-08-04,07:39:37,33.61,-65.0,11.0,25.111,121.856
74DA38F20C26,2026-08-04,07:39:40,32.61,78.0,14.0,22.676,120.342
74DA38F7C610,2026-08-04,07:39:46,31.75,80.0,2.0,25.063,121.564
74DA38F7C4CC,2026-08-04,07:39:52,33.25,100.0,1.0,25.062,121.451
74DA38ED0640,2026-08-04,07:39:53,31.61,100.0,2.0,23.154,121.266
74DA38F209DE,2026-08-04,07:39:53,32.61,100.0,0.0,24.861,120.964
74DA38F20F0A,2026-08-04,07:40:02,30.25,100.0,20.0,22.995,120.635
74DA38F20D70,2026-08-04,07:40:03,33.25,86.0,0.0,23.05,121.164
74DA38F7C616,2026-08-04,07:40:08,34.0,100.0,0.0,25.031,121.563
74DA38F21024,2026-08-04,07:40:10,30.11,100.0,0.0,24.93,121.036
74DA38F20862,2026-08-04,07:40:15,30.75,100.0,20.0,23.101,121.176
74DA38F20B88,2026-08-04,07:40:19,30.5,100.0,1.0,22.75,120.316
74DA38F21054,2026-08-04,07:40:19,30.11,68.0,32.0,22.898,120.627
74DA38F7C3B2,2026-08-04,07:40:21,32.86,63.0,0.0,24.929,121.378
74DA38F7C3D6,2026-08-04,07:40:21,34.36,97.0,0.0,25.045,121.541
74DA38F7C5E6,2026-08-04,07:40:22,34.11,100.0,2.0,25.107,121.843
74DA38F7C3DC,2026-08-04,07:40:24,32.61,100.0,2.0,25.003,121.539
74DA38ED05EA,2026-08-04,07:40:27,31.86,99.0,0.0,23.394,121.357
74DA38F210A2,2026-08-04,07:40:29,31.86,100.0,0.0,25.12,121.466
74DA38F2105C,2026-08-04,07:40:32,32.5,100.0,0.0,25.088,121.599
74DA38F20D1E,2026-08-04,07:40:35,32.5,100.0,4.0,25.048,121.573
74DA38F7C430,2026-08-04,07:40:41,35.36,68.0,0.0,24.981,121.423
74DA38F7C39A,2026-08-04,07:40:44,33.11,100.0,0.0,25.002,121.414
74DA38F209F8,2026-08-04,07:40:49,30.61,100.0,0.0,23.157,121.4
74DA38F209B2,2026-08-04,07:40:57,31.25,100.0,0.0,22.363,120.599
74DA38F20B80,2026-08-04,07:40:59,31.25,100.0,22.0,22.599,120.35
74DA38F20B12,2026-08-04,07:41:02,27.75,75.0,29.0,22.91,120.716
74DA38F7C53A,2026-08-04,07:41:04,-4.0,0.0,0.0,25.067,121.641
74DA38F20BF6,2026-08-04,07:41:14,29.0,100.0,15.0,22.582,120.368
74DA38F20E9E,2026-08-04,07:41:17,28.86,100.0,5.0,24.648,121.151
74DA38F7C47C,2026-08-04,07:41:41,32.75,88.0,74.0,25.055,121.455
74DA38F21170,2026-08-04,07:41:44,34.75,67.0,1.0,22.779,121.088
74DA38F20D16,2026-08-04,07:41:50,32.5,96.0,2.0,25.062,121.526
74DA38F20C06,2026-08-04,07:42:02,28.61,55.0,4.0,24.874,121.02
74DA38F7C532,2026-08-04,07:42:03,32.0,84.0,3.0,25.059,121.499
74DA38F20DE0,2026-08-04,07:42:14,31.25,100.0,1.0,22.589,120.328
74DA38F2113E,2026-08-04,07:42:18,-4.0,0.0,0.0,22.728,120.313
74DA38F20FFE,2026-08-04,07:42:21,31.86,100.0,8.0,22.894,120.298
74DA38F7C338,2026-08-04,07:42:22,31.11,100.0,2.0,25.011,121.458
74DA38F209EE,2026-08-04,07:42:29,30.86,100.0,0.0,23.026,121.33
74DA38F7C560,2026-08-04,07:42:34,33.75,-66.0,0.0,25.079,121.671
74DA38ED04F2,2026-08-04,07:42:39,30.25,100.0,2.0,23.468,121.496
74DA38F7C480,2026-08-04,07:42:44,32.75,100.0,0.0,25.061,121.432
74DA38F7C3DE,2026-08-04,07:42:45,35.11,86.0,214.0,24.972,121.537
74DA38F7C41E,2026-08-04,07:42:47,31.75,74.0,0.0,25.054,121.517
74DA38F7C592,2026-08-04,07:42:55,-4.0,0.0,0.0,25.224,121.637
74DA38F20B5C,2026-08-04,07:42:57,32.86,100.0,14.0,22.798,120.293
74DA38F208E2,2026-08-04,07:42:59,31.11,100.0,3.0,24.688,121.766
74DA38F7C47E,2026-08-04,07:43:06,32.5,100.0,3.0,25.053963,121.427681
74DA38F21088,2026-08-04,07:43:07,33.5,100.0,0.0,25.068,121.588
74DA38F7C63C,2026-08-04,07:43:13,60.62,100.0,1.0,24.998,121.425
74DA38F20D2E,2026-08-04,07:43:14,32.61,100.0,0.0,25.06,121.545
74DA38F7C514,2026-08-04,07:43:25,32.36,100.0,3.0,25.051,121.518
74DA38F7C59C,2026-08-04,07:43:35,31.36,71.0,3.0,25.103,121.487
74DA38ED06E0,2026-08-04,07:43:44,31.0,100.0,5.0,23.601,121.521
74DA38F21048,2026-08-04,07:43:44,30.36,100.0,15.0,22.595,120.341
74DA38F7C566,2026-08-04,07:43:44,34.86,90.0,0.0,25.051,121.448
74DA38F20934,2026-08-04,07:43:50,30.0,79.0,3.0,23.002,121.29
74DA38F7C42E,2026-08-04,07:43:52,33.25,100.0,0.0,24.969,121.514
74DA38ED0630,2026-08-04,07:43:57,31.0,100.0,0.0,23.994,121.594
74DA38F7C3BA,2026-08-04,07:43:58,-4.0,0.0,69.0,25.174,121.441
74DA38F20E6E,2026-08-04,07:43:59,28.75,98.0,0.0,24.41,120.902
74DA38F20B26,2026-08-04,07:44:08,31.0,100.0,12.0,22.783,120.247
74DA38F7C600,2026-08-04,07:44:09,23.5,48.0,1.0,25.07,121.586
74DA38F20F1C,2026-08-04,07:44:10,32.0,100.0,23.0,25.062,121.451
74DA38ED0454,2026-08-04,07:44:16,31.25,100.0,2.0,24.053,121.599
74DA38F7C310,2026-08-04,07:44:18,32.61,100.0,1.0,25.09,121.464
74DA38F7C4DE,2026-08-04,07:44:20,32.25,100.0,0.0,25.09,121.462
74DA38F20D1A,2026-08-04,07:44:22,31.86,82.0,0.0,25.078,121.541
74DA38F7C30C,2026-08-04,07:44:29,33.11,79.0,0.0,24.975,121.532
74DA38ED059C,2026-08-04,07:44:35,31.36,86.0,1.0,23.706,121.412
74DA38F7C53C,2026-08-04,07:44:36,31.5,100.0,0.0,25.11,121.804
74DA38F7C5BE,2026-08-04,07:44:52,31.61,78.0,3.0,25.092,121.523
74DA38F7C13A,2026-08-04,07:44:55,25.75,8.0,0.0,25.069,121.359
74DA38F7C27E,2026-08-04,07:45:02,31.86,89.0,2.0,25.053,121.444
74DA38F210F6,2026-08-04,07:45:05,32.11,100.0,2.0,22.757426,121.158891
74DA38ED05B6,2026-08-04,07:45:06,32.36,95.0,1.0,23.43,121.348
74DA38F20A78,2026-08-04,07:45:12,32.86,100.0,0.0,22.904,121.124
74DA38F20D6C,2026-08-04,07:45:22,31.36,83.0,0.0,22.661,120.301
74DA38F20EB2,2026-08-04,07:45:24,30.61,100.0,13.0,24.324,120.835
74DA38F7C570,2026-08-04,07:45:24,33.0,100.0,0.0,25.239,121.63
74DA38F7C5AA,2026-08-04,07:45:24,32.61,100.0,0.0,25.0,121.479
74DA38F2104E,2026-08-04,07:45:25,30.61,100.0,26.0,23.108,120.7
74DA38F7C366,2026-08-04,07:45:35,33.61,100.0,0.0,25.002,121.516
74DA38F207DE,2026-08-04,07:45:38,32.25,100.0,15.0,22.603,120.34
74DA38F21204,2026-08-04,07:45:39,31.11,100.0,0.0,25.062,121.451
74DA38F7C5CE,2026-08-04,07:45:40,32.11,74.0,0.0,25.066,121.656
74DA38F7C524,2026-08-04,07:45:41,33.5,100.0,1.0,25.002,121.552
74DA38F7C54E,2026-08-04,07:45:41,32.36,99.0,0.0,25.063,121.661
74DA38F20C22,2026-08-04,07:45:42,33.11,100.0,0.0,22.729,120.357
74DA38F21136,2026-08-04,07:45:43,32.36,88.0,0.0,25.119,121.505
74DA38F20C26,2026-08-04,07:45:47,32.5,79.0,15.0,22.676,120.342
74DA38F7C610,2026-08-04,07:45:51,31.75,80.0,2.0,25.063,121.564
74DA38F20A30,2026-08-04,07:45:54,33.0,69.0,0.0,24.948,121.372
74DA38F7C5A0,2026-08-04,07:45:54,32.25,86.0,0.0,25.107,121.518
74DA38F7C260,2026-08-04,07:45:57,34.86,92.0,0.0,25.065,121.425
74DA38F7C4CC,2026-08-04,07:45:58,33.25,100.0,1.0,25.062,121.451
74DA38F7C464,2026-08-04,07:45:59,28.86,31.0,0.0,25.006,121.413
74DA38ED0640,2026-08-04,07:46:00,31.75,100.0,2.0,23.154,121.266
74DA38F20F0A,2026-08-04,07:46:09,30.25,100.0,20.0,22.995,120.635
74DA38F7C37C,2026-08-04,07:46:12,33.61,-65.0,12.0,25.111,121.856
74DA38F20D70,2026-08-04,07:46:15,33.11,87.0,0.0,23.05,121.164
74DA38F7C616,2026-08-04,07:46:19,34.25,100.0,0.0,25.031,121.563
74DA38F209DE,2026-08-04,07:46:21,32.5,100.0,1.0,24.861,120.964
74DA38F7C3B2,2026-08-04,07:46:27,33.0,62.0,0.0,24.929,121.378
74DA38F7C5E6,2026-08-04,07:46:27,34.25,100.0,1.0,25.107,121.843
74DA38F21054,2026-08-04,07:46:28,30.25,68.0,32.0,22.898,120.627
74DA38F7C3DC,2026-08-04,07:46:29,32.75,100.0,2.0,25.003,121.539
74DA38ED05EA,2026-08-04,07:46:32,32.0,95.0,0.0,23.394,121.357
74DA38F20862,2026-08-04,07:46:33,30.61,100.0,20.0,23.101,121.176
74DA38F210A2,2026-08-04,07:46:34,31.86,100.0,0.0,25.12,121.466
74DA38F21024,2026-08-04,07:46:37,29.86,100.0,0.0,24.93,121.036
74DA38F20B88,2026-08-04,07:46:48,30.25,100.0,2.0,22.75,120.316
74DA38F7C3D6,2026-08-04,07:46:48,34.25,98.0,0.0,25.045,121.541
74DA38F2105C,2026-08-04,07:46:59,32.36,100.0,0.0,25.088,121.599
74DA38F20D1E,2026-08-04,07:47:00,32.61,100.0,4.0,25.048,121.573
74DA38F7C430,2026-08-04,07:47:08,35.36,68.0,0.0,24.981,121.423
74DA38F20B12,2026-08-04,07:47:11,27.75,77.0,30.0,22.91,120.716
74DA38F7C39A,2026-08-04,07:47:12,33.11,100.0,0.0,25.002,121.414
74DA38F209F8,2026-08-04,07:47:16,30.61,100.0,0.0,23.157,121.4
74DA38F20BF6,2026-08-04,07:47:19,29.0,100.0,15.0,22.582,120.368
74DA38F209B2,2026-08-04,07:47:22,31.36,100.0,0.0,22.363,120.599
74DA38F20E9E,2026-08-04,07:47:23,29.25,100.0,3.0,24.648,121.151
74DA38F20B80,2026-08-04,07:47:27,31.36,100.0,23.0,22.599,120.35
74DA38F7C47C,2026-08-04,07:47:34,32.75,88.0,85.0,25.055,121.455
74DA38F209A8,2026-08-04,07:47:36,-4.0,0.0,0.0,22.401,120.577
74DA38F21170,2026-08-04,07:47:50,35.0,66.0,0.0,22.779,121.088
74DA38F20D16,2026-08-04,07:47:55,32.36,95.0,2.0,25.062,121.526
74DA38F20C06,2026-08-04,07:48:08,28.61,55.0,4.0,24.874,121.02
74DA38F7C532,2026-08-04,07:48:08,32.11,84.0,2.0,25.059,121.499
74DA38F20B82,2026-08-04,07:48:12,-4.0,0.0,0.0,22.847,120.465
74DA38F7C338,2026-08-04,07:48:28,31.11,100.0,2.0,25.011,121.458
74DA38F209EE,2026-08-04,07:48:34,30.75,100.0,0.0,23.026,121.33
74DA38F20FFE,2026-08-04,07:48:34,31.86,100.0,9.0,22.894,120.298
74DA38F7C3DE,2026-08-04,07:48:39,35.25,86.0,215.0,24.972,121.537
74DA38F7C46C,2026-08-04,07:48:40,-4.0,0.0,0.0,25.288,121.544
74DA38F20DE0,2026-08-04,07:48:42,31.25,100.0,1.0,22.589,120.328
74DA38ED04F2,2026-08-04,07:48:46,30.25,100.0,3.0,23.468,121.496
74DA38F208E2,2026-08-04,07:49:04,31.0,100.0,4.0,24.688,121.766
74DA38F7C560,2026-08-04,07:49:04,33.61,-66.0,0.0,25.079,121.671
74DA38F20B5C,2026-08-04,07:49:07,32.86,100.0,14.0,22.798,120.293
74DA38F7C480,2026-08-04,07:49:10,32.75,100.0,0.0,25.061,121.432
74DA38F7C47E,2026-08-04,07:49:12,32.36,100.0,2.0,25.053963,121.427681
74DA38F7C41E,2026-08-04,07:49:15,31.75,74.0,0.0,25.054,121.517
74DA38F7C514,2026-08-04,07:49:31,32.5,100.0,2.0,25.051,121.518
74DA38F2113E,2026-08-04,07:49:33,-4.0,0.0,0.0,22.728,120.313
74DA38F21088,2026-08-04,07:49:34,33.36,100.0,0.0,25.068,121.588
74DA38F20D2E,2026-08-04,07:49:42,32.61,100.0,0.0,25.06,121.545
74DA38ED06E0,2026-08-04,07:49:51,31.0,99.0,5.0,23.601,121.521
74DA38F20934,2026-08-04,07:49:58,30.0,79.0,2.0,23.002,121.29
74DA38F20E6E,2026-08-04,07:50:01,28.75,97.0,0.0,24.41,120.902
74DA38F7C59C,2026-08-04,07:50:01,31.36,70.0,3.0,25.103,121.487
74DA38F21048,2026-08-04,07:50:12,30.25,100.0,14.0,22.595,120.341
74DA38F7C566,2026-08-04,07:50:12,34.75,91.0,0.0,25.051,121.448
74DA38F20B26,2026-08-04,07:50:14,30.86,100.0,13.0,22.783,120.247
74DA38F7C600,2026-08-04,07:50:14,23.5,48.0,2.0,25.07,121.586
74DA38F20F1C,2026-08-04,07:50:18,32.0,100.0,22.0,25.062,121.451
74DA38ED0454,2026-08-04,07:50:22,31.25,100.0,2.0,24.053,121.599
74DA38F7C310,2026-08-04,07:50:23,32.61,100.0,1.0,25.09,121.464
74DA38ED0630,2026-08-04,07:50:25,31.0,100.0,0.0,23.994,121.594
74DA38F7C42E,2026-08-04,07:50:25,33.11,100.0,0.0,24.969,121.514
74DA38F7C4DE,2026-08-04,07:50:32,32.11,100.0,0.0,25.09,121.462
74DA38ED059C,2026-08-04,07:50:41,31.61,86.0,1.0,23.706,121.412
74DA38F7C53A,2026-08-04,07:50:48,-4.0,0.0,0.0,25.067,121.641
74DA38F20D1A,2026-08-04,07:50:49,32.0,82.0,0.0,25.078,121.541
74DA38F7C30C,2026-08-04,07:50:52,33.0,78.0,0.0,24.975,121.532
74DA38F7C5BE,2026-08-04,07:51:00,31.5,78.0,3.0,25.092,121.523
74DA38F7C53C,2026-08-04,07:51:06,31.5,100.0,0.0,25.11,121.804
74DA38F7C27E,2026-08-04,07:51:08,31.86,89.0,2.0,25.053,121.444
74DA38F210F6,2026-08-04,07:51:10,32.11,100.0,2.0,22.757426,121.158891
74DA38ED05B6,2026-08-04,07:51:12,32.36,96.0,1.0,23.43,121.348
74DA38F20A78,2026-08-04,07:51:18,33.25,100.0,0.0,22.904,121.124
74DA38F7C13A,2026-08-04,07:51:23,25.62,7.0,0.0,25.069,121.359
74DA38F20EB2,2026-08-04,07:51:31,30.5,100.0,13.0,24.324,120.835
74DA38F2104E,2026-08-04,07:51:33,30.36,100.0,26.0,23.108,120.7
74DA38F207DE,2026-08-04,07:51:44,32.36,100.0,15.0,22.603,120.34
74DA38F21204,2026-08-04,07:51:44,31.0,100.0,0.0,25.062,121.451
74DA38F20D6C,2026-08-04,07:51:48,31.25,83.0,0.0,22.661,120.301
74DA38F7C570,2026-08-04,07:51:54,32.86,100.0,0.0,25.239,121.63
74DA38F7C5AA,2026-08-04,07:51:55,32.75,100.0,0.0,25.0,121.479
74DA38F7C610,2026-08-04,07:51:56,31.75,81.0,2.0,25.063,121.564
74DA38F20C26,2026-08-04,07:51:58,32.61,78.0,15.0,22.676,120.342
74DA38F7C4CC,2026-08-04,07:52:04,33.25,100.0,1.0,25.062,121.451
74DA38ED0640,2026-08-04,07:52:06,31.75,100.0,2.0,23.154,121.266
74DA38F21136,2026-08-04,07:52:07,32.36,89.0,0.0,25.119,121.505
74DA38F7C5CE,2026-08-04,07:52:07,32.36,74.0,0.0,25.066,121.656
74DA38F7C524,2026-08-04,07:52:09,33.61,100.0,1.0,25.002,121.552
74DA38F20C22,2026-08-04,07:52:10,32.86,100.0,0.0,22.729,120.357
74DA38F7C54E,2026-08-04,07:52:12,32.25,99.0,0.0,25.063,121.661
74DA38F20F0A,2026-08-04,07:52:18,30.11,100.0,23.0,22.995,120.635
74DA38F7C5A0,2026-08-04,07:52:22,32.25,86.0,0.0,25.107,121.518
74DA38F20D70,2026-08-04,07:52:23,33.25,87.0,0.0,23.05,121.164
74DA38F7C260,2026-08-04,07:52:23,34.86,92.0,0.0,25.065,121.425
74DA38F20A30,2026-08-04,07:52:24,32.86,68.0,0.0,24.948,121.372
74DA38F7C616,2026-08-04,07:52:27,34.0,100.0,0.0,25.031,121.563
74DA38F7C464,2026-08-04,07:52:31,28.86,31.0,0.0,25.006,121.413
74DA38F7C5E6,2026-08-04,07:52:32,34.36,100.0,2.0,25.107,121.843
74DA38F7C3B2,2026-08-04,07:52:33,32.86,62.0,0.0,24.929,121.378
74DA38F7C592,2026-08-04,07:52:34,-4.0,0.0,0.0,25.224,121.637
74DA38F7C3DC,2026-08-04,07:52:35,32.75,100.0,2.0,25.003,121.539
74DA38F7C3BA,2026-08-04,07:52:36,-4.0,0.0,64.0,25.174,121.441
74DA38ED05EA,2026-08-04,07:52:37,32.11,99.0,0.0,23.394,121.357
74DA38F21054,2026-08-04,07:52:38,30.36,68.0,32.0,22.898,120.627
74DA38F210A2,2026-08-04,07:52:39,32.0,100.0,0.0,25.12,121.466
74DA38F7C37C,2026-08-04,07:52:45,33.5,-65.0,10.0,25.111,121.856
74DA38F7C63C,2026-08-04,07:52:46,60.62,100.0,1.0,24.998,121.425
74DA38F209DE,2026-08-04,07:52:48,32.61,100.0,1.0,24.861,120.964
74DA38F20862,2026-08-04,07:52:52,30.36,100.0,27.0,23.101,121.176
74DA38F21024,2026-08-04,07:53:05,29.75,100.0,0.0,24.93,121.036
74DA38F7C3D6,2026-08-04,07:53:14,34.36,98.0,0.0,25.045,121.541
74DA38F20B88,2026-08-04,07:53:15,30.25,100.0,0.0,22.75,120.316
74DA38F20B12,2026-08-04,07:53:20,27.62,77.0,30.0,22.91,120.716
74DA38F20BF6,2026-08-04,07:53:24,29.0,100.0,14.0,22.582,120.368
74DA38F2105C,2026-08-04,07:53:26,32.36,100.0,0.0,25.088,121.599
74DA38F7C47C,2026-08-04,07:53:26,32.75,87.0,92.0,25.055,121.455
74DA38F20E9E,2026-08-04,07:53:30,29.25,100.0,2.0,24.648,121.151
74DA38F7C430,2026-08-04,07:53:36,35.5,67.0,0.0,24.981,121.423
74DA38F7C39A,2026-08-04,07:53:39,33.11,100.0,0.0,25.002,121.414
74DA38F209F8,2026-08-04,07:53:44,30.5,100.0,0.0,23.157,121.4
74DA38F209B2,2026-08-04,07:53:50,31.5,100.0,0.0,22.363,120.599
74DA38F20B80,2026-08-04,07:53:56,31.5,100.0,24.0,22.599,120.35
74DA38F21170,2026-08-04,07:53:56,35.25,65.0,0.0,22.779,121.088
74DA38F20D16,2026-08-04,07:54:00,32.36,95.0,2.0,25.062,121.526
74DA38F20C06,2026-08-04,07:54:14,28.61,55.0,4.0,24.874,121.02
74DA38F7C532,2026-08-04,07:54:18,32.25,84.0,3.0,25.059,121.499
74DA38F7C3DE,2026-08-04,07:54:33,35.25,86.0,210.0,24.972,121.537
74DA38F7C338,2026-08-04,07:54:38,31.0,99.0,2.0,25.011,121.458
74DA38F209EE,2026-08-04,07:54:40,30.75,100.0,0.0,23.026,121.33
74DA38F20FFE,2026-08-04,07:54:44,31.61,100.0,8.0,22.894,120.298
74DA38ED04F2,2026-08-04,07:54:52,30.25,100.0,2.0,23.468,121.496
74DA38F208E2,2026-08-04,07:55:08,30.61,100.0,4.0,24.688,121.766
74DA38F20DE0,2026-08-04,07:55:08,31.36,100.0,1.0,22.589,120.328
74DA38F7C47E,2026-08-04,07:55:17,32.36,100.0,3.0,25.053963,121.427681
74DA38F20B5C,2026-08-04,07:55:23,32.75,100.0,14.0,22.798,120.293
74DA38F7C560,2026-08-04,07:55:32,33.61,-66.0,0.0,25.079,121.671
74DA38F7C514,2026-08-04,07:55:37,32.36,100.0,3.0,25.051,121.518
74DA38F7C480,2026-08-04,07:55:38,32.61,100.0,0.0,25.061,121.432
74DA38F7C41E,2026-08-04,07:55:43,31.75,74.0,0.0,25.054,121.517
74DA38ED06E0,2026-08-04,07:55:57,31.0,100.0,5.0,23.601,121.521
74DA38F20E6E,2026-08-04,07:56:03,28.75,98.0,0.0,24.41,120.902
74DA38F21088,2026-08-04,07:56:03,33.25,100.0,0.0,25.068,121.588
74DA38F20934,2026-08-04,07:56:04,30.0,79.0,3.0,23.002,121.29
74DA38F20D2E,2026-08-04,07:56:09,32.5,100.0,0.0,25.06,121.545
74DA38F7C600,2026-08-04,07:56:19,23.5,47.0,1.0,25.07,121.586
74DA38F20B26,2026-08-04,07:56:20,31.0,100.0,14.0,22.783,120.247
74DA38F20F1C,2026-08-04,07:56:26,31.86,100.0,24.0,25.062,121.451
74DA38F7C506,2026-08-04,07:56:26,34.5,100.0,0.0,24.996,121.544
74DA38ED0454,2026-08-04,07:56:28,31.36,100.0,2.0,24.053,121.599
74DA38F7C310,2026-08-04,07:56:28,32.61,100.0,1.0,25.09,121.464
74DA38F7C59C,2026-08-04,07:56:29,31.25,71.0,3.0,25.103,121.487
74DA38F21048,2026-08-04,07:56:39,30.25,100.0,15.0,22.595,120.341
74DA38ED059C,2026-08-04,07:56:47,31.75,84.0,0.0,23.706,121.412
74DA38F2113E,2026-08-04,07:56:48,-4.0,0.0,0.0,22.728,120.313
74DA38F7C566,2026-08-04,07:56:49,34.86,91.0,0.0,25.051,121.448
74DA38ED0630,2026-08-04,07:56:53,31.11,100.0,0.0,23.994,121.594
74DA38F7C42E,2026-08-04,07:57:01,32.86,100.0,0.0,24.969,121.514
74DA38F7C4DE,2026-08-04,07:57:09,32.11,100.0,0.0,25.09,121.462
74DA38F209A8,2026-08-04,07:57:13,-4.0,0.0,0.0,22.401,120.577
74DA38F7C27E,2026-08-04,07:57:13,31.86,89.0,2.0,25.053,121.444
74DA38F210F6,2026-08-04,07:57:14,32.11,100.0,2.0,22.757426,121.158891
74DA38ED05B6,2026-08-04,07:57:17,32.11,98.0,2.0,23.43,121.348
74DA38F20D1A,2026-08-04,07:57:18,31.75,82.0,0.0,25.078,121.541
74DA38F20A78,2026-08-04,07:57:24,33.36,100.0,0.0,22.904,121.124
74DA38F7C53C,2026-08-04,07:57:35,31.61,100.0,0.0,25.11,121.804
74DA38F20EB2,2026-08-04,07:57:38,30.36,100.0,12.0,24.324,120.835
74DA38F20B82,2026-08-04,07:57:43,-4.0,0.0,0.0,22.847,120.465
74DA38F207DE,2026-08-04,07:57:50,32.25,100.0,15.0,22.603,120.34
74DA38F21204,2026-08-04,07:57:50,30.86,100.0,1.0,25.062,121.451
74DA38F7C13A,2026-08-04,07:57:50,25.37,4.0,0.0,25.069,121.359
74DA38F7C610,2026-08-04,07:58:02,31.75,81.0,2.0,25.063,121.564
74DA38F20C26,2026-08-04,07:58:04,32.5,77.0,13.0,22.676,120.342
74DA38F7C4CC,2026-08-04,07:58:10,33.11,100.0,1.0,25.062,121.451
74DA38ED0640,2026-08-04,07:58:12,31.75,100.0,2.0,23.154,121.266
74DA38F20D6C,2026-08-04,07:58:14,31.25,84.0,0.0,22.661,120.301
74DA38F7C366,2026-08-04,07:58:15,33.36,100.0,0.0,25.002,121.516
74DA38F7C570,2026-08-04,07:58:20,33.0,100.0,0.0,25.239,121.63
74DA38F20F0A,2026-08-04,07:58:28,30.0,100.0,21.0,22.995,120.635
74DA38F7C5CE,2026-08-04,07:58:33,32.25,73.0,0.0,25.066,121.656
74DA38F20D70,2026-08-04,07:58:36,33.61,86.0,0.0,23.05,121.164
74DA38F7C524,2026-08-04,07:58:36,33.61,100.0,0.0,25.002,121.552
74DA38F7C54E,2026-08-04,07:58:37,32.25,97.0,0.0,25.063,121.661
74DA38F7C5E6,2026-08-04,07:58:37,34.36,100.0,3.0,25.107,121.843
74DA38F20C22,2026-08-04,07:58:38,32.86,100.0,0.0,22.729,120.357
74DA38F7C3B2,2026-08-04,07:58:38,33.0,62.0,0.0,24.929,121.378
74DA38F7C3DC,2026-08-04,07:58:41,32.5,100.0,2.0,25.003,121.539
74DA38ED05EA,2026-08-04,07:58:42,32.11,100.0,1.0,23.394,121.357
74DA38F210A2,2026-08-04,07:58:44,31.86,100.0,0.0,25.12,121.466
74DA38F21054,2026-08-04,07:58:47,30.36,69.0,32.0,22.898,120.627
74DA38F7C5A0,2026-08-04,07:58:49,32.11,87.0,0.0,25.107,121.518
74DA38F20A30,2026-08-04,07:58:58,32.75,68.0,1.0,24.948,121.372
74DA38F7C260,2026-08-04,07:59:07,34.86,92.0,0.0,25.065,121.425
74DA38F20862,2026-08-04,07:59:12,30.5,100.0,29.0,23.101,121.176
74DA38F7C464,2026-08-04,07:59:13,28.75,31.0,0.0,25.006,121.413
74DA38F209DE,2026-08-04,07:59:15,32.5,100.0,1.0,24.861,120.964
74DA38F7C616,2026-08-04,07:59:15,34.25,100.0,0.0,25.031,121.563
74DA38F7C37C,2026-08-04,07:59:16,33.5,-66.0,3.0,25.111,121.856
74DA38F7C47C,2026-08-04,07:59:17,32.86,87.0,87.0,25.055,121.455
74DA38F21024,2026-08-04,07:59:30,29.75,100.0,0.0,24.93,121.036
74DA38F20BF6,2026-08-04,07:59:31,29.0,100.0,14.0,22.582,120.368
74DA38F20B12,2026-08-04,07:59:32,27.62,76.0,30.0,22.91,120.716
74DA38F20E9E,2026-08-04,07:59:34,29.25,100.0,3.0,24.648,121.151
74DA38F20B88,2026-08-04,07:59:42,30.5,100.0,0.0,22.75,120.316
74DA38F7C3D6,2026-08-04,07:59:42,34.25,99.0,0.0,25.045,121.541
74DA38F2105C,2026-08-04,07:59:52,32.25,100.0,0.0,25.088,121.599
74DA38F21170,2026-08-04,08:00:01,34.86,65.0,0.0,22.779,121.088
74DA38F20D16,2026-08-04,08:00:04,32.36,96.0,2.0,25.062,121.526
74DA38F7C430,2026-08-04,08:00:04,35.36,67.0,0.0,24.981,121.423
74DA38F7C39A,2026-08-04,08:00:06,33.25,100.0,0.0,25.002,121.414
74DA38F209F8,2026-08-04,08:00:13,30.5,100.0,0.0,23.157,121.4
74DA38F209B2,2026-08-04,08:00:17,31.0,100.0,0.0,22.363,120.599
74DA38F20C06,2026-08-04,08:00:19,28.86,58.0,5.0,24.874,121.02
74DA38F20B80,2026-08-04,08:00:23,31.5,100.0,27.0,22.599,120.35
74DA38F7C532,2026-08-04,08:00:25,32.25,84.0,3.0,25.059,121.499
74DA38F7C3DE,2026-08-04,08:00:27,35.11,86.0,221.0,24.972,121.537
74DA38F209EE,2026-08-04,08:00:46,30.61,100.0,0.0,23.026,121.33
74DA38F7C338,2026-08-04,08:00:51,31.0,99.0,2.0,25.011,121.458
74DA38F20FFE,2026-08-04,08:00:56,31.61,100.0,9.0,22.894,120.298
74DA38ED04F2,2026-08-04,08:00:59,30.25,100.0,2.0,23.468,121.496
74DA38F208E2,2026-08-04,08:01:13,30.75,100.0,4.0,24.688,121.766
74DA38F7C3BA,2026-08-04,08:01:14,-4.0,0.0,69.0,25.174,121.441
74DA38F7C47E,2026-08-04,08:01:22,32.11,100.0,3.0,25.053963,121.427681
74DA38F7C5BE,2026-08-04,08:01:28,31.5,79.0,3.0,25.092,121.523
74DA38F20B5C,2026-08-04,08:01:30,32.61,100.0,12.0,22.798,120.293
74DA38F20DE0,2026-08-04,08:01:37,31.25,100.0,2.0,22.589,120.328
74DA38F7C514,2026-08-04,08:01:43,32.5,100.0,3.0,25.051,121.518
74DA38F7C560,2026-08-04,08:02:00,33.5,-66.0,0.0,25.079,121.671
74DA38ED06E0,2026-08-04,08:02:03,31.0,100.0,5.0,23.601,121.521
74DA38F20E6E,2026-08-04,08:02:05,28.75,97.0,0.0,24.41,120.902
74DA38F7C480,2026-08-04,08:02:05,32.5,100.0,0.0,25.061,121.432
74DA38F7C41E,2026-08-04,08:02:13,31.75,74.0,0.0,25.054,121.517
74DA38F7C592,2026-08-04,08:02:13,-4.0,0.0,0.0,25.224,121.637
74DA38F20934,2026-08-04,08:02:15,30.0,78.0,2.0,23.002,121.29
74DA38F7C63C,2026-08-04,08:02:19,60.62,100.0,0.0,24.998,121.425
74DA38F7C600,2026-08-04,08:02:25,23.5,48.0,1.0,25.07,121.586
74DA38F21088,2026-08-04,08:02:31,33.5,100.0,0.0,25.068,121.588
74DA38F20F1C,2026-08-04,08:02:33,31.86,100.0,23.0,25.062,121.451
74DA38F7C310,2026-08-04,08:02:34,32.75,100.0,1.0,25.09,121.464
74DA38F20B26,2026-08-04,08:02:35,31.0,100.0,14.0,22.783,120.247
74DA38F20D2E,2026-08-04,08:02:37,32.5,100.0,0.0,25.06,121.545
74DA38ED0454,2026-08-04,08:02:45,31.25,100.0,3.0,24.053,121.599
74DA38ED059C,2026-08-04,08:02:53,31.86,85.0,2.0,23.706,121.412
74DA38F7C59C,2026-08-04,08:02:55,31.25,71.0,3.0,25.103,121.487
74DA38F7C506,2026-08-04,08:02:56,34.5,100.0,0.0,24.996,121.544
74DA38F21048,2026-08-04,08:03:06,30.25,100.0,15.0,22.595,120.341
74DA38F7C30C,2026-08-04,08:03:15,33.0,78.0,0.0,24.975,121.532
74DA38F7C27E,2026-08-04,08:03:17,31.86,89.0,2.0,25.053,121.444
74DA38F7C4DE,2026-08-04,08:03:18,32.11,100.0,0.0,25.09,121.462
74DA38F210F6,2026-08-04,08:03:19,32.11,100.0,2.0,22.757426,121.158891
74DA38F7C566,2026-08-04,08:03:19,34.86,91.0,0.0,25.051,121.448
74DA38ED0630,2026-08-04,08:03:21,31.11,100.0,0.0,23.994,121.594
74DA38ED05B6,2026-08-04,08:03:22,32.25,98.0,2.0,23.43,121.348
74DA38F20A78,2026-08-04,08:03:30,33.61,100.0,0.0,22.904,121.124
74DA38F7C42E,2026-08-04,08:03:31,32.75,100.0,0.0,24.969,121.514
74DA38F20EB2,2026-08-04,08:03:43,30.36,100.0,11.0,24.324,120.835
74DA38F20D1A,2026-08-04,08:03:46,31.75,82.0,0.0,25.078,121.541
74DA38F21204,2026-08-04,08:03:56,30.86,100.0,1.0,25.062,121.451
74DA38F207DE,2026-08-04,08:03:58,32.25,100.0,16.0,22.603,120.34
74DA38F2113E,2026-08-04,08:04:03,-4.0,0.0,0.0,22.728,120.313
74DA38F7C53C,2026-08-04,08:04:03,31.61,100.0,0.0,25.11,121.804
74DA38F7C610,2026-08-04,08:04:08,31.75,81.0,2.0,25.063,121.564
74DA38F20C26,2026-08-04,08:04:10,32.5,78.0,13.0,22.676,120.342
74DA38F7C4CC,2026-08-04,08:04:15,33.11,100.0,1.0,25.062,121.451
74DA38F7C13A,2026-08-04,08:04:16,25.37,2.0,1.0,25.069,121.359
74DA38ED0640,2026-08-04,08:04:19,31.5,100.0,2.0,23.154,121.266
74DA38F7C366,2026-08-04,08:04:20,33.36,100.0,0.0,25.002,121.516
74DA38F20D6C,2026-08-04,08:04:40,31.11,84.0,0.0,22.661,120.301
74DA38F20F0A,2026-08-04,08:04:40,30.0,100.0,20.0,22.995,120.635
74DA38F20D70,2026-08-04,08:04:41,34.0,85.0,0.0,23.05,121.164
74DA38F7C3B2,2026-08-04,08:04:43,33.0,62.0,0.0,24.929,121.378
74DA38F7C5E6,2026-08-04,08:04:43,34.5,100.0,6.0,25.107,121.843
74DA38F7C3DC,2026-08-04,08:04:46,32.5,100.0,2.0,25.003,121.539
74DA38ED05EA,2026-08-04,08:04:48,32.11,99.0,1.0,23.394,121.357
74DA38F7C570,2026-08-04,08:04:48,33.11,100.0,0.0,25.239,121.63
74DA38F210A2,2026-08-04,08:04:50,31.86,100.0,0.0,25.12,121.466
74DA38F21054,2026-08-04,08:04:57,30.36,69.0,32.0,22.898,120.627
74DA38F21136,2026-08-04,08:04:59,32.5,89.0,0.0,25.119,121.505
74DA38F7C5CE,2026-08-04,08:05:00,32.11,72.0,0.0,25.066,121.656
74DA38F7C524,2026-08-04,08:05:05,33.61,100.0,0.0,25.002,121.552
74DA38F7C54E,2026-08-04,08:05:06,32.5,97.0,0.0,25.063,121.661
74DA38F20C22,2026-08-04,08:05:09,33.0,100.0,0.0,22.729,120.357
74DA38F7C47C,2026-08-04,08:05:09,32.75,87.0,114.0,25.055,121.455
74DA38F7C5A0,2026-08-04,08:05:16,32.11,87.0,0.0,25.107,121.518
74DA38F7C616,2026-08-04,08:05:23,34.5,100.0,0.0,25.031,121.563
74DA38F20862,2026-08-04,08:05:33,30.25,100.0,32.0,23.101,121.176
74DA38F20A30,2026-08-04,08:05:34,32.86,69.0,0.0,24.948,121.372
74DA38F20BF6,2026-08-04,08:05:35,29.0,100.0,15.0,22.582,120.368
74DA38F20E9E,2026-08-04,08:05:40,29.36,100.0,5.0,24.648,121.151
74DA38F209DE,2026-08-04,08:05:42,32.61,100.0,0.0,24.861,120.964
74DA38F20B12,2026-08-04,08:05:42,27.5,75.0,30.0,22.91,120.716
74DA38F7C464,2026-08-04,08:05:47,28.86,31.0,0.0,25.006,121.413
74DA38F21024,2026-08-04,08:05:57,29.75,100.0,0.0,24.93,121.036
74DA38F2104E,2026-08-04,08:06:02,29.86,100.0,25.0,23.108,120.7
74DA38F21170,2026-08-04,08:06:06,35.0,65.0,0.0,22.779,121.088
74DA38F7C3D6,2026-08-04,08:06:07,34.25,99.0,0.0,25.045,121.541
74DA38F20D16,2026-08-04,08:06:09,32.5,96.0,3.0,25.062,121.526
74DA38F20B88,2026-08-04,08:06:10,30.36,100.0,0.0,22.75,120.316
74DA38F2105C,2026-08-04,08:06:20,32.25,100.0,0.0,25.088,121.599
74DA38F7C3DE,2026-08-04,08:06:21,35.0,85.0,205.0,24.972,121.537
74DA38F20C06,2026-08-04,08:06:25,29.36,60.0,6.0,24.874,121.02
74DA38F7C532,2026-08-04,08:06:29,32.25,84.0,3.0,25.059,121.499
74DA38F7C430,2026-08-04,08:06:31,35.36,67.0,0.0,24.981,121.423
74DA38F7C39A,2026-08-04,08:06:34,33.36,100.0,0.0,25.002,121.414
74DA38F20D1E,2026-08-04,08:06:37,33.11,100.0,4.0,25.048,121.573
74DA38F209F8,2026-08-04,08:06:41,30.36,100.0,0.0,23.157,121.4
74DA38F209B2,2026-08-04,08:06:45,30.75,100.0,0.0,22.363,120.599
74DA38F209EE,2026-08-04,08:06:51,30.61,100.0,0.0,23.026,121.33
74DA38F209A8,2026-08-04,08:06:52,-4.0,0.0,0.0,22.401,120.577
74DA38F20B80,2026-08-04,08:06:52,31.5,100.0,24.0,22.599,120.35
74DA38F7C338,2026-08-04,08:07:00,31.0,99.0,2.0,25.011,121.458
74DA38ED04F2,2026-08-04,08:07:07,30.25,100.0,2.0,23.468,121.496
74DA38F20B82,2026-08-04,08:07:15,-4.0,0.0,0.0,22.847,120.465
74DA38F208E2,2026-08-04,08:07:18,30.86,100.0,4.0,24.688,121.766
74DA38F7C47E,2026-08-04,08:07:27,31.75,100.0,3.0,25.053963,121.427681
74DA38F7C5BE,2026-08-04,08:07:32,31.5,78.0,3.0,25.092,121.523
74DA38F7C514,2026-08-04,08:07:49,32.5,100.0,3.0,25.051,121.518
74DA38F20B5C,2026-08-04,08:07:58,32.5,100.0,13.0,22.798,120.293
74DA38F20DE0,2026-08-04,08:08:06,31.36,100.0,1.0,22.589,120.328
74DA38F20E6E,2026-08-04,08:08:06,28.75,97.0,0.0,24.41,120.902
74DA38F7C46C,2026-08-04,08:08:09,-4.0,0.0,0.0,25.288,121.544
74DA38ED06E0,2026-08-04,08:08:11,30.86,99.0,5.0,23.601,121.521
74DA38F7C560,2026-08-04,08:08:27,33.61,-66.0,0.0,25.079,121.671
74DA38F20934,2026-08-04,08:08:28,30.0,78.0,2.0,23.002,121.29
74DA38F7C600,2026-08-04,08:08:30,23.5,48.0,2.0,25.07,121.586
74DA38F7C480,2026-08-04,08:08:32,32.5,100.0,0.0,25.061,121.432
74DA38F20F1C,2026-08-04,08:08:39,31.86,100.0,21.0,25.062,121.451
74DA38F7C310,2026-08-04,08:08:39,32.75,100.0,1.0,25.09,121.464
74DA38F7C41E,2026-08-04,08:08:41,31.86,74.0,0.0,25.054,121.517
74DA38F20B26,2026-08-04,08:08:45,31.0,100.0,14.0,22.783,120.247
74DA38ED0454,2026-08-04,08:08:50,31.25,100.0,2.0,24.053,121.599
74DA38F21088,2026-08-04,08:08:59,33.25,100.0,0.0,25.068,121.588
74DA38ED059C,2026-08-04,08:09:00,32.11,83.0,1.0,23.706,121.412
74DA38F20D2E,2026-08-04,08:09:06,32.5,100.0,0.0,25.06,121.545
74DA38F7C59C,2026-08-04,08:09:22,31.25,70.0,3.0,25.103,121.487
74DA38F210F6,2026-08-04,08:09:23,32.11,100.0,2.0,22.757426,121.158891
74DA38ED05B6,2026-08-04,08:09:27,32.25,98.0,1.0,23.43,121.348
74DA38F7C4DE,2026-08-04,08:09:28,32.0,100.0,0.0,25.09,121.462
74DA38F7C27E,2026-08-04,08:09:29,31.86,89.0,2.0,25.053,121.444
74DA38F21048,2026-08-04,08:09:34,30.25,100.0,19.0,22.595,120.341
74DA38F20A78,2026-08-04,08:09:36,33.5,100.0,0.0,22.904,121.124
74DA38F7C506,2026-08-04,08:09:37,33.86,100.0,0.0,24.996,121.544
74DA38F7C566,2026-08-04,08:09:47,34.86,91.0,0.0,25.051,121.448
74DA38ED0630,2026-08-04,08:09:49,31.11,100.0,0.0,23.994,121.594
74DA38F20EB2,2026-08-04,08:09:49,30.5,100.0,12.0,24.324,120.835
74DA38F7C30C,2026-08-04,08:09:50,32.86,77.0,0.0,24.975,121.532
74DA38F7C3BA,2026-08-04,08:09:52,-4.0,0.0,68.0,25.174,121.441
74DA38F21204,2026-08-04,08:10:03,30.75,100.0,1.0,25.062,121.451
74DA38F207DE,2026-08-04,08:10:05,32.25,100.0,17.0,22.603,120.34
74DA38F20D1A,2026-08-04,08:10:13,31.86,82.0,0.0,25.078,121.541
74DA38F7C610,2026-08-04,08:10:13,31.75,81.0,3.0,25.063,121.564
74DA38F20C26,2026-08-04,08:10:21,32.61,78.0,12.0,22.676,120.342
74DA38F7C4CC,2026-08-04,08:10:21,33.11,100.0,1.0,25.062,121.451
74DA38F7C366,2026-08-04,08:10:26,33.25,100.0,0.0,25.002,121.516
74DA38ED0640,2026-08-04,08:10:27,31.36,100.0,2.0,23.154,121.266
74DA38F7C53C,2026-08-04,08:10:29,31.25,100.0,0.0,25.11,121.804
74DA38F7C13A,2026-08-04,08:10:43,25.12,-1.0,0.0,25.069,121.359
74DA38F20D70,2026-08-04,08:10:48,34.11,85.0,0.0,23.05,121.164
74DA38F7C5E6,2026-08-04,08:10:48,34.5,100.0,1.0,25.107,121.843
74DA38F20F0A,2026-08-04,08:10:49,30.0,100.0,18.0,22.995,120.635
74DA38F7C3B2,2026-08-04,08:10:49,33.0,61.0,0.0,24.929,121.378
74DA38F7C3DC,2026-08-04,08:10:51,32.61,100.0,2.0,25.003,121.539
74DA38ED05EA,2026-08-04,08:10:54,32.11,97.0,0.0,23.394,121.357
74DA38F210A2,2026-08-04,08:10:55,31.86,100.0,0.0,25.12,121.466
74DA38F7C47C,2026-08-04,08:11:02,32.61,87.0,85.0,25.055,121.455
74DA38F21054,2026-08-04,08:11:05,30.5,69.0,31.0,22.898,120.627
74DA38F20D6C,2026-08-04,08:11:07,31.11,85.0,0.0,22.661,120.301
74DA38F7C53A,2026-08-04,08:11:07,-4.0,0.0,0.0,25.067,121.641
74DA38F21136,2026-08-04,08:11:11,32.36,88.0,0.0,25.119,121.505
74DA38F7C570,2026-08-04,08:11:19,33.11,100.0,0.0,25.239,121.63
74DA38F2113E,2026-08-04,08:11:20,-4.0,0.0,0.0,22.728,120.313
74DA38F7C616,2026-08-04,08:11:33,34.5,100.0,0.0,25.031,121.563
74DA38F7C5CE,2026-08-04,08:11:34,32.0,72.0,0.0,25.066,121.656
74DA38F7C524,2026-08-04,08:11:35,33.61,100.0,1.0,25.002,121.552
74DA38F20C22,2026-08-04,08:11:36,33.11,100.0,0.0,22.729,120.357
74DA38F7C54E,2026-08-04,08:11:38,32.25,96.0,0.0,25.063,121.661
74DA38F20BF6,2026-08-04,08:11:41,29.11,100.0,16.0,22.582,120.368
74DA38F7C5AA,2026-08-04,08:11:43,32.5,100.0,0.0,25.0,121.479
74DA38F20E9E,2026-08-04,08:11:44,29.36,100.0,9.0,24.648,121.151
74DA38F7C5A0,2026-08-04,08:11:44,32.11,87.0,0.0,25.107,121.518
74DA38F20B12,2026-08-04,08:11:52,27.37,75.0,30.0,22.91,120.716
74DA38F7C592,2026-08-04,08:11:52,-4.0,0.0,0.0,25.224,121.637
74DA38F7C63C,2026-08-04,08:11:52,60.62,100.0,0.0,24.998,121.425
74DA38F20862,2026-08-04,08:11:55,30.36,100.0,33.0,23.101,121.176
74DA38F20A30,2026-08-04,08:12:05,32.75,68.0,0.0,24.948,121.372
74DA38F209DE,2026-08-04,08:12:09,32.61,100.0,0.0,24.861,120.964
74DA38F2104E,2026-08-04,08:12:09,29.61,100.0,21.0,23.108,120.7
74DA38F21170,2026-08-04,08:12:13,34.75,66.0,0.0,22.779,121.088
74DA38F20D16,2026-08-04,08:12:14,32.36,96.0,3.0,25.062,121.526
74DA38F7C3DE,2026-08-04,08:12:15,34.86,85.0,207.0,24.972,121.537
74DA38F7C464,2026-08-04,08:12:18,29.0,31.0,0.0,25.006,121.413
74DA38F21024,2026-08-04,08:12:24,30.0,100.0,0.0,24.93,121.036
74DA38F7C37C,2026-08-04,08:12:29,33.25,-66.0,4.0,25.111,121.856
74DA38F20C06,2026-08-04,08:12:31,30.0,61.0,5.0,24.874,121.02
74DA38F7C532,2026-08-04,08:12:33,32.25,83.0,3.0,25.059,121.499
74DA38F7C3D6,2026-08-04,08:12:35,34.11,100.0,0.0,25.045,121.541
74DA38F7C260,2026-08-04,08:12:38,34.86,92.0,0.0,25.065,121.425
74DA38F20B88,2026-08-04,08:12:43,30.25,100.0,0.0,22.75,120.316
74DA38F2105C,2026-08-04,08:12:47,32.25,100.0,0.0,25.088,121.599
74DA38F20D1E,2026-08-04,08:12:53,33.0,100.0,4.0,25.048,121.573
74DA38F209EE,2026-08-04,08:12:56,30.75,100.0,0.0,23.026,121.33
74DA38F7C430,2026-08-04,08:12:58,35.25,66.0,0.0,24.981,121.423
74DA38F7C39A,2026-08-04,08:13:00,33.36,100.0,0.0,25.002,121.414
74DA38F209F8,2026-08-04,08:13:08,30.36,100.0,0.0,23.157,121.4
74DA38F7C338,2026-08-04,08:13:11,31.11,99.0,4.0,25.011,121.458
74DA38F209B2,2026-08-04,08:13:13,30.61,100.0,0.0,22.363,120.599
74DA38ED04F2,2026-08-04,08:13:14,30.36,100.0,2.0,23.468,121.496
74DA38F20B80,2026-08-04,08:13:18,31.5,100.0,23.0,22.599,120.35
74DA38F208E2,2026-08-04,08:13:22,30.86,100.0,4.0,24.688,121.766
74DA38F7C47E,2026-08-04,08:13:33,32.36,100.0,3.0,25.053963,121.427681
74DA38F7C5BE,2026-08-04,08:13:37,31.5,79.0,3.0,25.092,121.523
74DA38F7C514,2026-08-04,08:13:55,32.36,100.0,3.0,25.051,121.518
74DA38F20E6E,2026-08-04,08:14:08,28.75,98.0,0.0,24.41,120.902
74DA38F20B5C,2026-08-04,08:14:10,32.36,100.0,15.0,22.798,120.293
74DA38ED06E0,2026-08-04,08:14:17,30.86,100.0,4.0,23.601,121.521
74DA38F20DE0,2026-08-04,08:14:32,31.5,100.0,0.0,22.589,120.328
74DA38F7C600,2026-08-04,08:14:35,23.5,48.0,1.0,25.07,121.586
74DA38F20934,2026-08-04,08:14:39,29.86,78.0,2.0,23.002,121.29
74DA38F7C310,2026-08-04,08:14:44,32.61,100.0,0.0,25.09,121.464
74DA38F20F1C,2026-08-04,08:14:47,31.86,100.0,23.0,25.062,121.451
74DA38F20B26,2026-08-04,08:14:54,31.0,100.0,15.0,22.783,120.247
74DA38F7C560,2026-08-04,08:14:55,33.86,-66.0,0.0,25.079,121.671
74DA38ED0454,2026-08-04,08:14:56,31.11,100.0,2.0,24.053,121.599
74DA38F7C480,2026-08-04,08:15:00,32.36,100.0,0.0,25.061,121.432
74DA38ED059C,2026-08-04,08:15:06,32.25,83.0,1.0,23.706,121.412
74DA38F7C41E,2026-08-04,08:15:11,31.75,74.0,0.0,25.054,121.517
74DA38F21088,2026-08-04,08:15:27,33.5,100.0,0.0,25.068,121.588
74DA38F210F6,2026-08-04,08:15:28,32.0,100.0,2.0,22.757426,121.158891
74DA38ED05B6,2026-08-04,08:15:32,32.36,96.0,2.0,23.43,121.348
74DA38F20D2E,2026-08-04,08:15:32,32.36,100.0,0.0,25.06,121.545
74DA38F7C27E,2026-08-04,08:15:34,31.86,89.0,3.0,25.053,121.444
74DA38F20A78,2026-08-04,08:15:41,33.5,100.0,1.0,22.904,121.124
74DA38F7C59C,2026-08-04,08:15:50,31.25,70.0,3.0,25.103,121.487
74DA38F20EB2,2026-08-04,08:15:55,30.36,100.0,11.0,24.324,120.835
74DA38F7C4DE,2026-08-04,08:15:56,32.0,100.0,0.0,25.09,121.462
74DA38F21048,2026-08-04,08:16:04,30.25,100.0,19.0,22.595,120.341
74DA38F7C506,2026-08-04,08:16:05,33.75,100.0,0.0,24.996,121.544
74DA38F207DE,2026-08-04,08:16:10,32.11,100.0,16.0,22.603,120.34
74DA38F21204,2026-08-04,08:16:12,30.75,100.0,0.0,25.062,121.451
74DA38F7C566,2026-08-04,08:16:13,34.86,90.0,0.0,25.051,121.448
74DA38ED0630,2026-08-04,08:16:16,31.0,100.0,0.0,23.994,121.594
74DA38F7C30C,2026-08-04,08:16:17,32.86,77.0,0.0,24.975,121.532
74DA38F7C610,2026-08-04,08:16:19,31.61,81.0,3.0,25.063,121.564
74DA38F7C4CC,2026-08-04,08:16:26,33.0,100.0,1.0,25.062,121.451
74DA38F20C26,2026-08-04,08:16:27,32.75,77.0,12.0,22.676,120.342
74DA38F209A8,2026-08-04,08:16:31,-4.0,0.0,0.0,22.401,120.577
74DA38ED0640,2026-08-04,08:16:34,31.25,100.0,2.0,23.154,121.266
74DA38F20D1A,2026-08-04,08:16:41,31.86,82.0,0.0,25.078,121.541
74DA38F20B82,2026-08-04,08:16:47,-4.0,0.0,0.0,22.847,120.465
74DA38F7C366,2026-08-04,08:16:47,33.5,100.0,0.0,25.002,121.516
74DA38F7C5E6,2026-08-04,08:16:53,34.61,100.0,1.0,25.107,121.843
74DA38F7C3B2,2026-08-04,08:16:54,33.0,61.0,0.0,24.929,121.378
74DA38F20D70,2026-08-04,08:16:55,34.25,84.0,0.0,23.05,121.164
74DA38F7C47C,2026-08-04,08:16:55,32.61,87.0,84.0,25.055,121.455
74DA38F7C3DC,2026-08-04,08:16:56,32.5,100.0,2.0,25.003,121.539
74DA38F7C53C,2026-08-04,08:16:57,31.0,100.0,0.0,25.11,121.804
74DA38F20F0A,2026-08-04,08:16:58,29.75,100.0,20.0,22.995,120.635
74DA38ED05EA,2026-08-04,08:16:59,32.11,100.0,2.0,23.394,121.357
74DA38F210A2,2026-08-04,08:17:00,31.75,100.0,0.0,25.12,121.466
74DA38F7C42E,2026-08-04,08:17:10,32.5,100.0,0.0,24.969,121.514
74DA38F7C13A,2026-08-04,08:17:11,25.0,-6.0,0.0,25.069,121.359
74DA38F21054,2026-08-04,08:17:14,30.5,70.0,31.0,22.898,120.627
74DA38F20D6C,2026-08-04,08:17:33,31.11,86.0,0.0,22.661,120.301
74DA38F7C616,2026-08-04,08:17:39,34.5,100.0,0.0,25.031,121.563
74DA38F21136,2026-08-04,08:17:43,32.36,88.0,0.0,25.119,121.505
74DA38F20BF6,2026-08-04,08:17:46,29.11,100.0,15.0,22.582,120.368
74DA38F7C570,2026-08-04,08:17:48,33.25,100.0,0.0,25.239,121.63
74DA38F20E9E,2026-08-04,08:17:49,29.36,100.0,6.0,24.648,121.151
74DA38F7C46C,2026-08-04,08:17:49,-4.0,0.0,0.0,25.288,121.544
74DA38F20B12,2026-08-04,08:18:00,27.25,74.0,29.0,22.91,120.716
74DA38F7C54E,2026-08-04,08:18:02,32.11,95.0,0.0,25.063,121.661
74DA38F7C5CE,2026-08-04,08:18:02,31.75,72.0,0.0,25.066,121.656
74DA38F7C524,2026-08-04,08:18:03,33.75,100.0,0.0,25.002,121.552
74DA38F20C22,2026-08-04,08:18:05,33.0,100.0,0.0,22.729,120.357
74DA38F7C3DE,2026-08-04,08:18:09,34.86,85.0,218.0,24.972,121.537
74DA38F7C5A0,2026-08-04,08:18:11,32.11,87.0,0.0,25.107,121.518
74DA38F20862,2026-08-04,08:18:15,30.61,100.0,31.0,23.101,121.176
74DA38F7C5AA,2026-08-04,08:18:15,32.61,100.0,0.0,25.0,121.479
74DA38F20D16,2026-08-04,08:18:19,32.36,97.0,3.0,25.062,121.526
74DA38F2104E,2026-08-04,08:18:19,29.75,100.0,20.0,23.108,120.7
74DA38F21170,2026-08-04,08:18:19,34.75,65.0,0.0,22.779,121.088
74DA38F7C3BA,2026-08-04,08:18:31,-4.0,0.0,70.0,25.174,121.441
74DA38F20A30,2026-08-04,08:18:34,32.75,68.0,2.0,24.948,121.372
74DA38F2113E,2026-08-04,08:18:35,-4.0,0.0,0.0,22.728,120.313
74DA38F209DE,2026-08-04,08:18:36,32.61,100.0,0.0,24.861,120.964
74DA38F20C06,2026-08-04,08:18:36,30.36,61.0,4.0,24.874,121.02
74DA38F7C532,2026-08-04,08:18:38,32.11,84.0,3.0,25.059,121.499
74DA38F21024,2026-08-04,08:18:50,30.11,100.0,0.0,24.93,121.036
74DA38F7C464,2026-08-04,08:18:53,28.86,31.0,0.0,25.006,121.413
74DA38F209EE,2026-08-04,08:19:01,30.61,100.0,0.0,23.026,121.33
74DA38F7C3D6,2026-08-04,08:19:01,34.11,100.0,0.0,25.045,121.541
74DA38F20D1E,2026-08-04,08:19:10,33.0,100.0,5.0,25.048,121.573
74DA38F20B88,2026-08-04,08:19:11,30.36,100.0,0.0,22.75,120.316
74DA38F2105C,2026-08-04,08:19:13,32.25,100.0,0.0,25.088,121.599
74DA38ED04F2,2026-08-04,08:19:21,30.25,100.0,2.0,23.468,121.496
74DA38F7C338,2026-08-04,08:19:22,31.25,99.0,3.0,25.011,121.458
74DA38F208E2,2026-08-04,08:19:26,30.86,100.0,4.0,24.688,121.766
74DA38F7C430,2026-08-04,08:19:26,35.25,66.0,0.0,24.981,121.423
74DA38F7C39A,2026-08-04,08:19:28,33.36,100.0,0.0,25.002,121.414
74DA38F209F8,2026-08-04,08:19:36,30.25,100.0,0.0,23.157,121.4
74DA38F7C47E,2026-08-04,08:19:38,32.36,100.0,3.0,25.053963,121.427681
74DA38F209B2,2026-08-04,08:19:40,30.5,100.0,0.0,22.363,120.599
74DA38F20FFE,2026-08-04,08:19:43,31.61,100.0,10.0,22.894,120.298
74DA38F7C5BE,2026-08-04,08:19:43,31.5,79.0,3.0,25.092,121.523
74DA38F20B80,2026-08-04,08:19:48,31.61,100.0,22.0,22.599,120.35
74DA38F7C514,2026-08-04,08:20:01,32.36,100.0,4.0,25.051,121.518
74DA38F20E6E,2026-08-04,08:20:10,28.86,98.0,0.0,24.41,120.902
74DA38F20B5C,2026-08-04,08:20:19,32.11,100.0,15.0,22.798,120.293
74DA38ED06E0,2026-08-04,08:20:24,30.75,99.0,5.0,23.601,121.521
74DA38F7C600,2026-08-04,08:20:41,23.5,48.0,2.0,25.07,121.586
74DA38F7C310,2026-08-04,08:20:49,32.61,100.0,1.0,25.09,121.464
74DA38F20934,2026-08-04,08:20:51,29.86,78.0,2.0,23.002,121.29
74DA38F20F1C,2026-08-04,08:20:52,31.86,100.0,24.0,25.062,121.451
74DA38F20DE0,2026-08-04,08:21:00,31.5,100.0,1.0,22.589,120.328
74DA38ED0454,2026-08-04,08:21:02,31.11,100.0,2.0,24.053,121.599
74DA38F20B26,2026-08-04,08:21:09,30.86,100.0,14.0,22.783,120.247
74DA38ED059C,2026-08-04,08:21:12,32.11,84.0,1.0,23.706,121.412
74DA38F7C560,2026-08-04,08:21:22,33.86,-66.0,0.0,25.079,121.671
74DA38F7C63C,2026-08-04,08:21:24,60.62,100.0,1.0,24.998,121.425
74DA38F7C480,2026-08-04,08:21:30,32.11,100.0,0.0,25.061,121.432
74DA38F7C592,2026-08-04,08:21:31,-4.0,0.0,0.0,25.224,121.637
74DA38F210F6,2026-08-04,08:21:32,32.0,100.0,2.0,22.757426,121.158891
74DA38ED05B6,2026-08-04,08:21:37,32.25,97.0,1.0,23.43,121.348
74DA38F7C27E,2026-08-04,08:21:39,31.86,90.0,2.0,25.053,121.444
74DA38F7C41E,2026-08-04,08:21:39,31.86,74.0,0.0,25.054,121.517
74DA38F20A78,2026-08-04,08:21:49,33.61,100.0,0.0,22.904,121.124
74DA38F21088,2026-08-04,08:21:56,33.25,100.0,0.0,25.068,121.588
74DA38F20D2E,2026-08-04,08:22:00,32.25,100.0,0.0,25.06,121.545
74DA38F20EB2,2026-08-04,08:22:00,30.36,100.0,10.0,24.324,120.835
74DA38F7C4DE,2026-08-04,08:22:06,31.86,100.0,0.0,25.09,121.462
74DA38F207DE,2026-08-04,08:22:15,32.11,100.0,17.0,22.603,120.34
74DA38F7C59C,2026-08-04,08:22:16,31.25,71.0,3.0,25.103,121.487
74DA38F21204,2026-08-04,08:22:18,30.75,100.0,1.0,25.062,121.451
74DA38F7C610,2026-08-04,08:22:24,31.61,82.0,3.0,25.063,121.564
74DA38F21048,2026-08-04,08:22:30,30.25,100.0,18.0,22.595,120.341
74DA38F7C4CC,2026-08-04,08:22:32,32.86,100.0,1.0,25.062,121.451
74DA38F20C26,2026-08-04,08:22:35,32.61,76.0,12.0,22.676,120.342
74DA38F7C506,2026-08-04,08:22:36,33.61,100.0,0.0,24.996,121.544
74DA38F7C566,2026-08-04,08:22:40,34.75,91.0,0.0,25.051,121.448
74DA38ED0640,2026-08-04,08:22:41,31.11,100.0,2.0,23.154,121.266
74DA38ED0630,2026-08-04,08:22:43,31.0,100.0,0.0,23.994,121.594
74DA38F7C47C,2026-08-04,08:22:49,32.5,87.0,79.0,25.055,121.455
74DA38F7C366,2026-08-04,08:22:53,33.25,100.0,0.0,25.002,121.516
74DA38F7C5E6,2026-08-04,08:22:58,34.61,100.0,0.0,25.107,121.843
74DA38F7C3B2,2026-08-04,08:22:59,33.0,61.0,0.0,24.929,121.378
74DA38F7C3DC,2026-08-04,08:23:02,32.5,100.0,2.0,25.003,121.539
74DA38ED05EA,2026-08-04,08:23:05,32.11,100.0,1.0,23.394,121.357
74DA38F210A2,2026-08-04,08:23:05,31.61,100.0,0.0,25.12,121.466
74DA38F20F0A,2026-08-04,08:23:06,29.61,100.0,18.0,22.995,120.635
74DA38F20D1A,2026-08-04,08:23:10,31.86,82.0,0.0,25.078,121.541
74DA38F20D70,2026-08-04,08:23:10,34.0,85.0,0.0,23.05,121.164
74DA38F21054,2026-08-04,08:23:22,30.5,70.0,30.0,22.898,120.627
74DA38F7C53C,2026-08-04,08:23:25,31.25,100.0,0.0,25.11,121.804
74DA38F7C42E,2026-08-04,08:23:40,32.5,100.0,0.0,24.969,121.514
74DA38F7C13A,2026-08-04,08:23:42,24.75,-9.0,0.0,25.069,121.359
74DA38F7C616,2026-08-04,08:23:46,34.5,100.0,0.0,25.031,121.563
74DA38F20BF6,2026-08-04,08:23:50,29.25,100.0,15.0,22.582,120.368
74DA38F20E9E,2026-08-04,08:23:54,29.5,100.0,4.0,24.648,121.151
74DA38F20D6C,2026-08-04,08:24:00,30.86,88.0,0.0,22.661,120.301
74DA38F7C3DE,2026-08-04,08:24:03,34.86,85.0,210.0,24.972,121.537
74DA38F20B12,2026-08-04,08:24:09,27.12,73.0,27.0,22.91,120.716
74DA38F7C570,2026-08-04,08:24:16,33.25,100.0,0.0,25.239,121.63
74DA38F20D16,2026-08-04,08:24:24,32.5,96.0,3.0,25.062,121.526
74DA38F21170,2026-08-04,08:24:25,34.25,65.0,0.0,22.779,121.088
74DA38F2104E,2026-08-04,08:24:26,29.75,100.0,20.0,23.108,120.7
74DA38F7C5CE,2026-08-04,08:24:28,31.75,72.0,0.0,25.066,121.656
74DA38F7C524,2026-08-04,08:24:31,33.61,100.0,0.0,25.002,121.552
74DA38F7C54E,2026-08-04,08:24:31,32.11,95.0,0.0,25.063,121.661
74DA38F20C22,2026-08-04,08:24:34,33.0,100.0,0.0,22.729,120.357
74DA38F20862,2026-08-04,08:24:35,30.61,100.0,30.0,23.101,121.176
74DA38F7C5A0,2026-08-04,08:24:41,32.0,87.0,0.0,25.107,121.518
74DA38F20C06,2026-08-04,08:24:42,30.86,60.0,4.0,24.874,121.02
74DA38F7C5AA,2026-08-04,08:24:42,32.61,100.0,0.0,25.0,121.479
74DA38F7C532,2026-08-04,08:24:44,32.0,84.0,3.0,25.059,121.499
74DA38F20A30,2026-08-04,08:25:02,32.75,69.0,1.0,24.948,121.372
74DA38F209DE,2026-08-04,08:25:04,32.5,100.0,0.0,24.861,120.964
74DA38F209EE,2026-08-04,08:25:05,30.61,100.0,0.0,23.026,121.33
74DA38F21024,2026-08-04,08:25:17,30.11,100.0,0.0,24.93,121.036
74DA38F20D1E,2026-08-04,08:25:22,32.86,99.0,5.0,25.048,121.573
74DA38ED04F2,2026-08-04,08:25:27,30.36,100.0,2.0,23.468,121.496
74DA38F7C3D6,2026-08-04,08:25:28,34.0,100.0,0.0,25.045,121.541
74DA38F7C338,2026-08-04,08:25:30,31.11,99.0,3.0,25.011,121.458
74DA38F208E2,2026-08-04,08:25:31,30.86,100.0,4.0,24.688,121.766
74DA38F20B88,2026-08-04,08:25:38,30.25,100.0,0.0,22.75,120.316
74DA38F2105C,2026-08-04,08:25:40,32.11,100.0,0.0,25.088,121.599
74DA38F7C464,2026-08-04,08:25:41,28.86,31.0,0.0,25.006,121.413
74DA38F7C47E,2026-08-04,08:25:44,32.11,100.0,3.0,25.053963,121.427681
74DA38F7C5BE,2026-08-04,08:25:48,31.5,79.0,3.0,25.092,121.523
74DA38F2113E,2026-08-04,08:25:50,-4.0,0.0,0.0,22.728,120.313
74DA38F7C430,2026-08-04,08:25:53,35.25,66.0,0.0,24.981,121.423
74DA38F7C39A,2026-08-04,08:25:56,33.36,100.0,0.0,25.002,121.414
74DA38F20FFE,2026-08-04,08:25:58,31.5,100.0,10.0,22.894,120.298
74DA38F7C37C,2026-08-04,08:26:00,32.86,-66.0,0.0,25.111,121.856
74DA38F209F8,2026-08-04,08:26:04,30.25,100.0,0.0,23.157,121.4
74DA38F209B2,2026-08-04,08:26:07,30.5,100.0,0.0,22.363,120.599
74DA38F7C514,2026-08-04,08:26:07,32.36,100.0,3.0,25.051,121.518
74DA38F209A8,2026-08-04,08:26:08,-4.0,0.0,0.0,22.401,120.577
74DA38F7C260,2026-08-04,08:26:11,34.75,92.0,0.0,25.065,121.425
74DA38F20E6E,2026-08-04,08:26:13,29.0,97.0,0.0,24.41,120.902
74DA38F20B80,2026-08-04,08:26:17,31.36,100.0,18.0,22.599,120.35
74DA38F20B82,2026-08-04,08:26:19,-4.0,0.0,0.0,22.847,120.465
74DA38F20B5C,2026-08-04,08:26:27,32.0,100.0,15.0,22.798,120.293
74DA38ED06E0,2026-08-04,08:26:31,30.86,100.0,6.0,23.601,121.521
74DA38F7C600,2026-08-04,08:26:46,23.62,48.0,2.0,25.07,121.586
74DA38F7C310,2026-08-04,08:26:53,32.61,100.0,1.0,25.09,121.464
74DA38F20F1C,2026-08-04,08:26:58,31.86,100.0,23.0,25.062,121.451
74DA38F20934,2026-08-04,08:27:01,29.86,78.0,2.0,23.002,121.29
74DA38ED0454,2026-08-04,08:27:10,31.25,100.0,2.0,24.053,121.599
74DA38F7C3BA,2026-08-04,08:27:10,-4.0,0.0,67.0,25.174,121.441
74DA38ED059C,2026-08-04,08:27:18,32.11,84.0,2.0,23.706,121.412
74DA38F20DE0,2026-08-04,08:27:28,31.11,100.0,0.0,22.589,120.328
74DA38F7C46C,2026-08-04,08:27:29,-4.0,0.0,0.0,25.288,121.544
74DA38F210F6,2026-08-04,08:27:38,31.86,100.0,2.0,22.757426,121.158891
74DA38F20B26,2026-08-04,08:27:39,30.75,100.0,15.0,22.783,120.247
74DA38ED05B6,2026-08-04,08:27:43,32.25,97.0,1.0,23.43,121.348
74DA38F7C27E,2026-08-04,08:27:45,31.86,89.0,2.0,25.053,121.444
74DA38F7C560,2026-08-04,08:27:50,33.61,-66.0,0.0,25.079,121.671
74DA38F20A78,2026-08-04,08:27:55,33.25,100.0,0.0,22.904,121.124
74DA38F7C480,2026-08-04,08:27:58,32.11,100.0,0.0,25.061,121.432
74DA38F7C41E,2026-08-04,08:28:04,31.75,74.0,0.0,25.054,121.517
74DA38F20EB2,2026-08-04,08:28:05,30.36,100.0,11.0,24.324,120.835
74DA38F7C4DE,2026-08-04,08:28:20,31.86,100.0,0.0,25.09,121.462
74DA38F207DE,2026-08-04,08:28:22,32.0,100.0,16.0,22.603,120.34
74DA38F21088,2026-08-04,08:28:23,33.25,100.0,0.0,25.068,121.588
74DA38F21204,2026-08-04,08:28:26,30.75,100.0,1.0,25.062,121.451
74DA38F20D2E,2026-08-04,08:28:29,32.11,100.0,0.0,25.06,121.545
74DA38F7C610,2026-08-04,08:28:30,31.61,82.0,4.0,25.063,121.564
74DA38F7C4CC,2026-08-04,08:28:38,32.86,100.0,0.0,25.062,121.451
74DA38F20C26,2026-08-04,08:28:40,32.75,77.0,11.0,22.676,120.342
74DA38F7C59C,2026-08-04,08:28:43,31.25,70.0,3.0,25.103,121.487
74DA38F7C47C,2026-08-04,08:28:44,32.61,87.0,80.0,25.055,121.455
74DA38ED0640,2026-08-04,08:28:47,31.0,100.0,2.0,23.154,121.266
74DA38F7C366,2026-08-04,08:29:00,33.25,100.0,0.0,25.002,121.516
74DA38F21048,2026-08-04,08:29:01,30.25,100.0,18.0,22.595,120.341
74DA38F7C506,2026-08-04,08:29:02,33.61,100.0,0.0,24.996,121.544
74DA38F7C5E6,2026-08-04,08:29:02,34.75,100.0,1.0,25.107,121.843
74DA38F7C3B2,2026-08-04,08:29:05,33.0,61.0,0.0,24.929,121.378
74DA38F7C3DC,2026-08-04,08:29:08,32.61,100.0,3.0,25.003,121.539
74DA38F7C566,2026-08-04,08:29:09,34.86,91.0,0.0,25.051,121.448
74DA38ED05EA,2026-08-04,08:29:10,32.11,100.0,1.0,23.394,121.357
74DA38ED0630,2026-08-04,08:29:10,30.86,100.0,0.0,23.994,121.594
74DA38F210A2,2026-08-04,08:29:11,31.75,100.0,0.0,25.12,121.466
74DA38F20F0A,2026-08-04,08:29:12,29.61,100.0,17.0,22.995,120.635
74DA38F20D70,2026-08-04,08:29:16,33.5,87.0,0.0,23.05,121.164
74DA38F21054,2026-08-04,08:29:31,30.5,70.0,30.0,22.898,120.627
74DA38F20D1A,2026-08-04,08:29:37,31.86,82.0,0.0,25.078,121.541
74DA38F7C53C,2026-08-04,08:29:52,31.36,100.0,0.0,25.11,121.804
74DA38F7C616,2026-08-04,08:29:53,34.61,100.0,0.0,25.031,121.563
74DA38F20BF6,2026-08-04,08:29:57,29.25,100.0,14.0,22.582,120.368
74DA38F7C3DE,2026-08-04,08:29:57,34.86,85.0,215.0,24.972,121.537
74DA38F20E9E,2026-08-04,08:29:59,29.75,100.0,3.0,24.648,121.151
74DA38F7C42E,2026-08-04,08:30:09,32.61,100.0,0.0,24.969,121.514
74DA38F7C13A,2026-08-04,08:30:14,24.62,-14.0,0.0,25.069,121.359
74DA38F20B12,2026-08-04,08:30:17,27.12,74.0,25.0,22.91,120.716
74DA38F20D6C,2026-08-04,08:30:27,30.61,89.0,0.0,22.661,120.301
74DA38F20D16,2026-08-04,08:30:29,32.5,95.0,3.0,25.062,121.526
74DA38F21170,2026-08-04,08:30:31,33.75,67.0,0.0,22.779,121.088
74DA38F21136,2026-08-04,08:30:32,32.36,88.0,0.0,25.119,121.505
74DA38F2104E,2026-08-04,08:30:33,29.5,100.0,22.0,23.108,120.7
74DA38F7C570,2026-08-04,08:30:44,33.36,100.0,0.0,25.239,121.63
74DA38F20C06,2026-08-04,08:30:47,31.25,60.0,4.0,24.874,121.02
74DA38F7C532,2026-08-04,08:30:52,32.0,85.0,3.0,25.059,121.499
74DA38F7C5CE,2026-08-04,08:30:54,31.75,72.0,0.0,25.066,121.656
74DA38F20862,2026-08-04,08:30:57,30.61,100.0,30.0,23.101,121.176
74DA38F7C524,2026-08-04,08:30:57,33.5,100.0,1.0,25.002,121.552
74DA38F7C63C,2026-08-04,08:30:59,60.62,100.0,1.0,24.998,121.425
74DA38F20C22,2026-08-04,08:31:00,33.11,100.0,0.0,22.729,120.357
74DA38F7C54E,2026-08-04,08:31:03,32.11,95.0,0.0,25.063,121.661
74DA38F7C53A,2026-08-04,08:31:06,-4.0,0.0,0.0,25.067,121.641
74DA38F7C5A0,2026-08-04,08:31:08,32.0,86.0,0.0,25.107,121.518
74DA38F7C592,2026-08-04,08:31:09,-4.0,0.0,0.0,25.224,121.637
74DA38F7C5AA,2026-08-04,08:31:09,32.61,100.0,0.0,25.0,121.479
74DA38F209EE,2026-08-04,08:31:10,30.5,100.0,0.0,23.026,121.33
74DA38F209DE,2026-08-04,08:31:31,32.36,100.0,0.0,24.861,120.964
74DA38F20A30,2026-08-04,08:31:31,32.75,68.0,0.0,24.948,121.372
74DA38ED04F2,2026-08-04,08:31:35,30.25,100.0,2.0,23.468,121.496
74DA38F7C338,2026-08-04,08:31:35,31.11,98.0,3.0,25.011,121.458
74DA38F208E2,2026-08-04,08:31:36,30.86,100.0,4.0,24.688,121.766
74DA38F21024,2026-08-04,08:31:45,30.11,100.0,0.0,24.93,121.036
74DA38F7C47E,2026-08-04,08:31:49,31.86,100.0,3.0,25.053963,121.427681
74DA38F7C5BE,2026-08-04,08:31:53,31.5,79.0,4.0,25.092,121.523
74DA38F7C3D6,2026-08-04,08:31:54,34.0,100.0,0.0,25.045,121.541
74DA38F20FFE,2026-08-04,08:32:08,31.36,100.0,10.0,22.894,120.298
74DA38F2105C,2026-08-04,08:32:08,32.11,100.0,0.0,25.088,121.599
74DA38F20B88,2026-08-04,08:32:09,29.86,100.0,1.0,22.75,120.316
74DA38F20E6E,2026-08-04,08:32:14,29.0,97.0,0.0,24.41,120.902
74DA38F7C514,2026-08-04,08:32:14,32.25,100.0,4.0,25.051,121.518
74DA38F7C430,2026-08-04,08:32:21,35.25,66.0,0.0,24.981,121.423
74DA38F7C464,2026-08-04,08:32:22,28.86,31.0,0.0,25.006,121.413
74DA38F7C39A,2026-08-04,08:32:23,33.36,100.0,0.0,25.002,121.414
74DA38F7C37C,2026-08-04,08:32:29,32.61,-66.0,0.0,25.111,121.856
74DA38F209B2,2026-08-04,08:32:34,30.5,100.0,0.0,22.363,120.599
74DA38F209F8,2026-08-04,08:32:34,30.25,100.0,0.0,23.157,121.4
74DA38F20B5C,2026-08-04,08:32:34,31.75,100.0,14.0,22.798,120.293
74DA38ED06E0,2026-08-04,08:32:37,30.86,100.0,5.0,23.601,121.521
74DA38F7C260,2026-08-04,08:32:41,34.86,93.0,0.0,25.065,121.425
74DA38F20B80,2026-08-04,08:32:43,31.11,100.0,0.0,22.599,120.35
74DA38F7C600,2026-08-04,08:32:51,23.5,48.0,1.0,25.07,121.586
74DA38F7C310,2026-08-04,08:32:58,32.36,100.0,1.0,25.09,121.464
74DA38F20F1C,2026-08-04,08:33:03,31.86,100.0,19.0,25.062,121.451
74DA38F2113E,2026-08-04,08:33:07,-4.0,0.0,0.0,22.728,120.313
74DA38F20934,2026-08-04,08:33:12,29.86,78.0,2.0,23.002,121.29
74DA38ED0454,2026-08-04,08:33:16,31.25,100.0,2.0,24.053,121.599
74DA38ED059C,2026-08-04,08:33:24,31.86,84.0,3.0,23.706,121.412
74DA38F210F6,2026-08-04,08:33:44,31.75,100.0,3.0,22.757426,121.158891
74DA38ED05B6,2026-08-04,08:33:48,32.11,96.0,2.0,23.43,121.348
74DA38F7C27E,2026-08-04,08:33:49,31.86,89.0,3.0,25.053,121.444
74DA38F20DE0,2026-08-04,08:33:55,31.0,100.0,0.0,22.589,120.328
74DA38F20A78,2026-08-04,08:34:02,33.25,100.0,1.0,22.904,121.124
74DA38F20EB2,2026-08-04,08:34:10,30.61,100.0,11.0,24.324,120.835
74DA38F7C560,2026-08-04,08:34:19,33.75,-66.0,0.0,25.079,121.671
74DA38F7C480,2026-08-04,08:34:25,32.11,100.0,0.0,25.061,121.432
74DA38F7C41E,2026-08-04,08:34:32,31.75,74.0,0.0,25.054,121.517
74DA38F7C610,2026-08-04,08:34:34,31.5,83.0,3.0,25.063,121.564
74DA38F207DE,2026-08-04,08:34:36,32.0,100.0,16.0,22.603,120.34
74DA38F21204,2026-08-04,08:34:36,30.61,100.0,0.0,25.062,121.451
74DA38F7C47C,2026-08-04,08:34:37,32.5,87.0,93.0,25.055,121.455
74DA38F7C4CC,2026-08-04,08:34:43,32.61,100.0,1.0,25.062,121.451
74DA38F20C26,2026-08-04,08:34:47,32.75,79.0,13.0,22.676,120.342
74DA38F21088,2026-08-04,08:34:51,33.11,100.0,0.0,25.068,121.588
74DA38ED0640,2026-08-04,08:34:52,30.75,100.0,2.0,23.154,121.266
74DA38F20D2E,2026-08-04,08:34:55,32.0,100.0,0.0,25.06,121.545
74DA38F7C366,2026-08-04,08:35:05,33.25,100.0,0.0,25.002,121.516
74DA38F7C5E6,2026-08-04,08:35:08,34.75,100.0,1.0,25.107,121.843
74DA38F7C59C,2026-08-04,08:35:10,31.25,70.0,3.0,25.103,121.487
74DA38F7C3B2,2026-08-04,08:35:11,33.0,60.0,0.0,24.929,121.378
74DA38F7C3DC,2026-08-04,08:35:14,32.61,100.0,3.0,25.003,121.539
74DA38ED05EA,2026-08-04,08:35:15,32.11,100.0,2.0,23.394,121.357
74DA38F210A2,2026-08-04,08:35:16,31.75,100.0,0.0,25.12,121.466
74DA38F20D70,2026-08-04,08:35:22,33.36,87.0,0.0,23.05,121.164
74DA38F20F0A,2026-08-04,08:35:22,29.5,100.0,17.0,22.995,120.635
74DA38F21048,2026-08-04,08:35:30,30.25,100.0,18.0,22.595,120.341
74DA38F7C506,2026-08-04,08:35:34,33.86,100.0,0.0,24.996,121.544
74DA38F21054,2026-08-04,08:35:37,30.5,70.0,29.0,22.898,120.627
74DA38ED0630,2026-08-04,08:35:40,30.86,100.0,0.0,23.994,121.594
74DA38F209A8,2026-08-04,08:35:47,-4.0,0.0,0.0,22.401,120.577
74DA38F20B82,2026-08-04,08:35:51,-4.0,0.0,0.0,22.847,120.465
74DA38F7C30C,2026-08-04,08:35:51,32.86,76.0,0.0,24.975,121.532
74DA38F7C3BA,2026-08-04,08:35:51,-4.0,0.0,61.0,25.174,121.441
74DA38F7C3DE,2026-08-04,08:35:51,34.75,85.0,214.0,24.972,121.537
74DA38F7C616,2026-08-04,08:36:00,34.61,100.0,0.0,25.031,121.563
74DA38F20BF6,2026-08-04,08:36:01,29.25,100.0,14.0,22.582,120.368
74DA38F20D1A,2026-08-04,08:36:05,31.75,82.0,0.0,25.078,121.541
74DA38F20E9E,2026-08-04,08:36:05,29.86,100.0,4.0,24.648,121.151
74DA38F7C53C,2026-08-04,08:36:19,31.0,100.0,0.0,25.11,121.804
74DA38F20B12,2026-08-04,08:36:24,27.12,74.0,25.0,22.91,120.716
74DA38F20D16,2026-08-04,08:36:34,32.25,96.0,3.0,25.062,121.526
74DA38F7C42E,2026-08-04,08:36:37,32.61,100.0,0.0,24.969,121.514
74DA38F7C13A,2026-08-04,08:36:39,24.5,-18.0,0.0,25.069,121.359
74DA38F21136,2026-08-04,08:36:41,32.5,86.0,0.0,25.119,121.505
74DA38F20D6C,2026-08-04,08:36:52,30.61,89.0,0.0,22.661,120.301
74DA38F20C06,2026-08-04,08:36:53,31.5,60.0,4.0,24.874,121.02
74DA38F7C532,2026-08-04,08:36:58,32.0,83.0,3.0,25.059,121.499
74DA38F7C46C,2026-08-04,08:37:12,-4.0,0.0,0.0,25.288,121.544
74DA38F7C570,2026-08-04,08:37:12,33.36,100.0,0.0,25.239,121.63
74DA38F209EE,2026-08-04,08:37:15,30.5,100.0,0.0,23.026,121.33
74DA38F20862,2026-08-04,08:37:16,30.5,100.0,29.0,23.101,121.176
74DA38F7C5CE,2026-08-04,08:37:22,31.75,72.0,0.0,25.066,121.656
74DA38F20C22,2026-08-04,08:37:27,33.0,100.0,0.0,22.729,120.357
74DA38F7C524,2026-08-04,08:37:29,33.5,100.0,1.0,25.002,121.552
74DA38F7C54E,2026-08-04,08:37:30,32.0,96.0,0.0,25.063,121.661
74DA38F7C5A0,2026-08-04,08:37:36,31.75,86.0,0.0,25.107,121.518
74DA38F7C5AA,2026-08-04,08:37:38,32.5,100.0,0.0,25.0,121.479
74DA38F208E2,2026-08-04,08:37:40,30.86,100.0,3.0,24.688,121.766
74DA38ED04F2,2026-08-04,08:37:42,30.25,100.0,2.0,23.468,121.496
74DA38F7C338,2026-08-04,08:37:43,31.11,98.0,2.0,25.011,121.458
74DA38F7C47E,2026-08-04,08:37:54,32.0,100.0,4.0,25.053963,121.427681
74DA38F209DE,2026-08-04,08:37:58,32.36,100.0,0.0,24.861,120.964
74DA38F7C5BE,2026-08-04,08:37:58,31.36,79.0,4.0,25.092,121.523
74DA38F20A30,2026-08-04,08:38:00,32.61,69.0,1.0,24.948,121.372
74DA38F21024,2026-08-04,08:38:11,30.11,100.0,0.0,24.93,121.036
74DA38F20E6E,2026-08-04,08:38:14,29.0,97.0,0.0,24.41,120.902
74DA38F7C514,2026-08-04,08:38:19,32.36,100.0,3.0,25.051,121.518
74DA38F7C3D6,2026-08-04,08:38:22,34.11,100.0,0.0,25.045,121.541
74DA38F20FFE,2026-08-04,08:38:23,31.25,100.0,9.0,22.894,120.298
74DA38F2105C,2026-08-04,08:38:34,32.0,100.0,0.0,25.088,121.599
74DA38F20B5C,2026-08-04,08:38:39,31.75,100.0,16.0,22.798,120.293
74DA38ED06E0,2026-08-04,08:38:43,30.86,99.0,5.0,23.601,121.521
74DA38F20B88,2026-08-04,08:38:43,29.86,100.0,1.0,22.75,120.316
74DA38F7C430,2026-08-04,08:38:48,35.25,67.0,0.0,24.981,121.423
74DA38F7C39A,2026-08-04,08:38:50,33.36,100.0,0.0,25.002,121.414
74DA38F7C600,2026-08-04,08:38:57,23.5,48.0,2.0,25.07,121.586
74DA38F209B2,2026-08-04,08:39:00,30.61,100.0,0.0,22.363,120.599
74DA38F209F8,2026-08-04,08:39:00,30.0,100.0,0.0,23.157,121.4
74DA38F7C310,2026-08-04,08:39:03,32.36,100.0,0.0,25.09,121.464
74DA38F7C37C,2026-08-04,08:39:06,32.5,-66.0,0.0,25.111,121.856
74DA38F20B80,2026-08-04,08:39:09,31.0,100.0,0.0,22.599,120.35
74DA38F20F1C,2026-08-04,08:39:09,31.75,100.0,20.0,25.062,121.451
74DA38F20934,2026-08-04,08:39:20,29.86,76.0,2.0,23.002,121.29
74DA38ED0454,2026-08-04,08:39:21,31.36,100.0,2.0,24.053,121.599
74DA38ED059C,2026-08-04,08:39:31,31.75,85.0,5.0,23.706,121.412
74DA38F210F6,2026-08-04,08:39:49,31.75,100.0,2.0,22.757426,121.158891
74DA38ED05B6,2026-08-04,08:39:52,32.25,96.0,3.0,23.43,121.348
74DA38F7C27E,2026-08-04,08:39:54,31.86,89.0,3.0,25.053,121.444
74DA38F20A78,2026-08-04,08:40:09,32.75,100.0,1.0,22.904,121.124
74DA38F20EB2,2026-08-04,08:40:18,30.5,100.0,11.0,24.324,120.835
74DA38F2113E,2026-08-04,08:40:22,-4.0,0.0,0.0,22.728,120.313
74DA38F20DE0,2026-08-04,08:40:23,31.25,100.0,0.0,22.589,120.328
74DA38F7C47C,2026-08-04,08:40:32,32.5,87.0,90.0,25.055,121.455
74DA38F7C63C,2026-08-04,08:40:32,60.62,100.0,0.0,24.998,121.425
74DA38F20B26,2026-08-04,08:40:35,30.86,100.0,14.0,22.783,120.247
74DA38F7C610,2026-08-04,08:40:39,31.61,83.0,4.0,25.063,121.564
74DA38F207DE,2026-08-04,08:40:40,32.0,100.0,16.0,22.603,120.34
74DA38F21204,2026-08-04,08:40:42,30.61,100.0,1.0,25.062,121.451
74DA38F7C560,2026-08-04,08:40:47,33.61,-66.0,0.0,25.079,121.671
74DA38F7C4CC,2026-08-04,08:40:48,32.86,100.0,0.0,25.062,121.451
74DA38F7C592,2026-08-04,08:40:49,-4.0,0.0,0.0,25.224,121.637
74DA38F7C480,2026-08-04,08:40:52,32.0,100.0,0.0,25.061,121.432
74DA38F20C26,2026-08-04,08:40:54,32.61,78.0,12.0,22.676,120.342
74DA38ED0640,2026-08-04,08:41:01,30.61,100.0,2.0,23.154,121.266
74DA38F7C41E,2026-08-04,08:41:01,31.61,74.0,0.0,25.054,121.517
74DA38F7C366,2026-08-04,08:41:11,33.25,100.0,0.0,25.002,121.516
74DA38F7C5E6,2026-08-04,08:41:13,34.86,100.0,1.0,25.107,121.843
74DA38F7C3B2,2026-08-04,08:41:17,32.86,60.0,0.0,24.929,121.378
74DA38F21088,2026-08-04,08:41:19,33.11,100.0,0.0,25.068,121.588
74DA38F7C53A,2026-08-04,08:41:19,-4.0,0.0,0.0,25.067,121.641
74DA38ED05EA,2026-08-04,08:41:20,32.11,100.0,2.0,23.394,121.357
74DA38F7C3DC,2026-08-04,08:41:20,32.5,100.0,3.0,25.003,121.539
74DA38F210A2,2026-08-04,08:41:21,31.61,100.0,0.0,25.12,121.466
74DA38F20D2E,2026-08-04,08:41:23,31.86,100.0,0.0,25.06,121.545
74DA38F7C4DE,2026-08-04,08:41:23,31.75,100.0,0.0,25.09,121.462
74DA38F20D70,2026-08-04,08:41:28,32.75,88.0,0.0,23.05,121.164
74DA38F20F0A,2026-08-04,08:41:30,29.5,100.0,18.0,22.995,120.635
74DA38F7C59C,2026-08-04,08:41:37,31.25,70.0,3.0,25.103,121.487
74DA38F21054,2026-08-04,08:41:43,30.61,70.0,29.0,22.898,120.627
74DA38F7C3DE,2026-08-04,08:41:45,34.61,85.0,215.0,24.972,121.537
74DA38F21048,2026-08-04,08:42:01,30.36,100.0,19.0,22.595,120.341
74DA38F20BF6,2026-08-04,08:42:06,29.36,100.0,14.0,22.582,120.368
74DA38ED0630,2026-08-04,08:42:07,30.86,100.0,0.0,23.994,121.594
74DA38F7C506,2026-08-04,08:42:07,33.61,100.0,0.0,24.996,121.544
74DA38F20E9E,2026-08-04,08:42:10,30.0,100.0,3.0,24.648,121.151
74DA38F7C616,2026-08-04,08:42:17,34.36,100.0,0.0,25.031,121.563
74DA38F7C566,2026-08-04,08:42:18,34.75,91.0,0.0,25.051,121.448
74DA38F20B12,2026-08-04,08:42:32,27.25,77.0,26.0,22.91,120.716
74DA38F20D1A,2026-08-04,08:42:33,32.0,82.0,0.0,25.078,121.541
74DA38F20D16,2026-08-04,08:42:39,32.25,96.0,3.0,25.062,121.526
74DA38F7C53C,2026-08-04,08:42:46,30.75,100.0,0.0,25.11,121.804
74DA38F20C06,2026-08-04,08:42:59,31.75,60.0,4.0,24.874,121.02
74DA38F7C532,2026-08-04,08:43:04,31.86,83.0,3.0,25.059,121.499
74DA38F7C13A,2026-08-04,08:43:07,24.25,-21.0,0.0,25.069,121.359
74DA38F7C42E,2026-08-04,08:43:08,32.5,100.0,0.0,24.969,121.514
74DA38F21136,2026-08-04,08:43:15,32.5,86.0,0.0,25.119,121.505
74DA38F209EE,2026-08-04,08:43:20,30.36,100.0,0.0,23.026,121.33
74DA38F20D6C,2026-08-04,08:43:20,30.5,89.0,0.0,22.661,120.301
74DA38F20862,2026-08-04,08:43:36,30.36,100.0,31.0,23.101,121.176
74DA38F7C570,2026-08-04,08:43:38,33.36,100.0,0.0,25.239,121.63
74DA38F21170,2026-08-04,08:43:42,33.11,69.0,1.0,22.779,121.088
74DA38F208E2,2026-08-04,08:43:46,30.86,100.0,3.0,24.688,121.766
74DA38ED04F2,2026-08-04,08:43:48,30.11,100.0,3.0,23.468,121.496
74DA38F7C5CE,2026-08-04,08:43:48,31.75,73.0,0.0,25.066,121.656
74DA38F20C22,2026-08-04,08:43:55,33.0,100.0,0.0,22.729,120.357
74DA38F7C338,2026-08-04,08:43:56,31.25,98.0,2.0,25.011,121.458
74DA38F2104E,2026-08-04,08:43:57,29.11,100.0,27.0,23.108,120.7
74DA38F7C524,2026-08-04,08:43:59,33.25,100.0,0.0,25.002,121.552
74DA38F7C54E,2026-08-04,08:43:59,32.0,97.0,0.0,25.063,121.661
74DA38F7C47E,2026-08-04,08:44:00,32.36,100.0,4.0,25.053963,121.427681
74DA38F7C5BE,2026-08-04,08:44:03,31.36,78.0,4.0,25.092,121.523
74DA38F7C5A0,2026-08-04,08:44:04,31.86,86.0,0.0,25.107,121.518
74DA38F7C5AA,2026-08-04,08:44:13,32.5,100.0,0.0,25.0,121.479
74DA38F20D1E,2026-08-04,08:44:16,32.36,100.0,5.0,25.048,121.573
74DA38F20E6E,2026-08-04,08:44:18,29.0,96.0,0.0,24.41,120.902
74DA38F209DE,2026-08-04,08:44:26,32.36,100.0,0.0,24.861,120.964
74DA38F7C514,2026-08-04,08:44:26,32.36,100.0,4.0,25.051,121.518
74DA38F7C3BA,2026-08-04,08:44:29,-4.0,0.0,56.0,25.174,121.441
74DA38F20A30,2026-08-04,08:44:35,32.75,70.0,0.0,24.948,121.372
74DA38F21024,2026-08-04,08:44:38,30.0,100.0,0.0,24.93,121.036
74DA38F20B5C,2026-08-04,08:44:44,31.61,100.0,16.0,22.798,120.293
74DA38F20FFE,2026-08-04,08:44:46,31.25,100.0,9.0,22.894,120.298
74DA38F7C3D6,2026-08-04,08:44:48,33.86,100.0,0.0,25.045,121.541
74DA38ED06E0,2026-08-04,08:44:51,30.86,99.0,5.0,23.601,121.521
74DA38F2105C,2026-08-04,08:45:01,31.86,100.0,0.0,25.088,121.599
74DA38F7C600,2026-08-04,08:45:02,23.62,48.0,2.0,25.07,121.586
74DA38F7C310,2026-08-04,08:45:07,32.25,100.0,1.0,25.09,121.464
74DA38F20B88,2026-08-04,08:45:09,29.75,100.0,1.0,22.75,120.316
74DA38F7C430,2026-08-04,08:45:15,35.11,66.0,0.0,24.981,121.423
74DA38F7C39A,2026-08-04,08:45:18,33.5,100.0,0.0,25.002,121.414
74DA38F20F1C,2026-08-04,08:45:21,31.75,100.0,22.0,25.062,121.451
74DA38F20B82,2026-08-04,08:45:22,-4.0,0.0,0.0,22.847,120.465
74DA38ED0454,2026-08-04,08:45:26,31.36,100.0,3.0,24.053,121.599
74DA38F209A8,2026-08-04,08:45:26,-4.0,0.0,0.0,22.401,120.577
74DA38F20934,2026-08-04,08:45:27,29.86,76.0,2.0,23.002,121.29
74DA38F209F8,2026-08-04,08:45:28,30.0,100.0,0.0,23.157,121.4
74DA38F209B2,2026-08-04,08:45:29,30.5,100.0,0.0,22.363,120.599
74DA38F20B80,2026-08-04,08:45:36,30.86,100.0,0.0,22.599,120.35
74DA38ED059C,2026-08-04,08:45:37,31.86,86.0,2.0,23.706,121.412
74DA38F210F6,2026-08-04,08:45:53,31.86,100.0,2.0,22.757426,121.158891
74DA38F7C260,2026-08-04,08:45:55,34.75,92.0,0.0,25.065,121.425
74DA38F7C37C,2026-08-04,08:45:55,32.11,-66.0,0.0,25.111,121.856
74DA38ED05B6,2026-08-04,08:45:58,32.25,96.0,1.0,23.43,121.348
74DA38F7C27E,2026-08-04,08:45:58,31.86,89.0,3.0,25.053,121.444
74DA38F20A78,2026-08-04,08:46:14,32.5,100.0,1.0,22.904,121.124
74DA38F20EB2,2026-08-04,08:46:23,30.25,100.0,12.0,24.324,120.835
74DA38F7C47C,2026-08-04,08:46:24,32.5,87.0,106.0,25.055,121.455
74DA38F207DE,2026-08-04,08:46:45,32.0,100.0,16.0,22.603,120.34
74DA38F7C610,2026-08-04,08:46:45,31.5,83.0,4.0,25.063,121.564
74DA38F21204,2026-08-04,08:46:49,30.61,100.0,1.0,25.062,121.451
74DA38F7C46C,2026-08-04,08:46:51,-4.0,0.0,0.0,25.288,121.544
74DA38F20DE0,2026-08-04,08:46:54,31.25,100.0,1.0,22.589,120.328
74DA38F7C4CC,2026-08-04,08:46:54,32.75,100.0,1.0,25.062,121.451
74DA38F20C26,2026-08-04,08:47:01,32.36,78.0,11.0,22.676,120.342
74DA38ED0640,2026-08-04,08:47:09,30.36,100.0,2.0,23.154,121.266
74DA38F7C560,2026-08-04,08:47:15,33.5,-66.0,0.0,25.079,121.671
74DA38F7C5E6,2026-08-04,08:47:18,34.86,100.0,1.0,25.107,121.843
74DA38F7C480,2026-08-04,08:47:20,32.11,100.0,0.0,25.061,121.432
74DA38F7C3B2,2026-08-04,08:47:22,32.86,60.0,0.0,24.929,121.378
74DA38ED05EA,2026-08-04,08:47:25,32.0,100.0,1.0,23.394,121.357
74DA38F7C3DC,2026-08-04,08:47:25,32.36,100.0,3.0,25.003,121.539
74DA38F210A2,2026-08-04,08:47:27,31.61,100.0,0.0,25.12,121.466
74DA38F7C41E,2026-08-04,08:47:31,31.75,74.0,0.0,25.054,121.517
74DA38F20D70,2026-08-04,08:47:33,32.25,90.0,0.0,23.05,121.164
74DA38F7C4DE,2026-08-04,08:47:35,31.75,100.0,0.0,25.09,121.462
74DA38F2113E,2026-08-04,08:47:37,-4.0,0.0,0.0,22.728,120.313
74DA38F20F0A,2026-08-04,08:47:38,29.36,100.0,17.0,22.995,120.635
74DA38F7C3DE,2026-08-04,08:47:40,34.61,85.0,213.0,24.972,121.537
74DA38F21088,2026-08-04,08:47:46,32.86,100.0,0.0,25.068,121.588
74DA38F20D2E,2026-08-04,08:47:51,31.75,100.0,0.0,25.06,121.545
74DA38F21054,2026-08-04,08:47:52,30.61,70.0,28.0,22.898,120.627
74DA38F7C59C,2026-08-04,08:48:04,31.11,68.0,3.0,25.103,121.487
74DA38F20BF6,2026-08-04,08:48:10,29.36,100.0,15.0,22.582,120.368
74DA38F20E9E,2026-08-04,08:48:15,29.86,100.0,4.0,24.648,121.151
74DA38F7C616,2026-08-04,08:48:27,34.5,100.0,0.0,25.031,121.563
74DA38F21048,2026-08-04,08:48:31,30.25,100.0,19.0,22.595,120.341
74DA38ED0630,2026-08-04,08:48:34,30.86,100.0,0.0,23.994,121.594
74DA38F20B12,2026-08-04,08:48:42,27.37,79.0,27.0,22.91,120.716
74DA38F7C566,2026-08-04,08:48:45,34.75,91.0,0.0,25.051,121.448
74DA38F20D16,2026-08-04,08:48:46,32.11,96.0,3.0,25.062,121.526
74DA38F7C506,2026-08-04,08:48:52,33.5,100.0,0.0,24.996,121.544
74DA38F20D1A,2026-08-04,08:49:01,31.75,81.0,0.0,25.078,121.541
74DA38F20C06,2026-08-04,08:49:05,32.0,60.0,4.0,24.874,121.02
74DA38F7C532,2026-08-04,08:49:13,31.75,85.0,3.0,25.059,121.499
74DA38F7C53C,2026-08-04,08:49:13,30.75,100.0,0.0,25.11,121.804
74DA38F209EE,2026-08-04,08:49:26,30.36,100.0,0.0,23.026,121.33
74DA38F21136,2026-08-04,08:49:26,32.36,85.0,0.0,25.119,121.505
74DA38F7C13A,2026-08-04,08:49:34,24.25,-23.0,0.0,25.069,121.359
74DA38F20D6C,2026-08-04,08:49:46,30.36,89.0,0.0,22.661,120.301
74DA38F21170,2026-08-04,08:49:48,33.0,70.0,1.0,22.779,121.088
74DA38F208E2,2026-08-04,08:49:51,30.75,100.0,3.0,24.688,121.766
74DA38ED04F2,2026-08-04,08:49:56,30.11,100.0,3.0,23.468,121.496
74DA38F20862,2026-08-04,08:49:59,30.36,100.0,30.0,23.101,121.176
74DA38F7C63C,2026-08-04,08:50:04,60.62,100.0,0.0,24.998,121.425
74DA38F7C47E,2026-08-04,08:50:05,32.25,100.0,4.0,25.053963,121.427681
74DA38F2104E,2026-08-04,08:50:06,29.11,100.0,29.0,23.108,120.7
74DA38F7C570,2026-08-04,08:50:07,33.11,100.0,0.0,25.239,121.63
74DA38F7C5BE,2026-08-04,08:50:09,31.5,78.0,3.0,25.092,121.523
74DA38F7C5CE,2026-08-04,08:50:15,31.86,75.0,0.0,25.066,121.656
74DA38F20E6E,2026-08-04,08:50:21,29.0,97.0,0.0,24.41,120.902
74DA38F20C22,2026-08-04,08:50:22,33.0,100.0,1.0,22.729,120.357
74DA38F7C592,2026-08-04,08:50:27,-4.0,0.0,0.0,25.224,121.637
74DA38F7C524,2026-08-04,08:50:28,33.11,100.0,0.0,25.002,121.552
74DA38F7C54E,2026-08-04,08:50:30,31.86,99.0,0.0,25.063,121.661
74DA38F7C5A0,2026-08-04,08:50:31,31.75,86.0,0.0,25.107,121.518
74DA38F7C514,2026-08-04,08:50:32,32.36,100.0,4.0,25.051,121.518
74DA38F7C5AA,2026-08-04,08:50:44,32.36,100.0,0.0,25.0,121.479
74DA38F20B5C,2026-08-04,08:50:49,31.5,100.0,16.0,22.798,120.293
74DA38F20D1E,2026-08-04,08:50:50,32.25,100.0,5.0,25.048,121.573
74DA38F209DE,2026-08-04,08:50:52,32.36,100.0,0.0,24.861,120.964
74DA38ED06E0,2026-08-04,08:50:57,30.75,98.0,5.0,23.601,121.521
74DA38F21024,2026-08-04,08:51:05,29.75,100.0,0.0,24.93,121.036
74DA38F7C53A,2026-08-04,08:51:06,-4.0,0.0,0.0,25.067,121.641
74DA38F20A30,2026-08-04,08:51:08,32.61,69.0,1.0,24.948,121.372
74DA38F7C600,2026-08-04,08:51:08,23.5,48.0,2.0,25.07,121.586
74DA38F7C310,2026-08-04,08:51:11,32.25,100.0,1.0,25.09,121.464
74DA38F7C3D6,2026-08-04,08:51:14,33.75,100.0,0.0,25.045,121.541
74DA38F20F1C,2026-08-04,08:51:27,31.75,100.0,17.0,25.062,121.451
74DA38F20FFE,2026-08-04,08:51:28,31.25,100.0,8.0,22.894,120.298
74DA38F2105C,2026-08-04,08:51:28,31.86,100.0,0.0,25.088,121.599
74DA38ED0454,2026-08-04,08:51:32,31.36,100.0,2.0,24.053,121.599
74DA38F20B88,2026-08-04,08:51:37,30.0,100.0,0.0,22.75,120.316
74DA38F20934,2026-08-04,08:51:38,29.86,76.0,2.0,23.002,121.29
74DA38ED059C,2026-08-04,08:51:43,31.86,85.0,1.0,23.706,121.412
74DA38F7C430,2026-08-04,08:51:43,35.0,66.0,0.0,24.981,121.423
74DA38F7C39A,2026-08-04,08:51:45,33.5,100.0,0.0,25.002,121.414
74DA38F209F8,2026-08-04,08:51:55,29.75,100.0,0.0,23.157,121.4
74DA38F209B2,2026-08-04,08:51:56,30.5,100.0,0.0,22.363,120.599
74DA38F210F6,2026-08-04,08:51:58,31.86,100.0,2.0,22.757426,121.158891
74DA38ED05B6,2026-08-04,08:52:03,32.11,96.0,1.0,23.43,121.348
74DA38F20B80,2026-08-04,08:52:03,30.86,100.0,0.0,22.599,120.35
74DA38F7C27E,2026-08-04,08:52:03,31.86,89.0,3.0,25.053,121.444
74DA38F20A78,2026-08-04,08:52:20,32.25,100.0,1.0,22.904,121.124
74DA38F7C260,2026-08-04,08:52:22,34.61,92.0,0.0,25.065,121.425
74DA38F20EB2,2026-08-04,08:52:28,30.25,100.0,14.0,24.324,120.835
74DA38F7C464,2026-08-04,08:52:48,28.86,31.0,0.0,25.006,121.413
74DA38F7C610,2026-08-04,08:52:50,31.5,83.0,3.0,25.063,121.564
74DA38F207DE,2026-08-04,08:52:52,32.0,100.0,17.0,22.603,120.34
74DA38F21204,2026-08-04,08:52:56,30.61,100.0,1.0,25.062,121.451
74DA38F7C4CC,2026-08-04,08:53:02,32.75,100.0,1.0,25.062,121.451
74DA38F20C26,2026-08-04,08:53:07,32.36,79.0,12.0,22.676,120.342
74DA38F20B26,2026-08-04,08:53:10,31.11,100.0,13.0,22.783,120.247
74DA38ED0640,2026-08-04,08:53:15,30.11,100.0,2.0,23.154,121.266
74DA38F7C3BA,2026-08-04,08:53:19,-4.0,0.0,52.0,25.174,121.441
74DA38F20DE0,2026-08-04,08:53:22,31.25,100.0,0.0,22.589,120.328
74DA38F7C5E6,2026-08-04,08:53:23,35.0,100.0,1.0,25.107,121.843
74DA38F7C3B2,2026-08-04,08:53:27,32.75,60.0,0.0,24.929,121.378
74DA38ED05EA,2026-08-04,08:53:30,31.86,100.0,1.0,23.394,121.357
74DA38F7C3DC,2026-08-04,08:53:30,32.36,100.0,3.0,25.003,121.539
74DA38F210A2,2026-08-04,08:53:32,31.61,100.0,0.0,25.12,121.466
74DA38F7C3DE,2026-08-04,08:53:35,34.5,85.0,210.0,24.972,121.537
74DA38F7C366,2026-08-04,08:53:39,33.11,100.0,0.0,25.002,121.516
74DA38F7C560,2026-08-04,08:53:43,33.25,-66.0,0.0,25.079,121.671
74DA38F20D70,2026-08-04,08:53:45,32.0,91.0,0.0,23.05,121.164
74DA38F20F0A,2026-08-04,08:53:46,29.25,100.0,16.0,22.995,120.635
74DA38F7C480,2026-08-04,08:53:46,32.0,100.0,0.0,25.061,121.432
74DA38F7C4DE,2026-08-04,08:53:53,31.75,100.0,0.0,25.09,121.462
74DA38F21054,2026-08-04,08:53:58,30.61,70.0,27.0,22.898,120.627
74DA38F7C41E,2026-08-04,08:54:01,31.75,74.0,0.0,25.054,121.517
74DA38F21088,2026-08-04,08:54:14,32.86,100.0,0.0,25.068,121.588
74DA38F20BF6,2026-08-04,08:54:16,29.36,100.0,15.0,22.582,120.368
74DA38F20D2E,2026-08-04,08:54:19,31.75,100.0,0.0,25.06,121.545
74DA38F20E9E,2026-08-04,08:54:20,29.86,100.0,2.0,24.648,121.151
74DA38F7C59C,2026-08-04,08:54:31,31.11,69.0,3.0,25.103,121.487
74DA38F7C616,2026-08-04,08:54:33,34.61,100.0,0.0,25.031,121.563
74DA38F20B12,2026-08-04,08:54:51,27.5,79.0,30.0,22.91,120.716
74DA38F20D16,2026-08-04,08:54:51,32.25,96.0,3.0,25.062,121.526
74DA38F20B82,2026-08-04,08:54:54,-4.0,0.0,0.0,22.847,120.465
74DA38F2113E,2026-08-04,08:54:56,-4.0,0.0,0.0,22.728,120.313
74DA38F21048,2026-08-04,08:54:59,30.25,100.0,17.0,22.595,120.341
74DA38ED0630,2026-08-04,08:55:02,30.86,100.0,0.0,23.994,121.594
74DA38F209A8,2026-08-04,08:55:05,-4.0,0.0,0.0,22.401,120.577
74DA38F20C06,2026-08-04,08:55:10,32.11,60.0,4.0,24.874,121.02
74DA38F7C506,2026-08-04,08:55:23,33.25,100.0,0.0,24.996,121.544
74DA38F20D1A,2026-08-04,08:55:28,31.75,81.0,0.0,25.078,121.541
74DA38F7C532,2026-08-04,08:55:28,31.75,84.0,3.0,25.059,121.499
74DA38F209EE,2026-08-04,08:55:31,30.36,100.0,0.0,23.026,121.33
74DA38F21136,2026-08-04,08:55:34,32.25,85.0,0.0,25.119,121.505
74DA38F7C30C,2026-08-04,08:55:38,32.61,76.0,0.0,24.975,121.532
74DA38F7C53C,2026-08-04,08:55:40,30.75,100.0,0.0,25.11,121.804
74DA38F208E2,2026-08-04,08:55:55,30.61,100.0,3.0,24.688,121.766
74DA38F21170,2026-08-04,08:55:55,33.0,68.0,0.0,22.779,121.088
74DA38F7C13A,2026-08-04,08:56:00,24.12,-25.0,0.0,25.069,121.359
74DA38ED04F2,2026-08-04,08:56:02,30.0,100.0,3.0,23.468,121.496
74DA38F7C47E,2026-08-04,08:56:10,32.0,100.0,4.0,25.053963,121.427681
74DA38F20D6C,2026-08-04,08:56:14,30.36,90.0,0.0,22.661,120.301
74DA38F2104E,2026-08-04,08:56:14,29.11,100.0,29.0,23.108,120.7
74DA38F7C5BE,2026-08-04,08:56:14,31.36,79.0,4.0,25.092,121.523
74DA38F20862,2026-08-04,08:56:21,30.25,100.0,29.0,23.101,121.176
74DA38F20E6E,2026-08-04,08:56:22,29.0,97.0,0.0,24.41,120.902
74DA38F7C46C,2026-08-04,08:56:33,-4.0,0.0,0.0,25.288,121.544
74DA38F7C42E,2026-08-04,08:56:34,32.5,100.0,0.0,24.969,121.514
74DA38F7C570,2026-08-04,08:56:34,33.0,100.0,0.0,25.239,121.63
74DA38F7C514,2026-08-04,08:56:38,32.25,100.0,4.0,25.051,121.518
74DA38F7C5CE,2026-08-04,08:56:42,32.0,75.0,0.0,25.066,121.656
74DA38F20C22,2026-08-04,08:56:49,32.86,100.0,3.0,22.729,120.357
74DA38F20B5C,2026-08-04,08:56:54,31.5,100.0,16.0,22.798,120.293
74DA38F7C524,2026-08-04,08:56:56,33.0,100.0,0.0,25.002,121.552
74DA38F7C54E,2026-08-04,08:56:56,31.86,100.0,0.0,25.063,121.661
74DA38F7C5A0,2026-08-04,08:56:58,31.75,86.0,0.0,25.107,121.518
74DA38ED06E0,2026-08-04,08:57:03,30.75,98.0,4.0,23.601,121.521
74DA38F7C338,2026-08-04,08:57:07,31.25,98.0,2.0,25.011,121.458
74DA38F20D1E,2026-08-04,08:57:09,32.25,100.0,5.0,25.048,121.573
74DA38F7C600,2026-08-04,08:57:13,23.62,48.0,2.0,25.07,121.586
74DA38F7C310,2026-08-04,08:57:17,32.11,100.0,1.0,25.09,121.464
74DA38F209DE,2026-08-04,08:57:19,32.5,100.0,0.0,24.861,120.964
74DA38F21024,2026-08-04,08:57:31,29.75,100.0,0.0,24.93,121.036
74DA38F20F1C,2026-08-04,08:57:32,31.75,100.0,17.0,25.062,121.451
74DA38ED0454,2026-08-04,08:57:37,31.36,100.0,3.0,24.053,121.599
74DA38F20A30,2026-08-04,08:57:37,32.5,69.0,0.0,24.948,121.372
74DA38F7C3D6,2026-08-04,08:57:41,33.75,100.0,0.0,25.045,121.541
74DA38F20FFE,2026-08-04,08:57:44,31.0,100.0,7.0,22.894,120.298
74DA38F20934,2026-08-04,08:57:45,29.86,76.0,2.0,23.002,121.29
74DA38ED059C,2026-08-04,08:57:51,31.5,87.0,1.0,23.706,121.412
74DA38F2105C,2026-08-04,08:57:54,31.86,100.0,0.0,25.088,121.599
74DA38F210F6,2026-08-04,08:58:03,31.86,100.0,3.0,22.757426,121.158891
74DA38F20B88,2026-08-04,08:58:04,29.86,100.0,0.0,22.75,120.316
74DA38F7C27E,2026-08-04,08:58:07,31.75,89.0,3.0,25.053,121.444
74DA38ED05B6,2026-08-04,08:58:08,31.75,97.0,1.0,23.43,121.348
74DA38F7C47C,2026-08-04,08:58:08,32.36,87.0,90.0,25.055,121.455
74DA38F7C39A,2026-08-04,08:58:12,33.36,100.0,0.0,25.002,121.414
74DA38F7C430,2026-08-04,08:58:12,35.0,67.0,0.0,24.981,121.423
74DA38F209F8,2026-08-04,08:58:22,29.75,100.0,0.0,23.157,121.4
74DA38F209B2,2026-08-04,08:58:23,30.36,100.0,0.0,22.363,120.599
74DA38F20A78,2026-08-04,08:58:26,32.25,100.0,1.0,22.904,121.124
74DA38F20B80,2026-08-04,08:58:28,30.75,100.0,0.0,22.599,120.35
74DA38F20EB2,2026-08-04,08:58:37,30.36,100.0,18.0,24.324,120.835
74DA38F7C260,2026-08-04,08:58:50,34.5,92.0,0.0,25.065,121.425
74DA38F7C610,2026-08-04,08:58:57,31.5,83.0,4.0,25.063,121.564
74DA38F207DE,2026-08-04,08:59:00,32.11,100.0,16.0,22.603,120.34
74DA38F21204,2026-08-04,08:59:05,30.61,100.0,1.0,25.062,121.451
74DA38F7C4CC,2026-08-04,08:59:08,32.75,100.0,1.0,25.062,121.451
74DA38F7C37C,2026-08-04,08:59:09,31.75,-66.0,0.0,25.111,121.856
74DA38F20C26,2026-08-04,08:59:14,32.36,79.0,12.0,22.676,120.342
74DA38F7C464,2026-08-04,08:59:14,28.75,31.0,0.0,25.006,121.413
74DA38F20B26,2026-08-04,08:59:18,31.0,100.0,13.0,22.783,120.247
74DA38ED0640,2026-08-04,08:59:21,30.0,100.0,2.0,23.154,121.266
74DA38F7C5E6,2026-08-04,08:59:28,35.0,100.0,1.0,25.107,121.843
74DA38F7C3DE,2026-08-04,08:59:30,34.5,85.0,228.0,24.972,121.537
74DA38F7C3B2,2026-08-04,08:59:33,32.61,60.0,0.0,24.929,121.378
74DA38ED05EA,2026-08-04,08:59:35,31.61,100.0,1.0,23.394,121.357
74DA38F7C3DC,2026-08-04,08:59:35,32.36,100.0,3.0,25.003,121.539
74DA38F7C63C,2026-08-04,08:59:37,60.62,100.0,1.0,24.998,121.425
74DA38F210A2,2026-08-04,08:59:38,31.61,100.0,0.0,25.12,121.466
74DA38F7C366,2026-08-04,08:59:44,32.86,100.0,0.0,25.002,121.516
74DA38F20DE0,2026-08-04,08:59:50,31.11,100.0,0.0,22.589,120.328
74DA38F20D70,2026-08-04,08:59:53,32.0,92.0,0.0,23.05,121.164
74DA38F20F0A,2026-08-04,08:59:53,29.25,100.0,16.0,22.995,120.635
74DA38F21054,2026-08-04,09:00:05,30.61,70.0,27.0,22.898,120.627
74DA38F7C592,2026-08-04,09:00:06,-4.0,0.0,0.0,25.224,121.637
74DA38F7C560,2026-08-04,09:00:10,33.11,-66.0,0.0,25.079,121.671
74DA38F7C480,2026-08-04,09:00:14,32.0,100.0,0.0,25.061,121.432
74DA38F20BF6,2026-08-04,09:00:20,29.5,100.0,15.0,22.582,120.368
74DA38F20E9E,2026-08-04,09:00:26,29.86,100.0,1.0,24.648,121.151
74DA38F7C41E,2026-08-04,09:00:29,31.61,74.0,0.0,25.054,121.517
74DA38F21088,2026-08-04,09:00:43,32.86,100.0,0.0,25.068,121.588
74DA38F7C616,2026-08-04,09:00:43,34.36,100.0,0.0,25.031,121.563
74DA38F20D2E,2026-08-04,09:00:46,31.5,100.0,0.0,25.06,121.545
74DA38F7C53A,2026-08-04,09:00:54,-4.0,0.0,0.0,25.067,121.641
74DA38F20D16,2026-08-04,09:00:55,32.25,96.0,4.0,25.062,121.526
74DA38F7C59C,2026-08-04,09:00:58,31.0,69.0,3.0,25.103,121.487
74DA38F20B12,2026-08-04,09:01:01,27.37,76.0,30.0,22.91,120.716
74DA38F20C06,2026-08-04,09:01:15,32.36,60.0,4.0,24.874,121.02
74DA38F21048,2026-08-04,09:01:28,30.25,100.0,18.0,22.595,120.341
74DA38ED0630,2026-08-04,09:01:29,30.75,100.0,0.0,23.994,121.594
74DA38F7C532,2026-08-04,09:01:32,31.75,85.0,3.0,25.059,121.499
74DA38F209EE,2026-08-04,09:01:37,30.25,100.0,0.0,23.026,121.33
74DA38F21136,2026-08-04,09:01:47,32.11,86.0,0.0,25.119,121.505
74DA38F7C506,2026-08-04,09:01:50,33.25,100.0,0.0,24.996,121.544
74DA38F7C566,2026-08-04,09:01:50,34.61,90.0,0.0,25.051,121.448
74DA38F7C30C,2026-08-04,09:01:52,32.5,76.0,0.0,24.975,121.532
74DA38F20D1A,2026-08-04,09:01:57,31.75,82.0,0.0,25.078,121.541
74DA38F208E2,2026-08-04,09:02:00,30.61,100.0,3.0,24.688,121.766
74DA38F21170,2026-08-04,09:02:03,32.61,70.0,1.0,22.779,121.088
74DA38F7C53C,2026-08-04,09:02:06,30.61,100.0,0.0,25.11,121.804
74DA38ED04F2,2026-08-04,09:02:11,29.86,100.0,3.0,23.468,121.496
74DA38F7C3BA,2026-08-04,09:02:12,-4.0,0.0,53.0,25.174,121.441
74DA38F7C47E,2026-08-04,09:02:15,32.11,100.0,4.0,25.053963,121.427681
74DA38F7C5BE,2026-08-04,09:02:19,31.25,79.0,4.0,25.092,121.523
74DA38F20E6E,2026-08-04,09:02:24,29.11,97.0,0.0,24.41,120.902
74DA38F2104E,2026-08-04,09:02:24,29.11,100.0,30.0,23.108,120.7
74DA38F2113E,2026-08-04,09:02:29,-4.0,0.0,0.0,22.728,120.313
74DA38F7C13A,2026-08-04,09:02:29,24.0,-28.0,0.0,25.069,121.359
74DA38F20D6C,2026-08-04,09:02:41,30.5,89.0,0.0,22.661,120.301
74DA38F20862,2026-08-04,09:02:42,30.11,100.0,35.0,23.101,121.176
74DA38F7C514,2026-08-04,09:02:45,32.11,100.0,4.0,25.051,121.518
74DA38F20B5C,2026-08-04,09:02:59,31.61,100.0,16.0,22.798,120.293
74DA38F7C570,2026-08-04,09:03:01,32.61,100.0,0.0,25.239,121.63
74DA38F7C42E,2026-08-04,09:03:02,32.5,100.0,0.0,24.969,121.514
74DA38ED06E0,2026-08-04,09:03:09,30.61,98.0,4.0,23.601,121.521
74DA38F7C5CE,2026-08-04,09:03:09,32.0,75.0,0.0,25.066,121.656
74DA38F20C22,2026-08-04,09:03:17,32.86,100.0,3.0,22.729,120.357
74DA38F7C600,2026-08-04,09:03:19,23.5,48.0,2.0,25.07,121.586
74DA38F7C310,2026-08-04,09:03:21,32.11,100.0,1.0,25.09,121.464
74DA38F7C524,2026-08-04,09:03:25,33.0,100.0,0.0,25.002,121.552
74DA38F7C54E,2026-08-04,09:03:25,31.61,100.0,0.0,25.063,121.661
74DA38F7C5A0,2026-08-04,09:03:26,31.75,86.0,0.0,25.107,121.518
74DA38F20F1C,2026-08-04,09:03:38,31.75,100.0,16.0,25.062,121.451
74DA38ED0454,2026-08-04,09:03:43,31.36,100.0,3.0,24.053,121.599
74DA38F7C338,2026-08-04,09:03:45,31.25,98.0,2.0,25.011,121.458
74DA38F209DE,2026-08-04,09:03:47,32.25,100.0,0.0,24.861,120.964
74DA38F20FFE,2026-08-04,09:03:54,31.0,100.0,8.0,22.894,120.298
74DA38F7C5AA,2026-08-04,09:03:54,32.11,100.0,0.0,25.0,121.479
74DA38ED059C,2026-08-04,09:03:57,31.5,87.0,2.0,23.706,121.412
74DA38F21024,2026-08-04,09:03:58,29.61,100.0,0.0,24.93,121.036
74DA38F20934,2026-08-04,09:03:59,30.0,76.0,2.0,23.002,121.29
74DA38F7C47C,2026-08-04,09:04:01,32.36,87.0,93.0,25.055,121.455
74DA38F210F6,2026-08-04,09:04:07,31.75,100.0,2.0,22.757426,121.158891
74DA38F7C3D6,2026-08-04,09:04:07,33.36,100.0,0.0,25.045,121.541
74DA38F20A30,2026-08-04,09:04:08,32.36,70.0,0.0,24.948,121.372
74DA38F7C27E,2026-08-04,09:04:12,31.75,89.0,3.0,25.053,121.444
74DA38ED05B6,2026-08-04,09:04:13,31.5,98.0,1.0,23.43,121.348
74DA38F2105C,2026-08-04,09:04:22,31.61,100.0,0.0,25.088,121.599
74DA38F20B82,2026-08-04,09:04:25,-4.0,0.0,0.0,22.847,120.465
74DA38F20A78,2026-08-04,09:04:32,32.0,100.0,1.0,22.904,121.124
74DA38F20B88,2026-08-04,09:04:32,29.75,100.0,0.0,22.75,120.316
74DA38F7C39A,2026-08-04,09:04:40,33.25,100.0,0.0,25.002,121.414
74DA38F7C430,2026-08-04,09:04:41,34.75,66.0,0.0,24.981,121.423
74DA38F209A8,2026-08-04,09:04:44,-4.0,0.0,0.0,22.401,120.577
74DA38F20EB2,2026-08-04,09:04:46,30.36,100.0,19.0,24.324,120.835
74DA38F209B2,2026-08-04,09:04:51,30.25,100.0,0.0,22.363,120.599
74DA38F209F8,2026-08-04,09:04:51,29.75,100.0,0.0,23.157,121.4
74DA38F20B80,2026-08-04,09:04:55,30.86,100.0,0.0,22.599,120.35
74DA38F7C610,2026-08-04,09:05:01,31.36,84.0,4.0,25.063,121.564
74DA38F207DE,2026-08-04,09:05:06,32.11,100.0,17.0,22.603,120.34
74DA38F21204,2026-08-04,09:05:12,30.5,100.0,0.0,25.062,121.451
74DA38F7C4CC,2026-08-04,09:05:14,32.61,100.0,1.0,25.062,121.451
74DA38F7C260,2026-08-04,09:05:15,34.36,92.0,0.0,25.065,121.425
74DA38F20C26,2026-08-04,09:05:22,32.61,78.0,11.0,22.676,120.342
74DA38F20B26,2026-08-04,09:05:23,31.0,100.0,12.0,22.783,120.247
74DA38F7C3DE,2026-08-04,09:05:25,34.36,85.0,215.0,24.972,121.537
74DA38ED0640,2026-08-04,09:05:27,29.86,100.0,2.0,23.154,121.266
74DA38F7C5E6,2026-08-04,09:05:33,35.11,100.0,1.0,25.107,121.843
74DA38F7C3B2,2026-08-04,09:05:38,32.5,60.0,0.0,24.929,121.378
74DA38F7C3DC,2026-08-04,09:05:40,32.36,100.0,3.0,25.003,121.539
74DA38ED05EA,2026-08-04,09:05:41,31.5,100.0,1.0,23.394,121.357
74DA38F210A2,2026-08-04,09:05:43,31.61,100.0,0.0,25.12,121.466
74DA38F7C464,2026-08-04,09:05:44,28.61,31.0,0.0,25.006,121.413
74DA38F7C366,2026-08-04,09:05:50,32.86,100.0,0.0,25.002,121.516
74DA38F20D70,2026-08-04,09:05:59,31.86,92.0,0.0,23.05,121.164
74DA38F20F0A,2026-08-04,09:05:59,29.25,100.0,14.0,22.995,120.635
74DA38F21054,2026-08-04,09:06:12,30.61,70.0,27.0,22.898,120.627
74DA38F7C46C,2026-08-04,09:06:13,-4.0,0.0,0.0,25.288,121.544
74DA38F20DE0,2026-08-04,09:06:17,31.5,100.0,0.0,22.589,120.328
74DA38F20BF6,2026-08-04,09:06:24,29.5,100.0,15.0,22.582,120.368
74DA38F20E9E,2026-08-04,09:06:31,29.75,100.0,1.0,24.648,121.151
74DA38F7C560,2026-08-04,09:06:38,33.0,-67.0,0.0,25.079,121.671
74DA38F7C480,2026-08-04,09:06:42,32.0,100.0,0.0,25.061,121.432
74DA38F7C4DE,2026-08-04,09:06:50,31.36,100.0,0.0,25.09,121.462
74DA38F7C616,2026-08-04,09:06:52,34.5,100.0,0.0,25.031,121.563
74DA38F7C41E,2026-08-04,09:06:56,31.75,75.0,0.0,25.054,121.517
74DA38F20D16,2026-08-04,09:07:00,32.11,97.0,3.0,25.062,121.526
74DA38F21088,2026-08-04,09:07:10,32.61,100.0,0.0,25.068,121.588
74DA38F20B12,2026-08-04,09:07:12,27.25,74.0,28.0,22.91,120.716
74DA38F20D2E,2026-08-04,09:07:14,31.36,100.0,0.0,25.06,121.545
74DA38F20C06,2026-08-04,09:07:20,32.5,60.0,4.0,24.874,121.02
74DA38F7C59C,2026-08-04,09:07:25,31.0,68.0,3.0,25.103,121.487
74DA38F7C532,2026-08-04,09:07:37,31.75,84.0,3.0,25.059,121.499
74DA38F209EE,2026-08-04,09:07:43,30.25,100.0,0.0,23.026,121.33
74DA38F21048,2026-08-04,09:07:54,30.25,100.0,19.0,22.595,120.341
74DA38ED0630,2026-08-04,09:07:58,30.75,100.0,0.0,23.994,121.594
74DA38F208E2,2026-08-04,09:08:05,30.5,100.0,3.0,24.688,121.766
74DA38F21170,2026-08-04,09:08:14,32.5,71.0,1.0,22.779,121.088
74DA38F7C566,2026-08-04,09:08:18,34.61,91.0,0.0,25.051,121.448
74DA38F7C506,2026-08-04,09:08:19,33.0,100.0,0.0,24.996,121.544
74DA38ED04F2,2026-08-04,09:08:20,29.75,100.0,6.0,23.468,121.496
74DA38F7C47E,2026-08-04,09:08:21,32.0,100.0,4.0,25.053963,121.427681
74DA38F20D1A,2026-08-04,09:08:24,31.61,82.0,0.0,25.078,121.541
74DA38F20E6E,2026-08-04,09:08:25,29.0,97.0,0.0,24.41,120.902
74DA38F7C5BE,2026-08-04,09:08:25,31.11,79.0,4.0,25.092,121.523
74DA38F2104E,2026-08-04,09:08:33,29.0,100.0,30.0,23.108,120.7
74DA38F7C53C,2026-08-04,09:08:34,30.36,100.0,0.0,25.11,121.804
74DA38F7C514,2026-08-04,09:08:51,32.0,100.0,4.0,25.051,121.518
74DA38F7C13A,2026-08-04,09:08:57,24.0,-29.0,0.0,25.069,121.359
74DA38F20B5C,2026-08-04,09:09:03,31.5,100.0,16.0,22.798,120.293
74DA38F20862,2026-08-04,09:09:05,30.11,100.0,41.0,23.101,121.176
74DA38F20D6C,2026-08-04,09:09:08,30.5,89.0,0.0,22.661,120.301
74DA38F7C63C,2026-08-04,09:09:10,60.62,100.0,0.0,24.998,121.425
74DA38ED06E0,2026-08-04,09:09:16,30.61,99.0,4.0,23.601,121.521
74DA38F7C600,2026-08-04,09:09:24,23.62,48.0,2.0,25.07,121.586
74DA38F7C310,2026-08-04,09:09:25,31.86,100.0,1.0,25.09,121.464
74DA38F7C42E,2026-08-04,09:09:28,32.36,100.0,0.0,24.969,121.514
74DA38F7C570,2026-08-04,09:09:36,32.61,100.0,0.0,25.239,121.63
74DA38F7C5CE,2026-08-04,09:09:36,31.86,75.0,0.0,25.066,121.656
74DA38F20C22,2026-08-04,09:09:43,32.75,100.0,0.0,22.729,120.357
74DA38F20F1C,2026-08-04,09:09:44,31.75,100.0,15.0,25.062,121.451
74DA38F2113E,2026-08-04,09:09:44,-4.0,0.0,0.0,22.728,120.313
74DA38F7C592,2026-08-04,09:09:45,-4.0,0.0,0.0,25.224,121.637
74DA38ED0454,2026-08-04,09:09:48,31.36,100.0,3.0,24.053,121.599
74DA38F7C54E,2026-08-04,09:09:49,31.5,100.0,0.0,25.063,121.661
74DA38F7C47C,2026-08-04,09:09:53,32.25,87.0,77.0,25.055,121.455
74DA38F7C5A0,2026-08-04,09:09:53,31.75,86.0,0.0,25.107,121.518
74DA38F7C524,2026-08-04,09:09:54,32.75,100.0,0.0,25.002,121.552
74DA38F20FFE,2026-08-04,09:10:01,30.86,100.0,8.0,22.894,120.298
74DA38ED059C,2026-08-04,09:10:03,31.11,86.0,2.0,23.706,121.412
74DA38F7C338,2026-08-04,09:10:03,31.11,98.0,2.0,25.011,121.458
74DA38F20D1E,2026-08-04,09:10:05,32.25,100.0,6.0,25.048,121.573
74DA38F20934,2026-08-04,09:10:06,30.0,75.0,1.0,23.002,121.29
74DA38F210F6,2026-08-04,09:10:12,31.61,100.0,3.0,22.757426,121.158891
74DA38F209DE,2026-08-04,09:10:14,32.25,100.0,0.0,24.861,120.964
74DA38F7C27E,2026-08-04,09:10:17,31.75,89.0,3.0,25.053,121.444
74DA38ED05B6,2026-08-04,09:10:18,31.25,100.0,1.0,23.43,121.348
74DA38F7C5AA,2026-08-04,09:10:22,32.36,100.0,0.0,25.0,121.479
74DA38F21024,2026-08-04,09:10:25,29.61,100.0,0.0,24.93,121.036
74DA38F7C3D6,2026-08-04,09:10:34,33.25,100.0,0.0,25.045,121.541
74DA38F7C53A,2026-08-04,09:10:34,-4.0,0.0,0.0,25.067,121.641
74DA38F20A78,2026-08-04,09:10:38,31.75,100.0,1.0,22.904,121.124
74DA38F20A30,2026-08-04,09:10:44,32.25,70.0,0.0,24.948,121.372
74DA38F2105C,2026-08-04,09:10:49,31.5,100.0,0.0,25.088,121.599
74DA38F20EB2,2026-08-04,09:10:52,30.25,100.0,20.0,24.324,120.835
74DA38F20B88,2026-08-04,09:11:03,29.5,100.0,1.0,22.75,120.316
74DA38F7C3BA,2026-08-04,09:11:07,-4.0,0.0,48.0,25.174,121.441
74DA38F7C610,2026-08-04,09:11:07,31.36,84.0,4.0,25.063,121.564
74DA38F7C430,2026-08-04,09:11:08,34.61,67.0,0.0,24.981,121.423
74DA38F7C39A,2026-08-04,09:11:09,33.11,100.0,0.0,25.002,121.414
74DA38F207DE,2026-08-04,09:11:16,32.11,100.0,18.0,22.603,120.34
74DA38F209B2,2026-08-04,09:11:17,30.25,100.0,0.0,22.363,120.599
74DA38F209F8,2026-08-04,09:11:18,29.61,100.0,0.0,23.157,121.4
74DA38F7C3DE,2026-08-04,09:11:20,34.36,85.0,241.0,24.972,121.537
74DA38F7C4CC,2026-08-04,09:11:20,32.5,100.0,1.0,25.062,121.451
74DA38F20B80,2026-08-04,09:11:22,30.75,100.0,0.0,22.599,120.35
74DA38F21204,2026-08-04,09:11:22,30.5,100.0,0.0,25.062,121.451
74DA38F20B26,2026-08-04,09:11:30,30.86,100.0,12.0,22.783,120.247
74DA38F20C26,2026-08-04,09:11:30,32.36,78.0,13.0,22.676,120.342
74DA38ED0640,2026-08-04,09:11:33,29.75,100.0,2.0,23.154,121.266
74DA38F7C5E6,2026-08-04,09:11:38,35.11,100.0,1.0,25.107,121.843
74DA38F7C260,2026-08-04,09:11:43,34.25,92.0,0.0,25.065,121.425
74DA38F7C3B2,2026-08-04,09:11:43,32.36,60.0,0.0,24.929,121.378
74DA38ED05EA,2026-08-04,09:11:46,31.36,100.0,1.0,23.394,121.357
74DA38F7C3DC,2026-08-04,09:11:46,32.25,100.0,3.0,25.003,121.539
74DA38F210A2,2026-08-04,09:11:48,31.61,100.0,0.0,25.12,121.466
74DA38F7C366,2026-08-04,09:12:02,32.5,100.0,0.0,25.002,121.516
74DA38F20D70,2026-08-04,09:12:05,31.61,92.0,0.0,23.05,121.164
74DA38F20F0A,2026-08-04,09:12:07,29.11,100.0,17.0,22.995,120.635
74DA38F7C37C,2026-08-04,09:12:13,31.36,-66.0,0.0,25.111,121.856
74DA38F7C464,2026-08-04,09:12:14,28.61,31.0,0.0,25.006,121.413
74DA38F21054,2026-08-04,09:12:20,30.61,70.0,25.0,22.898,120.627
74DA38F20BF6,2026-08-04,09:12:29,29.5,100.0,15.0,22.582,120.368
74DA38F20E9E,2026-08-04,09:12:36,29.75,100.0,1.0,24.648,121.151
74DA38F20DE0,2026-08-04,09:12:45,31.36,100.0,1.0,22.589,120.328
74DA38F7C4DE,2026-08-04,09:12:58,31.36,100.0,0.0,25.09,121.462
74DA38F20D16,2026-08-04,09:13:05,32.0,97.0,4.0,25.062,121.526
74DA38F7C560,2026-08-04,09:13:05,32.75,-67.0,0.0,25.079,121.671
74DA38F7C480,2026-08-04,09:13:08,31.86,100.0,0.0,25.061,121.432
74DA38F20B12,2026-08-04,09:13:21,27.12,76.0,27.0,22.91,120.716
74DA38F20C06,2026-08-04,09:13:26,32.75,61.0,5.0,24.874,121.02
74DA38F7C41E,2026-08-04,09:13:27,31.75,75.0,0.0,25.054,121.517
74DA38F21088,2026-08-04,09:13:39,32.5,100.0,0.0,25.068,121.588
74DA38F20D2E,2026-08-04,09:13:41,31.36,100.0,0.0,25.06,121.545
74DA38F7C532,2026-08-04,09:13:43,31.61,85.0,3.0,25.059,121.499
74DA38F209EE,2026-08-04,09:13:48,30.25,100.0,0.0,23.026,121.33
74DA38F7C59C,2026-08-04,09:13:52,31.0,69.0,4.0,25.103,121.487
74DA38F20B82,2026-08-04,09:13:58,-4.0,0.0,0.0,22.847,120.465
74DA38F21136,2026-08-04,09:13:59,32.25,86.0,1.0,25.119,121.505
74DA38F208E2,2026-08-04,09:14:11,30.5,100.0,3.0,24.688,121.766
74DA38F209A8,2026-08-04,09:14:21,-4.0,0.0,0.0,22.401,120.577
74DA38F21170,2026-08-04,09:14:21,32.5,72.0,1.0,22.779,121.088
74DA38F21048,2026-08-04,09:14:24,30.11,100.0,19.0,22.595,120.341
74DA38F20E6E,2026-08-04,09:14:26,29.0,97.0,0.0,24.41,120.902
74DA38F7C47E,2026-08-04,09:14:26,32.11,100.0,4.0,25.053963,121.427681
74DA38ED04F2,2026-08-04,09:14:27,29.75,100.0,3.0,23.468,121.496
74DA38ED0630,2026-08-04,09:14:27,30.75,100.0,0.0,23.994,121.594
74DA38F7C5BE,2026-08-04,09:14:31,31.11,79.0,4.0,25.092,121.523
74DA38F7C30C,2026-08-04,09:14:49,32.36,76.0,0.0,24.975,121.532
74DA38F20D1A,2026-08-04,09:14:53,31.5,82.0,0.0,25.078,121.541
74DA38F7C506,2026-08-04,09:14:56,32.86,100.0,0.0,24.996,121.544
74DA38F7C514,2026-08-04,09:14:58,32.0,100.0,4.0,25.051,121.518
74DA38F7C53C,2026-08-04,09:15:01,30.25,100.0,0.0,25.11,121.804
74DA38F20B5C,2026-08-04,09:15:08,31.36,100.0,15.0,22.798,120.293
74DA38ED06E0,2026-08-04,09:15:21,30.5,99.0,4.0,23.601,121.521
74DA38F7C13A,2026-08-04,09:15:25,23.87,-31.0,0.0,25.069,121.359
74DA38F20862,2026-08-04,09:15:27,30.11,100.0,43.0,23.101,121.176
74DA38F7C600,2026-08-04,09:15:29,23.62,48.0,2.0,25.07,121.586
74DA38F7C310,2026-08-04,09:15:30,31.86,100.0,1.0,25.09,121.464
74DA38F20D6C,2026-08-04,09:15:37,30.5,89.0,0.0,22.661,120.301
74DA38F7C47C,2026-08-04,09:15:47,32.36,87.0,108.0,25.055,121.455
74DA38F20F1C,2026-08-04,09:15:49,31.61,100.0,15.0,25.062,121.451
74DA38ED0454,2026-08-04,09:15:53,31.36,100.0,3.0,24.053,121.599
74DA38F7C46C,2026-08-04,09:15:53,-4.0,0.0,0.0,25.288,121.544
74DA38F7C570,2026-08-04,09:16:02,32.61,100.0,0.0,25.239,121.63
74DA38F7C5CE,2026-08-04,09:16:03,31.75,76.0,0.0,25.066,121.656
74DA38ED059C,2026-08-04,09:16:09,30.86,87.0,1.0,23.706,121.412
74DA38F20C22,2026-08-04,09:16:11,32.86,100.0,0.0,22.729,120.357
74DA38F7C338,2026-08-04,09:16:12,31.11,99.0,2.0,25.011,121.458
74DA38F210F6,2026-08-04,09:16:16,31.5,100.0,2.0,22.757426,121.158891
74DA38F7C42E,2026-08-04,09:16:16,32.25,100.0,0.0,24.969,121.514
74DA38F20934,2026-08-04,09:16:17,30.11,75.0,1.0,23.002,121.29
74DA38F20D1E,2026-08-04,09:16:17,32.0,100.0,6.0,25.048,121.573
74DA38F7C54E,2026-08-04,09:16:17,31.61,100.0,0.0,25.063,121.661
74DA38F7C5A0,2026-08-04,09:16:21,31.61,87.0,0.0,25.107,121.518
74DA38ED05B6,2026-08-04,09:16:23,31.25,100.0,2.0,23.43,121.348
74DA38F7C27E,2026-08-04,09:16:23,31.75,89.0,3.0,25.053,121.444
74DA38F7C524,2026-08-04,09:16:23,32.61,100.0,0.0,25.002,121.552
74DA38F209DE,2026-08-04,09:16:42,32.25,100.0,0.0,24.861,120.964
74DA38F20A78,2026-08-04,09:16:44,31.75,100.0,1.0,22.904,121.124
74DA38F21024,2026-08-04,09:16:52,29.5,100.0,0.0,24.93,121.036
74DA38F7C5AA,2026-08-04,09:16:52,32.36,100.0,0.0,25.0,121.479
74DA38F20EB2,2026-08-04,09:16:58,30.25,100.0,17.0,24.324,120.835
74DA38F2113E,2026-08-04,09:16:58,-4.0,0.0,0.0,22.728,120.313
74DA38F7C3D6,2026-08-04,09:17:02,32.86,100.0,0.0,25.045,121.541
74DA38F7C610,2026-08-04,09:17:14,31.25,85.0,5.0,25.063,121.564
74DA38F2105C,2026-08-04,09:17:15,31.36,100.0,0.0,25.088,121.599
74DA38F7C3DE,2026-08-04,09:17:15,34.25,85.0,218.0,24.972,121.537
74DA38F7C4CC,2026-08-04,09:17:26,32.5,100.0,1.0,25.062,121.451
74DA38F20B88,2026-08-04,09:17:29,29.5,100.0,0.0,22.75,120.316
74DA38F21204,2026-08-04,09:17:30,30.5,100.0,1.0,25.062,121.451
74DA38F20A30,2026-08-04,09:17:34,32.25,70.0,2.0,24.948,121.372
74DA38F20B26,2026-08-04,09:17:36,30.75,100.0,13.0,22.783,120.247
74DA38F20C26,2026-08-04,09:17:36,32.61,78.0,12.0,22.676,120.342
74DA38F7C430,2026-08-04,09:17:36,34.36,67.0,0.0,24.981,121.423
74DA38F207DE,2026-08-04,09:17:37,32.0,100.0,18.0,22.603,120.34
74DA38ED0640,2026-08-04,09:17:39,29.5,100.0,2.0,23.154,121.266
74DA38F7C39A,2026-08-04,09:17:40,33.0,100.0,0.0,25.002,121.414
74DA38F7C5E6,2026-08-04,09:17:42,35.25,100.0,1.0,25.107,121.843
74DA38F209B2,2026-08-04,09:17:44,30.36,100.0,0.0,22.363,120.599
74DA38F209F8,2026-08-04,09:17:45,29.5,100.0,0.0,23.157,121.4
74DA38F20B80,2026-08-04,09:17:48,30.75,100.0,1.0,22.599,120.35
74DA38F7C3B2,2026-08-04,09:17:48,32.36,60.0,0.0,24.929,121.378
74DA38F7C3DC,2026-08-04,09:17:51,32.11,100.0,3.0,25.003,121.539
74DA38ED05EA,2026-08-04,09:17:52,31.11,100.0,2.0,23.394,121.357
74DA38F210A2,2026-08-04,09:17:53,31.61,100.0,0.0,25.12,121.466
74DA38F7C366,2026-08-04,09:18:07,32.61,100.0,0.0,25.002,121.516
74DA38F20D70,2026-08-04,09:18:10,31.5,88.0,0.0,23.05,121.164
74DA38F20F0A,2026-08-04,09:18:14,29.0,100.0,19.0,22.995,120.635
74DA38F7C260,2026-08-04,09:18:24,34.11,92.0,0.0,25.065,121.425
74DA38F21054,2026-08-04,09:18:27,30.61,71.0,26.0,22.898,120.627
74DA38F20BF6,2026-08-04,09:18:34,29.5,100.0,16.0,22.582,120.368
74DA38F20E9E,2026-08-04,09:18:41,29.75,100.0,1.0,24.648,121.151
74DA38F7C37C,2026-08-04,09:18:41,31.0,-66.0,0.0,25.111,121.856
74DA38F7C63C,2026-08-04,09:18:42,60.62,100.0,1.0,24.998,121.425
74DA38F7C464,2026-08-04,09:18:44,28.61,31.0,0.0,25.006,121.413
74DA38F20D16,2026-08-04,09:19:12,32.0,97.0,3.0,25.062,121.526
74DA38F20DE0,2026-08-04,09:19:13,31.11,100.0,0.0,22.589,120.328
74DA38F7C592,2026-08-04,09:19:24,-4.0,0.0,0.0,25.224,121.637
74DA38F20B12,2026-08-04,09:19:31,27.37,79.0,27.0,22.91,120.716
74DA38F20C06,2026-08-04,09:19:32,32.86,61.0,6.0,24.874,121.02
74DA38F7C560,2026-08-04,09:19:33,32.61,-67.0,0.0,25.079,121.671
74DA38F7C480,2026-08-04,09:19:37,31.86,100.0,0.0,25.061,121.432
74DA38F7C616,2026-08-04,09:19:40,34.25,100.0,0.0,25.031,121.563
74DA38F7C532,2026-08-04,09:19:51,31.61,87.0,3.0,25.059,121.499
74DA38F209EE,2026-08-04,09:19:53,30.11,100.0,0.0,23.026,121.33
74DA38F7C41E,2026-08-04,09:19:56,31.61,75.0,0.0,25.054,121.517
74DA38F7C3BA,2026-08-04,09:19:58,-4.0,0.0,49.0,25.174,121.441
74DA38F21088,2026-08-04,09:20:08,32.61,100.0,0.0,25.068,121.588
74DA38F20D2E,2026-08-04,09:20:09,31.25,100.0,0.0,25.06,121.545
74DA38F21136,2026-08-04,09:20:11,32.11,88.0,1.0,25.119,121.505
74DA38F208E2,2026-08-04,09:20:16,30.5,100.0,4.0,24.688,121.766
74DA38F7C53A,2026-08-04,09:20:18,-4.0,0.0,0.0,25.067,121.641
74DA38F7C59C,2026-08-04,09:20:20,31.0,69.0,3.0,25.103,121.487
74DA38F20E6E,2026-08-04,09:20:27,28.86,97.0,0.0,24.41,120.902
74DA38F21170,2026-08-04,09:20:27,32.25,72.0,1.0,22.779,121.088
74DA38F7C47E,2026-08-04,09:20:31,32.0,100.0,4.0,25.053963,121.427681
74DA38ED04F2,2026-08-04,09:20:35,29.61,100.0,5.0,23.468,121.496
74DA38F7C5BE,2026-08-04,09:20:36,31.0,79.0,4.0,25.092,121.523
74DA38F21048,2026-08-04,09:20:52,30.11,100.0,20.0,22.595,120.341
74DA38ED0630,2026-08-04,09:20:58,30.75,100.0,0.0,23.994,121.594
74DA38F7C514,2026-08-04,09:21:04,31.86,100.0,4.0,25.051,121.518
74DA38F7C30C,2026-08-04,09:21:08,32.36,77.0,0.0,24.975,121.532
74DA38F20B5C,2026-08-04,09:21:17,31.25,100.0,14.0,22.798,120.293
74DA38F20D1A,2026-08-04,09:21:22,31.5,82.0,0.0,25.078,121.541
74DA38F7C506,2026-08-04,09:21:24,33.11,100.0,0.0,24.996,121.544
74DA38ED06E0,2026-08-04,09:21:27,30.36,99.0,3.0,23.601,121.521
74DA38F7C53C,2026-08-04,09:21:33,30.36,100.0,0.0,25.11,121.804
74DA38F7C310,2026-08-04,09:21:34,31.86,100.0,1.0,25.09,121.464
74DA38F7C600,2026-08-04,09:21:35,23.5,48.0,2.0,25.07,121.586
74DA38F7C47C,2026-08-04,09:21:39,32.36,87.0,103.0,25.055,121.455
74DA38F20862,2026-08-04,09:21:48,30.25,100.0,41.0,23.101,121.176
74DA38F7C13A,2026-08-04,09:21:52,23.75,-32.0,0.0,25.069,121.359
74DA38F20F1C,2026-08-04,09:21:54,31.61,100.0,15.0,25.062,121.451
74DA38F20D6C,2026-08-04,09:22:05,30.61,90.0,0.0,22.661,120.301
74DA38ED0454,2026-08-04,09:22:07,31.36,100.0,25.0,24.053,121.599
74DA38ED059C,2026-08-04,09:22:16,31.0,87.0,1.0,23.706,121.412
74DA38F7C338,2026-08-04,09:22:18,31.0,98.0,2.0,25.011,121.458
74DA38F210F6,2026-08-04,09:22:21,31.36,100.0,3.0,22.757426,121.158891
74DA38ED05B6,2026-08-04,09:22:28,31.11,100.0,2.0,23.43,121.348
74DA38F20934,2026-08-04,09:22:28,30.11,75.0,1.0,23.002,121.29
74DA38F7C27E,2026-08-04,09:22:28,31.75,89.0,3.0,25.053,121.444
74DA38F7C570,2026-08-04,09:22:30,32.36,100.0,0.0,25.239,121.63
74DA38F7C5CE,2026-08-04,09:22:30,31.61,76.0,0.0,25.066,121.656
74DA38F20D1E,2026-08-04,09:22:33,32.11,100.0,6.0,25.048,121.573
74DA38F2104E,2026-08-04,09:22:33,29.0,100.0,31.0,23.108,120.7
74DA38F20C22,2026-08-04,09:22:38,32.75,100.0,0.0,22.729,120.357
74DA38F7C54E,2026-08-04,09:22:44,31.61,100.0,0.0,25.063,121.661
74DA38F7C42E,2026-08-04,09:22:45,32.25,100.0,0.0,24.969,121.514
74DA38F7C5A0,2026-08-04,09:22:48,31.5,87.0,0.0,25.107,121.518
74DA38F20A78,2026-08-04,09:22:50,31.61,100.0,1.0,22.904,121.124
74DA38F7C524,2026-08-04,09:22:51,32.5,100.0,0.0,25.002,121.552
74DA38F20EB2,2026-08-04,09:23:06,30.0,100.0,18.0,24.324,120.835
74DA38F209DE,2026-08-04,09:23:09,32.0,100.0,0.0,24.861,120.964
74DA38F7C3DE,2026-08-04,09:23:09,34.11,86.0,228.0,24.972,121.537
74DA38F21024,2026-08-04,09:23:19,29.5,100.0,0.0,24.93,121.036
74DA38F7C5AA,2026-08-04,09:23:19,32.11,100.0,0.0,25.0,121.479
74DA38F7C610,2026-08-04,09:23:19,31.25,85.0,4.0,25.063,121.564
74DA38F7C3D6,2026-08-04,09:23:28,33.0,100.0,0.0,25.045,121.541
74DA38F20B82,2026-08-04,09:23:29,-4.0,0.0,0.0,22.847,120.465
74DA38F7C4CC,2026-08-04,09:23:32,32.5,100.0,1.0,25.062,121.451
74DA38F21204,2026-08-04,09:23:38,30.5,100.0,1.0,25.062,121.451
74DA38F20B26,2026-08-04,09:23:41,30.75,100.0,12.0,22.783,120.247
74DA38F2105C,2026-08-04,09:23:42,31.36,100.0,0.0,25.088,121.599
74DA38F207DE,2026-08-04,09:23:43,31.86,100.0,18.0,22.603,120.34
74DA38F20C26,2026-08-04,09:23:43,32.61,77.0,12.0,22.676,120.342
74DA38ED0640,2026-08-04,09:23:45,29.36,100.0,2.0,23.154,121.266
74DA38F7C5E6,2026-08-04,09:23:49,35.25,100.0,1.0,25.107,121.843
74DA38F7C3B2,2026-08-04,09:23:53,32.25,60.0,0.0,24.929,121.378
74DA38ED05EA,2026-08-04,09:23:57,31.11,100.0,2.0,23.394,121.357
74DA38F7C3DC,2026-08-04,09:23:57,32.0,100.0,3.0,25.003,121.539
74DA38F210A2,2026-08-04,09:23:58,31.25,100.0,0.0,25.12,121.466
74DA38F209A8,2026-08-04,09:24:00,-4.0,0.0,0.0,22.401,120.577
74DA38F20B88,2026-08-04,09:24:00,29.5,100.0,0.0,22.75,120.316
74DA38F20A30,2026-08-04,09:24:02,32.11,70.0,2.0,24.948,121.372
74DA38F7C430,2026-08-04,09:24:04,34.11,68.0,0.0,24.981,121.423
74DA38F7C39A,2026-08-04,09:24:08,32.75,100.0,0.0,25.002,121.414
74DA38F209B2,2026-08-04,09:24:11,30.25,100.0,0.0,22.363,120.599
74DA38F7C366,2026-08-04,09:24:12,32.36,100.0,0.0,25.002,121.516
74DA38F209F8,2026-08-04,09:24:13,29.36,100.0,0.0,23.157,121.4
74DA38F2113E,2026-08-04,09:24:14,-4.0,0.0,0.0,22.728,120.313
74DA38F20B80,2026-08-04,09:24:16,30.61,100.0,1.0,22.599,120.35
74DA38F20D70,2026-08-04,09:24:16,31.5,88.0,0.0,23.05,121.164
74DA38F20F0A,2026-08-04,09:24:20,28.86,100.0,17.0,22.995,120.635
74DA38F21054,2026-08-04,09:24:34,30.5,71.0,26.0,22.898,120.627
74DA38F20BF6,2026-08-04,09:24:38,29.5,100.0,15.0,22.582,120.368
74DA38F20E9E,2026-08-04,09:24:46,29.75,100.0,1.0,24.648,121.151
74DA38F7C260,2026-08-04,09:24:50,34.11,93.0,0.0,25.065,121.425
74DA38F7C37C,2026-08-04,09:25:08,30.75,-66.0,0.0,25.111,121.856
74DA38F7C464,2026-08-04,09:25:12,28.36,31.0,0.0,25.006,121.413
74DA38F20D16,2026-08-04,09:25:17,32.0,97.0,3.0,25.062,121.526
74DA38F7C46C,2026-08-04,09:25:33,-4.0,0.0,0.0,25.288,121.544
74DA38F20C06,2026-08-04,09:25:37,33.0,61.0,5.0,24.874,121.02
74DA38F20B12,2026-08-04,09:25:41,27.62,79.0,27.0,22.91,120.716
74DA38F20DE0,2026-08-04,09:25:41,31.0,100.0,0.0,22.589,120.328
74DA38F7C4DE,2026-08-04,09:25:57,31.25,100.0,0.0,25.09,121.462
74DA38F7C532,2026-08-04,09:25:57,31.5,86.0,3.0,25.059,121.499
74DA38F209EE,2026-08-04,09:25:58,30.11,100.0,0.0,23.026,121.33
74DA38F7C560,2026-08-04,09:26:01,32.61,-67.0,0.0,25.079,121.671
74DA38F7C616,2026-08-04,09:26:03,33.5,100.0,0.0,25.031,121.563
74DA38F7C480,2026-08-04,09:26:04,31.61,100.0,0.0,25.061,121.432
74DA38F208E2,2026-08-04,09:26:21,30.5,100.0,4.0,24.688,121.766
74DA38F7C41E,2026-08-04,09:26:25,31.5,74.0,0.0,25.054,121.517
74DA38F20E6E,2026-08-04,09:26:29,28.86,97.0,0.0,24.41,120.902
74DA38F21170,2026-08-04,09:26:33,32.11,72.0,1.0,22.779,121.088
74DA38F21088,2026-08-04,09:26:35,32.61,100.0,0.0,25.068,121.588
74DA38F7C47E,2026-08-04,09:26:36,31.86,100.0,4.0,25.053963,121.427681
74DA38F20D2E,2026-08-04,09:26:37,31.25,100.0,0.0,25.06,121.545
74DA38F21136,2026-08-04,09:26:37,31.86,89.0,1.0,25.119,121.505
74DA38F7C5BE,2026-08-04,09:26:42,31.0,80.0,5.0,25.092,121.523
74DA38ED04F2,2026-08-04,09:26:44,29.61,100.0,15.0,23.468,121.496
74DA38F7C59C,2026-08-04,09:26:46,31.0,69.0,3.0,25.103,121.487
74DA38F7C514,2026-08-04,09:27:10,31.86,100.0,4.0,25.051,121.518
74DA38F21048,2026-08-04,09:27:20,30.11,100.0,19.0,22.595,120.341
74DA38F20B5C,2026-08-04,09:27:22,31.25,100.0,15.0,22.798,120.293
74DA38ED0630,2026-08-04,09:27:26,30.61,100.0,0.0,23.994,121.594
74DA38F7C47C,2026-08-04,09:27:31,32.36,88.0,100.0,25.055,121.455
74DA38F7C30C,2026-08-04,09:27:33,32.25,77.0,0.0,24.975,121.532
74DA38ED06E0,2026-08-04,09:27:34,30.36,100.0,4.0,23.601,121.521
74DA38F7C310,2026-08-04,09:27:39,31.75,100.0,1.0,25.09,121.464
74DA38F7C600,2026-08-04,09:27:40,23.5,46.0,2.0,25.07,121.586
74DA38F20D1A,2026-08-04,09:27:50,31.25,82.0,0.0,25.078,121.541
74DA38F20F1C,2026-08-04,09:27:59,31.5,100.0,16.0,25.062,121.451
74DA38F7C53C,2026-08-04,09:28:02,30.36,100.0,0.0,25.11,121.804
74DA38F7C566,2026-08-04,09:28:03,34.75,91.0,0.0,25.051,121.448
74DA38F20862,2026-08-04,09:28:11,30.11,100.0,41.0,23.101,121.176
74DA38ED0454,2026-08-04,09:28:12,31.25,100.0,7.0,24.053,121.599
74DA38F7C63C,2026-08-04,09:28:15,60.62,100.0,1.0,24.998,121.425
74DA38F7C506,2026-08-04,09:28:17,33.0,100.0,0.0,24.996,121.544
74DA38F7C13A,2026-08-04,09:28:18,23.75,-35.0,0.0,25.069,121.359
74DA38ED059C,2026-08-04,09:28:22,31.0,88.0,1.0,23.706,121.412
74DA38F210F6,2026-08-04,09:28:25,31.36,100.0,2.0,22.757426,121.158891
74DA38F20D6C,2026-08-04,09:28:32,30.75,90.0,0.0,22.661,120.301
74DA38ED05B6,2026-08-04,09:28:33,31.0,100.0,2.0,23.43,121.348
74DA38F7C27E,2026-08-04,09:28:33,31.75,90.0,3.0,25.053,121.444
74DA38F20934,2026-08-04,09:28:43,30.11,75.0,1.0,23.002,121.29
74DA38F7C3BA,2026-08-04,09:28:47,-4.0,0.0,52.0,25.174,121.441
74DA38F20A78,2026-08-04,09:28:56,31.5,100.0,1.0,22.904,121.124
74DA38F7C570,2026-08-04,09:28:56,32.25,100.0,0.0,25.239,121.63
74DA38F7C5CE,2026-08-04,09:28:58,31.61,76.0,0.0,25.066,121.656
74DA38F7C592,2026-08-04,09:29:02,-4.0,0.0,0.0,25.224,121.637
74DA38F20C22,2026-08-04,09:29:05,32.86,100.0,0.0,22.729,120.357
74DA38F7C3DE,2026-08-04,09:29:05,34.0,86.0,228.0,24.972,121.537
74DA38F7C54E,2026-08-04,09:29:12,31.61,100.0,0.0,25.063,121.661
74DA38F20EB2,2026-08-04,09:29:13,29.86,100.0,18.0,24.324,120.835
74DA38F7C5A0,2026-08-04,09:29:15,31.36,87.0,0.0,25.107,121.518
74DA38F7C524,2026-08-04,09:29:19,32.36,100.0,0.0,25.002,121.552
74DA38F7C42E,2026-08-04,09:29:20,32.11,100.0,0.0,24.969,121.514
74DA38F7C610,2026-08-04,09:29:24,31.25,85.0,4.0,25.063,121.564
74DA38F20FFE,2026-08-04,09:29:28,30.61,100.0,9.0,22.894,120.298
74DA38F209DE,2026-08-04,09:29:36,31.75,100.0,0.0,24.861,120.964
74DA38F7C4CC,2026-08-04,09:29:38,32.36,100.0,1.0,25.062,121.451
74DA38F21024,2026-08-04,09:29:47,29.36,100.0,0.0,24.93,121.036
74DA38F21204,2026-08-04,09:29:47,30.5,100.0,1.0,25.062,121.451
74DA38F7C5AA,2026-08-04,09:29:47,32.0,100.0,0.0,25.0,121.479
74DA38F207DE,2026-08-04,09:29:48,31.75,100.0,18.0,22.603,120.34
74DA38F20B26,2026-08-04,09:29:50,30.61,100.0,14.0,22.783,120.247
74DA38F20C26,2026-08-04,09:29:50,32.25,78.0,13.0,22.676,120.342
74DA38ED0640,2026-08-04,09:29:52,29.5,100.0,2.0,23.154,121.266
74DA38F7C5E6,2026-08-04,09:29:54,35.61,100.0,1.0,25.107,121.843
74DA38F7C3D6,2026-08-04,09:29:55,32.75,100.0,0.0,25.045,121.541
74DA38F7C3B2,2026-08-04,09:29:59,32.25,60.0,0.0,24.929,121.378
74DA38F7C53A,2026-08-04,09:30:00,-4.0,0.0,0.0,25.067,121.641
74DA38ED05EA,2026-08-04,09:30:02,31.11,100.0,1.0,23.394,121.357
74DA38F7C3DC,2026-08-04,09:30:02,31.75,100.0,3.0,25.003,121.539
74DA38F210A2,2026-08-04,09:30:03,31.25,100.0,0.0,25.12,121.466
74DA38F2105C,2026-08-04,09:30:09,31.25,100.0,0.0,25.088,121.599
74DA38F7C366,2026-08-04,09:30:19,32.36,100.0,0.0,25.002,121.516
74DA38F20D70,2026-08-04,09:30:22,31.5,87.0,0.0,23.05,121.164
74DA38F20F0A,2026-08-04,09:30:25,28.86,100.0,16.0,22.995,120.635
74DA38F20B88,2026-08-04,09:30:31,29.5,100.0,0.0,22.75,120.316
74DA38F20A30,2026-08-04,09:30:32,32.0,70.0,0.0,24.948,121.372
74DA38F7C430,2026-08-04,09:30:32,34.11,68.0,0.0,24.981,121.423
74DA38F209B2,2026-08-04,09:30:37,30.11,100.0,0.0,22.363,120.599
74DA38F7C39A,2026-08-04,09:30:38,32.5,100.0,0.0,25.002,121.414
74DA38F21054,2026-08-04,09:30:41,30.61,71.0,25.0,22.898,120.627
74DA38F209F8,2026-08-04,09:30:42,29.36,100.0,0.0,23.157,121.4
74DA38F20B80,2026-08-04,09:30:43,30.75,100.0,1.0,22.599,120.35
74DA38F20BF6,2026-08-04,09:30:45,29.61,100.0,15.0,22.582,120.368
74DA38F20E9E,2026-08-04,09:30:51,29.61,100.0,1.0,24.648,121.151
74DA38F7C260,2026-08-04,09:31:16,34.0,93.0,0.0,25.065,121.425
74DA38F20D16,2026-08-04,09:31:21,32.0,98.0,4.0,25.062,121.526
74DA38F2113E,2026-08-04,09:31:30,-4.0,0.0,0.0,22.728,120.313
74DA38F7C37C,2026-08-04,09:31:34,30.61,-66.0,0.0,25.111,121.856
74DA38F20C06,2026-08-04,09:31:42,33.11,61.0,5.0,24.874,121.02
74DA38F7C464,2026-08-04,09:31:45,28.25,31.0,0.0,25.006,121.413
74DA38F20B12,2026-08-04,09:31:49,27.75,78.0,24.0,22.91,120.716
74DA38F20D1E,2026-08-04,09:31:51,32.0,100.0,6.0,25.048,121.573
74DA38F209EE,2026-08-04,09:32:03,30.11,100.0,0.0,23.026,121.33
74DA38F7C4DE,2026-08-04,09:32:04,31.11,100.0,0.0,25.09,121.462
74DA38F7C532,2026-08-04,09:32:04,31.36,88.0,4.0,25.059,121.499
74DA38F20DE0,2026-08-04,09:32:09,30.86,100.0,0.0,22.589,120.328
74DA38F7C616,2026-08-04,09:32:09,33.0,100.0,0.0,25.031,121.563
74DA38F208E2,2026-08-04,09:32:26,30.5,100.0,4.0,24.688,121.766
74DA38F7C560,2026-08-04,09:32:27,32.36,-67.0,0.0,25.079,121.671
74DA38F20E6E,2026-08-04,09:32:31,28.86,96.0,0.0,24.41,120.902
74DA38F7C480,2026-08-04,09:32:31,31.61,100.0,0.0,25.061,121.432
74DA38F21170,2026-08-04,09:32:39,32.0,73.0,6.0,22.779,121.088
74DA38F7C47E,2026-08-04,09:32:42,32.0,100.0,4.0,25.053963,121.427681
74DA38F7C5BE,2026-08-04,09:32:48,31.0,81.0,4.0,25.092,121.523
74DA38ED04F2,2026-08-04,09:32:50,29.5,100.0,4.0,23.468,121.496
74DA38F7C41E,2026-08-04,09:32:54,31.5,75.0,0.0,25.054,121.517
74DA38F20B82,2026-08-04,09:33:01,-4.0,0.0,0.0,22.847,120.465
74DA38F21088,2026-08-04,09:33:03,32.5,100.0,0.0,25.068,121.588
74DA38F20D2E,2026-08-04,09:33:05,31.25,100.0,0.0,25.06,121.545
74DA38F7C59C,2026-08-04,09:33:13,31.0,70.0,4.0,25.103,121.487
74DA38F7C514,2026-08-04,09:33:15,31.86,100.0,4.0,25.051,121.518
74DA38F7C47C,2026-08-04,09:33:23,32.36,88.0,96.0,25.055,121.455
74DA38F20B5C,2026-08-04,09:33:28,31.0,100.0,15.0,22.798,120.293
74DA38F209A8,2026-08-04,09:33:39,-4.0,0.0,0.0,22.401,120.577
74DA38ED06E0,2026-08-04,09:33:40,30.25,100.0,5.0,23.601,121.521
74DA38F7C310,2026-08-04,09:33:43,31.75,100.0,2.0,25.09,121.464
74DA38F7C600,2026-08-04,09:33:45,23.5,47.0,2.0,25.07,121.586
74DA38F7C30C,2026-08-04,09:33:46,32.11,78.0,0.0,24.975,121.532
74DA38F21048,2026-08-04,09:33:50,30.11,100.0,21.0,22.595,120.341
74DA38ED0630,2026-08-04,09:33:53,30.61,100.0,0.0,23.994,121.594
74DA38F20F1C,2026-08-04,09:34:05,31.5,100.0,15.0,25.062,121.451
74DA38ED0454,2026-08-04,09:34:17,31.25,100.0,8.0,24.053,121.599
74DA38F20D1A,2026-08-04,09:34:19,31.25,82.0,0.0,25.078,121.541
74DA38ED059C,2026-08-04,09:34:28,31.11,87.0,0.0,23.706,121.412
74DA38F7C53C,2026-08-04,09:34:29,30.36,100.0,0.0,25.11,121.804
74DA38F210F6,2026-08-04,09:34:30,31.25,100.0,2.0,22.757426,121.158891
74DA38F7C566,2026-08-04,09:34:31,34.36,92.0,0.0,25.051,121.448
74DA38F20862,2026-08-04,09:34:32,30.0,100.0,30.0,23.101,121.176
74DA38ED05B6,2026-08-04,09:34:37,30.86,100.0,2.0,23.43,121.348
74DA38F7C27E,2026-08-04,09:34:38,31.75,90.0,3.0,25.053,121.444
74DA38F7C13A,2026-08-04,09:34:45,23.5,-38.0,0.0,25.069,121.359
74DA38F7C3DE,2026-08-04,09:35:00,33.86,87.0,222.0,24.972,121.537
74DA38F20A78,2026-08-04,09:35:02,31.36,100.0,1.0,22.904,121.124
74DA38F7C46C,2026-08-04,09:35:15,-4.0,0.0,0.0,25.288,121.544
74DA38F7C506,2026-08-04,09:35:15,33.0,100.0,0.0,24.996,121.544
74DA38F20EB2,2026-08-04,09:35:20,30.0,100.0,18.0,24.324,120.835
74DA38F20934,2026-08-04,09:35:23,30.11,75.0,2.0,23.002,121.29
74DA38F7C570,2026-08-04,09:35:24,32.36,100.0,0.0,25.239,121.63
74DA38F7C5CE,2026-08-04,09:35:26,31.61,76.0,0.0,25.066,121.656
74DA38F7C610,2026-08-04,09:35:31,31.11,86.0,4.0,25.063,121.564
74DA38F7C54E,2026-08-04,09:35:38,31.75,100.0,0.0,25.063,121.661
74DA38F7C5A0,2026-08-04,09:35:43,31.36,88.0,0.0,25.107,121.518
74DA38F7C4CC,2026-08-04,09:35:44,32.36,100.0,1.0,25.062,121.451
74DA38F7C524,2026-08-04,09:35:45,32.25,100.0,0.0,25.002,121.552
74DA38F7C42E,2026-08-04,09:35:49,32.11,100.0,0.0,24.969,121.514
74DA38F21204,2026-08-04,09:35:56,30.5,100.0,1.0,25.062,121.451
74DA38ED0640,2026-08-04,09:35:59,29.5,100.0,2.0,23.154,121.266
74DA38F7C5E6,2026-08-04,09:36:00,35.86,100.0,1.0,25.107,121.843
74DA38F209DE,2026-08-04,09:36:04,31.5,100.0,1.0,24.861,120.964
74DA38F7C3B2,2026-08-04,09:36:06,32.25,61.0,0.0,24.929,121.378
74DA38ED05EA,2026-08-04,09:36:07,31.0,100.0,1.0,23.394,121.357
74DA38F210A2,2026-08-04,09:36:07,31.25,100.0,0.0,25.12,121.466
74DA38F7C3DC,2026-08-04,09:36:08,31.86,100.0,3.0,25.003,121.539
74DA38F21024,2026-08-04,09:36:13,29.25,100.0,0.0,24.93,121.036
74DA38F7C3D6,2026-08-04,09:36:22,32.5,100.0,0.0,25.045,121.541
74DA38F7C366,2026-08-04,09:36:26,32.25,100.0,0.0,25.002,121.516
74DA38F20D70,2026-08-04,09:36:27,31.5,87.0,0.0,23.05,121.164
74DA38F2105C,2026-08-04,09:36:35,31.11,100.0,0.0,25.088,121.599
74DA38F7C5AA,2026-08-04,09:36:36,32.0,100.0,0.0,25.0,121.479
74DA38F20E9E,2026-08-04,09:36:56,29.61,100.0,1.0,24.648,121.151
74DA38F7C430,2026-08-04,09:36:59,33.86,68.0,0.0,24.981,121.423
74DA38F20A30,2026-08-04,09:37:00,32.0,71.0,0.0,24.948,121.372
74DA38F209B2,2026-08-04,09:37:04,30.11,100.0,0.0,22.363,120.599
74DA38F7C39A,2026-08-04,09:37:06,32.25,100.0,0.0,25.002,121.414
74DA38F209F8,2026-08-04,09:37:08,29.25,100.0,0.0,23.157,121.4
74DA38F20D16,2026-08-04,09:37:26,31.86,98.0,4.0,25.062,121.526
74DA38F7C3BA,2026-08-04,09:37:33,-4.0,0.0,51.0,25.174,121.441
74DA38F7C260,2026-08-04,09:37:44,34.0,93.0,0.0,25.065,121.425
74DA38F20C06,2026-08-04,09:37:48,33.11,61.0,5.0,24.874,121.02
74DA38F7C63C,2026-08-04,09:37:48,60.62,100.0,1.0,24.998,121.425
74DA38F7C37C,2026-08-04,09:38:02,30.36,-66.0,0.0,25.111,121.856
74DA38F20D1E,2026-08-04,09:38:08,32.0,100.0,6.0,25.048,121.573
74DA38F209EE,2026-08-04,09:38:09,30.0,100.0,0.0,23.026,121.33
74DA38F7C532,2026-08-04,09:38:09,31.36,87.0,3.0,25.059,121.499
74DA38F7C4DE,2026-08-04,09:38:13,31.11,100.0,0.0,25.09,121.462
74DA38F7C616,2026-08-04,09:38:17,32.86,100.0,0.0,25.031,121.563
74DA38F208E2,2026-08-04,09:38:31,30.5,100.0,4.0,24.688,121.766
74DA38F20E6E,2026-08-04,09:38:33,28.86,96.0,0.0,24.41,120.902
74DA38F7C592,2026-08-04,09:38:40,-4.0,0.0,0.0,25.224,121.637
74DA38F7C464,2026-08-04,09:38:44,28.25,31.0,0.0,25.006,121.413
74DA38F21170,2026-08-04,09:38:47,32.0,73.0,5.0,22.779,121.088
74DA38F7C47E,2026-08-04,09:38:47,31.5,100.0,4.0,25.053963,121.427681
74DA38F7C5BE,2026-08-04,09:38:54,30.86,81.0,5.0,25.092,121.523
74DA38F7C560,2026-08-04,09:38:55,32.11,-67.0,0.0,25.079,121.671
74DA38ED04F2,2026-08-04,09:38:58,29.5,100.0,3.0,23.468,121.496
74DA38F7C480,2026-08-04,09:38:58,31.61,100.0,0.0,25.061,121.432
74DA38F21136,2026-08-04,09:39:07,31.5,91.0,2.0,25.119,121.505
74DA38F7C47C,2026-08-04,09:39:14,32.25,88.0,116.0,25.055,121.455
74DA38F7C514,2026-08-04,09:39:21,31.86,100.0,4.0,25.051,121.518
74DA38F7C41E,2026-08-04,09:39:24,31.5,75.0,0.0,25.054,121.517
74DA38F21088,2026-08-04,09:39:32,32.25,100.0,0.0,25.068,121.588
74DA38F20D2E,2026-08-04,09:39:33,31.25,100.0,0.0,25.06,121.545
74DA38F7C59C,2026-08-04,09:39:41,30.86,71.0,5.0,25.103,121.487
74DA38F7C53A,2026-08-04,09:39:43,-4.0,0.0,0.0,25.067,121.641
74DA38ED06E0,2026-08-04,09:39:46,30.25,100.0,5.0,23.601,121.521
74DA38F7C310,2026-08-04,09:39:47,31.75,100.0,1.0,25.09,121.464
74DA38F7C600,2026-08-04,09:39:51,23.5,47.0,2.0,25.07,121.586
74DA38F7C30C,2026-08-04,09:39:58,32.11,78.0,0.0,24.975,121.532
74DA38ED0630,2026-08-04,09:40:21,30.61,100.0,0.0,23.994,121.594
74DA38ED0454,2026-08-04,09:40:23,31.36,100.0,6.0,24.053,121.599
74DA38ED059C,2026-08-04,09:40:34,31.11,87.0,1.0,23.706,121.412
74DA38F210F6,2026-08-04,09:40:35,31.36,100.0,2.0,22.757426,121.158891
74DA38ED05B6,2026-08-04,09:40:42,30.75,100.0,3.0,23.43,121.348
74DA38F20862,2026-08-04,09:40:42,30.0,100.0,4.0,23.101,121.176
74DA38F7C27E,2026-08-04,09:40:44,31.61,90.0,3.0,25.053,121.444
74DA38F20D1A,2026-08-04,09:40:47,31.25,82.0,0.0,25.078,121.541
74DA38F7C3DE,2026-08-04,09:40:55,33.61,87.0,224.0,24.972,121.537
74DA38F7C566,2026-08-04,09:40:57,34.5,92.0,0.0,25.051,121.448
74DA38F7C53C,2026-08-04,09:40:59,30.36,100.0,0.0,25.11,121.804
74DA38F20A78,2026-08-04,09:41:08,31.61,100.0,1.0,22.904,121.124
74DA38F7C13A,2026-08-04,09:41:13,23.5,-39.0,0.0,25.069,121.359
74DA38F20EB2,2026-08-04,09:41:26,30.0,100.0,18.0,24.324,120.835
74DA38F20934,2026-08-04,09:41:28,30.11,75.0,2.0,23.002,121.29
74DA38F7C610,2026-08-04,09:41:36,31.11,86.0,5.0,25.063,121.564
74DA38F7C506,2026-08-04,09:41:48,32.86,100.0,0.0,24.996,121.544
74DA38F7C4CC,2026-08-04,09:41:50,32.25,100.0,2.0,25.062,121.451
74DA38F7C570,2026-08-04,09:41:52,32.5,100.0,0.0,25.239,121.63
74DA38F7C5CE,2026-08-04,09:41:52,31.61,76.0,0.0,25.066,121.656
74DA38ED0640,2026-08-04,09:42:05,29.5,100.0,2.0,23.154,121.266
74DA38F21204,2026-08-04,09:42:05,30.5,100.0,1.0,25.062,121.451
74DA38F7C5E6,2026-08-04,09:42:05,35.75,100.0,1.0,25.107,121.843
74DA38F7C54E,2026-08-04,09:42:07,31.86,100.0,0.0,25.063,121.661
74DA38F7C338,2026-08-04,09:42:08,31.0,100.0,4.0,25.011,121.458
74DA38F7C5A0,2026-08-04,09:42:11,31.36,88.0,0.0,25.107,121.518
74DA38F7C3B2,2026-08-04,09:42:12,32.11,61.0,0.0,24.929,121.378
74DA38ED05EA,2026-08-04,09:42:13,31.0,100.0,2.0,23.394,121.357
74DA38F210A2,2026-08-04,09:42:13,31.25,100.0,0.0,25.12,121.466
74DA38F7C3DC,2026-08-04,09:42:13,31.86,100.0,3.0,25.003,121.539
74DA38F7C524,2026-08-04,09:42:13,32.25,100.0,0.0,25.002,121.552
74DA38F7C366,2026-08-04,09:42:30,32.0,100.0,0.0,25.002,121.516
74DA38F209DE,2026-08-04,09:42:31,31.5,100.0,0.0,24.861,120.964
74DA38F20D70,2026-08-04,09:42:33,31.36,87.0,0.0,23.05,121.164
74DA38F21024,2026-08-04,09:42:40,29.25,100.0,0.0,24.93,121.036
74DA38F7C3D6,2026-08-04,09:42:48,32.75,100.0,0.0,25.045,121.541
74DA38F20E9E,2026-08-04,09:43:01,29.5,100.0,1.0,24.648,121.151
74DA38F2105C,2026-08-04,09:43:02,31.11,100.0,0.0,25.088,121.599
74DA38F209A8,2026-08-04,09:43:16,-4.0,0.0,0.0,22.401,120.577
74DA38F7C430,2026-08-04,09:43:27,33.86,68.0,0.0,24.981,121.423
74DA38F20A30,2026-08-04,09:43:30,31.86,71.0,0.0,24.948,121.372
74DA38F209B2,2026-08-04,09:43:31,30.11,100.0,0.0,22.363,120.599
74DA38F20D16,2026-08-04,09:43:31,31.75,98.0,4.0,25.062,121.526
74DA38F7C39A,2026-08-04,09:43:34,32.0,100.0,0.0,25.002,121.414
74DA38F209F8,2026-08-04,09:43:36,29.11,100.0,0.0,23.157,121.4
74DA38F20C06,2026-08-04,09:43:53,33.0,62.0,5.0,24.874,121.02
74DA38F209EE,2026-08-04,09:44:14,30.0,100.0,0.0,23.026,121.33
74DA38F7C260,2026-08-04,09:44:14,33.86,93.0,0.0,25.065,121.425
74DA38F7C532,2026-08-04,09:44:14,31.25,85.0,3.0,25.059,121.499
74DA38F20D1E,2026-08-04,09:44:16,31.75,100.0,6.0,25.048,121.573
74DA38F7C616,2026-08-04,09:44:26,33.11,100.0,0.0,25.031,121.563
74DA38F7C37C,2026-08-04,09:44:29,30.25,-65.0,0.0,25.111,121.856
74DA38F20E6E,2026-08-04,09:44:34,29.0,98.0,0.0,24.41,120.902
74DA38F208E2,2026-08-04,09:44:36,30.36,100.0,4.0,24.688,121.766
74DA38F7C4DE,2026-08-04,09:44:38,31.11,100.0,0.0,25.09,121.462
74DA38F7C47E,2026-08-04,09:44:52,31.61,100.0,5.0,25.053963,121.427681
74DA38F7C46C,2026-08-04,09:44:54,-4.0,0.0,0.0,25.288,121.544
74DA38F21170,2026-08-04,09:44:56,31.75,73.0,3.0,22.779,121.088
74DA38F7C5BE,2026-08-04,09:44:59,30.86,82.0,5.0,25.092,121.523
74DA38ED04F2,2026-08-04,09:45:04,29.36,100.0,2.0,23.468,121.496
74DA38F7C47C,2026-08-04,09:45:06,32.25,88.0,125.0,25.055,121.455
74DA38F21136,2026-08-04,09:45:19,31.61,92.0,2.0,25.119,121.505
74DA38F7C560,2026-08-04,09:45:23,32.0,-67.0,0.0,25.079,121.671
74DA38F7C480,2026-08-04,09:45:26,31.61,100.0,0.0,25.061,121.432
74DA38F7C514,2026-08-04,09:45:27,31.86,100.0,4.0,25.051,121.518
74DA38F7C464,2026-08-04,09:45:34,28.11,30.0,0.0,25.006,121.413
74DA38ED06E0,2026-08-04,09:45:52,30.25,100.0,6.0,23.601,121.521
74DA38F7C310,2026-08-04,09:45:52,31.61,100.0,2.0,25.09,121.464
74DA38F7C41E,2026-08-04,09:45:53,31.36,75.0,0.0,25.054,121.517
74DA38F7C600,2026-08-04,09:45:57,23.5,47.0,2.0,25.07,121.586
74DA38F21088,2026-08-04,09:45:59,32.25,100.0,0.0,25.068,121.588
74DA38F20D2E,2026-08-04,09:46:00,31.11,100.0,0.0,25.06,121.545
74DA38F7C59C,2026-08-04,09:46:07,30.75,71.0,5.0,25.103,121.487
74DA38F7C3BA,2026-08-04,09:46:13,-4.0,0.0,53.0,25.174,121.441
74DA38F7C30C,2026-08-04,09:46:16,32.0,78.0,0.0,24.975,121.532
74DA38ED0454,2026-08-04,09:46:28,31.5,100.0,4.0,24.053,121.599
74DA38ED059C,2026-08-04,09:46:40,31.0,88.0,1.0,23.706,121.412
74DA38F210F6,2026-08-04,09:46:41,31.36,100.0,2.0,22.757426,121.158891
74DA38ED0630,2026-08-04,09:46:47,30.61,100.0,0.0,23.994,121.594
74DA38ED05B6,2026-08-04,09:46:48,30.36,100.0,3.0,23.43,121.348
74DA38F20862,2026-08-04,09:46:48,29.75,100.0,3.0,23.101,121.176
74DA38F7C27E,2026-08-04,09:46:49,31.61,90.0,3.0,25.053,121.444
74DA38F7C3DE,2026-08-04,09:46:51,33.5,87.0,228.0,24.972,121.537
74DA38F20A78,2026-08-04,09:47:14,31.5,100.0,1.0,22.904,121.124
74DA38F20D1A,2026-08-04,09:47:14,31.0,83.0,0.0,25.078,121.541
74DA38F7C63C,2026-08-04,09:47:21,60.62,100.0,2.0,24.998,121.425
74DA38F7C53C,2026-08-04,09:47:30,30.25,100.0,0.0,25.11,121.804
74DA38F7C566,2026-08-04,09:47:30,34.36,92.0,0.0,25.051,121.448
74DA38F20934,2026-08-04,09:47:33,30.11,75.0,1.0,23.002,121.29
74DA38F20EB2,2026-08-04,09:47:33,29.86,100.0,20.0,24.324,120.835
74DA38F7C610,2026-08-04,09:47:41,31.11,87.0,5.0,25.063,121.564
74DA38F7C13A,2026-08-04,09:47:45,23.5,-41.0,0.0,25.069,121.359
74DA38F7C4CC,2026-08-04,09:47:56,32.11,100.0,2.0,25.062,121.451
74DA38F7C5E6,2026-08-04,09:48:10,35.61,100.0,1.0,25.107,121.843
74DA38ED0640,2026-08-04,09:48:11,29.5,100.0,2.0,23.154,121.266
74DA38F21204,2026-08-04,09:48:11,30.5,100.0,1.0,25.062,121.451
74DA38F7C3B2,2026-08-04,09:48:17,32.11,61.0,0.0,24.929,121.378
74DA38F7C506,2026-08-04,09:48:17,32.61,100.0,0.0,24.996,121.544
74DA38F210A2,2026-08-04,09:48:18,31.11,100.0,0.0,25.12,121.466
74DA38F7C3DC,2026-08-04,09:48:18,31.75,100.0,3.0,25.003,121.539
74DA38F7C570,2026-08-04,09:48:18,32.25,100.0,0.0,25.239,121.63
74DA38ED05EA,2026-08-04,09:48:19,31.0,100.0,3.0,23.394,121.357
74DA38F7C592,2026-08-04,09:48:19,-4.0,0.0,0.0,25.224,121.637
74DA38F7C5CE,2026-08-04,09:48:19,31.5,76.0,0.0,25.066,121.656
74DA38F7C338,2026-08-04,09:48:26,31.0,100.0,4.0,25.011,121.458
74DA38F7C54E,2026-08-04,09:48:31,31.75,100.0,0.0,25.063,121.661
74DA38F7C366,2026-08-04,09:48:36,32.0,100.0,0.0,25.002,121.516
74DA38F7C5A0,2026-08-04,09:48:38,31.25,89.0,0.0,25.107,121.518
74DA38F20D70,2026-08-04,09:48:39,31.36,88.0,0.0,23.05,121.164
74DA38F7C524,2026-08-04,09:48:40,32.11,100.0,0.0,25.002,121.552
74DA38F209DE,2026-08-04,09:48:58,31.5,100.0,1.0,24.861,120.964
74DA38F7C42E,2026-08-04,09:49:00,31.86,100.0,0.0,24.969,121.514
74DA38F20E9E,2026-08-04,09:49:05,29.5,100.0,1.0,24.648,121.151
74DA38F21024,2026-08-04,09:49:07,29.25,100.0,0.0,24.93,121.036
74DA38F7C3D6,2026-08-04,09:49:15,32.61,100.0,0.0,25.045,121.541
74DA38F7C53A,2026-08-04,09:49:26,-4.0,0.0,0.0,25.067,121.641
74DA38F2105C,2026-08-04,09:49:30,31.11,100.0,0.0,25.088,121.599
74DA38F20D16,2026-08-04,09:49:37,31.61,99.0,4.0,25.062,121.526
74DA38F7C5AA,2026-08-04,09:49:42,31.86,100.0,0.0,25.0,121.479
74DA38F7C430,2026-08-04,09:49:55,33.75,68.0,0.0,24.981,121.423
74DA38F20A30,2026-08-04,09:49:56,31.75,71.0,0.0,24.948,121.372
74DA38F209B2,2026-08-04,09:49:58,30.11,100.0,0.0,22.363,120.599
74DA38F20C06,2026-08-04,09:49:58,33.0,62.0,5.0,24.874,121.02
74DA38F7C39A,2026-08-04,09:50:01,31.75,100.0,0.0,25.002,121.414
74DA38F209F8,2026-08-04,09:50:03,29.11,100.0,0.0,23.157,121.4
74DA38F7C532,2026-08-04,09:50:18,31.11,87.0,3.0,25.059,121.499
74DA38F209EE,2026-08-04,09:50:20,30.11,100.0,0.0,23.026,121.33
74DA38F20D1E,2026-08-04,09:50:27,31.5,100.0,6.0,25.048,121.573
74DA38F7C616,2026-08-04,09:50:35,33.25,100.0,0.0,25.031,121.563
74DA38F20E6E,2026-08-04,09:50:36,29.0,97.0,0.0,24.41,120.902
74DA38F208E2,2026-08-04,09:50:40,30.36,100.0,4.0,24.688,121.766
74DA38F7C260,2026-08-04,09:50:42,33.86,94.0,0.0,25.065,121.425
74DA38F7C4DE,2026-08-04,09:50:49,31.0,100.0,0.0,25.09,121.462
74DA38F7C37C,2026-08-04,09:50:56,30.11,-62.0,0.0,25.111,121.856
74DA38F7C47C,2026-08-04,09:50:58,32.25,88.0,108.0,25.055,121.455
74DA38F7C47E,2026-08-04,09:50:58,31.61,100.0,4.0,25.053963,121.427681
74DA38F21170,2026-08-04,09:51:02,31.75,73.0,1.0,22.779,121.088
74DA38F7C5BE,2026-08-04,09:51:04,30.75,82.0,4.0,25.092,121.523
74DA38ED04F2,2026-08-04,09:51:12,29.36,100.0,2.0,23.468,121.496
74DA38F21136,2026-08-04,09:51:27,31.61,93.0,1.0,25.119,121.505
74DA38F7C514,2026-08-04,09:51:33,31.86,100.0,4.0,25.051,121.518
74DA38F7C560,2026-08-04,09:51:49,31.86,-67.0,0.0,25.079,121.671
74DA38F7C480,2026-08-04,09:51:52,31.5,100.0,0.0,25.061,121.432
74DA38F7C310,2026-08-04,09:51:57,31.61,100.0,3.0,25.09,121.464
74DA38ED06E0,2026-08-04,09:52:00,30.25,100.0,7.0,23.601,121.521
74DA38F7C600,2026-08-04,09:52:02,23.5,47.0,2.0,25.07,121.586
74DA38F7C464,2026-08-04,09:52:12,27.87,30.0,0.0,25.006,121.413
74DA38F7C41E,2026-08-04,09:52:20,31.25,75.0,0.0,25.054,121.517
74DA38F7C30C,2026-08-04,09:52:22,32.0,78.0,0.0,24.975,121.532
74DA38F20D2E,2026-08-04,09:52:27,31.11,100.0,0.0,25.06,121.545
74DA38F21088,2026-08-04,09:52:27,32.0,100.0,0.0,25.068,121.588
74DA38ED0454,2026-08-04,09:52:34,31.5,100.0,4.0,24.053,121.599
74DA38F7C59C,2026-08-04,09:52:35,30.75,72.0,5.0,25.103,121.487
74DA38F210F6,2026-08-04,09:52:45,31.36,100.0,2.0,22.757426,121.158891
74DA38ED059C,2026-08-04,09:52:46,31.0,88.0,0.0,23.706,121.412
74DA38F7C3DE,2026-08-04,09:52:47,33.36,88.0,216.0,24.972,121.537
74DA38ED05B6,2026-08-04,09:52:53,30.25,100.0,3.0,23.43,121.348
74DA38F7C27E,2026-08-04,09:52:53,31.5,91.0,3.0,25.053,121.444
74DA38F20862,2026-08-04,09:52:54,29.61,100.0,3.0,23.101,121.176
74DA38F209A8,2026-08-04,09:52:55,-4.0,0.0,0.0,22.401,120.577
74DA38ED0630,2026-08-04,09:53:14,30.61,100.0,0.0,23.994,121.594
74DA38F20A78,2026-08-04,09:53:20,31.36,100.0,1.0,22.904,121.124
74DA38F20934,2026-08-04,09:53:41,30.11,75.0,2.0,23.002,121.29
74DA38F20EB2,2026-08-04,09:53:41,29.86,100.0,24.0,24.324,120.835
74DA38F20D1A,2026-08-04,09:53:42,31.0,84.0,0.0,25.078,121.541
74DA38F7C610,2026-08-04,09:53:48,31.0,86.0,4.0,25.063,121.564
74DA38F7C53C,2026-08-04,09:53:59,30.36,100.0,0.0,25.11,121.804
74DA38F7C4CC,2026-08-04,09:54:02,32.0,100.0,2.0,25.062,121.451
74DA38F7C13A,2026-08-04,09:54:12,23.37,-42.0,0.0,25.069,121.359
74DA38F7C5E6,2026-08-04,09:54:15,35.5,100.0,1.0,25.107,121.843
74DA38ED0640,2026-08-04,09:54:17,29.36,100.0,3.0,23.154,121.266
74DA38F210A2,2026-08-04,09:54:23,31.25,100.0,0.0,25.12,121.466
74DA38F7C3B2,2026-08-04,09:54:23,32.25,60.0,0.0,24.929,121.378
74DA38ED05EA,2026-08-04,09:54:24,30.86,100.0,2.0,23.394,121.357
74DA38F7C3DC,2026-08-04,09:54:25,31.75,100.0,4.0,25.003,121.539
74DA38F7C46C,2026-08-04,09:54:34,-4.0,0.0,0.0,25.288,121.544
74DA38F21204,2026-08-04,09:54:36,30.5,100.0,1.0,25.062,121.451
74DA38F7C366,2026-08-04,09:54:41,32.0,100.0,0.0,25.002,121.516
74DA38F20D70,2026-08-04,09:54:44,31.25,88.0,0.0,23.05,121.164
74DA38F7C338,2026-08-04,09:54:45,31.0,100.0,3.0,25.011,121.458
74DA38F7C570,2026-08-04,09:54:47,32.25,100.0,0.0,25.239,121.63
74DA38F7C5CE,2026-08-04,09:54:48,31.25,77.0,0.0,25.066,121.656
74DA38F7C3BA,2026-08-04,09:54:51,-4.0,0.0,61.0,25.174,121.441
74DA38F7C506,2026-08-04,09:54:54,32.5,100.0,0.0,24.996,121.544
74DA38F7C54E,2026-08-04,09:55:00,31.61,100.0,0.0,25.063,121.661
74DA38F7C5A0,2026-08-04,09:55:06,31.36,89.0,0.0,25.107,121.518
74DA38F7C524,2026-08-04,09:55:07,32.0,100.0,0.0,25.002,121.552
74DA38F20E9E,2026-08-04,09:55:10,29.5,100.0,1.0,24.648,121.151
74DA38F209DE,2026-08-04,09:55:26,31.36,100.0,0.0,24.861,120.964
74DA38F7C42E,2026-08-04,09:55:28,31.61,100.0,0.0,24.969,121.514
74DA38F21024,2026-08-04,09:55:33,29.11,100.0,0.0,24.93,121.036
74DA38F20D16,2026-08-04,09:55:41,31.61,100.0,3.0,25.062,121.526
74DA38F7C3D6,2026-08-04,09:55:42,32.25,100.0,0.0,25.045,121.541
74DA38F2105C,2026-08-04,09:55:56,31.11,100.0,0.0,25.088,121.599
74DA38F20C06,2026-08-04,09:56:03,32.86,62.0,5.0,24.874,121.02
74DA38F7C430,2026-08-04,09:56:22,33.75,69.0,0.0,24.981,121.423
74DA38F20A30,2026-08-04,09:56:24,31.75,71.0,0.0,24.948,121.372
74DA38F209B2,2026-08-04,09:56:25,30.0,100.0,0.0,22.363,120.599
74DA38F209EE,2026-08-04,09:56:25,30.11,100.0,0.0,23.026,121.33
74DA38F7C532,2026-08-04,09:56:26,31.11,87.0,4.0,25.059,121.499
74DA38F7C39A,2026-08-04,09:56:29,31.61,100.0,0.0,25.002,121.414
74DA38F209F8,2026-08-04,09:56:30,29.11,100.0,0.0,23.157,121.4
74DA38F20D1E,2026-08-04,09:56:35,31.25,100.0,6.0,25.048,121.573
74DA38F20E6E,2026-08-04,09:56:38,28.86,99.0,0.0,24.41,120.902
74DA38F208E2,2026-08-04,09:56:45,30.25,100.0,5.0,24.688,121.766
74DA38F7C47C,2026-08-04,09:56:50,32.11,89.0,110.0,25.055,121.455
74DA38F7C63C,2026-08-04,09:56:54,60.62,100.0,3.0,24.998,121.425
74DA38F7C616,2026-08-04,09:57:00,32.75,100.0,0.0,25.031,121.563
74DA38F7C47E,2026-08-04,09:57:03,31.61,100.0,5.0,25.053963,121.427681
74DA38F21170,2026-08-04,09:57:09,31.61,74.0,1.0,22.779,121.088
74DA38F7C260,2026-08-04,09:57:09,33.75,93.0,0.0,25.065,121.425
74DA38F7C5BE,2026-08-04,09:57:09,30.61,83.0,5.0,25.092,121.523
74DA38ED04F2,2026-08-04,09:57:20,29.5,100.0,2.0,23.468,121.496
74DA38F7C37C,2026-08-04,09:57:23,30.0,-60.0,0.0,25.111,121.856
74DA38F7C514,2026-08-04,09:57:40,31.61,100.0,4.0,25.051,121.518
74DA38F7C592,2026-08-04,09:57:58,-4.0,0.0,0.0,25.224,121.637
74DA38F7C310,2026-08-04,09:58:01,31.61,100.0,2.0,25.09,121.464
74DA38ED06E0,2026-08-04,09:58:05,30.11,100.0,6.0,23.601,121.521
74DA38F7C600,2026-08-04,09:58:08,23.5,47.0,2.0,25.07,121.586
74DA38F7C560,2026-08-04,09:58:18,31.75,-67.0,0.0,25.079,121.671
74DA38F7C480,2026-08-04,09:58:20,31.36,100.0,0.0,25.061,121.432
74DA38F7C30C,2026-08-04,09:58:30,32.0,78.0,0.0,24.975,121.532
74DA38F7C3DE,2026-08-04,09:58:42,33.25,88.0,235.0,24.972,121.537
74DA38F7C464,2026-08-04,09:58:46,27.87,30.0,0.0,25.006,121.413
74DA38ED0454,2026-08-04,09:58:47,31.36,100.0,4.0,24.053,121.599
74DA38F210F6,2026-08-04,09:58:50,31.36,100.0,2.0,22.757426,121.158891
74DA38F7C41E,2026-08-04,09:58:50,31.11,76.0,0.0,25.054,121.517
74DA38ED059C,2026-08-04,09:58:52,31.0,89.0,1.0,23.706,121.412
74DA38F20D2E,2026-08-04,09:58:55,31.11,100.0,0.0,25.06,121.545
74DA38F21088,2026-08-04,09:58:56,31.86,100.0,0.0,25.068,121.588
74DA38F7C27E,2026-08-04,09:58:57,31.5,91.0,4.0,25.053,121.444
74DA38ED05B6,2026-08-04,09:58:58,30.11,100.0,2.0,23.43,121.348
74DA38F20862,2026-08-04,09:59:01,29.61,100.0,2.0,23.101,121.176
74DA38F7C59C,2026-08-04,09:59:02,30.75,73.0,6.0,25.103,121.487
74DA38F7C53A,2026-08-04,09:59:07,-4.0,0.0,0.0,25.067,121.641
74DA38F20A78,2026-08-04,09:59:26,31.5,100.0,1.0,22.904,121.124
74DA38ED0630,2026-08-04,09:59:42,30.5,100.0,0.0,23.994,121.594
74DA38F20934,2026-08-04,09:59:49,30.11,75.0,2.0,23.002,121.29
74DA38F20EB2,2026-08-04,09:59:51,29.86,100.0,29.0,24.324,120.835
74DA38F7C610,2026-08-04,09:59:53,31.0,87.0,5.0,25.063,121.564
74DA38F7C4CC,2026-08-04,10:00:08,32.0,100.0,2.0,25.062,121.451
74DA38F20D1A,2026-08-04,10:00:10,30.86,84.0,0.0,25.078,121.541
74DA38F7C5E6,2026-08-04,10:00:19,35.5,100.0,1.0,25.107,121.843
74DA38ED0640,2026-08-04,10:00:24,29.25,100.0,2.0,23.154,121.266
74DA38F7C53C,2026-08-04,10:00:27,30.36,100.0,0.0,25.11,121.804
74DA38F7C3B2,2026-08-04,10:00:28,32.36,60.0,0.0,24.929,121.378
74DA38F210A2,2026-08-04,10:00:29,31.25,100.0,0.0,25.12,121.466
74DA38ED05EA,2026-08-04,10:00:30,30.75,100.0,2.0,23.394,121.357
74DA38F7C3DC,2026-08-04,10:00:30,31.61,100.0,3.0,25.003,121.539
74DA38F7C13A,2026-08-04,10:00:39,23.25,-44.0,0.0,25.069,121.359
74DA38F21204,2026-08-04,10:00:44,30.36,100.0,1.0,25.062,121.451
74DA38F7C366,2026-08-04,10:00:47,31.75,100.0,0.0,25.002,121.516
74DA38F20D70,2026-08-04,10:00:49,31.11,88.0,0.0,23.05,121.164
74DA38F7C338,2026-08-04,10:00:52,30.86,100.0,4.0,25.011,121.458
74DA38F7C570,2026-08-04,10:01:14,32.11,100.0,0.0,25.239,121.63
74DA38F20E9E,2026-08-04,10:01:15,29.36,100.0,2.0,24.648,121.151
74DA38F7C5CE,2026-08-04,10:01:19,31.25,77.0,0.0,25.066,121.656
74DA38F7C506,2026-08-04,10:01:21,32.25,100.0,0.0,24.996,121.544
74DA38F7C54E,2026-08-04,10:01:28,31.25,100.0,0.0,25.063,121.661
74DA38F7C5A0,2026-08-04,10:01:33,31.25,90.0,0.0,25.107,121.518
74DA38F7C524,2026-08-04,10:01:35,31.75,100.0,0.0,25.002,121.552
74DA38F20D16,2026-08-04,10:01:47,31.61,100.0,4.0,25.062,121.526
74DA38F209DE,2026-08-04,10:01:54,31.25,100.0,0.0,24.861,120.964
74DA38F21024,2026-08-04,10:02:00,29.11,100.0,0.0,24.93,121.036
74DA38F20C06,2026-08-04,10:02:08,32.75,63.0,6.0,24.874,121.02
74DA38F7C3D6,2026-08-04,10:02:08,32.25,100.0,0.0,25.045,121.541
74DA38F2105C,2026-08-04,10:02:23,31.0,100.0,0.0,25.088,121.599
74DA38F209EE,2026-08-04,10:02:30,30.11,100.0,0.0,23.026,121.33
74DA38F7C532,2026-08-04,10:02:32,31.11,88.0,4.0,25.059,121.499
74DA38F209A8,2026-08-04,10:02:33,-4.0,0.0,0.0,22.401,120.577
74DA38F20E6E,2026-08-04,10:02:39,29.0,99.0,0.0,24.41,120.902
74DA38F20D1E,2026-08-04,10:02:43,31.25,100.0,6.0,25.048,121.573
74DA38F7C47C,2026-08-04,10:02:43,32.25,89.0,85.0,25.055,121.455
74DA38F208E2,2026-08-04,10:02:50,30.11,100.0,4.0,24.688,121.766
74DA38F209B2,2026-08-04,10:02:52,30.11,100.0,0.0,22.363,120.599
74DA38F7C430,2026-08-04,10:02:53,33.61,70.0,0.0,24.981,121.423
74DA38F20A30,2026-08-04,10:02:54,31.61,71.0,0.0,24.948,121.372
74DA38F7C39A,2026-08-04,10:02:57,31.36,100.0,0.0,25.002,121.414
74DA38F209F8,2026-08-04,10:02:58,29.0,100.0,0.0,23.157,121.4
74DA38F7C616,2026-08-04,10:03:07,32.75,100.0,0.0,25.031,121.563
74DA38F7C47E,2026-08-04,10:03:08,31.36,100.0,5.0,25.053963,121.427681
74DA38F21170,2026-08-04,10:03:15,31.5,74.0,1.0,22.779,121.088
74DA38F7C5BE,2026-08-04,10:03:15,30.5,83.0,5.0,25.092,121.523
74DA38ED04F2,2026-08-04,10:03:28,29.25,100.0,2.0,23.468,121.496
74DA38F7C3BA,2026-08-04,10:03:31,-4.0,0.0,71.0,25.174,121.441
74DA38F7C4DE,2026-08-04,10:03:34,30.86,100.0,0.0,25.09,121.462
74DA38F7C260,2026-08-04,10:03:35,33.75,94.0,0.0,25.065,121.425
74DA38F7C514,2026-08-04,10:03:46,31.5,100.0,4.0,25.051,121.518
74DA38F7C37C,2026-08-04,10:03:51,29.75,-51.0,0.0,25.111,121.856
74DA38F7C310,2026-08-04,10:04:07,31.61,100.0,6.0,25.09,121.464
74DA38ED06E0,2026-08-04,10:04:12,30.11,100.0,7.0,23.601,121.521
74DA38F7C600,2026-08-04,10:04:13,23.5,47.0,2.0,25.07,121.586
74DA38F7C46C,2026-08-04,10:04:15,-4.0,0.0,0.0,25.288,121.544
74DA38F7C3DE,2026-08-04,10:04:39,33.11,89.0,245.0,24.972,121.537
74DA38F7C560,2026-08-04,10:04:45,31.75,-68.0,0.0,25.079,121.671
74DA38F7C480,2026-08-04,10:04:48,31.25,100.0,0.0,25.061,121.432
74DA38F210F6,2026-08-04,10:04:55,31.36,100.0,2.0,22.757426,121.158891
74DA38ED059C,2026-08-04,10:04:59,30.61,90.0,1.0,23.706,121.412
74DA38ED05B6,2026-08-04,10:05:02,30.11,100.0,2.0,23.43,121.348
74DA38F7C27E,2026-08-04,10:05:02,31.5,91.0,4.0,25.053,121.444
74DA38F20862,2026-08-04,10:05:07,29.61,100.0,3.0,23.101,121.176
74DA38F7C41E,2026-08-04,10:05:19,31.0,76.0,0.0,25.054,121.517
74DA38F20D2E,2026-08-04,10:05:23,31.0,100.0,0.0,25.06,121.545
74DA38F21088,2026-08-04,10:05:23,31.86,100.0,0.0,25.068,121.588
74DA38F7C59C,2026-08-04,10:05:28,30.75,73.0,5.0,25.103,121.487
74DA38F20A78,2026-08-04,10:05:32,31.5,100.0,1.0,22.904,121.124
74DA38F20934,2026-08-04,10:05:59,30.11,75.0,2.0,23.002,121.29
74DA38F7C610,2026-08-04,10:06:00,31.0,87.0,5.0,25.063,121.564
74DA38F20EB2,2026-08-04,10:06:01,29.75,100.0,24.0,24.324,120.835
74DA38ED0630,2026-08-04,10:06:08,30.61,100.0,0.0,23.994,121.594
74DA38F7C4CC,2026-08-04,10:06:14,31.86,100.0,2.0,25.062,121.451
74DA38F7C5E6,2026-08-04,10:06:24,35.5,100.0,1.0,25.107,121.843
74DA38F7C63C,2026-08-04,10:06:27,60.62,100.0,2.0,24.998,121.425
74DA38ED0640,2026-08-04,10:06:30,29.11,100.0,2.0,23.154,121.266
74DA38F7C3B2,2026-08-04,10:06:34,32.5,60.0,0.0,24.929,121.378
74DA38ED05EA,2026-08-04,10:06:35,30.75,100.0,1.0,23.394,121.357
74DA38F210A2,2026-08-04,10:06:35,31.25,100.0,0.0,25.12,121.466
74DA38F7C3DC,2026-08-04,10:06:36,31.61,100.0,4.0,25.003,121.539
74DA38F20D1A,2026-08-04,10:06:38,30.86,84.0,0.0,25.078,121.541
74DA38F21204,2026-08-04,10:06:50,30.36,100.0,1.0,25.062,121.451
74DA38F20D70,2026-08-04,10:06:54,31.0,88.0,0.0,23.05,121.164
74DA38F7C53C,2026-08-04,10:06:55,30.36,100.0,0.0,25.11,121.804
74DA38F7C338,2026-08-04,10:06:58,30.86,100.0,4.0,25.011,121.458
74DA38F7C366,2026-08-04,10:06:58,31.75,100.0,0.0,25.002,121.516
74DA38F7C13A,2026-08-04,10:07:07,23.37,-44.0,0.0,25.069,121.359
74DA38F20E9E,2026-08-04,10:07:20,29.36,100.0,2.0,24.648,121.151
74DA38F7C592,2026-08-04,10:07:37,-4.0,0.0,0.0,25.224,121.637
74DA38F7C570,2026-08-04,10:07:42,32.11,100.0,0.0,25.239,121.63
74DA38F7C5CE,2026-08-04,10:07:47,31.25,77.0,0.0,25.066,121.656
74DA38F7C506,2026-08-04,10:07:48,32.0,100.0,0.0,24.996,121.544
74DA38F20D16,2026-08-04,10:07:52,31.75,100.0,5.0,25.062,121.526
74DA38F7C54E,2026-08-04,10:07:56,31.25,100.0,0.0,25.063,121.661
74DA38F7C5A0,2026-08-04,10:08:00,31.25,90.0,0.0,25.107,121.518
74DA38F7C524,2026-08-04,10:08:05,31.5,100.0,0.0,25.002,121.552
74DA38F20C06,2026-08-04,10:08:14,32.61,63.0,6.0,24.874,121.02
74DA38F209DE,2026-08-04,10:08:20,31.11,100.0,0.0,24.861,120.964
74DA38F21024,2026-08-04,10:08:27,29.11,100.0,0.0,24.93,121.036
74DA38F209EE,2026-08-04,10:08:35,30.11,100.0,0.0,23.026,121.33
74DA38F7C3D6,2026-08-04,10:08:35,32.25,100.0,0.0,25.045,121.541
74DA38F7C47C,2026-08-04,10:08:39,32.0,89.0,67.0,25.055,121.455
74DA38F7C532,2026-08-04,10:08:39,31.11,88.0,4.0,25.059,121.499
74DA38F20E6E,2026-08-04,10:08:40,28.86,99.0,0.0,24.41,120.902
74DA38F7C42E,2026-08-04,10:08:46,31.36,100.0,0.0,24.969,121.514
74DA38F20D1E,2026-08-04,10:08:50,31.25,100.0,6.0,25.048,121.573
74DA38F2105C,2026-08-04,10:08:50,31.0,100.0,0.0,25.088,121.599
74DA38F7C53A,2026-08-04,10:08:54,-4.0,0.0,0.0,25.067,121.641
74DA38F208E2,2026-08-04,10:08:55,30.0,100.0,5.0,24.688,121.766
74DA38F7C47E,2026-08-04,10:09:14,31.61,100.0,5.0,25.053963,121.427681
74DA38F7C616,2026-08-04,10:09:15,32.11,100.0,0.0,25.031,121.563
74DA38F209B2,2026-08-04,10:09:18,30.11,100.0,0.0,22.363,120.599
74DA38F7C5BE,2026-08-04,10:09:19,30.5,84.0,5.0,25.092,121.523
74DA38F7C430,2026-08-04,10:09:20,33.61,71.0,0.0,24.981,121.423
74DA38F20A30,2026-08-04,10:09:23,31.61,72.0,0.0,24.948,121.372
74DA38F21170,2026-08-04,10:09:23,31.5,76.0,1.0,22.779,121.088
74DA38F7C39A,2026-08-04,10:09:24,31.36,100.0,0.0,25.002,121.414
74DA38F209F8,2026-08-04,10:09:26,29.0,100.0,0.0,23.157,121.4
74DA38ED04F2,2026-08-04,10:09:37,29.11,100.0,1.0,23.468,121.496
74DA38F7C514,2026-08-04,10:09:52,31.36,100.0,4.0,25.051,121.518
74DA38F7C310,2026-08-04,10:10:13,31.5,100.0,3.0,25.09,121.464
74DA38F7C37C,2026-08-04,10:10:18,29.61,-40.0,0.0,25.111,121.856
74DA38F7C600,2026-08-04,10:10:19,23.5,47.0,2.0,25.07,121.586
74DA38F7C260,2026-08-04,10:10:28,33.61,94.0,0.0,25.065,121.425
74DA38ED06E0,2026-08-04,10:10:35,30.11,99.0,5.0,23.601,121.521
74DA38F7C3DE,2026-08-04,10:10:35,33.11,89.0,240.0,24.972,121.537
74DA38F210F6,2026-08-04,10:10:59,31.36,100.0,2.0,22.757426,121.158891
74DA38ED059C,2026-08-04,10:11:05,30.5,91.0,1.0,23.706,121.412
74DA38ED05B6,2026-08-04,10:11:07,30.11,100.0,2.0,23.43,121.348
74DA38ED0454,2026-08-04,10:11:08,31.61,100.0,8.0,24.053,121.599
74DA38F7C27E,2026-08-04,10:11:08,31.5,91.0,3.0,25.053,121.444
74DA38F7C560,2026-08-04,10:11:12,31.5,-67.0,0.0,25.079,121.671
74DA38F20862,2026-08-04,10:11:13,29.61,100.0,2.0,23.101,121.176
74DA38F7C480,2026-08-04,10:11:14,31.25,100.0,0.0,25.061,121.432
74DA38F7C30C,2026-08-04,10:11:26,31.86,79.0,0.0,24.975,121.532
74DA38F20A78,2026-08-04,10:11:38,31.36,100.0,0.0,22.904,121.124
74DA38F7C41E,2026-08-04,10:11:48,31.0,76.0,0.0,25.054,121.517
74DA38F20D2E,2026-08-04,10:11:50,31.11,100.0,0.0,25.06,121.545
74DA38F21088,2026-08-04,10:11:51,31.75,100.0,0.0,25.068,121.588
74DA38F7C59C,2026-08-04,10:11:55,30.61,73.0,6.0,25.103,121.487
74DA38F7C610,2026-08-04,10:12:05,31.0,87.0,5.0,25.063,121.564
74DA38F20934,2026-08-04,10:12:09,30.11,75.0,1.0,23.002,121.29
74DA38F20EB2,2026-08-04,10:12:11,29.61,100.0,30.0,24.324,120.835
74DA38F7C3BA,2026-08-04,10:12:12,-4.0,0.0,71.0,25.174,121.441
74DA38F209A8,2026-08-04,10:12:13,-4.0,0.0,0.0,22.401,120.577
74DA38F7C5E6,2026-08-04,10:12:30,35.75,100.0,1.0,25.107,121.843
74DA38ED0630,2026-08-04,10:12:36,30.5,100.0,0.0,23.994,121.594
74DA38ED0640,2026-08-04,10:12:37,29.11,100.0,2.0,23.154,121.266
74DA38F210A2,2026-08-04,10:12:39,31.25,100.0,0.0,25.12,121.466
74DA38F7C3B2,2026-08-04,10:12:39,32.61,60.0,0.0,24.929,121.378
74DA38ED05EA,2026-08-04,10:12:40,30.75,100.0,2.0,23.394,121.357
74DA38F7C3DC,2026-08-04,10:12:42,31.5,100.0,4.0,25.003,121.539
74DA38F21204,2026-08-04,10:12:56,30.25,100.0,1.0,25.062,121.451
74DA38F7C464,2026-08-04,10:12:59,27.75,30.0,0.0,25.006,121.413
74DA38F20D70,2026-08-04,10:13:01,31.11,88.0,0.0,23.05,121.164
74DA38F7C366,2026-08-04,10:13:03,31.61,100.0,0.0,25.002,121.516
74DA38F20D1A,2026-08-04,10:13:07,30.75,86.0,0.0,25.078,121.541
74DA38F7C53C,2026-08-04,10:13:23,30.36,100.0,0.0,25.11,121.804
74DA38F20E9E,2026-08-04,10:13:25,29.25,100.0,2.0,24.648,121.151
74DA38F7C13A,2026-08-04,10:13:33,23.25,-45.0,1.0,25.069,121.359
74DA38F7C338,2026-08-04,10:13:33,31.0,100.0,4.0,25.011,121.458
74DA38F7C46C,2026-08-04,10:13:55,-4.0,0.0,0.0,25.288,121.544
74DA38F20D16,2026-08-04,10:13:57,31.61,100.0,5.0,25.062,121.526
74DA38F7C570,2026-08-04,10:14:07,32.11,100.0,0.0,25.239,121.63
74DA38F7C5CE,2026-08-04,10:14:14,31.11,77.0,0.0,25.066,121.656
74DA38F7C506,2026-08-04,10:14:18,31.5,100.0,0.0,24.996,121.544
74DA38F20C06,2026-08-04,10:14:19,32.61,63.0,5.0,24.874,121.02
74DA38F7C54E,2026-08-04,10:14:24,31.36,100.0,0.0,25.063,121.661
74DA38F7C5A0,2026-08-04,10:14:28,31.11,90.0,0.0,25.107,121.518
74DA38F7C524,2026-08-04,10:14:31,31.36,100.0,0.0,25.002,121.552
74DA38F7C47C,2026-08-04,10:14:32,32.0,89.0,101.0,25.055,121.455
74DA38F209EE,2026-08-04,10:14:40,30.11,100.0,0.0,23.026,121.33
74DA38F20E6E,2026-08-04,10:14:41,28.75,100.0,0.0,24.41,120.902
74DA38F7C532,2026-08-04,10:14:45,30.86,89.0,4.0,25.059,121.499
74DA38F209DE,2026-08-04,10:14:48,31.0,100.0,0.0,24.861,120.964
74DA38F21024,2026-08-04,10:14:54,29.11,100.0,0.0,24.93,121.036
74DA38F20D1E,2026-08-04,10:14:56,31.0,100.0,6.0,25.048,121.573
74DA38F208E2,2026-08-04,10:15:00,29.86,100.0,5.0,24.688,121.766
74DA38F7C3D6,2026-08-04,10:15:02,32.11,100.0,0.0,25.045,121.541
74DA38F2105C,2026-08-04,10:15:16,30.86,100.0,0.0,25.088,121.599
74DA38F7C47E,2026-08-04,10:15:19,31.75,100.0,5.0,25.053963,121.427681
74DA38F7C616,2026-08-04,10:15:23,32.0,100.0,0.0,25.031,121.563
74DA38F7C5BE,2026-08-04,10:15:24,30.36,85.0,5.0,25.092,121.523
74DA38F21170,2026-08-04,10:15:29,31.5,76.0,1.0,22.779,121.088
74DA38ED04F2,2026-08-04,10:15:45,28.86,100.0,4.0,23.468,121.496
74DA38F209B2,2026-08-04,10:15:45,30.0,100.0,0.0,22.363,120.599
74DA38F7C430,2026-08-04,10:15:49,33.5,71.0,0.0,24.981,121.423
74DA38F209F8,2026-08-04,10:15:52,29.0,100.0,0.0,23.157,121.4
74DA38F7C39A,2026-08-04,10:15:52,31.25,100.0,0.0,25.002,121.414
74DA38F20A30,2026-08-04,10:15:54,31.5,72.0,0.0,24.948,121.372
74DA38F7C514,2026-08-04,10:15:59,31.36,100.0,4.0,25.051,121.518
74DA38F7C63C,2026-08-04,10:16:00,60.62,100.0,2.0,24.998,121.425
74DA38F7C310,2026-08-04,10:16:18,31.61,100.0,3.0,25.09,121.464
74DA38F7C4DE,2026-08-04,10:16:21,30.75,100.0,0.0,25.09,121.462
74DA38F7C600,2026-08-04,10:16:24,23.5,47.0,2.0,25.07,121.586
74DA38F7C3DE,2026-08-04,10:16:30,33.11,90.0,243.0,24.972,121.537
74DA38F21136,2026-08-04,10:16:34,31.11,97.0,2.0,25.119,121.505
74DA38ED06E0,2026-08-04,10:16:42,30.0,98.0,5.0,23.601,121.521
74DA38F7C37C,2026-08-04,10:16:46,29.61,-28.0,0.0,25.111,121.856
74DA38F7C260,2026-08-04,10:16:55,33.5,94.0,0.0,25.065,121.425
74DA38F210F6,2026-08-04,10:17:05,31.25,100.0,2.0,22.757426,121.158891
74DA38ED059C,2026-08-04,10:17:11,30.5,92.0,1.0,23.706,121.412
74DA38ED05B6,2026-08-04,10:17:11,29.86,100.0,3.0,23.43,121.348
74DA38F7C27E,2026-08-04,10:17:12,31.5,91.0,3.0,25.053,121.444
74DA38ED0454,2026-08-04,10:17:13,31.61,100.0,4.0,24.053,121.599
74DA38F7C592,2026-08-04,10:17:16,-4.0,0.0,0.0,25.224,121.637
74DA38F20862,2026-08-04,10:17:19,29.61,100.0,2.0,23.101,121.176
74DA38F7C480,2026-08-04,10:17:40,31.11,100.0,0.0,25.061,121.432
74DA38F7C560,2026-08-04,10:17:40,31.25,-67.0,0.0,25.079,121.671
74DA38F7C4CC,2026-08-04,10:17:43,31.86,100.0,3.0,25.062,121.451
74DA38F20A78,2026-08-04,10:17:44,31.36,100.0,1.0,22.904,121.124
74DA38F7C30C,2026-08-04,10:17:44,31.86,79.0,0.0,24.975,121.532
74DA38F7C610,2026-08-04,10:18:09,30.86,87.0,5.0,25.063,121.564
74DA38F7C41E,2026-08-04,10:18:16,31.0,76.0,0.0,25.054,121.517
74DA38F20D2E,2026-08-04,10:18:19,31.11,100.0,0.0,25.06,121.545
74DA38F21088,2026-08-04,10:18:20,31.61,100.0,0.0,25.068,121.588
74DA38F20934,2026-08-04,10:18:21,30.11,75.0,1.0,23.002,121.29
74DA38F7C59C,2026-08-04,10:18:23,30.61,74.0,6.0,25.103,121.487
74DA38F20EB2,2026-08-04,10:18:24,29.5,100.0,35.0,24.324,120.835
74DA38F7C53A,2026-08-04,10:18:35,-4.0,0.0,0.0,25.067,121.641
74DA38F7C5E6,2026-08-04,10:18:35,35.75,100.0,1.0,25.107,121.843
74DA38ED0640,2026-08-04,10:18:43,29.11,100.0,2.0,23.154,121.266
74DA38ED05EA,2026-08-04,10:18:45,30.61,100.0,2.0,23.394,121.357
74DA38F210A2,2026-08-04,10:18:45,31.11,100.0,0.0,25.12,121.466
74DA38F7C3B2,2026-08-04,10:18:45,32.5,60.0,0.0,24.929,121.378
74DA38F7C3DC,2026-08-04,10:18:47,31.36,100.0,4.0,25.003,121.539
74DA38ED0630,2026-08-04,10:19:03,30.61,100.0,0.0,23.994,121.594
74DA38F21204,2026-08-04,10:19:03,30.11,100.0,1.0,25.062,121.451
74DA38F20D70,2026-08-04,10:19:06,31.11,88.0,0.0,23.05,121.164
74DA38F7C366,2026-08-04,10:19:09,31.61,100.0,0.0,25.002,121.516
74DA38F20E9E,2026-08-04,10:19:30,29.25,100.0,2.0,24.648,121.151
74DA38F20D1A,2026-08-04,10:19:34,30.61,85.0,0.0,25.078,121.541
74DA38F7C338,2026-08-04,10:19:41,31.0,100.0,4.0,25.011,121.458
74DA38F7C53C,2026-08-04,10:19:49,30.36,100.0,0.0,25.11,121.804
74DA38F7C13A,2026-08-04,10:20:00,23.25,-48.0,0.0,25.069,121.359
74DA38F20D16,2026-08-04,10:20:03,31.61,100.0,5.0,25.062,121.526
74DA38F7C464,2026-08-04,10:20:08,27.75,30.0,0.0,25.006,121.413
74DA38F20C06,2026-08-04,10:20:25,32.5,63.0,6.0,24.874,121.02
74DA38F7C47C,2026-08-04,10:20:25,32.0,90.0,114.0,25.055,121.455
74DA38F7C570,2026-08-04,10:20:37,32.11,100.0,0.0,25.239,121.63
74DA38F7C5CE,2026-08-04,10:20:41,31.0,78.0,0.0,25.066,121.656
74DA38F20E6E,2026-08-04,10:20:42,28.61,100.0,0.0,24.41,120.902
74DA38F209EE,2026-08-04,10:20:45,30.25,100.0,0.0,23.026,121.33
74DA38F7C506,2026-08-04,10:20:46,31.61,100.0,0.0,24.996,121.544
74DA38F7C54E,2026-08-04,10:20:52,31.25,100.0,0.0,25.063,121.661
74DA38F7C3BA,2026-08-04,10:20:54,-4.0,0.0,75.0,25.174,121.441
74DA38F7C532,2026-08-04,10:20:55,30.86,90.0,4.0,25.059,121.499
74DA38F7C5A0,2026-08-04,10:20:55,31.0,92.0,0.0,25.107,121.518
74DA38F7C524,2026-08-04,10:20:59,31.36,100.0,0.0,25.002,121.552
74DA38F20D1E,2026-08-04,10:21:03,30.86,100.0,6.0,25.048,121.573
74DA38F208E2,2026-08-04,10:21:05,29.75,100.0,5.0,24.688,121.766
74DA38F209DE,2026-08-04,10:21:15,31.0,100.0,0.0,24.861,120.964
74DA38F21024,2026-08-04,10:21:21,29.0,100.0,0.0,24.93,121.036
74DA38F7C47E,2026-08-04,10:21:24,31.5,100.0,5.0,25.053963,121.427681
74DA38F7C3D6,2026-08-04,10:21:28,32.25,100.0,0.0,25.045,121.541
74DA38F7C616,2026-08-04,10:21:29,32.11,100.0,0.0,25.031,121.563
74DA38F7C5BE,2026-08-04,10:21:30,30.36,85.0,5.0,25.092,121.523
74DA38F21170,2026-08-04,10:21:34,31.5,75.0,1.0,22.779,121.088
74DA38F2105C,2026-08-04,10:21:44,30.75,100.0,0.0,25.088,121.599
74DA38F209A8,2026-08-04,10:21:51,-4.0,0.0,0.0,22.401,120.577
74DA38ED04F2,2026-08-04,10:21:53,28.61,100.0,3.0,23.468,121.496
74DA38F7C514,2026-08-04,10:22:06,31.36,100.0,5.0,25.051,121.518
74DA38F209B2,2026-08-04,10:22:12,30.0,100.0,0.0,22.363,120.599
74DA38F7C430,2026-08-04,10:22:17,33.5,71.0,0.0,24.981,121.423
74DA38F7C39A,2026-08-04,10:22:19,31.25,100.0,0.0,25.002,121.414
74DA38F209F8,2026-08-04,10:22:20,29.0,100.0,0.0,23.157,121.4
74DA38F7C310,2026-08-04,10:22:22,31.5,100.0,2.0,25.09,121.464
74DA38F7C3DE,2026-08-04,10:22:27,33.11,90.0,239.0,24.972,121.537
74DA38F20A30,2026-08-04,10:22:28,31.36,72.0,0.0,24.948,121.372
74DA38F7C600,2026-08-04,10:22:30,23.5,47.0,2.0,25.07,121.586
74DA38F7C42E,2026-08-04,10:22:39,31.25,100.0,0.0,24.969,121.514
74DA38ED06E0,2026-08-04,10:22:47,30.0,98.0,4.0,23.601,121.521
74DA38F210F6,2026-08-04,10:23:10,31.11,100.0,2.0,22.757426,121.158891
74DA38F7C566,2026-08-04,10:23:13,33.5,94.0,0.0,25.051,121.448
74DA38F7C37C,2026-08-04,10:23:14,29.61,-14.0,0.0,25.111,121.856
74DA38ED059C,2026-08-04,10:23:17,30.36,93.0,1.0,23.706,121.412
74DA38ED05B6,2026-08-04,10:23:17,29.86,100.0,4.0,23.43,121.348
74DA38F7C27E,2026-08-04,10:23:17,31.36,92.0,4.0,25.053,121.444
74DA38ED0454,2026-08-04,10:23:19,31.61,100.0,4.0,24.053,121.599
74DA38F7C260,2026-08-04,10:23:23,33.5,94.0,0.0,25.065,121.425
74DA38F20862,2026-08-04,10:23:24,29.75,100.0,3.0,23.101,121.176
74DA38F7C46C,2026-08-04,10:23:34,-4.0,0.0,0.0,25.288,121.544
74DA38F7C4CC,2026-08-04,10:23:49,31.61,100.0,2.0,25.062,121.451
74DA38F20A78,2026-08-04,10:23:50,31.25,100.0,1.0,22.904,121.124
74DA38F7C30C,2026-08-04,10:23:56,31.86,79.0,0.0,24.975,121.532
74DA38F7C480,2026-08-04,10:24:07,31.11,100.0,0.0,25.061,121.432
74DA38F7C560,2026-08-04,10:24:08,31.11,-67.0,0.0,25.079,121.671
74DA38F7C610,2026-08-04,10:24:14,30.86,88.0,5.0,25.063,121.564
74DA38F20934,2026-08-04,10:24:36,30.11,75.0,1.0,23.002,121.29
74DA38F20EB2,2026-08-04,10:24:36,29.25,100.0,26.0,24.324,120.835
74DA38F7C5E6,2026-08-04,10:24:39,35.11,100.0,1.0,25.107,121.843
74DA38F20D2E,2026-08-04,10:24:46,31.0,100.0,0.0,25.06,121.545
74DA38F7C41E,2026-08-04,10:24:46,31.0,77.0,0.0,25.054,121.517
74DA38F21088,2026-08-04,10:24:47,31.61,100.0,0.0,25.068,121.588
74DA38ED0640,2026-08-04,10:24:49,29.25,100.0,3.0,23.154,121.266
74DA38F7C59C,2026-08-04,10:24:49,30.5,75.0,6.0,25.103,121.487
74DA38ED05EA,2026-08-04,10:24:50,30.61,100.0,2.0,23.394,121.357
74DA38F210A2,2026-08-04,10:24:50,31.0,100.0,1.0,25.12,121.466
74DA38F7C3B2,2026-08-04,10:24:51,32.61,60.0,0.0,24.929,121.378
74DA38F7C3DC,2026-08-04,10:24:53,31.25,100.0,4.0,25.003,121.539
74DA38F21204,2026-08-04,10:25:09,30.11,100.0,1.0,25.062,121.451
74DA38F20D70,2026-08-04,10:25:11,31.0,89.0,0.0,23.05,121.164
74DA38F7C366,2026-08-04,10:25:15,31.75,100.0,1.0,25.002,121.516
74DA38ED0630,2026-08-04,10:25:33,30.25,100.0,0.0,23.994,121.594
74DA38F7C63C,2026-08-04,10:25:33,60.62,100.0,3.0,24.998,121.425
74DA38F20E9E,2026-08-04,10:25:35,29.0,100.0,2.0,24.648,121.151
74DA38F20D1A,2026-08-04,10:26:05,30.61,86.0,0.0,25.078,121.541
74DA38F20D16,2026-08-04,10:26:10,31.61,100.0,4.0,25.062,121.526
74DA38F7C53C,2026-08-04,10:26:16,30.25,100.0,0.0,25.11,121.804
74DA38F7C47C,2026-08-04,10:26:18,31.86,90.0,100.0,25.055,121.455
74DA38F7C13A,2026-08-04,10:26:27,23.12,-50.0,0.0,25.069,121.359
74DA38F20C06,2026-08-04,10:26:30,32.5,63.0,5.0,24.874,121.02
74DA38F7C464,2026-08-04,10:26:40,27.75,30.0,0.0,25.006,121.413
74DA38F20E6E,2026-08-04,10:26:44,28.61,100.0,0.0,24.41,120.902
74DA38F209EE,2026-08-04,10:26:51,30.11,100.0,0.0,23.026,121.33
74DA38F7C592,2026-08-04,10:26:56,-4.0,0.0,0.0,25.224,121.637
74DA38F7C532,2026-08-04,10:27:00,30.75,91.0,4.0,25.059,121.499
74DA38F7C570,2026-08-04,10:27:05,32.11,100.0,0.0,25.239,121.63
74DA38F7C5CE,2026-08-04,10:27:08,31.0,78.0,0.0,25.066,121.656
74DA38F208E2,2026-08-04,10:27:10,29.61,100.0,6.0,24.688,121.766
74DA38F7C506,2026-08-04,10:27:16,31.36,100.0,0.0,24.996,121.544
74DA38F7C54E,2026-08-04,10:27:20,31.0,100.0,0.0,25.063,121.661
74DA38F7C5A0,2026-08-04,10:27:22,31.0,92.0,0.0,25.107,121.518
74DA38F7C524,2026-08-04,10:27:29,31.36,100.0,0.0,25.002,121.552
74DA38F7C47E,2026-08-04,10:27:30,31.25,100.0,6.0,25.053963,121.427681
74DA38F7C5BE,2026-08-04,10:27:35,30.36,87.0,5.0,25.092,121.523
74DA38F7C616,2026-08-04,10:27:35,32.11,100.0,0.0,25.031,121.563
74DA38F21170,2026-08-04,10:27:40,31.36,75.0,1.0,22.779,121.088
74DA38F209DE,2026-08-04,10:27:42,30.86,100.0,0.0,24.861,120.964
74DA38F21024,2026-08-04,10:27:48,29.0,100.0,0.0,24.93,121.036
74DA38F7C3D6,2026-08-04,10:27:55,32.25,100.0,0.0,25.045,121.541
74DA38ED04F2,2026-08-04,10:27:59,28.5,100.0,4.0,23.468,121.496
74DA38F2105C,2026-08-04,10:28:11,30.75,100.0,0.0,25.088,121.599
74DA38F7C514,2026-08-04,10:28:11,31.36,100.0,5.0,25.051,121.518
74DA38F7C3DE,2026-08-04,10:28:23,33.11,90.0,239.0,24.972,121.537
74DA38F7C310,2026-08-04,10:28:26,31.61,100.0,3.0,25.09,121.464
74DA38F7C5AA,2026-08-04,10:28:26,30.61,100.0,0.0,25.0,121.479
74DA38F7C600,2026-08-04,10:28:35,23.5,47.0,2.0,25.07,121.586
74DA38F209B2,2026-08-04,10:28:38,30.0,100.0,0.0,22.363,120.599
74DA38F7C430,2026-08-04,10:28:43,33.36,72.0,0.0,24.981,121.423
74DA38F7C39A,2026-08-04,10:28:46,31.25,100.0,0.0,25.002,121.414
74DA38F209F8,2026-08-04,10:28:48,28.86,100.0,0.0,23.157,121.4
74DA38ED06E0,2026-08-04,10:28:53,30.0,98.0,4.0,23.601,121.521
74DA38F20A30,2026-08-04,10:28:59,31.36,73.0,0.0,24.948,121.372
74DA38F21136,2026-08-04,10:29:11,31.25,99.0,2.0,25.119,121.505
74DA38F210F6,2026-08-04,10:29:15,31.25,100.0,2.0,22.757426,121.158891
74DA38F7C27E,2026-08-04,10:29:21,31.36,92.0,4.0,25.053,121.444
74DA38ED05B6,2026-08-04,10:29:22,29.86,100.0,4.0,23.43,121.348
74DA38ED059C,2026-08-04,10:29:23,30.25,93.0,1.0,23.706,121.412
74DA38ED0454,2026-08-04,10:29:24,31.5,100.0,4.0,24.053,121.599
74DA38F20862,2026-08-04,10:29:31,29.75,100.0,3.0,23.101,121.176
74DA38F7C3BA,2026-08-04,10:29:37,-4.0,0.0,80.0,25.174,121.441
74DA38F7C37C,2026-08-04,10:29:43,29.61,8.0,0.0,25.111,121.856
74DA38F7C4CC,2026-08-04,10:29:55,31.5,100.0,3.0,25.062,121.451
74DA38F20A78,2026-08-04,10:29:56,31.25,100.0,1.0,22.904,121.124
74DA38F7C260,2026-08-04,10:29:57,33.36,95.0,0.0,25.065,121.425
74DA38F7C30C,2026-08-04,10:30:08,31.75,80.0,0.0,24.975,121.532
74DA38F7C610,2026-08-04,10:30:20,30.86,88.0,5.0,25.063,121.564
74DA38F7C480,2026-08-04,10:30:33,31.0,100.0,0.0,25.061,121.432
74DA38F7C560,2026-08-04,10:30:35,31.0,-66.0,0.0,25.079,121.671
74DA38F20EB2,2026-08-04,10:30:42,29.11,100.0,19.0,24.324,120.835
74DA38F7C5E6,2026-08-04,10:30:44,34.75,100.0,1.0,25.107,121.843
74DA38F20934,2026-08-04,10:30:47,30.11,76.0,1.0,23.002,121.29
74DA38ED05EA,2026-08-04,10:30:55,30.61,100.0,2.0,23.394,121.357
74DA38ED0640,2026-08-04,10:30:55,29.0,100.0,2.0,23.154,121.266
74DA38F210A2,2026-08-04,10:30:56,31.0,100.0,1.0,25.12,121.466
74DA38F7C3B2,2026-08-04,10:30:57,32.61,60.0,0.0,24.929,121.378
74DA38F7C3DC,2026-08-04,10:30:58,31.25,100.0,5.0,25.003,121.539
74DA38F20D2E,2026-08-04,10:31:14,31.0,100.0,0.0,25.06,121.545
74DA38F21088,2026-08-04,10:31:15,31.5,100.0,0.0,25.068,121.588
74DA38F20D70,2026-08-04,10:31:16,31.0,90.0,0.0,23.05,121.164
74DA38F7C59C,2026-08-04,10:31:16,30.5,76.0,6.0,25.103,121.487
74DA38F21204,2026-08-04,10:31:18,30.11,100.0,1.0,25.062,121.451
74DA38F7C41E,2026-08-04,10:31:18,31.0,77.0,0.0,25.054,121.517
74DA38F7C366,2026-08-04,10:31:22,31.75,100.0,1.0,25.002,121.516
74DA38F209A8,2026-08-04,10:31:30,-4.0,0.0,0.0,22.401,120.577
74DA38F20E9E,2026-08-04,10:31:41,29.0,100.0,2.0,24.648,121.151
74DA38ED0630,2026-08-04,10:32:01,30.25,100.0,0.0,23.994,121.594
74DA38F7C47C,2026-08-04,10:32:11,31.86,90.0,95.0,25.055,121.455
74DA38F20D16,2026-08-04,10:32:16,31.36,100.0,5.0,25.062,121.526
74DA38F7C4DE,2026-08-04,10:32:28,30.5,100.0,0.0,25.09,121.462
74DA38F20D1A,2026-08-04,10:32:33,30.5,87.0,8.0,25.078,121.541
74DA38F20C06,2026-08-04,10:32:35,32.36,64.0,5.0,24.874,121.02
74DA38F7C53C,2026-08-04,10:32:44,30.25,100.0,0.0,25.11,121.804
74DA38F20E6E,2026-08-04,10:32:46,28.5,100.0,0.0,24.41,120.902
74DA38F7C338,2026-08-04,10:32:50,31.11,100.0,4.0,25.011,121.458
74DA38F7C13A,2026-08-04,10:32:54,23.0,-52.0,0.0,25.069,121.359
74DA38F209EE,2026-08-04,10:32:56,30.25,100.0,0.0,23.026,121.33
74DA38F7C532,2026-08-04,10:33:05,30.75,91.0,4.0,25.059,121.499
74DA38F7C46C,2026-08-04,10:33:14,-4.0,0.0,0.0,25.288,121.544
74DA38F208E2,2026-08-04,10:33:15,29.61,100.0,5.0,24.688,121.766
74DA38F7C464,2026-08-04,10:33:18,27.75,30.0,0.0,25.006,121.413
74DA38F20D1E,2026-08-04,10:33:25,31.11,100.0,7.0,25.048,121.573
74DA38F7C47E,2026-08-04,10:33:35,31.0,100.0,5.0,25.053963,121.427681
74DA38F7C5CE,2026-08-04,10:33:35,30.86,79.0,0.0,25.066,121.656
74DA38F7C570,2026-08-04,10:33:37,31.86,100.0,0.0,25.239,121.63
74DA38F7C5BE,2026-08-04,10:33:40,30.36,88.0,6.0,25.092,121.523
74DA38F7C616,2026-08-04,10:33:44,32.25,100.0,0.0,25.031,121.563
74DA38F21170,2026-08-04,10:33:46,31.36,74.0,1.0,22.779,121.088
74DA38F7C54E,2026-08-04,10:33:48,30.86,100.0,0.0,25.063,121.661
74DA38F7C5A0,2026-08-04,10:33:50,31.0,93.0,0.0,25.107,121.518
74DA38F7C506,2026-08-04,10:33:56,31.5,100.0,0.0,24.996,121.544
74DA38F7C524,2026-08-04,10:33:59,31.36,100.0,0.0,25.002,121.552
74DA38ED04F2,2026-08-04,10:34:08,28.5,100.0,6.0,23.468,121.496
74DA38F209DE,2026-08-04,10:34:09,30.86,100.0,0.0,24.861,120.964
74DA38F21024,2026-08-04,10:34:14,29.0,100.0,0.0,24.93,121.036
74DA38F7C514,2026-08-04,10:34:17,31.25,100.0,5.0,25.051,121.518
74DA38F7C3DE,2026-08-04,10:34:20,33.11,91.0,243.0,24.972,121.537
74DA38F7C3D6,2026-08-04,10:34:22,32.25,100.0,0.0,25.045,121.541
74DA38F7C310,2026-08-04,10:34:31,31.61,100.0,2.0,25.09,121.464
74DA38F2105C,2026-08-04,10:34:37,30.75,100.0,0.0,25.088,121.599
74DA38F7C600,2026-08-04,10:34:40,23.5,47.0,3.0,25.07,121.586
74DA38F7C5AA,2026-08-04,10:34:54,30.61,100.0,1.0,25.0,121.479
74DA38ED06E0,2026-08-04,10:34:59,30.0,98.0,3.0,23.601,121.521
74DA38F209B2,2026-08-04,10:35:05,30.0,100.0,0.0,22.363,120.599
74DA38F7C63C,2026-08-04,10:35:05,60.62,100.0,2.0,24.998,121.425
74DA38F7C430,2026-08-04,10:35:11,33.36,72.0,0.0,24.981,121.423
74DA38F209F8,2026-08-04,10:35:14,28.86,100.0,0.0,23.157,121.4
74DA38F7C39A,2026-08-04,10:35:14,31.25,100.0,0.0,25.002,121.414
74DA38F210F6,2026-08-04,10:35:20,31.25,100.0,2.0,22.757426,121.158891
74DA38ED05B6,2026-08-04,10:35:26,29.75,100.0,4.0,23.43,121.348
74DA38F20A30,2026-08-04,10:35:26,31.25,73.0,0.0,24.948,121.372
74DA38F7C27E,2026-08-04,10:35:26,31.36,92.0,4.0,25.053,121.444
74DA38ED0454,2026-08-04,10:35:29,31.36,100.0,3.0,24.053,121.599
74DA38ED059C,2026-08-04,10:35:29,30.36,94.0,1.0,23.706,121.412
74DA38F21136,2026-08-04,10:35:32,31.11,100.0,2.0,25.119,121.505
74DA38F20862,2026-08-04,10:35:36,29.75,100.0,4.0,23.101,121.176
74DA38F20A78,2026-08-04,10:36:01,31.11,100.0,0.0,22.904,121.124
74DA38F7C4CC,2026-08-04,10:36:01,31.36,100.0,3.0,25.062,121.451
74DA38F7C37C,2026-08-04,10:36:11,29.61,23.0,0.0,25.111,121.856
74DA38F7C42E,2026-08-04,10:36:11,31.25,100.0,0.0,24.969,121.514
74DA38F7C30C,2026-08-04,10:36:20,31.75,80.0,0.0,24.975,121.532
74DA38F7C260,2026-08-04,10:36:24,33.36,95.0,0.0,25.065,121.425
74DA38F7C610,2026-08-04,10:36:25,30.75,89.0,5.0,25.063,121.564
74DA38F7C592,2026-08-04,10:36:37,-4.0,0.0,0.0,25.224,121.637
74DA38F7C5E6,2026-08-04,10:36:49,34.25,100.0,2.0,25.107,121.843
74DA38F20EB2,2026-08-04,10:36:50,28.86,100.0,21.0,24.324,120.835
74DA38ED05EA,2026-08-04,10:37:01,30.61,100.0,2.0,23.394,121.357
74DA38F7C480,2026-08-04,10:37:01,31.0,100.0,0.0,25.061,121.432
74DA38ED0640,2026-08-04,10:37:02,28.86,100.0,2.0,23.154,121.266
74DA38F20934,2026-08-04,10:37:02,30.11,76.0,2.0,23.002,121.29
74DA38F210A2,2026-08-04,10:37:02,31.0,100.0,1.0,25.12,121.466
74DA38F7C3B2,2026-08-04,10:37:03,32.61,60.0,0.0,24.929,121.378
74DA38F7C560,2026-08-04,10:37:03,31.0,-66.0,0.0,25.079,121.671
74DA38F7C3DC,2026-08-04,10:37:04,31.25,100.0,5.0,25.003,121.539
74DA38F20D70,2026-08-04,10:37:21,31.11,90.0,0.0,23.05,121.164
74DA38F21204,2026-08-04,10:37:35,30.11,100.0,1.0,25.062,121.451
74DA38F7C366,2026-08-04,10:37:38,31.5,100.0,0.0,25.002,121.516
74DA38F20D2E,2026-08-04,10:37:42,30.86,100.0,0.0,25.06,121.545
74DA38F21088,2026-08-04,10:37:44,31.36,100.0,0.0,25.068,121.588
74DA38F7C59C,2026-08-04,10:37:44,30.61,76.0,7.0,25.103,121.487
74DA38F20E9E,2026-08-04,10:37:46,28.86,100.0,1.0,24.648,121.151
74DA38F7C41E,2026-08-04,10:37:47,30.86,78.0,0.0,25.054,121.517
74DA38F7C47C,2026-08-04,10:38:05,31.75,91.0,105.0,25.055,121.455
74DA38F7C53A,2026-08-04,10:38:15,-4.0,0.0,0.0,25.067,121.641
74DA38F7C3BA,2026-08-04,10:38:20,-4.0,0.0,83.0,25.174,121.441
74DA38F20D16,2026-08-04,10:38:21,31.25,100.0,6.0,25.062,121.526
74DA38ED0630,2026-08-04,10:38:27,30.11,100.0,0.0,23.994,121.594
74DA38F20C06,2026-08-04,10:38:41,32.25,64.0,5.0,24.874,121.02
74DA38F7C4DE,2026-08-04,10:38:43,30.5,100.0,0.0,25.09,121.462
74DA38F20E6E,2026-08-04,10:38:48,28.36,100.0,0.0,24.41,120.902
74DA38F209EE,2026-08-04,10:39:02,30.11,100.0,0.0,23.026,121.33
74DA38F20D1A,2026-08-04,10:39:02,30.36,88.0,9.0,25.078,121.541
74DA38F7C338,2026-08-04,10:39:02,31.11,100.0,3.0,25.011,121.458
74DA38F7C53C,2026-08-04,10:39:11,30.11,100.0,0.0,25.11,121.804
74DA38F7C532,2026-08-04,10:39:12,30.86,93.0,4.0,25.059,121.499
74DA38F208E2,2026-08-04,10:39:20,29.61,100.0,6.0,24.688,121.766
74DA38F7C13A,2026-08-04,10:39:21,23.0,-52.0,0.0,25.069,121.359
74DA38F20D1E,2026-08-04,10:39:36,31.11,100.0,6.0,25.048,121.573
74DA38F7C47E,2026-08-04,10:39:40,30.86,100.0,6.0,25.053963,121.427681
74DA38F7C5BE,2026-08-04,10:39:45,30.25,89.0,6.0,25.092,121.523
74DA38F7C464,2026-08-04,10:39:50,27.75,30.0,0.0,25.006,121.413
74DA38F21170,2026-08-04,10:39:51,31.25,74.0,2.0,22.779,121.088
74DA38F7C5CE,2026-08-04,10:40:02,30.61,80.0,0.0,25.066,121.656
74DA38F7C570,2026-08-04,10:40:08,31.75,100.0,0.0,25.239,121.63
74DA38ED04F2,2026-08-04,10:40:14,28.36,100.0,4.0,23.468,121.496
74DA38F7C54E,2026-08-04,10:40:14,30.5,100.0,0.0,25.063,121.661
74DA38F7C3DE,2026-08-04,10:40:17,33.0,91.0,242.0,24.972,121.537
74DA38F7C5A0,2026-08-04,10:40:18,31.0,93.0,0.0,25.107,121.518
74DA38F7C514,2026-08-04,10:40:23,31.25,100.0,4.0,25.051,121.518
74DA38F7C524,2026-08-04,10:40:28,31.25,100.0,0.0,25.002,121.552
74DA38F7C310,2026-08-04,10:40:35,31.5,100.0,2.0,25.09,121.464
74DA38F209DE,2026-08-04,10:40:37,30.86,100.0,0.0,24.861,120.964
74DA38F21024,2026-08-04,10:40:41,29.11,100.0,0.0,24.93,121.036
74DA38F20BF6,2026-08-04,10:40:42,29.61,100.0,16.0,22.582,120.368
74DA38F7C506,2026-08-04,10:40:42,31.5,100.0,0.0,24.996,121.544
74DA38F7C600,2026-08-04,10:40:45,23.5,47.0,3.0,25.07,121.586
74DA38F7C3D6,2026-08-04,10:40:48,32.11,100.0,0.0,25.045,121.541
74DA38F2105C,2026-08-04,10:41:04,30.61,100.0,0.0,25.088,121.599
74DA38ED06E0,2026-08-04,10:41:05,30.0,99.0,4.0,23.601,121.521
74DA38F209A8,2026-08-04,10:41:09,-4.0,0.0,0.0,22.401,120.577
74DA38F7C5AA,2026-08-04,10:41:22,30.5,100.0,0.0,25.0,121.479
74DA38F210F6,2026-08-04,10:41:24,31.25,100.0,2.0,22.757426,121.158891
74DA38ED05B6,2026-08-04,10:41:32,29.75,100.0,5.0,23.43,121.348
74DA38F209B2,2026-08-04,10:41:32,30.0,100.0,0.0,22.363,120.599
74DA38F7C27E,2026-08-04,10:41:32,31.36,93.0,4.0,25.053,121.444
74DA38ED0454,2026-08-04,10:41:35,31.36,100.0,3.0,24.053,121.599
74DA38ED059C,2026-08-04,10:41:35,30.36,94.0,1.0,23.706,121.412
74DA38F7C430,2026-08-04,10:41:39,33.36,72.0,0.0,24.981,121.423
74DA38F209F8,2026-08-04,10:41:42,28.75,100.0,0.0,23.157,121.4
74DA38F7C39A,2026-08-04,10:41:42,31.25,100.0,0.0,25.002,121.414
74DA38F20862,2026-08-04,10:41:43,29.75,100.0,5.0,23.101,121.176
74DA38F21136,2026-08-04,10:41:53,31.11,100.0,3.0,25.119,121.505
74DA38F20A30,2026-08-04,10:41:54,31.11,73.0,1.0,24.948,121.372
74DA38F7C4CC,2026-08-04,10:42:06,31.25,100.0,2.0,25.062,121.451
74DA38F20A78,2026-08-04,10:42:07,31.0,100.0,0.0,22.904,121.124
74DA38F7C610,2026-08-04,10:42:32,30.61,91.0,5.0,25.063,121.564
74DA38F7C30C,2026-08-04,10:42:36,31.86,80.0,0.0,24.975,121.532
74DA38F7C37C,2026-08-04,10:42:37,29.36,46.0,0.0,25.111,121.856
74DA38F7C42E,2026-08-04,10:42:40,31.0,100.0,0.0,24.969,121.514
74DA38F7C260,2026-08-04,10:42:52,33.25,95.0,0.0,25.065,121.425
74DA38F7C5E6,2026-08-04,10:42:54,34.0,100.0,2.0,25.107,121.843
74DA38F7C46C,2026-08-04,10:42:55,-4.0,0.0,0.0,25.288,121.544
74DA38F20EB2,2026-08-04,10:43:01,28.75,100.0,25.0,24.324,120.835
74DA38ED05EA,2026-08-04,10:43:06,30.5,100.0,3.0,23.394,121.357
74DA38ED0640,2026-08-04,10:43:08,29.11,100.0,2.0,23.154,121.266
74DA38F210A2,2026-08-04,10:43:08,30.86,100.0,0.0,25.12,121.466
74DA38F7C3B2,2026-08-04,10:43:09,32.61,60.0,0.0,24.929,121.378
74DA38F7C3DC,2026-08-04,10:43:09,31.11,100.0,5.0,25.003,121.539
74DA38F20934,2026-08-04,10:43:13,30.11,76.0,2.0,23.002,121.29
74DA38F20D70,2026-08-04,10:43:26,31.11,89.0,0.0,23.05,121.164
74DA38F7C480,2026-08-04,10:43:28,30.75,100.0,0.0,25.061,121.432
74DA38F7C560,2026-08-04,10:43:30,31.0,-66.0,0.0,25.079,121.671
74DA38F21204,2026-08-04,10:43:43,30.11,100.0,2.0,25.062,121.451
74DA38F7C366,2026-08-04,10:43:46,31.5,100.0,1.0,25.002,121.516
74DA38F20E9E,2026-08-04,10:43:51,28.75,100.0,2.0,24.648,121.151
74DA38F7C47C,2026-08-04,10:43:57,31.75,92.0,107.0,25.055,121.455
74DA38F20D2E,2026-08-04,10:44:10,30.86,100.0,0.0,25.06,121.545
74DA38F7C59C,2026-08-04,10:44:10,30.5,77.0,7.0,25.103,121.487
74DA38F21088,2026-08-04,10:44:11,31.36,100.0,0.0,25.068,121.588
74DA38F7C41E,2026-08-04,10:44:21,30.86,78.0,0.0,25.054,121.517
74DA38F20D16,2026-08-04,10:44:26,31.25,100.0,6.0,25.062,121.526
74DA38F7C63C,2026-08-04,10:44:38,60.62,100.0,2.0,24.998,121.425
74DA38F20C06,2026-08-04,10:44:46,32.25,64.0,5.0,24.874,121.02
74DA38F20E6E,2026-08-04,10:44:49,28.36,100.0,0.0,24.41,120.902
74DA38F7C4DE,2026-08-04,10:44:52,30.5,100.0,0.0,25.09,121.462
74DA38ED0630,2026-08-04,10:44:55,30.11,100.0,0.0,23.994,121.594
74DA38F209EE,2026-08-04,10:45:07,30.25,100.0,0.0,23.026,121.33
74DA38F7C532,2026-08-04,10:45:18,30.61,94.0,5.0,25.059,121.499
74DA38F208E2,2026-08-04,10:45:25,29.5,100.0,6.0,24.688,121.766
74DA38F20D1A,2026-08-04,10:45:31,30.25,90.0,13.0,25.078,121.541
74DA38F7C53C,2026-08-04,10:45:38,30.11,100.0,0.0,25.11,121.804
74DA38F20D1E,2026-08-04,10:45:44,31.11,100.0,7.0,25.048,121.573
74DA38F7C47E,2026-08-04,10:45:46,30.5,100.0,5.0,25.053963,121.427681
74DA38F7C13A,2026-08-04,10:45:48,22.87,-53.0,0.0,25.069,121.359
74DA38F7C5BE,2026-08-04,10:45:51,30.25,89.0,6.0,25.092,121.523
74DA38F21170,2026-08-04,10:45:57,31.36,76.0,2.0,22.779,121.088
74DA38F7C3DE,2026-08-04,10:46:12,33.0,92.0,233.0,24.972,121.537
74DA38F7C592,2026-08-04,10:46:17,-4.0,0.0,0.0,25.224,121.637
74DA38ED04F2,2026-08-04,10:46:21,28.11,100.0,5.0,23.468,121.496
74DA38F7C464,2026-08-04,10:46:22,27.62,30.0,0.0,25.006,121.413
74DA38F7C5CE,2026-08-04,10:46:28,30.61,80.0,0.0,25.066,121.656
74DA38F7C514,2026-08-04,10:46:30,31.0,100.0,5.0,25.051,121.518
74DA38F7C570,2026-08-04,10:46:36,31.75,100.0,0.0,25.239,121.63
74DA38F7C310,2026-08-04,10:46:39,31.5,100.0,2.0,25.09,121.464
74DA38F7C5A0,2026-08-04,10:46:44,31.0,94.0,0.0,25.107,121.518
74DA38F7C54E,2026-08-04,10:46:45,30.5,100.0,0.0,25.063,121.661
74DA38F7C600,2026-08-04,10:46:51,23.5,47.0,3.0,25.07,121.586
74DA38F7C524,2026-08-04,10:46:59,31.11,100.0,0.0,25.002,121.552
74DA38F7C3BA,2026-08-04,10:47:03,-4.0,0.0,78.0,25.174,121.441
74DA38F209DE,2026-08-04,10:47:04,30.75,100.0,0.0,24.861,120.964
74DA38F21024,2026-08-04,10:47:08,29.11,100.0,0.0,24.93,121.036
74DA38ED06E0,2026-08-04,10:47:11,29.86,99.0,4.0,23.601,121.521
74DA38F7C3D6,2026-08-04,10:47:15,32.0,100.0,0.0,25.045,121.541
74DA38F7C506,2026-08-04,10:47:17,31.61,100.0,0.0,24.996,121.544
74DA38F210F6,2026-08-04,10:47:29,31.25,100.0,2.0,22.757426,121.158891
74DA38F2105C,2026-08-04,10:47:31,30.5,100.0,0.0,25.088,121.599
74DA38F7C27E,2026-08-04,10:47:36,31.36,94.0,4.0,25.053,121.444
74DA38ED05B6,2026-08-04,10:47:39,29.61,100.0,4.0,23.43,121.348
74DA38ED0454,2026-08-04,10:47:41,31.36,100.0,3.0,24.053,121.599
74DA38ED059C,2026-08-04,10:47:41,30.5,94.0,1.0,23.706,121.412
74DA38F20862,2026-08-04,10:47:48,29.61,100.0,5.0,23.101,121.176
74DA38F7C5AA,2026-08-04,10:47:49,30.61,100.0,0.0,25.0,121.479
74DA38F7C53A,2026-08-04,10:47:56,-4.0,0.0,0.0,25.067,121.641
74DA38F209B2,2026-08-04,10:47:58,30.0,100.0,0.0,22.363,120.599
74DA38F7C430,2026-08-04,10:48:06,33.25,72.0,0.0,24.981,121.423
74DA38F21136,2026-08-04,10:48:08,31.11,100.0,3.0,25.119,121.505
74DA38F7C39A,2026-08-04,10:48:09,31.25,100.0,0.0,25.002,121.414
74DA38F209F8,2026-08-04,10:48:10,28.75,100.0,0.0,23.157,121.4
74DA38F20A78,2026-08-04,10:48:13,31.0,100.0,0.0,22.904,121.124
74DA38F7C4CC,2026-08-04,10:48:13,31.25,100.0,3.0,25.062,121.451
74DA38F20A30,2026-08-04,10:48:25,31.11,73.0,6.0,24.948,121.372
74DA38F7C610,2026-08-04,10:48:38,30.61,91.0,5.0,25.063,121.564
74DA38F7C30C,2026-08-04,10:48:48,31.75,81.0,0.0,24.975,121.532
74DA38F7C5E6,2026-08-04,10:48:59,33.75,100.0,1.0,25.107,121.843
74DA38F7C37C,2026-08-04,10:49:08,29.25,68.0,0.0,25.111,121.856
74DA38F7C42E,2026-08-04,10:49:08,30.86,100.0,0.0,24.969,121.514
74DA38F20EB2,2026-08-04,10:49:10,29.0,100.0,23.0,24.324,120.835
74DA38ED05EA,2026-08-04,10:49:12,30.5,100.0,3.0,23.394,121.357
74DA38F210A2,2026-08-04,10:49:12,30.86,100.0,1.0,25.12,121.466
74DA38ED0640,2026-08-04,10:49:14,29.0,100.0,3.0,23.154,121.266
74DA38F7C3B2,2026-08-04,10:49:14,32.61,60.0,0.0,24.929,121.378
74DA38F7C3DC,2026-08-04,10:49:14,31.0,100.0,6.0,25.003,121.539
74DA38F20934,2026-08-04,10:49:29,30.11,76.0,1.0,23.002,121.29
74DA38F20D70,2026-08-04,10:49:31,31.11,88.0,0.0,23.05,121.164
74DA38F7C616,2026-08-04,10:49:33,32.11,100.0,0.0,25.031,121.563
74DA38F7C366,2026-08-04,10:49:51,31.25,100.0,0.0,25.002,121.516
74DA38F7C47C,2026-08-04,10:49:51,31.75,93.0,88.0,25.055,121.455
74DA38F21204,2026-08-04,10:49:53,30.11,100.0,1.0,25.062,121.451
74DA38F20E9E,2026-08-04,10:49:55,28.75,100.0,2.0,24.648,121.151
74DA38F7C480,2026-08-04,10:49:55,30.61,100.0,0.0,25.061,121.432
74DA38F7C560,2026-08-04,10:49:57,30.86,-65.0,0.0,25.079,121.671
74DA38F20D16,2026-08-04,10:50:31,31.11,100.0,6.0,25.062,121.526
74DA38F20D2E,2026-08-04,10:50:37,30.86,100.0,0.0,25.06,121.545
74DA38F7C59C,2026-08-04,10:50:37,30.36,77.0,8.0,25.103,121.487
74DA38F21088,2026-08-04,10:50:39,31.36,100.0,0.0,25.068,121.588
74DA38F209A8,2026-08-04,10:50:47,-4.0,0.0,0.0,22.401,120.577
74DA38F7C41E,2026-08-04,10:50:49,30.86,80.0,0.0,25.054,121.517
74DA38F20E6E,2026-08-04,10:50:51,28.25,100.0,0.0,24.41,120.902
74DA38F20C06,2026-08-04,10:50:52,32.25,64.0,6.0,24.874,121.02
74DA38F7C4DE,2026-08-04,10:50:59,30.5,100.0,0.0,25.09,121.462
74DA38F209EE,2026-08-04,10:51:12,30.11,100.0,0.0,23.026,121.33
74DA38ED0630,2026-08-04,10:51:23,30.0,100.0,0.0,23.994,121.594
74DA38F7C532,2026-08-04,10:51:25,30.5,96.0,5.0,25.059,121.499
74DA38F208E2,2026-08-04,10:51:30,29.36,100.0,7.0,24.688,121.766
74DA38F7C47E,2026-08-04,10:51:51,30.25,100.0,5.0,25.053963,121.427681
74DA38F20D1E,2026-08-04,10:51:53,31.11,100.0,7.0,25.048,121.573
74DA38F7C5BE,2026-08-04,10:51:56,30.36,89.0,6.0,25.092,121.523
74DA38F20D1A,2026-08-04,10:51:57,29.86,92.0,0.0,25.078,121.541
74DA38F7C338,2026-08-04,10:51:58,30.86,99.0,4.0,25.011,121.458
74DA38F21170,2026-08-04,10:52:05,31.25,76.0,2.0,22.779,121.088
74DA38F7C53C,2026-08-04,10:52:05,30.11,100.0,0.0,25.11,121.804
74DA38F7C3DE,2026-08-04,10:52:08,32.86,92.0,241.0,24.972,121.537
74DA38F7C566,2026-08-04,10:52:10,33.36,97.0,0.0,25.051,121.448
74DA38F7C13A,2026-08-04,10:52:15,22.75,-55.0,0.0,25.069,121.359
74DA38ED04F2,2026-08-04,10:52:27,28.11,100.0,4.0,23.468,121.496
74DA38F7C46C,2026-08-04,10:52:35,-4.0,0.0,0.0,25.288,121.544
74DA38F7C514,2026-08-04,10:52:36,31.0,100.0,5.0,25.051,121.518
74DA38F7C310,2026-08-04,10:52:44,31.61,100.0,3.0,25.09,121.464
74DA38F7C5CE,2026-08-04,10:52:56,30.5,82.0,0.0,25.066,121.656
74DA38F7C600,2026-08-04,10:52:56,23.5,47.0,3.0,25.07,121.586
74DA38F7C464,2026-08-04,10:52:58,27.5,30.0,0.0,25.006,121.413
74DA38F7C570,2026-08-04,10:53:04,31.5,100.0,0.0,25.239,121.63
74DA38F20BF6,2026-08-04,10:53:07,29.75,100.0,16.0,22.582,120.368
74DA38F7C54E,2026-08-04,10:53:11,30.11,100.0,0.0,25.063,121.661
74DA38F7C5A0,2026-08-04,10:53:12,31.11,94.0,0.0,25.107,121.518
74DA38ED06E0,2026-08-04,10:53:18,29.86,99.0,4.0,23.601,121.521
74DA38F7C524,2026-08-04,10:53:27,31.0,100.0,0.0,25.002,121.552
74DA38F209DE,2026-08-04,10:53:31,30.75,100.0,0.0,24.861,120.964
74DA38F210F6,2026-08-04,10:53:33,31.25,100.0,4.0,22.757426,121.158891
74DA38F21024,2026-08-04,10:53:35,29.25,100.0,0.0,24.93,121.036
74DA38F7C27E,2026-08-04,10:53:42,31.25,95.0,4.0,25.053,121.444
74DA38F7C3D6,2026-08-04,10:53:42,31.86,100.0,0.0,25.045,121.541
74DA38ED05B6,2026-08-04,10:53:44,29.5,100.0,4.0,23.43,121.348
74DA38F7C506,2026-08-04,10:53:45,31.61,100.0,0.0,24.996,121.544
74DA38ED0454,2026-08-04,10:53:46,31.36,100.0,3.0,24.053,121.599
74DA38ED059C,2026-08-04,10:53:48,30.36,94.0,1.0,23.706,121.412
74DA38F20862,2026-08-04,10:53:55,29.61,100.0,5.0,23.101,121.176
74DA38F2105C,2026-08-04,10:53:58,30.36,100.0,0.0,25.088,121.599
74DA38F7C63C,2026-08-04,10:54:11,60.62,100.0,2.0,24.998,121.425
74DA38F21136,2026-08-04,10:54:16,31.0,100.0,3.0,25.119,121.505
74DA38F7C5AA,2026-08-04,10:54:17,30.36,100.0,0.0,25.0,121.479
74DA38F7C4CC,2026-08-04,10:54:19,31.25,100.0,3.0,25.062,121.451
74DA38F20A78,2026-08-04,10:54:20,31.11,100.0,1.0,22.904,121.124
74DA38F209B2,2026-08-04,10:54:25,30.0,100.0,0.0,22.363,120.599
74DA38F7C430,2026-08-04,10:54:34,33.25,72.0,0.0,24.981,121.423
74DA38F7C39A,2026-08-04,10:54:36,31.25,100.0,0.0,25.002,121.414
74DA38F209F8,2026-08-04,10:54:37,28.75,100.0,0.0,23.157,121.4
74DA38F7C610,2026-08-04,10:54:45,30.61,92.0,5.0,25.063,121.564
74DA38F20A30,2026-08-04,10:54:52,31.0,73.0,16.0,24.948,121.372
74DA38F7C30C,2026-08-04,10:55:00,31.61,81.0,0.0,24.975,121.532
74DA38F7C5E6,2026-08-04,10:55:05,33.5,100.0,1.0,25.107,121.843
74DA38ED05EA,2026-08-04,10:55:17,30.36,100.0,3.0,23.394,121.357
74DA38F210A2,2026-08-04,10:55:17,30.61,100.0,0.0,25.12,121.466
74DA38F20EB2,2026-08-04,10:55:20,28.86,100.0,78.0,24.324,120.835
74DA38F7C3B2,2026-08-04,10:55:20,32.61,61.0,0.0,24.929,121.378
74DA38F7C3DC,2026-08-04,10:55:21,31.11,100.0,5.0,25.003,121.539
74DA38ED0640,2026-08-04,10:55:23,29.11,100.0,6.0,23.154,121.266
74DA38F20D70,2026-08-04,10:55:36,31.0,89.0,0.0,23.05,121.164
74DA38F7C37C,2026-08-04,10:55:36,29.0,100.0,0.0,25.111,121.856
74DA38F7C42E,2026-08-04,10:55:39,30.86,100.0,0.0,24.969,121.514
74DA38F7C616,2026-08-04,10:55:41,32.11,100.0,0.0,25.031,121.563
74DA38F7C47C,2026-08-04,10:55:44,31.75,94.0,80.0,25.055,121.455
74DA38F7C3BA,2026-08-04,10:55:46,-4.0,0.0,80.0,25.174,121.441
74DA38F20934,2026-08-04,10:55:51,30.11,76.0,2.0,23.002,121.29
74DA38F7C592,2026-08-04,10:55:54,-4.0,0.0,0.0,25.224,121.637
74DA38F7C366,2026-08-04,10:55:56,31.11,100.0,1.0,25.002,121.516
74DA38F20E9E,2026-08-04,10:56:00,28.61,100.0,2.0,24.648,121.151
74DA38F21204,2026-08-04,10:56:03,30.0,100.0,1.0,25.062,121.451
74DA38F7C260,2026-08-04,10:56:06,33.0,97.0,0.0,25.065,121.425
74DA38F7C480,2026-08-04,10:56:23,30.61,100.0,0.0,25.061,121.432
74DA38F7C560,2026-08-04,10:56:25,30.86,-65.0,0.0,25.079,121.671
74DA38F20D16,2026-08-04,10:56:36,31.11,100.0,7.0,25.062,121.526
74DA38F20E6E,2026-08-04,10:56:52,28.11,100.0,0.0,24.41,120.902
74DA38F20C06,2026-08-04,10:56:57,32.25,64.0,5.0,24.874,121.02
74DA38F20D2E,2026-08-04,10:57:05,30.86,100.0,0.0,25.06,121.545
74DA38F7C59C,2026-08-04,10:57:05,30.5,78.0,7.0,25.103,121.487
74DA38F21088,2026-08-04,10:57:08,31.25,100.0,0.0,25.068,121.588
74DA38F209EE,2026-08-04,10:57:17,30.11,100.0,0.0,23.026,121.33
74DA38F7C41E,2026-08-04,10:57:17,30.75,80.0,0.0,25.054,121.517
74DA38F7C4DE,2026-08-04,10:57:20,30.36,100.0,0.0,25.09,121.462
74DA38F7C532,2026-08-04,10:57:31,30.61,95.0,5.0,25.059,121.499
74DA38F208E2,2026-08-04,10:57:35,29.25,100.0,7.0,24.688,121.766
74DA38F7C53A,2026-08-04,10:57:42,-4.0,0.0,0.0,25.067,121.641
74DA38ED0630,2026-08-04,10:57:52,30.0,100.0,0.0,23.994,121.594
74DA38F7C47E,2026-08-04,10:57:56,30.25,100.0,6.0,25.053963,121.427681
74DA38F7C5BE,2026-08-04,10:58:01,30.36,89.0,6.0,25.092,121.523
74DA38F20D1E,2026-08-04,10:58:02,31.11,100.0,7.0,25.048,121.573
74DA38F7C3DE,2026-08-04,10:58:03,32.75,93.0,243.0,24.972,121.537
74DA38F21170,2026-08-04,10:58:11,31.25,76.0,2.0,22.779,121.088
74DA38F20D1A,2026-08-04,10:58:25,29.86,93.0,0.0,25.078,121.541
74DA38F7C53C,2026-08-04,10:58:32,30.11,100.0,0.0,25.11,121.804
74DA38ED04F2,2026-08-04,10:58:33,28.0,100.0,4.0,23.468,121.496
74DA38F7C13A,2026-08-04,10:58:42,22.75,-56.0,0.0,25.069,121.359
74DA38F7C514,2026-08-04,10:58:43,31.0,100.0,5.0,25.051,121.518
74DA38F7C310,2026-08-04,10:58:49,31.5,100.0,2.0,25.09,121.464
74DA38F7C600,2026-08-04,10:59:02,23.37,45.0,3.0,25.07,121.586
74DA38F20BF6,2026-08-04,10:59:13,29.86,100.0,17.0,22.582,120.368
74DA38F7C5CE,2026-08-04,10:59:23,30.36,82.0,0.0,25.066,121.656
74DA38ED06E0,2026-08-04,10:59:24,29.86,98.0,4.0,23.601,121.521
74DA38F7C464,2026-08-04,10:59:28,27.37,30.0,0.0,25.006,121.413
74DA38F7C570,2026-08-04,10:59:32,31.36,100.0,0.0,25.239,121.63
74DA38F7C54E,2026-08-04,10:59:37,29.86,100.0,0.0,25.063,121.661
74DA38F210F6,2026-08-04,10:59:39,31.11,100.0,4.0,22.757426,121.158891
74DA38F7C5A0,2026-08-04,10:59:40,31.0,95.0,0.0,25.107,121.518
74DA38F7C27E,2026-08-04,10:59:47,31.11,97.0,4.0,25.053,121.444
74DA38ED05B6,2026-08-04,10:59:48,29.5,100.0,3.0,23.43,121.348
74DA38ED0454,2026-08-04,10:59:53,31.25,100.0,3.0,24.053,121.599
74DA38ED059C,2026-08-04,10:59:54,30.25,95.0,1.0,23.706,121.412
74DA38F7C524,2026-08-04,10:59:54,30.86,100.0,0.0,25.002,121.552
74DA38F209DE,2026-08-04,10:59:59,30.75,100.0,0.0,24.861,120.964
74DA38F20862,2026-08-04,11:00:01,29.61,100.0,5.0,23.101,121.176
74DA38F21024,2026-08-04,11:00:02,29.25,100.0,0.0,24.93,121.036
74DA38F7C3D6,2026-08-04,11:00:08,31.61,100.0,0.0,25.045,121.541
74DA38F7C506,2026-08-04,11:00:17,31.36,100.0,0.0,24.996,121.544
74DA38F21136,2026-08-04,11:00:24,31.0,100.0,3.0,25.119,121.505
74DA38F2105C,2026-08-04,11:00:25,30.36,100.0,0.0,25.088,121.599
74DA38F7C4CC,2026-08-04,11:00:25,31.0,100.0,3.0,25.062,121.451
74DA38F20A78,2026-08-04,11:00:26,31.25,100.0,1.0,22.904,121.124
74DA38F209A8,2026-08-04,11:00:29,-4.0,0.0,0.0,22.401,120.577
74DA38F7C5AA,2026-08-04,11:00:44,30.36,100.0,0.0,25.0,121.479
74DA38F7C610,2026-08-04,11:00:50,30.61,93.0,5.0,25.063,121.564
74DA38F209B2,2026-08-04,11:00:52,30.11,100.0,0.0,22.363,120.599
74DA38F7C430,2026-08-04,11:01:02,33.11,73.0,0.0,24.981,121.423
74DA38F7C39A,2026-08-04,11:01:04,31.11,100.0,0.0,25.002,121.414
74DA38F209F8,2026-08-04,11:01:05,28.61,100.0,0.0,23.157,121.4
74DA38F7C5E6,2026-08-04,11:01:10,33.36,100.0,1.0,25.107,121.843
74DA38F20A30,2026-08-04,11:01:21,31.0,73.0,45.0,24.948,121.372
74DA38ED05EA,2026-08-04,11:01:22,30.25,100.0,3.0,23.394,121.357
74DA38F210A2,2026-08-04,11:01:23,30.61,100.0,1.0,25.12,121.466
74DA38F7C3B2,2026-08-04,11:01:25,32.61,61.0,0.0,24.929,121.378
74DA38F7C30C,2026-08-04,11:01:26,31.61,82.0,0.0,24.975,121.532
74DA38F7C3DC,2026-08-04,11:01:26,31.0,100.0,6.0,25.003,121.539
74DA38ED0640,2026-08-04,11:01:31,29.11,100.0,5.0,23.154,121.266
74DA38F20EB2,2026-08-04,11:01:33,28.86,100.0,143.0,24.324,120.835
74DA38F7C47C,2026-08-04,11:01:39,31.61,95.0,76.0,25.055,121.455
74DA38F20D70,2026-08-04,11:01:41,31.0,89.0,0.0,23.05,121.164
74DA38F7C616,2026-08-04,11:01:57,32.11,100.0,0.0,25.031,121.563
74DA38F20934,2026-08-04,11:01:58,30.0,76.0,1.0,23.002,121.29
74DA38F7C366,2026-08-04,11:02:02,31.11,100.0,1.0,25.002,121.516
74DA38F7C37C,2026-08-04,11:02:02,29.0,100.0,0.0,25.111,121.856
74DA38F20E9E,2026-08-04,11:02:05,28.61,100.0,2.0,24.648,121.151
74DA38F7C42E,2026-08-04,11:02:06,30.86,100.0,0.0,24.969,121.514
74DA38F7C46C,2026-08-04,11:02:17,-4.0,0.0,0.0,25.288,121.544
74DA38F21204,2026-08-04,11:02:23,30.0,100.0,1.0,25.062,121.451
74DA38F7C260,2026-08-04,11:02:39,33.0,98.0,0.0,25.065,121.425
74DA38F20D16,2026-08-04,11:02:41,31.0,100.0,7.0,25.062,121.526
74DA38F7C480,2026-08-04,11:02:49,30.5,100.0,0.0,25.061,121.432
74DA38F20E6E,2026-08-04,11:02:54,28.0,100.0,0.0,24.41,120.902
74DA38F7C560,2026-08-04,11:02:54,30.86,-65.0,0.0,25.079,121.671
74DA38F20C06,2026-08-04,11:03:03,32.11,64.0,6.0,24.874,121.02
74DA38F209EE,2026-08-04,11:03:22,30.11,100.0,0.0,23.026,121.33
74DA38F7C4DE,2026-08-04,11:03:27,30.25,100.0,0.0,25.09,121.462
74DA38F7C59C,2026-08-04,11:03:32,30.36,79.0,8.0,25.103,121.487
74DA38F20D2E,2026-08-04,11:03:33,30.75,100.0,0.0,25.06,121.545
74DA38F21088,2026-08-04,11:03:35,31.11,100.0,0.0,25.068,121.588
74DA38F7C532,2026-08-04,11:03:35,30.61,97.0,5.0,25.059,121.499
74DA38F208E2,2026-08-04,11:03:39,29.11,100.0,6.0,24.688,121.766
74DA38F7C41E,2026-08-04,11:03:45,30.75,81.0,0.0,25.054,121.517
74DA38F7C63C,2026-08-04,11:03:45,60.62,100.0,2.0,24.998,121.425
74DA38F7C3DE,2026-08-04,11:04:00,32.75,93.0,243.0,24.972,121.537
74DA38F7C47E,2026-08-04,11:04:02,30.75,100.0,7.0,25.053963,121.427681
74DA38F7C5BE,2026-08-04,11:04:07,30.5,89.0,6.0,25.092,121.523
74DA38F20D1E,2026-08-04,11:04:13,31.0,100.0,7.0,25.048,121.573
74DA38ED0630,2026-08-04,11:04:21,30.11,100.0,0.0,23.994,121.594
74DA38F7C3BA,2026-08-04,11:04:29,-4.0,0.0,80.0,25.174,121.441
74DA38ED04F2,2026-08-04,11:04:41,28.0,100.0,2.0,23.468,121.496
74DA38F7C514,2026-08-04,11:04:49,30.86,100.0,5.0,25.051,121.518
74DA38F20D1A,2026-08-04,11:04:54,29.86,93.0,0.0,25.078,121.541
74DA38F7C310,2026-08-04,11:04:54,31.36,100.0,2.0,25.09,121.464
74DA38F7C338,2026-08-04,11:04:55,31.0,98.0,3.0,25.011,121.458
74DA38F7C53C,2026-08-04,11:05:00,30.25,100.0,0.0,25.11,121.804
74DA38F7C600,2026-08-04,11:05:07,23.37,46.0,3.0,25.07,121.586
74DA38F7C13A,2026-08-04,11:05:11,22.75,-56.0,1.0,25.069,121.359
74DA38F7C592,2026-08-04,11:05:33,-4.0,0.0,0.0,25.224,121.637
74DA38ED06E0,2026-08-04,11:05:34,29.86,99.0,24.0,23.601,121.521
74DA38F210F6,2026-08-04,11:05:43,31.25,100.0,3.0,22.757426,121.158891
74DA38F7C27E,2026-08-04,11:05:51,31.11,98.0,5.0,25.053,121.444
74DA38F7C5CE,2026-08-04,11:05:51,30.25,83.0,0.0,25.066,121.656
74DA38ED05B6,2026-08-04,11:05:54,29.5,100.0,4.0,23.43,121.348
74DA38F7C464,2026-08-04,11:05:56,27.25,30.0,0.0,25.006,121.413
74DA38ED0454,2026-08-04,11:05:59,31.11,100.0,3.0,24.053,121.599
74DA38F7C570,2026-08-04,11:06:00,31.36,100.0,0.0,25.239,121.63
74DA38ED059C,2026-08-04,11:06:01,30.0,96.0,1.0,23.706,121.412
74DA38F7C54E,2026-08-04,11:06:01,29.75,100.0,0.0,25.063,121.661
74DA38F20862,2026-08-04,11:06:06,29.5,100.0,4.0,23.101,121.176
74DA38F7C5A0,2026-08-04,11:06:07,31.0,95.0,0.0,25.107,121.518
74DA38F7C524,2026-08-04,11:06:22,30.61,100.0,0.0,25.002,121.552
74DA38F209DE,2026-08-04,11:06:25,30.75,100.0,0.0,24.861,120.964
74DA38F21024,2026-08-04,11:06:29,29.25,100.0,0.0,24.93,121.036
74DA38F20A78,2026-08-04,11:06:31,31.25,100.0,1.0,22.904,121.124
74DA38F7C4CC,2026-08-04,11:06:31,31.0,100.0,3.0,25.062,121.451
74DA38F7C3D6,2026-08-04,11:06:35,31.36,100.0,0.0,25.045,121.541
74DA38F21136,2026-08-04,11:06:39,30.86,100.0,2.0,25.119,121.505
74DA38F7C506,2026-08-04,11:06:47,31.11,100.0,0.0,24.996,121.544
74DA38F2105C,2026-08-04,11:06:53,30.36,100.0,0.0,25.088,121.599
74DA38F7C610,2026-08-04,11:06:56,30.5,93.0,6.0,25.063,121.564
74DA38F7C5AA,2026-08-04,11:07:11,30.25,100.0,0.0,25.0,121.479
74DA38F7C5E6,2026-08-04,11:07:14,33.25,100.0,1.0,25.107,121.843
74DA38F209B2,2026-08-04,11:07:18,30.11,100.0,0.0,22.363,120.599
74DA38F7C53A,2026-08-04,11:07:24,-4.0,0.0,0.0,25.067,121.641
74DA38ED05EA,2026-08-04,11:07:27,30.25,100.0,3.0,23.394,121.357
74DA38F210A2,2026-08-04,11:07:29,30.61,100.0,1.0,25.12,121.466
74DA38F7C430,2026-08-04,11:07:29,33.11,74.0,0.0,24.981,121.423
74DA38F7C3B2,2026-08-04,11:07:30,32.61,61.0,0.0,24.929,121.378
74DA38F7C39A,2026-08-04,11:07:31,31.0,100.0,0.0,25.002,121.414
74DA38F7C47C,2026-08-04,11:07:31,31.5,97.0,107.0,25.055,121.455
74DA38F209F8,2026-08-04,11:07:32,28.61,100.0,0.0,23.157,121.4
74DA38F7C3DC,2026-08-04,11:07:32,30.75,100.0,6.0,25.003,121.539
74DA38ED0640,2026-08-04,11:07:37,29.0,100.0,3.0,23.154,121.266
74DA38F20EB2,2026-08-04,11:07:39,28.75,100.0,11.0,24.324,120.835
74DA38F7C30C,2026-08-04,11:07:41,31.5,82.0,0.0,24.975,121.532
74DA38F20D70,2026-08-04,11:07:46,30.86,89.0,0.0,23.05,121.164
74DA38F20A30,2026-08-04,11:07:52,30.86,73.0,51.0,24.948,121.372
74DA38F7C366,2026-08-04,11:08:08,31.11,100.0,1.0,25.002,121.516
74DA38F20E9E,2026-08-04,11:08:10,28.5,100.0,2.0,24.648,121.151
74DA38F7C616,2026-08-04,11:08:16,32.11,100.0,0.0,25.031,121.563
74DA38F20934,2026-08-04,11:08:19,30.0,76.0,1.0,23.002,121.29
74DA38F21204,2026-08-04,11:08:31,30.0,100.0,2.0,25.062,121.451
74DA38F7C37C,2026-08-04,11:08:31,28.86,100.0,0.0,25.111,121.856
74DA38F7C42E,2026-08-04,11:08:34,30.75,100.0,0.0,24.969,121.514
74DA38F20D16,2026-08-04,11:08:50,31.0,100.0,6.0,25.062,121.526
74DA38F20E6E,2026-08-04,11:08:55,28.0,100.0,0.0,24.41,120.902
74DA38F7C260,2026-08-04,11:09:06,33.0,98.0,0.0,25.065,121.425
74DA38F20C06,2026-08-04,11:09:08,32.11,64.0,5.0,24.874,121.02
74DA38F7C480,2026-08-04,11:09:17,30.5,100.0,0.0,25.061,121.432
74DA38F7C560,2026-08-04,11:09:21,31.0,-65.0,0.0,25.079,121.671
74DA38F209EE,2026-08-04,11:09:27,30.0,100.0,0.0,23.026,121.33
74DA38F7C4DE,2026-08-04,11:09:38,30.25,100.0,0.0,25.09,121.462
74DA38F7C532,2026-08-04,11:09:43,30.5,99.0,5.0,25.059,121.499
74DA38F208E2,2026-08-04,11:09:44,29.11,100.0,6.0,24.688,121.766
74DA38F7C3DE,2026-08-04,11:09:57,32.61,93.0,247.0,24.972,121.537
74DA38F7C59C,2026-08-04,11:10:00,30.25,79.0,8.0,25.103,121.487
74DA38F20D2E,2026-08-04,11:10:01,30.75,100.0,0.0,25.06,121.545
74DA38F21088,2026-08-04,11:10:04,31.25,100.0,0.0,25.068,121.588
74DA38F7C47E,2026-08-04,11:10:08,30.5,100.0,6.0,25.053963,121.427681
74DA38F209A8,2026-08-04,11:10:09,-4.0,0.0,0.0,22.401,120.577
74DA38F7C5BE,2026-08-04,11:10:12,30.5,90.0,6.0,25.092,121.523
74DA38F7C41E,2026-08-04,11:10:13,30.5,81.0,0.0,25.054,121.517
74DA38F20D1E,2026-08-04,11:10:21,30.75,100.0,7.0,25.048,121.573
74DA38F21170,2026-08-04,11:10:37,31.11,76.0,1.0,22.779,121.088
74DA38ED04F2,2026-08-04,11:10:48,27.87,100.0,1.0,23.468,121.496
74DA38ED0630,2026-08-04,11:10:51,30.11,100.0,0.0,23.994,121.594
74DA38F7C514,2026-08-04,11:10:55,30.86,100.0,5.0,25.051,121.518
74DA38F7C310,2026-08-04,11:10:58,31.5,100.0,3.0,25.09,121.464
74DA38F7C338,2026-08-04,11:11:08,30.86,100.0,4.0,25.011,121.458
74DA38F7C600,2026-08-04,11:11:12,23.37,46.0,3.0,25.07,121.586
74DA38F20D1A,2026-08-04,11:11:21,29.75,94.0,0.0,25.078,121.541
74DA38F7C53C,2026-08-04,11:11:28,30.11,100.0,0.0,25.11,121.804
74DA38F7C13A,2026-08-04,11:11:37,22.62,-57.0,0.0,25.069,121.359
74DA38ED06E0,2026-08-04,11:11:41,29.86,99.0,20.0,23.601,121.521
74DA38F210F6,2026-08-04,11:11:48,31.11,100.0,4.0,22.757426,121.158891
74DA38F7C27E,2026-08-04,11:11:55,31.11,99.0,5.0,25.053,121.444
74DA38F7C46C,2026-08-04,11:11:57,-4.0,0.0,0.0,25.288,121.544
74DA38ED05B6,2026-08-04,11:11:59,29.5,100.0,3.0,23.43,121.348
74DA38ED0454,2026-08-04,11:12:04,31.11,100.0,3.0,24.053,121.599
74DA38ED059C,2026-08-04,11:12:07,29.86,96.0,1.0,23.706,121.412
74DA38F20862,2026-08-04,11:12:14,29.36,100.0,3.0,23.101,121.176
74DA38F7C5CE,2026-08-04,11:12:17,30.11,83.0,0.0,25.066,121.656
74DA38F7C464,2026-08-04,11:12:24,27.25,29.0,0.0,25.006,121.413
74DA38F7C54E,2026-08-04,11:12:28,29.75,100.0,0.0,25.063,121.661
74DA38F7C570,2026-08-04,11:12:28,31.11,100.0,0.0,25.239,121.63
74DA38F7C5A0,2026-08-04,11:12:34,31.0,95.0,0.0,25.107,121.518
74DA38F7C4CC,2026-08-04,11:12:37,30.86,100.0,4.0,25.062,121.451
74DA38F20A78,2026-08-04,11:12:38,31.11,100.0,1.0,22.904,121.124
74DA38F7C524,2026-08-04,11:12:51,30.61,100.0,0.0,25.002,121.552
74DA38F209DE,2026-08-04,11:12:53,30.61,100.0,0.0,24.861,120.964
74DA38F21024,2026-08-04,11:12:55,29.36,100.0,0.0,24.93,121.036
74DA38F21136,2026-08-04,11:12:57,30.86,100.0,3.0,25.119,121.505
74DA38F7C3D6,2026-08-04,11:13:02,31.25,100.0,0.0,25.045,121.541
74DA38F7C610,2026-08-04,11:13:03,30.5,94.0,6.0,25.063,121.564
74DA38F7C3BA,2026-08-04,11:13:13,-4.0,0.0,83.0,25.174,121.441
74DA38F7C506,2026-08-04,11:13:16,31.0,100.0,0.0,24.996,121.544
74DA38F7C63C,2026-08-04,11:13:17,60.62,100.0,2.0,24.998,121.425
74DA38F2105C,2026-08-04,11:13:19,30.36,100.0,0.0,25.088,121.599
74DA38F7C5E6,2026-08-04,11:13:19,33.11,100.0,2.0,25.107,121.843
74DA38F7C47C,2026-08-04,11:13:23,31.36,98.0,99.0,25.055,121.455
74DA38ED05EA,2026-08-04,11:13:32,30.11,100.0,3.0,23.394,121.357
74DA38F210A2,2026-08-04,11:13:34,30.61,100.0,1.0,25.12,121.466
74DA38F7C3B2,2026-08-04,11:13:35,32.61,61.0,0.0,24.929,121.378
74DA38F7C3DC,2026-08-04,11:13:38,30.61,100.0,6.0,25.003,121.539
74DA38F7C5AA,2026-08-04,11:13:38,30.25,100.0,0.0,25.0,121.479
74DA38ED0640,2026-08-04,11:13:43,28.86,100.0,2.0,23.154,121.266
74DA38F20EB2,2026-08-04,11:13:44,28.61,100.0,9.0,24.324,120.835
74DA38F209B2,2026-08-04,11:13:45,30.11,100.0,0.0,22.363,120.599
74DA38F20D70,2026-08-04,11:13:51,31.0,88.0,0.0,23.05,121.164
74DA38F7C430,2026-08-04,11:13:57,33.0,74.0,0.0,24.981,121.423
74DA38F209F8,2026-08-04,11:13:59,28.5,100.0,0.0,23.157,121.4
74DA38F7C39A,2026-08-04,11:13:59,31.0,100.0,0.0,25.002,121.414
74DA38F20E9E,2026-08-04,11:14:15,28.5,100.0,1.0,24.648,121.151
74DA38F7C366,2026-08-04,11:14:15,30.86,100.0,1.0,25.002,121.516
74DA38F20A30,2026-08-04,11:14:23,30.86,74.0,36.0,24.948,121.372
74DA38F7C616,2026-08-04,11:14:23,32.0,100.0,0.0,25.031,121.563
74DA38F20934,2026-08-04,11:14:34,30.11,76.0,2.0,23.002,121.29
74DA38F21204,2026-08-04,11:14:37,30.0,100.0,2.0,25.062,121.451
74DA38F20E6E,2026-08-04,11:14:57,27.87,100.0,0.0,24.41,120.902
74DA38F7C37C,2026-08-04,11:14:57,28.86,100.0,0.0,25.111,121.856
74DA38F20D16,2026-08-04,11:15:00,31.0,100.0,5.0,25.062,121.526
74DA38F7C42E,2026-08-04,11:15:12,30.75,100.0,0.0,24.969,121.514
74DA38F7C592,2026-08-04,11:15:12,-4.0,0.0,0.0,25.224,121.637
74DA38F20C06,2026-08-04,11:15:13,32.11,64.0,5.0,24.874,121.02
74DA38F209EE,2026-08-04,11:15:32,30.0,100.0,0.0,23.026,121.33
74DA38F7C260,2026-08-04,11:15:36,33.0,99.0,0.0,25.065,121.425
74DA38F7C480,2026-08-04,11:15:45,30.36,100.0,0.0,25.061,121.432
74DA38F208E2,2026-08-04,11:15:49,29.11,100.0,6.0,24.688,121.766
74DA38F7C560,2026-08-04,11:15:49,31.0,-65.0,0.0,25.079,121.671
74DA38F7C532,2026-08-04,11:15:50,30.5,98.0,5.0,25.059,121.499
74DA38F7C3DE,2026-08-04,11:15:53,32.61,93.0,252.0,24.972,121.537
74DA38F7C47E,2026-08-04,11:16:13,30.5,100.0,7.0,25.053963,121.427681
74DA38F7C4DE,2026-08-04,11:16:14,30.11,100.0,0.0,25.09,121.462
74DA38F7C5BE,2026-08-04,11:16:17,30.36,91.0,6.0,25.092,121.523
74DA38F7C59C,2026-08-04,11:16:27,30.36,80.0,8.0,25.103,121.487
74DA38F20D2E,2026-08-04,11:16:29,30.75,100.0,0.0,25.06,121.545
74DA38F20D1E,2026-08-04,11:16:31,30.75,100.0,8.0,25.048,121.573
74DA38F21088,2026-08-04,11:16:32,31.25,100.0,0.0,25.068,121.588
74DA38F21170,2026-08-04,11:16:43,31.11,76.0,1.0,22.779,121.088
74DA38F7C41E,2026-08-04,11:16:44,30.5,81.0,0.0,25.054,121.517
74DA38ED04F2,2026-08-04,11:16:55,27.75,100.0,1.0,23.468,121.496
74DA38F7C514,2026-08-04,11:17:00,30.86,100.0,5.0,25.051,121.518
74DA38F7C310,2026-08-04,11:17:03,31.5,100.0,3.0,25.09,121.464
74DA38F7C53A,2026-08-04,11:17:04,-4.0,0.0,0.0,25.067,121.641
74DA38F7C600,2026-08-04,11:17:18,23.37,47.0,2.0,25.07,121.586
74DA38F7C338,2026-08-04,11:17:20,30.86,100.0,4.0,25.011,121.458
74DA38ED0630,2026-08-04,11:17:22,30.25,100.0,0.0,23.994,121.594
74DA38ED06E0,2026-08-04,11:17:47,29.75,97.0,6.0,23.601,121.521
74DA38F20D1A,2026-08-04,11:17:49,29.75,94.0,0.0,25.078,121.541
74DA38F210F6,2026-08-04,11:17:52,31.11,100.0,4.0,22.757426,121.158891
74DA38F7C53C,2026-08-04,11:17:55,30.0,100.0,0.0,25.11,121.804
74DA38F7C27E,2026-08-04,11:18:01,31.0,100.0,5.0,25.053,121.444
74DA38ED05B6,2026-08-04,11:18:04,29.36,100.0,3.0,23.43,121.348
74DA38F7C13A,2026-08-04,11:18:04,22.62,-57.0,0.0,25.069,121.359
74DA38ED0454,2026-08-04,11:18:10,31.11,100.0,3.0,24.053,121.599
74DA38ED059C,2026-08-04,11:18:13,30.0,96.0,1.0,23.706,121.412
74DA38F20862,2026-08-04,11:18:20,29.36,100.0,3.0,23.101,121.176
74DA38F7C4CC,2026-08-04,11:18:43,30.86,100.0,4.0,25.062,121.451
74DA38F20A78,2026-08-04,11:18:44,30.86,100.0,1.0,22.904,121.124
74DA38F7C5CE,2026-08-04,11:18:44,30.11,83.0,0.0,25.066,121.656
74DA38F7C54E,2026-08-04,11:18:53,29.5,100.0,0.0,25.063,121.661
74DA38F7C464,2026-08-04,11:18:55,27.12,30.0,0.0,25.006,121.413
74DA38F7C570,2026-08-04,11:18:57,31.11,100.0,0.0,25.239,121.63
74DA38F7C5A0,2026-08-04,11:19:02,31.11,96.0,0.0,25.107,121.518
74DA38F7C610,2026-08-04,11:19:08,30.5,94.0,6.0,25.063,121.564
74DA38F7C47C,2026-08-04,11:19:19,31.36,99.0,95.0,25.055,121.455
74DA38F7C524,2026-08-04,11:19:19,30.61,100.0,0.0,25.002,121.552
74DA38F209DE,2026-08-04,11:19:20,30.5,100.0,0.0,24.861,120.964
74DA38F21024,2026-08-04,11:19:23,29.36,100.0,0.0,24.93,121.036
74DA38F7C5E6,2026-08-04,11:19:24,33.0,100.0,2.0,25.107,121.843
74DA38F7C3D6,2026-08-04,11:19:28,31.11,100.0,0.0,25.045,121.541
74DA38ED05EA,2026-08-04,11:19:38,30.11,100.0,2.0,23.394,121.357
74DA38F210A2,2026-08-04,11:19:39,30.61,100.0,1.0,25.12,121.466
74DA38F7C3B2,2026-08-04,11:19:40,32.61,61.0,0.0,24.929,121.378
74DA38F7C3DC,2026-08-04,11:19:43,30.61,100.0,6.0,25.003,121.539
74DA38F7C506,2026-08-04,11:19:44,31.0,100.0,0.0,24.996,121.544
74DA38F2105C,2026-08-04,11:19:46,30.36,100.0,0.0,25.088,121.599
74DA38F209A8,2026-08-04,11:19:49,-4.0,0.0,0.0,22.401,120.577
74DA38F20EB2,2026-08-04,11:19:50,28.36,100.0,10.0,24.324,120.835
74DA38ED0640,2026-08-04,11:19:51,28.86,100.0,3.0,23.154,121.266
74DA38F20D70,2026-08-04,11:19:57,31.11,88.0,0.0,23.05,121.164
74DA38F209B2,2026-08-04,11:20:12,30.11,100.0,0.0,22.363,120.599
74DA38F20E9E,2026-08-04,11:20:20,28.5,100.0,2.0,24.648,121.151
74DA38F7C366,2026-08-04,11:20:20,30.86,100.0,1.0,25.002,121.516
74DA38F7C430,2026-08-04,11:20:25,32.86,74.0,0.0,24.981,121.423
74DA38F209F8,2026-08-04,11:20:27,28.36,100.0,0.0,23.157,121.4
74DA38F7C39A,2026-08-04,11:20:27,30.86,100.0,0.0,25.002,121.414
74DA38F7C5AA,2026-08-04,11:20:30,30.0,100.0,1.0,25.0,121.479
74DA38F7C616,2026-08-04,11:20:30,32.0,100.0,0.0,25.031,121.563
74DA38F7C30C,2026-08-04,11:20:33,31.5,82.0,0.0,24.975,121.532
74DA38F20934,2026-08-04,11:20:40,30.0,76.0,2.0,23.002,121.29
74DA38F21204,2026-08-04,11:20:43,30.0,100.0,1.0,25.062,121.451
74DA38F20A30,2026-08-04,11:20:53,30.75,74.0,39.0,24.948,121.372
74DA38F20E6E,2026-08-04,11:20:58,28.0,100.0,0.0,24.41,120.902
74DA38F20D16,2026-08-04,11:21:05,31.0,100.0,5.0,25.062,121.526
74DA38F20C06,2026-08-04,11:21:19,32.11,64.0,5.0,24.874,121.02
74DA38F7C37C,2026-08-04,11:21:26,29.0,100.0,0.0,25.111,121.856
74DA38F209EE,2026-08-04,11:21:37,30.0,100.0,0.0,23.026,121.33
74DA38F7C46C,2026-08-04,11:21:37,-4.0,0.0,0.0,25.288,121.544
74DA38F7C3DE,2026-08-04,11:21:49,32.61,94.0,253.0,24.972,121.537
74DA38F208E2,2026-08-04,11:21:54,29.25,100.0,6.0,24.688,121.766
74DA38F7C3BA,2026-08-04,11:21:56,-4.0,0.0,79.0,25.174,121.441
74DA38F7C532,2026-08-04,11:21:59,30.25,97.0,5.0,25.059,121.499
74DA38F7C480,2026-08-04,11:22:10,30.36,100.0,0.0,25.061,121.432
74DA38F7C560,2026-08-04,11:22:16,31.25,-65.0,0.0,25.079,121.671
74DA38F7C260,2026-08-04,11:22:17,32.86,99.0,0.0,25.065,121.425
74DA38F7C47E,2026-08-04,11:22:18,30.61,100.0,7.0,25.053963,121.427681
74DA38F7C5BE,2026-08-04,11:22:22,30.36,91.0,7.0,25.092,121.523
74DA38F7C4DE,2026-08-04,11:22:26,30.0,100.0,0.0,25.09,121.462
74DA38F20D1E,2026-08-04,11:22:40,30.61,100.0,8.0,25.048,121.573
74DA38F7C63C,2026-08-04,11:22:50,60.62,100.0,3.0,24.998,121.425
74DA38F21170,2026-08-04,11:22:52,31.0,76.0,2.0,22.779,121.088
74DA38F7C59C,2026-08-04,11:22:53,30.36,80.0,8.0,25.103,121.487
74DA38F20D2E,2026-08-04,11:22:57,30.75,100.0,0.0,25.06,121.545
74DA38F21088,2026-08-04,11:23:00,31.11,100.0,0.0,25.068,121.588
74DA38ED04F2,2026-08-04,11:23:02,27.62,100.0,1.0,23.468,121.496
74DA38F7C310,2026-08-04,11:23:08,31.36,100.0,2.0,25.09,121.464
74DA38F7C514,2026-08-04,11:23:12,31.0,100.0,5.0,25.051,121.518
74DA38F7C41E,2026-08-04,11:23:14,30.36,82.0,0.0,25.054,121.517
74DA38F7C600,2026-08-04,11:23:23,23.37,47.0,2.0,25.07,121.586
74DA38F7C338,2026-08-04,11:23:30,30.86,100.0,4.0,25.011,121.458
74DA38ED0630,2026-08-04,11:23:50,30.36,100.0,0.0,23.994,121.594
74DA38ED06E0,2026-08-04,11:23:53,29.75,98.0,6.0,23.601,121.521
74DA38F210F6,2026-08-04,11:23:57,31.11,100.0,3.0,22.757426,121.158891
74DA38F7C27E,2026-08-04,11:24:05,31.0,100.0,5.0,25.053,121.444
74DA38ED05B6,2026-08-04,11:24:09,29.25,100.0,3.0,23.43,121.348
74DA38ED0454,2026-08-04,11:24:16,31.11,100.0,3.0,24.053,121.599
74DA38F20D1A,2026-08-04,11:24:18,29.61,97.0,0.0,25.078,121.541
74DA38ED059C,2026-08-04,11:24:20,30.11,96.0,1.0,23.706,121.412
74DA38F7C53C,2026-08-04,11:24:24,29.86,100.0,0.0,25.11,121.804
74DA38F20862,2026-08-04,11:24:26,29.36,100.0,3.0,23.101,121.176
74DA38F7C13A,2026-08-04,11:24:31,22.62,-57.0,0.0,25.069,121.359
74DA38F7C4CC,2026-08-04,11:24:49,30.86,100.0,4.0,25.062,121.451
74DA38F20A78,2026-08-04,11:24:50,30.75,100.0,1.0,22.904,121.124
74DA38F7C592,2026-08-04,11:24:51,-4.0,0.0,0.0,25.224,121.637
74DA38F7C5CE,2026-08-04,11:25:10,30.0,83.0,0.0,25.066,121.656
74DA38F7C610,2026-08-04,11:25:13,30.36,95.0,6.0,25.063,121.564
74DA38F7C47C,2026-08-04,11:25:15,31.36,100.0,86.0,25.055,121.455
74DA38F7C54E,2026-08-04,11:25:18,29.36,100.0,0.0,25.063,121.661
74DA38F7C570,2026-08-04,11:25:25,31.11,100.0,0.0,25.239,121.63
74DA38F7C464,2026-08-04,11:25:26,27.12,30.0,0.0,25.006,121.413
74DA38F7C5A0,2026-08-04,11:25:29,31.0,96.0,0.0,25.107,121.518
74DA38F7C5E6,2026-08-04,11:25:29,32.86,100.0,2.0,25.107,121.843
74DA38F21136,2026-08-04,11:25:41,30.86,100.0,3.0,25.119,121.505
74DA38ED05EA,2026-08-04,11:25:43,30.0,100.0,2.0,23.394,121.357
74DA38F210A2,2026-08-04,11:25:44,30.61,100.0,1.0,25.12,121.466
74DA38F7C3B2,2026-08-04,11:25:46,32.61,61.0,0.0,24.929,121.378
74DA38F7C524,2026-08-04,11:25:46,30.5,100.0,0.0,25.002,121.552
74DA38F209DE,2026-08-04,11:25:47,30.61,100.0,0.0,24.861,120.964
74DA38F7C3DC,2026-08-04,11:25:48,30.5,100.0,7.0,25.003,121.539
74DA38F21024,2026-08-04,11:25:50,29.36,100.0,0.0,24.93,121.036
74DA38F20EB2,2026-08-04,11:25:55,28.36,100.0,10.0,24.324,120.835
74DA38F7C3D6,2026-08-04,11:25:55,31.11,100.0,0.0,25.045,121.541
74DA38ED0640,2026-08-04,11:25:57,29.11,100.0,3.0,23.154,121.266
74DA38F20D70,2026-08-04,11:26:02,31.11,88.0,0.0,23.05,121.164
74DA38F2105C,2026-08-04,11:26:14,30.36,100.0,0.0,25.088,121.599
74DA38F7C506,2026-08-04,11:26:14,30.86,100.0,0.0,24.996,121.544
74DA38F20E9E,2026-08-04,11:26:25,28.5,100.0,2.0,24.648,121.151
74DA38F7C366,2026-08-04,11:26:25,30.86,100.0,1.0,25.002,121.516
74DA38F209B2,2026-08-04,11:26:38,30.0,100.0,0.0,22.363,120.599
74DA38F7C30C,2026-08-04,11:26:43,31.5,83.0,0.0,24.975,121.532
74DA38F20934,2026-08-04,11:26:46,30.0,76.0,2.0,23.002,121.29
74DA38F7C53A,2026-08-04,11:26:46,-4.0,0.0,0.0,25.067,121.641
74DA38F7C616,2026-08-04,11:26:47,31.86,100.0,0.0,25.031,121.563
74DA38F21204,2026-08-04,11:26:50,30.11,100.0,1.0,25.062,121.451
74DA38F7C430,2026-08-04,11:26:52,32.75,75.0,0.0,24.981,121.423
74DA38F209F8,2026-08-04,11:26:54,28.36,100.0,0.0,23.157,121.4
74DA38F7C39A,2026-08-04,11:26:54,30.75,100.0,0.0,25.002,121.414
74DA38F7C5AA,2026-08-04,11:26:58,30.11,100.0,0.0,25.0,121.479
74DA38F20E6E,2026-08-04,11:26:59,27.87,100.0,0.0,24.41,120.902
74DA38F20D16,2026-08-04,11:27:23,31.0,100.0,5.0,25.062,121.526
74DA38F20C06,2026-08-04,11:27:24,32.11,64.0,5.0,24.874,121.02
74DA38F20A30,2026-08-04,11:27:28,30.75,74.0,28.0,24.948,121.372
74DA38F209EE,2026-08-04,11:27:45,30.0,100.0,0.0,23.026,121.33
74DA38F7C37C,2026-08-04,11:27:54,29.0,100.0,0.0,25.111,121.856
74DA38F208E2,2026-08-04,11:27:59,29.25,100.0,6.0,24.688,121.766
74DA38F7C532,2026-08-04,11:28:06,30.25,99.0,5.0,25.059,121.499
74DA38F7C47E,2026-08-04,11:28:24,30.61,100.0,7.0,25.053963,121.427681
74DA38F7C5BE,2026-08-04,11:28:27,30.25,92.0,7.0,25.092,121.523
74DA38F7C4DE,2026-08-04,11:28:33,30.0,100.0,0.0,25.09,121.462
74DA38F7C480,2026-08-04,11:28:36,30.36,100.0,0.0,25.061,121.432
74DA38F7C42E,2026-08-04,11:28:42,30.61,100.0,0.0,24.969,121.514
74DA38F7C560,2026-08-04,11:28:43,31.5,-65.0,0.0,25.079,121.671
74DA38F7C260,2026-08-04,11:28:45,32.75,100.0,0.0,25.065,121.425
74DA38F20D1E,2026-08-04,11:28:49,30.5,100.0,8.0,25.048,121.573
74DA38F21170,2026-08-04,11:29:00,30.86,77.0,3.0,22.779,121.088
74DA38ED04F2,2026-08-04,11:29:10,27.75,100.0,1.0,23.468,121.496
74DA38F7C310,2026-08-04,11:29:13,31.36,100.0,3.0,25.09,121.464
74DA38F7C514,2026-08-04,11:29:20,30.86,100.0,5.0,25.051,121.518
74DA38F7C59C,2026-08-04,11:29:20,30.36,80.0,8.0,25.103,121.487
74DA38F20D2E,2026-08-04,11:29:24,30.86,100.0,0.0,25.06,121.545
74DA38F209A8,2026-08-04,11:29:27,-4.0,0.0,0.0,22.401,120.577
74DA38F21088,2026-08-04,11:29:28,31.11,100.0,0.0,25.068,121.588
74DA38F7C600,2026-08-04,11:29:29,23.37,47.0,3.0,25.07,121.586
74DA38F7C338,2026-08-04,11:29:36,30.75,100.0,5.0,25.011,121.458
74DA38F7C41E,2026-08-04,11:29:42,30.25,83.0,0.0,25.054,121.517
74DA38ED06E0,2026-08-04,11:29:59,29.75,98.0,6.0,23.601,121.521
74DA38F210F6,2026-08-04,11:30:01,31.0,100.0,3.0,22.757426,121.158891
74DA38F7C27E,2026-08-04,11:30:10,31.0,100.0,5.0,25.053,121.444
74DA38ED05B6,2026-08-04,11:30:14,29.0,100.0,3.0,23.43,121.348
74DA38ED0454,2026-08-04,11:30:20,31.11,100.0,2.0,24.053,121.599
74DA38ED0630,2026-08-04,11:30:22,30.25,100.0,0.0,23.994,121.594
74DA38ED059C,2026-08-04,11:30:28,29.86,98.0,1.0,23.706,121.412
74DA38F20862,2026-08-04,11:30:33,29.36,100.0,4.0,23.101,121.176
74DA38F7C3BA,2026-08-04,11:30:39,-4.0,0.0,80.0,25.174,121.441
74DA38F20D1A,2026-08-04,11:30:45,29.86,96.0,0.0,25.078,121.541
74DA38F7C53C,2026-08-04,11:30:51,30.0,100.0,0.0,25.11,121.804
74DA38F7C4CC,2026-08-04,11:30:55,30.86,100.0,3.0,25.062,121.451
74DA38F20A78,2026-08-04,11:30:56,30.5,100.0,0.0,22.904,121.124
74DA38F7C13A,2026-08-04,11:30:58,22.75,-56.0,0.0,25.069,121.359
74DA38F7C47C,2026-08-04,11:31:07,31.11,100.0,91.0,25.055,121.455
74DA38F7C46C,2026-08-04,11:31:17,-4.0,0.0,0.0,25.288,121.544
74DA38F7C610,2026-08-04,11:31:18,30.36,95.0,6.0,25.063,121.564
74DA38F7C5E6,2026-08-04,11:31:34,32.86,100.0,2.0,25.107,121.843
74DA38F7C5CE,2026-08-04,11:31:38,30.0,83.0,0.0,25.066,121.656
74DA38F7C54E,2026-08-04,11:31:44,29.36,100.0,0.0,25.063,121.661
74DA38ED05EA,2026-08-04,11:31:48,30.0,100.0,3.0,23.394,121.357
74DA38F210A2,2026-08-04,11:31:48,30.61,100.0,1.0,25.12,121.466
74DA38F7C3B2,2026-08-04,11:31:51,32.61,61.0,0.0,24.929,121.378
74DA38F21136,2026-08-04,11:31:52,30.75,100.0,3.0,25.119,121.505
74DA38F7C570,2026-08-04,11:31:52,31.25,100.0,0.0,25.239,121.63
74DA38F7C3DC,2026-08-04,11:31:54,30.5,100.0,6.0,25.003,121.539
74DA38F7C464,2026-08-04,11:31:58,27.25,30.0,0.0,25.006,121.413
74DA38F7C5A0,2026-08-04,11:31:58,31.0,96.0,0.0,25.107,121.518
74DA38F20EB2,2026-08-04,11:32:01,28.11,100.0,9.0,24.324,120.835
74DA38ED0640,2026-08-04,11:32:03,29.0,100.0,2.0,23.154,121.266
74DA38F20D70,2026-08-04,11:32:07,31.0,88.0,0.0,23.05,121.164
74DA38F7C524,2026-08-04,11:32:13,30.36,100.0,0.0,25.002,121.552
74DA38F209DE,2026-08-04,11:32:14,30.36,100.0,0.0,24.861,120.964
74DA38F21024,2026-08-04,11:32:17,29.25,100.0,0.0,24.93,121.036
74DA38F7C3D6,2026-08-04,11:32:22,31.25,100.0,0.0,25.045,121.541
74DA38F7C63C,2026-08-04,11:32:23,60.62,100.0,3.0,24.998,121.425
74DA38F20E9E,2026-08-04,11:32:30,28.5,100.0,3.0,24.648,121.151
74DA38F7C366,2026-08-04,11:32:30,30.86,100.0,1.0,25.002,121.516
74DA38F2105C,2026-08-04,11:32:40,30.36,100.0,0.0,25.088,121.599
74DA38F7C30C,2026-08-04,11:32:50,31.5,84.0,0.0,24.975,121.532
74DA38F7C616,2026-08-04,11:32:54,31.61,100.0,0.0,25.031,121.563
74DA38F7C506,2026-08-04,11:32:55,30.86,100.0,0.0,24.996,121.544
74DA38F21204,2026-08-04,11:32:56,30.0,100.0,1.0,25.062,121.451
74DA38F20E6E,2026-08-04,11:33:01,27.75,100.0,0.0,24.41,120.902
74DA38F20934,2026-08-04,11:33:02,30.0,76.0,2.0,23.002,121.29
74DA38F209B2,2026-08-04,11:33:05,29.86,100.0,0.0,22.363,120.599
74DA38F7C430,2026-08-04,11:33:20,32.61,75.0,0.0,24.981,121.423
74DA38F209F8,2026-08-04,11:33:21,28.36,100.0,0.0,23.157,121.4
74DA38F7C39A,2026-08-04,11:33:24,30.75,100.0,0.0,25.002,121.414
74DA38F7C5AA,2026-08-04,11:33:25,30.11,100.0,0.0,25.0,121.479
74DA38F20D16,2026-08-04,11:33:28,30.86,100.0,6.0,25.062,121.526
74DA38F20C06,2026-08-04,11:33:29,32.11,64.0,5.0,24.874,121.02
74DA38F7C3DE,2026-08-04,11:33:42,32.5,96.0,250.0,24.972,121.537
74DA38F209EE,2026-08-04,11:33:50,29.86,100.0,0.0,23.026,121.33
74DA38F20A30,2026-08-04,11:34:02,30.61,75.0,37.0,24.948,121.372
74DA38F208E2,2026-08-04,11:34:04,29.11,100.0,7.0,24.688,121.766
74DA38F7C532,2026-08-04,11:34:15,30.25,100.0,6.0,25.059,121.499
74DA38F7C37C,2026-08-04,11:34:22,28.86,100.0,0.0,25.111,121.856
74DA38F7C592,2026-08-04,11:34:28,-4.0,0.0,0.0,25.224,121.637
74DA38F7C47E,2026-08-04,11:34:29,30.75,100.0,7.0,25.053963,121.427681
74DA38F7C5BE,2026-08-04,11:34:32,30.25,93.0,7.0,25.092,121.523
74DA38F7C4DE,2026-08-04,11:34:43,30.11,100.0,0.0,25.09,121.462
74DA38F20D1E,2026-08-04,11:34:56,30.5,100.0,8.0,25.048,121.573
74DA38F21170,2026-08-04,11:35:05,30.86,77.0,2.0,22.779,121.088
74DA38F7C480,2026-08-04,11:35:05,30.5,100.0,0.0,25.061,121.432
74DA38F7C560,2026-08-04,11:35:11,31.75,-65.0,0.0,25.079,121.671
74DA38ED04F2,2026-08-04,11:35:16,27.62,100.0,1.0,23.468,121.496
74DA38F7C42E,2026-08-04,11:35:16,30.5,100.0,0.0,24.969,121.514
74DA38F7C310,2026-08-04,11:35:19,31.25,100.0,3.0,25.09,121.464
74DA38F7C514,2026-08-04,11:35:28,30.75,100.0,5.0,25.051,121.518
74DA38F7C600,2026-08-04,11:35:34,23.37,47.0,3.0,25.07,121.586
74DA38F7C260,2026-08-04,11:35:35,32.61,100.0,0.0,25.065,121.425
74DA38F7C338,2026-08-04,11:35:42,30.75,100.0,5.0,25.011,121.458
74DA38F7C59C,2026-08-04,11:35:48,30.36,80.0,9.0,25.103,121.487
74DA38F20D2E,2026-08-04,11:35:51,30.75,100.0,0.0,25.06,121.545
74DA38F21088,2026-08-04,11:35:56,31.11,100.0,0.0,25.068,121.588
74DA38ED06E0,2026-08-04,11:36:06,29.75,97.0,5.0,23.601,121.521
74DA38F210F6,2026-08-04,11:36:06,31.0,100.0,3.0,22.757426,121.158891
74DA38F7C27E,2026-08-04,11:36:15,31.0,100.0,5.0,25.053,121.444
74DA38ED05B6,2026-08-04,11:36:19,29.11,100.0,3.0,23.43,121.348
74DA38F7C41E,2026-08-04,11:36:21,30.11,83.0,0.0,25.054,121.517
74DA38ED0454,2026-08-04,11:36:26,31.25,100.0,3.0,24.053,121.599
74DA38F7C53A,2026-08-04,11:36:26,-4.0,0.0,0.0,25.067,121.641
74DA38ED059C,2026-08-04,11:36:34,29.86,97.0,1.0,23.706,121.412
74DA38F20862,2026-08-04,11:36:40,29.25,100.0,4.0,23.101,121.176
74DA38ED0630,2026-08-04,11:36:50,30.25,100.0,0.0,23.994,121.594
74DA38F7C47C,2026-08-04,11:37:00,31.11,100.0,93.0,25.055,121.455
74DA38F7C4CC,2026-08-04,11:37:00,30.75,100.0,4.0,25.062,121.451
74DA38F20A78,2026-08-04,11:37:02,30.5,100.0,1.0,22.904,121.124
74DA38F20D1A,2026-08-04,11:37:13,30.0,96.0,0.0,25.078,121.541
74DA38F7C53C,2026-08-04,11:37:20,30.0,100.0,0.0,25.11,121.804
74DA38F7C610,2026-08-04,11:37:24,30.5,95.0,7.0,25.063,121.564
74DA38F7C13A,2026-08-04,11:37:25,22.75,-56.0,0.0,25.069,121.359
74DA38F7C5E6,2026-08-04,11:37:39,32.75,100.0,2.0,25.107,121.843
74DA38ED05EA,2026-08-04,11:37:53,30.0,100.0,3.0,23.394,121.357
74DA38F210A2,2026-08-04,11:37:55,30.61,100.0,1.0,25.12,121.466
74DA38F7C3B2,2026-08-04,11:37:57,32.61,61.0,0.0,24.929,121.378
74DA38F7C3DC,2026-08-04,11:38:00,30.5,100.0,7.0,25.003,121.539
74DA38F21136,2026-08-04,11:38:03,30.86,100.0,4.0,25.119,121.505
74DA38F20EB2,2026-08-04,11:38:06,28.0,100.0,9.0,24.324,120.835
74DA38F7C5CE,2026-08-04,11:38:06,30.0,83.0,0.0,25.066,121.656
74DA38ED0640,2026-08-04,11:38:09,28.86,100.0,2.0,23.154,121.266
74DA38F7C54E,2026-08-04,11:38:11,29.25,100.0,0.0,25.063,121.661
74DA38F20D70,2026-08-04,11:38:12,31.11,89.0,0.0,23.05,121.164
74DA38F7C570,2026-08-04,11:38:20,31.11,100.0,0.0,25.239,121.63
74DA38F7C5A0,2026-08-04,11:38:25,30.86,97.0,0.0,25.107,121.518
74DA38F20E9E,2026-08-04,11:38:35,28.36,100.0,2.0,24.648,121.151
74DA38F7C366,2026-08-04,11:38:36,30.75,100.0,1.0,25.002,121.516
74DA38F7C524,2026-08-04,11:38:40,30.36,100.0,0.0,25.002,121.552
74DA38F209DE,2026-08-04,11:38:42,30.61,100.0,0.0,24.861,120.964
74DA38F21024,2026-08-04,11:38:44,29.25,100.0,0.0,24.93,121.036
74DA38F7C464,2026-08-04,11:38:46,27.25,30.0,0.0,25.006,121.413
74DA38F7C3D6,2026-08-04,11:38:48,31.25,100.0,0.0,25.045,121.541
74DA38F20E6E,2026-08-04,11:39:03,27.62,100.0,0.0,24.41,120.902
74DA38F21204,2026-08-04,11:39:03,29.86,100.0,1.0,25.062,121.451
74DA38F209A8,2026-08-04,11:39:05,-4.0,0.0,0.0,22.401,120.577
74DA38F2105C,2026-08-04,11:39:07,30.36,100.0,0.0,25.088,121.599
74DA38F20934,2026-08-04,11:39:09,30.11,76.0,2.0,23.002,121.29
74DA38F7C616,2026-08-04,11:39:11,31.5,100.0,0.0,25.031,121.563
74DA38F7C30C,2026-08-04,11:39:16,31.36,86.0,0.0,24.975,121.532
74DA38F7C3BA,2026-08-04,11:39:23,-4.0,0.0,81.0,25.174,121.441
74DA38F7C506,2026-08-04,11:39:26,30.86,100.0,0.0,24.996,121.544
74DA38F209B2,2026-08-04,11:39:32,29.61,100.0,0.0,22.363,120.599
74DA38F20C06,2026-08-04,11:39:34,32.11,64.0,6.0,24.874,121.02
74DA38F7C3DE,2026-08-04,11:39:38,32.5,96.0,248.0,24.972,121.537
74DA38F20D16,2026-08-04,11:39:41,31.0,100.0,6.0,25.062,121.526
74DA38F7C430,2026-08-04,11:39:48,32.61,76.0,0.0,24.981,121.423
74DA38F209F8,2026-08-04,11:39:49,28.25,100.0,0.0,23.157,121.4
74DA38F7C39A,2026-08-04,11:39:52,30.75,100.0,0.0,25.002,121.414
74DA38F7C5AA,2026-08-04,11:39:53,29.86,100.0,0.0,25.0,121.479
74DA38F209EE,2026-08-04,11:39:56,29.75,100.0,0.0,23.026,121.33
74DA38F208E2,2026-08-04,11:40:09,28.86,100.0,7.0,24.688,121.766
74DA38F7C532,2026-08-04,11:40:22,30.36,100.0,6.0,25.059,121.499
74DA38F7C47E,2026-08-04,11:40:34,30.86,100.0,9.0,25.053963,121.427681
74DA38F20A30,2026-08-04,11:40:37,30.61,75.0,36.0,24.948,121.372
74DA38F7C5BE,2026-08-04,11:40:38,30.25,93.0,6.0,25.092,121.523
74DA38F7C37C,2026-08-04,11:40:50,28.75,100.0,0.0,25.111,121.856
74DA38F7C46C,2026-08-04,11:40:59,-4.0,0.0,0.0,25.288,121.544
74DA38F20D1E,2026-08-04,11:41:03,30.5,100.0,8.0,25.048,121.573
74DA38F7C4DE,2026-08-04,11:41:03,29.86,100.0,0.0,25.09,121.462
74DA38F21170,2026-08-04,11:41:10,30.86,77.0,2.0,22.779,121.088
74DA38F7C310,2026-08-04,11:41:23,31.25,100.0,3.0,25.09,121.464
74DA38ED04F2,2026-08-04,11:41:24,27.62,100.0,1.0,23.468,121.496
74DA38F7C480,2026-08-04,11:41:32,30.5,100.0,0.0,25.061,121.432
74DA38F7C514,2026-08-04,11:41:39,30.75,100.0,5.0,25.051,121.518
74DA38F7C560,2026-08-04,11:41:39,31.75,-65.0,0.0,25.079,121.671
74DA38F7C600,2026-08-04,11:41:40,23.37,47.0,3.0,25.07,121.586
74DA38F7C338,2026-08-04,11:41:47,30.75,100.0,5.0,25.011,121.458
74DA38F7C42E,2026-08-04,11:41:48,30.36,100.0,0.0,24.969,121.514
74DA38F7C63C,2026-08-04,11:41:56,60.62,100.0,3.0,24.998,121.425
74DA38F7C260,2026-08-04,11:42:03,32.61,100.0,0.0,25.065,121.425
74DA38F210F6,2026-08-04,11:42:11,31.0,100.0,3.0,22.757426,121.158891
74DA38ED06E0,2026-08-04,11:42:14,29.75,96.0,7.0,23.601,121.521
74DA38F7C59C,2026-08-04,11:42:14,30.5,80.0,8.0,25.103,121.487
74DA38F20D2E,2026-08-04,11:42:19,30.61,100.0,0.0,25.06,121.545
74DA38F7C27E,2026-08-04,11:42:19,30.86,100.0,6.0,25.053,121.444
74DA38F21088,2026-08-04,11:42:23,31.11,100.0,0.0,25.068,121.588
74DA38ED05B6,2026-08-04,11:42:27,28.86,100.0,3.0,23.43,121.348
74DA38ED0454,2026-08-04,11:42:31,31.36,100.0,3.0,24.053,121.599
74DA38ED059C,2026-08-04,11:42:39,29.86,96.0,2.0,23.706,121.412
74DA38F20862,2026-08-04,11:42:45,29.25,100.0,3.0,23.101,121.176
74DA38F7C41E,2026-08-04,11:42:52,30.11,83.0,0.0,25.054,121.517
74DA38F7C47C,2026-08-04,11:42:54,31.0,100.0,74.0,25.055,121.455
74DA38F20A78,2026-08-04,11:43:08,30.5,100.0,1.0,22.904,121.124
74DA38F7C4CC,2026-08-04,11:43:08,30.75,100.0,4.0,25.062,121.451
74DA38ED0630,2026-08-04,11:43:16,30.25,100.0,0.0,23.994,121.594
74DA38F20BF6,2026-08-04,11:43:21,29.86,100.0,17.0,22.582,120.368
74DA38F7C610,2026-08-04,11:43:29,30.36,96.0,6.0,25.063,121.564
74DA38F20D1A,2026-08-04,11:43:42,30.0,96.0,0.0,25.078,121.541
74DA38F7C5E6,2026-08-04,11:43:44,32.75,100.0,2.0,25.107,121.843
74DA38F7C53C,2026-08-04,11:43:46,29.86,100.0,0.0,25.11,121.804
74DA38F7C13A,2026-08-04,11:43:52,22.75,-55.0,0.0,25.069,121.359
74DA38ED05EA,2026-08-04,11:43:58,29.86,100.0,2.0,23.394,121.357
74DA38F210A2,2026-08-04,11:44:00,30.5,100.0,1.0,25.12,121.466
74DA38F7C3B2,2026-08-04,11:44:03,32.61,61.0,0.0,24.929,121.378
74DA38F7C3DC,2026-08-04,11:44:06,30.5,100.0,7.0,25.003,121.539
74DA38F7C592,2026-08-04,11:44:06,-4.0,0.0,0.0,25.224,121.637
74DA38F20EB2,2026-08-04,11:44:11,28.0,100.0,8.0,24.324,120.835
74DA38ED0640,2026-08-04,11:44:17,29.0,100.0,2.0,23.154,121.266
74DA38F20D70,2026-08-04,11:44:17,31.11,89.0,0.0,23.05,121.164
74DA38F21136,2026-08-04,11:44:20,30.86,100.0,4.0,25.119,121.505
74DA38F7C5CE,2026-08-04,11:44:32,30.0,82.0,0.0,25.066,121.656
74DA38F7C54E,2026-08-04,11:44:37,29.36,100.0,0.0,25.063,121.661
74DA38F20E9E,2026-08-04,11:44:41,28.36,100.0,2.0,24.648,121.151
74DA38F7C366,2026-08-04,11:44:41,30.61,100.0,1.0,25.002,121.516
74DA38F7C570,2026-08-04,11:44:49,30.75,100.0,2.0,25.239,121.63
74DA38F7C5A0,2026-08-04,11:44:52,31.0,97.0,0.0,25.107,121.518
74DA38F20E6E,2026-08-04,11:45:05,27.75,100.0,0.0,24.41,120.902
74DA38F209DE,2026-08-04,11:45:09,30.5,100.0,0.0,24.861,120.964
74DA38F7C524,2026-08-04,11:45:09,30.36,100.0,0.0,25.002,121.552
74DA38F21024,2026-08-04,11:45:12,29.25,100.0,0.0,24.93,121.036
74DA38F21204,2026-08-04,11:45:13,29.86,100.0,1.0,25.062,121.451
74DA38F7C3D6,2026-08-04,11:45:15,31.25,100.0,0.0,25.045,121.541
74DA38F7C464,2026-08-04,11:45:16,27.12,30.0,0.0,25.006,121.413
74DA38F20934,2026-08-04,11:45:18,30.0,77.0,2.0,23.002,121.29
74DA38F7C616,2026-08-04,11:45:21,31.5,100.0,0.0,25.031,121.563
74DA38F2105C,2026-08-04,11:45:34,30.36,100.0,0.0,25.088,121.599
74DA38F7C3DE,2026-08-04,11:45:34,32.36,97.0,246.0,24.972,121.537
74DA38F7C30C,2026-08-04,11:45:37,31.36,87.0,0.0,24.975,121.532
74DA38F20C06,2026-08-04,11:45:39,32.11,64.0,6.0,24.874,121.02
74DA38F20D16,2026-08-04,11:45:47,31.0,100.0,8.0,25.062,121.526
74DA38F7C506,2026-08-04,11:45:55,30.75,100.0,0.0,24.996,121.544
74DA38F209B2,2026-08-04,11:45:59,29.36,100.0,0.0,22.363,120.599
74DA38F209EE,2026-08-04,11:46:01,29.61,100.0,0.0,23.026,121.33
74DA38F7C53A,2026-08-04,11:46:04,-4.0,0.0,0.0,25.067,121.641
74DA38F208E2,2026-08-04,11:46:13,28.75,100.0,7.0,24.688,121.766
74DA38F7C430,2026-08-04,11:46:15,32.61,76.0,0.0,24.981,121.423
74DA38F209F8,2026-08-04,11:46:16,28.25,100.0,0.0,23.157,121.4
74DA38F7C39A,2026-08-04,11:46:20,30.75,100.0,0.0,25.002,121.414
74DA38F7C5AA,2026-08-04,11:46:20,29.86,100.0,0.0,25.0,121.479
74DA38F7C532,2026-08-04,11:46:27,30.36,100.0,6.0,25.059,121.499
74DA38F7C47E,2026-08-04,11:46:40,30.75,100.0,9.0,25.053963,121.427681
74DA38F7C5BE,2026-08-04,11:46:44,30.25,93.0,7.0,25.092,121.523
74DA38F7C4DE,2026-08-04,11:47:13,29.75,100.0,0.0,25.09,121.462
74DA38F20A30,2026-08-04,11:47:15,30.5,76.0,40.0,24.948,121.372
74DA38F20D1E,2026-08-04,11:47:15,30.5,100.0,7.0,25.048,121.573
74DA38F21170,2026-08-04,11:47:15,30.86,77.0,2.0,22.779,121.088
74DA38F7C37C,2026-08-04,11:47:17,28.5,100.0,0.0,25.111,121.856
74DA38F7C310,2026-08-04,11:47:28,31.11,100.0,3.0,25.09,121.464
74DA38ED04F2,2026-08-04,11:47:32,27.62,100.0,1.0,23.468,121.496
74DA38F7C600,2026-08-04,11:47:45,23.37,47.0,3.0,25.07,121.586
74DA38F7C514,2026-08-04,11:47:47,30.86,100.0,5.0,25.051,121.518
74DA38F7C480,2026-08-04,11:48:00,30.25,100.0,0.0,25.061,121.432
74DA38F7C338,2026-08-04,11:48:01,30.75,100.0,4.0,25.011,121.458
74DA38F7C3BA,2026-08-04,11:48:05,-4.0,0.0,80.0,25.174,121.441
74DA38F7C560,2026-08-04,11:48:06,31.86,-65.0,0.0,25.079,121.671
74DA38F7C42E,2026-08-04,11:48:15,30.25,100.0,0.0,24.969,121.514
74DA38F210F6,2026-08-04,11:48:16,30.86,100.0,3.0,22.757426,121.158891
74DA38ED06E0,2026-08-04,11:48:20,29.75,96.0,5.0,23.601,121.521
74DA38F7C27E,2026-08-04,11:48:24,30.86,100.0,6.0,25.053,121.444
74DA38ED05B6,2026-08-04,11:48:33,28.86,100.0,3.0,23.43,121.348
74DA38ED0454,2026-08-04,11:48:37,31.36,100.0,3.0,24.053,121.599
74DA38F7C59C,2026-08-04,11:48:42,30.5,81.0,9.0,25.103,121.487
74DA38F209A8,2026-08-04,11:48:44,-4.0,0.0,0.0,22.401,120.577
74DA38F7C260,2026-08-04,11:48:45,32.5,100.0,0.0,25.065,121.425
74DA38ED059C,2026-08-04,11:48:46,29.75,97.0,1.0,23.706,121.412
74DA38F20D2E,2026-08-04,11:48:47,30.61,100.0,0.0,25.06,121.545
74DA38F7C47C,2026-08-04,11:48:48,31.0,100.0,80.0,25.055,121.455
74DA38F20862,2026-08-04,11:48:51,29.25,100.0,3.0,23.101,121.176
74DA38F21088,2026-08-04,11:48:52,31.11,100.0,0.0,25.068,121.588
74DA38F20A78,2026-08-04,11:49:14,30.5,100.0,1.0,22.904,121.124
74DA38F7C4CC,2026-08-04,11:49:14,30.75,100.0,4.0,25.062,121.451
74DA38F7C41E,2026-08-04,11:49:23,30.11,84.0,0.0,25.054,121.517
74DA38F7C610,2026-08-04,11:49:35,30.5,96.0,6.0,25.063,121.564
74DA38ED0630,2026-08-04,11:49:46,30.25,100.0,0.0,23.994,121.594
74DA38F7C5E6,2026-08-04,11:49:49,32.61,100.0,3.0,25.107,121.843
74DA38ED05EA,2026-08-04,11:50:05,29.86,100.0,2.0,23.394,121.357
74DA38F210A2,2026-08-04,11:50:05,30.61,100.0,1.0,25.12,121.466
74DA38F20D1A,2026-08-04,11:50:09,30.11,97.0,0.0,25.078,121.541
74DA38F7C3B2,2026-08-04,11:50:09,32.61,61.0,0.0,24.929,121.378
74DA38F7C3DC,2026-08-04,11:50:12,30.36,100.0,7.0,25.003,121.539
74DA38F7C53C,2026-08-04,11:50:12,29.75,100.0,0.0,25.11,121.804
74DA38F20EB2,2026-08-04,11:50:18,27.87,100.0,11.0,24.324,120.835
74DA38F7C13A,2026-08-04,11:50:18,22.62,-56.0,0.0,25.069,121.359
74DA38F20D70,2026-08-04,11:50:22,31.11,89.0,0.0,23.05,121.164
74DA38ED0640,2026-08-04,11:50:23,29.25,100.0,2.0,23.154,121.266
74DA38F21136,2026-08-04,11:50:25,30.86,100.0,4.0,25.119,121.505
74DA38F7C46C,2026-08-04,11:50:38,-4.0,0.0,0.0,25.288,121.544
74DA38F7C366,2026-08-04,11:50:46,30.5,100.0,1.0,25.002,121.516
74DA38F20E9E,2026-08-04,11:50:47,28.36,100.0,2.0,24.648,121.151
74DA38F7C5CE,2026-08-04,11:51:01,30.0,82.0,0.0,25.066,121.656
74DA38F20E6E,2026-08-04,11:51:06,27.62,100.0,0.0,24.41,120.902
74DA38F7C54E,2026-08-04,11:51:07,29.25,100.0,0.0,25.063,121.661
74DA38F7C570,2026-08-04,11:51:15,30.86,100.0,0.0,25.239,121.63
74DA38F7C5A0,2026-08-04,11:51:19,30.86,97.0,0.0,25.107,121.518
74DA38F21204,2026-08-04,11:51:21,29.86,100.0,1.0,25.062,121.451
74DA38F7C616,2026-08-04,11:51:28,31.36,100.0,0.0,25.031,121.563
74DA38F7C63C,2026-08-04,11:51:29,60.62,100.0,3.0,24.998,121.425
74DA38F7C3DE,2026-08-04,11:51:30,32.36,98.0,253.0,24.972,121.537
74DA38F209DE,2026-08-04,11:51:37,30.36,100.0,0.0,24.861,120.964
74DA38F7C524,2026-08-04,11:51:37,30.36,100.0,0.0,25.002,121.552
74DA38F21024,2026-08-04,11:51:38,29.25,100.0,0.0,24.93,121.036
74DA38F7C3D6,2026-08-04,11:51:42,31.25,100.0,0.0,25.045,121.541
74DA38F20C06,2026-08-04,11:51:45,32.0,64.0,6.0,24.874,121.02
74DA38F7C464,2026-08-04,11:51:46,27.0,30.0,0.0,25.006,121.413
74DA38F20D16,2026-08-04,11:51:52,31.11,100.0,6.0,25.062,121.526
74DA38F7C30C,2026-08-04,11:51:58,31.25,88.0,0.0,24.975,121.532
74DA38F2105C,2026-08-04,11:52:00,30.36,100.0,0.0,25.088,121.599
74DA38F209EE,2026-08-04,11:52:06,29.61,100.0,0.0,23.026,121.33
74DA38F208E2,2026-08-04,11:52:18,28.86,100.0,7.0,24.688,121.766
74DA38F7C506,2026-08-04,11:52:23,30.86,100.0,0.0,24.996,121.544
74DA38F209B2,2026-08-04,11:52:26,29.25,100.0,0.0,22.363,120.599
74DA38F7C532,2026-08-04,11:52:32,30.25,100.0,6.0,25.059,121.499
74DA38F209F8,2026-08-04,11:52:43,28.25,100.0,0.0,23.157,121.4
74DA38F7C430,2026-08-04,11:52:43,32.61,76.0,0.0,24.981,121.423
74DA38F7C47E,2026-08-04,11:52:45,30.5,100.0,9.0,25.053963,121.427681
74DA38F7C39A,2026-08-04,11:52:48,30.75,100.0,0.0,25.002,121.414
74DA38F7C5AA,2026-08-04,11:52:48,29.75,100.0,1.0,25.0,121.479
74DA38F7C5BE,2026-08-04,11:52:49,30.25,94.0,7.0,25.092,121.523
74DA38F21170,2026-08-04,11:53:20,30.86,77.0,1.0,22.779,121.088
74DA38F20D1E,2026-08-04,11:53:22,30.5,100.0,7.0,25.048,121.573
74DA38F7C4DE,2026-08-04,11:53:24,29.86,100.0,0.0,25.09,121.462
74DA38F7C310,2026-08-04,11:53:33,31.11,100.0,3.0,25.09,121.464
74DA38ED04F2,2026-08-04,11:53:39,27.62,100.0,0.0,23.468,121.496
74DA38F7C37C,2026-08-04,11:53:44,28.5,100.0,0.0,25.111,121.856
74DA38F7C592,2026-08-04,11:53:45,-4.0,0.0,0.0,25.224,121.637
74DA38F7C566,2026-08-04,11:53:46,32.86,100.0,0.0,25.051,121.448
74DA38F7C600,2026-08-04,11:53:51,23.25,47.0,3.0,25.07,121.586
74DA38F7C514,2026-08-04,11:53:54,30.86,100.0,5.0,25.051,121.518
74DA38F20A30,2026-08-04,11:53:55,30.36,78.0,42.0,24.948,121.372
74DA38F7C338,2026-08-04,11:54:10,30.75,100.0,4.0,25.011,121.458
74DA38F210F6,2026-08-04,11:54:20,30.75,100.0,3.0,22.757426,121.158891
74DA38ED06E0,2026-08-04,11:54:26,29.75,96.0,5.0,23.601,121.521
74DA38F7C480,2026-08-04,11:54:27,30.25,100.0,0.0,25.061,121.432
74DA38F7C27E,2026-08-04,11:54:31,30.86,100.0,6.0,25.053,121.444
74DA38F7C560,2026-08-04,11:54:34,31.86,-65.0,0.0,25.079,121.671
74DA38ED05B6,2026-08-04,11:54:39,28.86,100.0,3.0,23.43,121.348
74DA38ED0454,2026-08-04,11:54:42,31.25,100.0,3.0,24.053,121.599
74DA38F7C47C,2026-08-04,11:54:43,30.86,100.0,83.0,25.055,121.455
74DA38F7C42E,2026-08-04,11:54:48,30.11,100.0,0.0,24.969,121.514
74DA38ED059C,2026-08-04,11:54:51,29.86,97.0,1.0,23.706,121.412
74DA38F20862,2026-08-04,11:54:57,29.25,100.0,4.0,23.101,121.176
74DA38F7C59C,2026-08-04,11:55:09,30.5,81.0,9.0,25.103,121.487
74DA38F20D2E,2026-08-04,11:55:15,30.61,100.0,0.0,25.06,121.545
74DA38F7C260,2026-08-04,11:55:15,32.5,100.0,0.0,25.065,121.425
74DA38F7C4CC,2026-08-04,11:55:19,30.61,100.0,4.0,25.062,121.451
74DA38F20A78,2026-08-04,11:55:20,30.5,100.0,1.0,22.904,121.124
74DA38F21088,2026-08-04,11:55:20,31.11,100.0,0.0,25.068,121.588
74DA38F7C610,2026-08-04,11:55:40,30.36,96.0,6.0,25.063,121.564
74DA38F7C53A,2026-08-04,11:55:44,-4.0,0.0,0.0,25.067,121.641
74DA38F7C5E6,2026-08-04,11:55:54,32.61,100.0,3.0,25.107,121.843
74DA38F7C41E,2026-08-04,11:55:56,30.25,84.0,0.0,25.054,121.517
74DA38ED05EA,2026-08-04,11:56:10,29.75,100.0,2.0,23.394,121.357
74DA38F210A2,2026-08-04,11:56:12,30.36,100.0,1.0,25.12,121.466
74DA38ED0630,2026-08-04,11:56:13,30.11,100.0,0.0,23.994,121.594
74DA38F7C3B2,2026-08-04,11:56:14,32.61,61.0,0.0,24.929,121.378
74DA38F7C3DC,2026-08-04,11:56:18,30.25,100.0,7.0,25.003,121.539
74DA38F20EB2,2026-08-04,11:56:25,27.87,100.0,10.0,24.324,120.835
74DA38F20D70,2026-08-04,11:56:28,31.0,89.0,0.0,23.05,121.164
74DA38ED0640,2026-08-04,11:56:30,29.25,100.0,2.0,23.154,121.266
74DA38F20D1A,2026-08-04,11:56:37,30.11,97.0,0.0,25.078,121.541
74DA38F7C53C,2026-08-04,11:56:41,29.86,100.0,0.0,25.11,121.804
74DA38F21136,2026-08-04,11:56:45,31.0,100.0,4.0,25.119,121.505
74DA38F7C13A,2026-08-04,11:56:46,22.5,-57.0,0.0,25.069,121.359
74DA38F7C3BA,2026-08-04,11:56:48,-4.0,0.0,80.0,25.174,121.441
74DA38F20E9E,2026-08-04,11:56:52,28.36,100.0,2.0,24.648,121.151
74DA38F7C366,2026-08-04,11:56:57,30.5,100.0,1.0,25.002,121.516
74DA38F20E6E,2026-08-04,11:57:09,27.5,100.0,0.0,24.41,120.902
74DA38F7C3DE,2026-08-04,11:57:28,32.25,100.0,253.0,24.972,121.537
74DA38F21204,2026-08-04,11:57:30,29.86,100.0,1.0,25.062,121.451
74DA38F7C54E,2026-08-04,11:57:34,29.25,100.0,0.0,25.063,121.661
74DA38F7C616,2026-08-04,11:57:36,31.36,100.0,0.0,25.031,121.563
74DA38F7C5CE,2026-08-04,11:57:41,30.0,82.0,0.0,25.066,121.656
74DA38F7C570,2026-08-04,11:57:43,30.75,100.0,0.0,25.239,121.63
74DA38F7C5A0,2026-08-04,11:57:47,30.86,98.0,0.0,25.107,121.518
74DA38F20C06,2026-08-04,11:57:50,32.0,64.0,5.0,24.874,121.02
74DA38F20D16,2026-08-04,11:57:57,31.0,100.0,6.0,25.062,121.526
74DA38F20934,2026-08-04,11:58:02,30.0,77.0,2.0,23.002,121.29
74DA38F209DE,2026-08-04,11:58:05,30.5,100.0,0.0,24.861,120.964
74DA38F21024,2026-08-04,11:58:05,29.25,100.0,0.0,24.93,121.036
74DA38F7C3D6,2026-08-04,11:58:08,31.25,100.0,0.0,25.045,121.541
74DA38F7C524,2026-08-04,11:58:08,30.36,100.0,0.0,25.002,121.552
74DA38F209EE,2026-08-04,11:58:11,29.61,100.0,0.0,23.026,121.33
74DA38F7C464,2026-08-04,11:58:16,26.75,30.0,0.0,25.006,121.413
74DA38F208E2,2026-08-04,11:58:23,28.86,100.0,7.0,24.688,121.766
74DA38F209A8,2026-08-04,11:58:24,-4.0,0.0,0.0,22.401,120.577
74DA38F2105C,2026-08-04,11:58:28,30.25,100.0,0.0,25.088,121.599
74DA38F7C532,2026-08-04,11:58:39,30.25,100.0,7.0,25.059,121.499
74DA38F7C47E,2026-08-04,11:58:51,30.61,100.0,9.0,25.053963,121.427681
74DA38F209B2,2026-08-04,11:58:53,29.11,100.0,0.0,22.363,120.599
74DA38F7C5BE,2026-08-04,11:58:55,30.25,94.0,7.0,25.092,121.523
74DA38F7C506,2026-08-04,11:58:56,30.61,100.0,0.0,24.996,121.544
74DA38F209F8,2026-08-04,11:59:11,28.25,100.0,0.0,23.157,121.4
74DA38F7C430,2026-08-04,11:59:11,32.5,77.0,0.0,24.981,121.423
74DA38F7C39A,2026-08-04,11:59:15,30.75,100.0,0.0,25.002,121.414
74DA38F7C5AA,2026-08-04,11:59:15,29.5,100.0,1.0,25.0,121.479
74DA38F21170,2026-08-04,11:59:26,30.86,77.0,2.0,22.779,121.088
74DA38F20D1E,2026-08-04,11:59:29,30.36,100.0,8.0,25.048,121.573
74DA38F7C4DE,2026-08-04,11:59:32,30.0,100.0,0.0,25.09,121.462
74DA38F7C310,2026-08-04,11:59:38,31.25,100.0,3.0,25.09,121.464
74DA38ED04F2,2026-08-04,11:59:45,27.62,100.0,1.0,23.468,121.496
74DA38F7C600,2026-08-04,11:59:56,23.25,47.0,3.0,25.07,121.586
74DA38F7C514,2026-08-04,12:00:00,30.86,100.0,5.0,25.051,121.518
74DA38F7C37C,2026-08-04,12:00:12,28.5,100.0,0.0,25.111,121.856
74DA38F7C46C,2026-08-04,12:00:18,-4.0,0.0,0.0,25.288,121.544
74DA38F7C566,2026-08-04,12:00:18,32.86,100.0,0.0,25.051,121.448
74DA38F7C338,2026-08-04,12:00:24,30.75,100.0,5.0,25.011,121.458
74DA38F210F6,2026-08-04,12:00:25,30.86,100.0,3.0,22.757426,121.158891
74DA38ED06E0,2026-08-04,12:00:32,29.75,96.0,4.0,23.601,121.521
74DA38F7C27E,2026-08-04,12:00:37,30.86,100.0,6.0,25.053,121.444
74DA38F7C47C,2026-08-04,12:00:37,30.86,100.0,75.0,25.055,121.455
74DA38ED05B6,2026-08-04,12:00:44,28.75,100.0,3.0,23.43,121.348
74DA38F20A30,2026-08-04,12:00:46,30.36,78.0,28.0,24.948,121.372
74DA38ED0454,2026-08-04,12:00:48,31.11,100.0,3.0,24.053,121.599
74DA38F7C480,2026-08-04,12:00:55,30.11,100.0,0.0,25.061,121.432
74DA38ED059C,2026-08-04,12:00:58,29.75,98.0,1.0,23.706,121.412
74DA38F7C560,2026-08-04,12:01:02,31.86,-65.0,0.0,25.079,121.671
74DA38F20862,2026-08-04,12:01:03,29.11,100.0,4.0,23.101,121.176
74DA38F7C63C,2026-08-04,12:01:03,60.62,100.0,3.0,24.998,121.425
74DA38F7C42E,2026-08-04,12:01:18,30.11,100.0,0.0,24.969,121.514
74DA38F7C4CC,2026-08-04,12:01:25,30.5,100.0,5.0,25.062,121.451
74DA38F20A78,2026-08-04,12:01:26,30.5,100.0,1.0,22.904,121.124
74DA38F7C59C,2026-08-04,12:01:35,30.5,81.0,9.0,25.103,121.487
74DA38F20D2E,2026-08-04,12:01:43,30.61,100.0,0.0,25.06,121.545
74DA38F7C260,2026-08-04,12:01:43,32.5,100.0,0.0,25.065,121.425
74DA38F21088,2026-08-04,12:01:47,31.11,100.0,0.0,25.068,121.588
74DA38F7C610,2026-08-04,12:01:47,30.36,96.0,6.0,25.063,121.564
74DA38F7C5E6,2026-08-04,12:02:00,32.5,100.0,5.0,25.107,121.843
74DA38F20BF6,2026-08-04,12:02:08,29.86,100.0,16.0,22.582,120.368
74DA38ED05EA,2026-08-04,12:02:16,29.75,100.0,2.0,23.394,121.357
74DA38F210A2,2026-08-04,12:02:17,30.5,100.0,1.0,25.12,121.466
74DA38F7C3B2,2026-08-04,12:02:20,32.61,61.0,0.0,24.929,121.378
74DA38F7C3DC,2026-08-04,12:02:24,30.0,100.0,8.0,25.003,121.539
74DA38F7C41E,2026-08-04,12:02:25,30.25,84.0,0.0,25.054,121.517
74DA38F20EB2,2026-08-04,12:02:30,27.87,100.0,9.0,24.324,120.835
74DA38F20D70,2026-08-04,12:02:33,31.0,89.0,0.0,23.05,121.164
74DA38ED0640,2026-08-04,12:02:37,28.75,100.0,2.0,23.154,121.266
74DA38ED0630,2026-08-04,12:02:41,30.11,100.0,0.0,23.994,121.594
74DA38F20E9E,2026-08-04,12:02:57,28.25,100.0,2.0,24.648,121.151
74DA38F7C366,2026-08-04,12:03:03,30.5,100.0,2.0,25.002,121.516
74DA38F20D1A,2026-08-04,12:03:06,30.0,97.0,0.0,25.078,121.541
74DA38F7C53C,2026-08-04,12:03:06,29.75,100.0,0.0,25.11,121.804
74DA38F20E6E,2026-08-04,12:03:12,27.5,100.0,0.0,24.41,120.902
74DA38F7C13A,2026-08-04,12:03:13,22.5,-56.0,0.0,25.069,121.359
74DA38F7C3DE,2026-08-04,12:03:24,32.11,100.0,249.0,24.972,121.537
74DA38F7C592,2026-08-04,12:03:25,-4.0,0.0,0.0,25.224,121.637
74DA38F21204,2026-08-04,12:03:36,29.86,100.0,1.0,25.062,121.451
74DA38F7C616,2026-08-04,12:03:42,31.5,100.0,0.0,25.031,121.563
74DA38F20C06,2026-08-04,12:03:56,32.0,64.0,5.0,24.874,121.02
74DA38F7C54E,2026-08-04,12:04:01,29.25,100.0,0.0,25.063,121.661
74DA38F20D16,2026-08-04,12:04:05,30.86,100.0,6.0,25.062,121.526
74DA38F7C570,2026-08-04,12:04:09,30.61,100.0,1.0,25.239,121.63
74DA38F20934,2026-08-04,12:04:13,30.0,77.0,2.0,23.002,121.29
74DA38F7C5A0,2026-08-04,12:04:14,30.86,98.0,0.0,25.107,121.518
74DA38F7C5CE,2026-08-04,12:04:14,29.86,82.0,0.0,25.066,121.656
74DA38F209EE,2026-08-04,12:04:16,29.36,100.0,0.0,23.026,121.33
74DA38F208E2,2026-08-04,12:04:28,28.86,100.0,7.0,24.688,121.766
74DA38F209DE,2026-08-04,12:04:32,30.36,100.0,0.0,24.861,120.964
74DA38F21024,2026-08-04,12:04:32,29.25,100.0,0.0,24.93,121.036
74DA38F7C3D6,2026-08-04,12:04:35,31.5,100.0,0.0,25.045,121.541
74DA38F7C524,2026-08-04,12:04:36,30.36,100.0,0.0,25.002,121.552
74DA38F7C464,2026-08-04,12:04:45,26.75,30.0,0.0,25.006,121.413
74DA38F7C532,2026-08-04,12:04:49,30.0,100.0,5.0,25.059,121.499
74DA38F7C30C,2026-08-04,12:04:52,31.11,88.0,0.0,24.975,121.532
74DA38F2105C,2026-08-04,12:04:55,30.25,100.0,0.0,25.088,121.599
74DA38F7C47E,2026-08-04,12:04:56,30.75,100.0,10.0,25.053963,121.427681
74DA38F7C5BE,2026-08-04,12:05:00,30.11,95.0,7.0,25.092,121.523
74DA38F209B2,2026-08-04,12:05:19,29.0,100.0,0.0,22.363,120.599
74DA38F7C53A,2026-08-04,12:05:24,-4.0,0.0,0.0,25.067,121.641
74DA38F7C506,2026-08-04,12:05:25,30.36,100.0,0.0,24.996,121.544
74DA38F7C3BA,2026-08-04,12:05:31,-4.0,0.0,76.0,25.174,121.441
74DA38F21170,2026-08-04,12:05:33,30.75,77.0,2.0,22.779,121.088
74DA38F20D1E,2026-08-04,12:05:36,30.25,100.0,7.0,25.048,121.573
74DA38F7C430,2026-08-04,12:05:38,32.5,77.0,0.0,24.981,121.423
74DA38F209F8,2026-08-04,12:05:39,28.25,100.0,0.0,23.157,121.4
74DA38F7C310,2026-08-04,12:05:42,31.25,100.0,3.0,25.09,121.464
74DA38F7C39A,2026-08-04,12:05:42,30.75,100.0,0.0,25.002,121.414
74DA38F7C4DE,2026-08-04,12:05:42,29.86,100.0,0.0,25.09,121.462
74DA38F7C5AA,2026-08-04,12:05:43,29.5,100.0,0.0,25.0,121.479
74DA38ED04F2,2026-08-04,12:05:52,27.5,100.0,1.0,23.468,121.496
74DA38F7C600,2026-08-04,12:06:01,23.25,47.0,3.0,25.07,121.586
74DA38F7C514,2026-08-04,12:06:06,30.75,100.0,6.0,25.051,121.518
74DA38F210F6,2026-08-04,12:06:30,30.86,100.0,3.0,22.757426,121.158891
74DA38F7C47C,2026-08-04,12:06:31,30.86,100.0,85.0,25.055,121.455
74DA38ED06E0,2026-08-04,12:06:39,29.75,96.0,4.0,23.601,121.521
74DA38F7C37C,2026-08-04,12:06:39,28.36,100.0,0.0,25.111,121.856
74DA38F7C27E,2026-08-04,12:06:42,30.75,100.0,6.0,25.053,121.444
74DA38F7C338,2026-08-04,12:06:46,30.75,100.0,5.0,25.011,121.458
74DA38ED05B6,2026-08-04,12:06:48,28.86,100.0,3.0,23.43,121.348
74DA38ED0454,2026-08-04,12:06:53,31.11,100.0,3.0,24.053,121.599
74DA38ED059C,2026-08-04,12:07:04,29.75,98.0,1.0,23.706,121.412
74DA38F20862,2026-08-04,12:07:09,29.11,100.0,4.0,23.101,121.176
74DA38F7C480,2026-08-04,12:07:22,30.0,100.0,0.0,25.061,121.432
74DA38F7C4CC,2026-08-04,12:07:31,30.25,100.0,4.0,25.062,121.451
74DA38F7C560,2026-08-04,12:07:31,32.0,-65.0,0.0,25.079,121.671
74DA38F20A78,2026-08-04,12:07:32,30.36,100.0,1.0,22.904,121.124
74DA38F7C42E,2026-08-04,12:07:47,30.0,100.0,0.0,24.969,121.514
74DA38F20A30,2026-08-04,12:07:51,30.25,80.0,27.0,24.948,121.372
74DA38F7C610,2026-08-04,12:07:53,30.36,97.0,6.0,25.063,121.564
74DA38F7C59C,2026-08-04,12:08:03,30.36,81.0,9.0,25.103,121.487
74DA38F209A8,2026-08-04,12:08:05,-4.0,0.0,0.0,22.401,120.577
74DA38F7C5E6,2026-08-04,12:08:06,32.5,100.0,5.0,25.107,121.843
74DA38F20D2E,2026-08-04,12:08:10,30.61,100.0,0.0,25.06,121.545
74DA38F7C260,2026-08-04,12:08:10,32.36,100.0,0.0,25.065,121.425
74DA38F20BF6,2026-08-04,12:08:13,30.0,100.0,16.0,22.582,120.368
74DA38F21088,2026-08-04,12:08:16,31.11,100.0,0.0,25.068,121.588
74DA38ED05EA,2026-08-04,12:08:21,29.75,100.0,2.0,23.394,121.357
74DA38F210A2,2026-08-04,12:08:21,30.5,100.0,1.0,25.12,121.466
74DA38F7C3B2,2026-08-04,12:08:25,32.61,61.0,0.0,24.929,121.378
74DA38F7C3DC,2026-08-04,12:08:30,29.61,100.0,8.0,25.003,121.539
74DA38F20EB2,2026-08-04,12:08:35,27.87,100.0,10.0,24.324,120.835
74DA38F20D70,2026-08-04,12:08:39,31.0,89.0,0.0,23.05,121.164
74DA38ED0640,2026-08-04,12:08:43,28.61,100.0,2.0,23.154,121.266
74DA38F7C41E,2026-08-04,12:08:55,30.25,85.0,0.0,25.054,121.517
74DA38F20E9E,2026-08-04,12:09:02,28.25,100.0,2.0,24.648,121.151
74DA38ED0630,2026-08-04,12:09:10,30.0,100.0,0.0,23.994,121.594
74DA38F20E6E,2026-08-04,12:09:14,27.5,100.0,0.0,24.41,120.902
74DA38F7C366,2026-08-04,12:09:23,30.61,100.0,2.0,25.002,121.516
74DA38F7C3DE,2026-08-04,12:09:23,32.11,100.0,249.0,24.972,121.537
74DA38F21136,2026-08-04,12:09:28,31.0,100.0,4.0,25.119,121.505
74DA38F20D1A,2026-08-04,12:09:33,29.86,97.0,0.0,25.078,121.541
74DA38F7C53C,2026-08-04,12:09:33,29.75,100.0,0.0,25.11,121.804
74DA38F7C13A,2026-08-04,12:09:40,22.62,-56.0,0.0,25.069,121.359
74DA38F21204,2026-08-04,12:09:42,29.86,100.0,0.0,25.062,121.451
74DA38F7C46C,2026-08-04,12:09:57,-4.0,0.0,0.0,25.288,121.544
74DA38F7C616,2026-08-04,12:09:58,31.25,100.0,0.0,25.031,121.563
74DA38F20C06,2026-08-04,12:10:01,32.0,64.0,6.0,24.874,121.02
74DA38F20D16,2026-08-04,12:10:11,30.86,100.0,6.0,25.062,121.526
74DA38F209EE,2026-08-04,12:10:22,29.36,100.0,0.0,23.026,121.33
74DA38F7C54E,2026-08-04,12:10:27,29.11,100.0,0.0,25.063,121.661
74DA38F208E2,2026-08-04,12:10:32,28.75,100.0,7.0,24.688,121.766
74DA38F7C63C,2026-08-04,12:10:36,60.62,100.0,3.0,24.998,121.425
74DA38F7C570,2026-08-04,12:10:38,30.5,100.0,3.0,25.239,121.63
74DA38F7C5A0,2026-08-04,12:10:41,30.86,98.0,0.0,25.107,121.518
74DA38F7C5CE,2026-08-04,12:10:44,29.75,83.0,0.0,25.066,121.656
74DA38F21024,2026-08-04,12:10:58,29.25,100.0,0.0,24.93,121.036
74DA38F209DE,2026-08-04,12:11:00,30.5,100.0,0.0,24.861,120.964
74DA38F7C47E,2026-08-04,12:11:01,30.86,100.0,9.0,25.053963,121.427681
74DA38F7C3D6,2026-08-04,12:11:02,31.5,100.0,0.0,25.045,121.541
74DA38F7C5BE,2026-08-04,12:11:06,30.0,97.0,8.0,25.092,121.523
74DA38F7C524,2026-08-04,12:11:07,30.5,100.0,0.0,25.002,121.552
74DA38F7C532,2026-08-04,12:11:07,29.86,100.0,5.0,25.059,121.499
74DA38F7C464,2026-08-04,12:11:18,26.75,30.0,0.0,25.006,121.413
74DA38F2105C,2026-08-04,12:11:21,30.11,100.0,0.0,25.088,121.599
74DA38F7C30C,2026-08-04,12:11:23,31.11,89.0,0.0,24.975,121.532
74DA38F21170,2026-08-04,12:11:38,30.75,78.0,2.0,22.779,121.088
74DA38F20D1E,2026-08-04,12:11:43,30.11,100.0,7.0,25.048,121.573
74DA38F209B2,2026-08-04,12:11:46,28.86,100.0,0.0,22.363,120.599
74DA38F7C310,2026-08-04,12:11:46,31.25,100.0,3.0,25.09,121.464
74DA38ED04F2,2026-08-04,12:11:58,27.62,100.0,1.0,23.468,121.496
74DA38F7C4DE,2026-08-04,12:11:59,30.0,100.0,0.0,25.09,121.462
74DA38F209F8,2026-08-04,12:12:05,28.25,100.0,0.0,23.157,121.4
74DA38F7C430,2026-08-04,12:12:06,32.36,78.0,0.0,24.981,121.423
74DA38F7C506,2026-08-04,12:12:06,30.25,100.0,0.0,24.996,121.544
74DA38F7C600,2026-08-04,12:12:07,23.25,47.0,3.0,25.07,121.586
74DA38F7C39A,2026-08-04,12:12:10,30.75,100.0,0.0,25.002,121.414
74DA38F7C5AA,2026-08-04,12:12:11,29.5,100.0,0.0,25.0,121.479
74DA38F7C514,2026-08-04,12:12:13,30.75,100.0,6.0,25.051,121.518
74DA38F7C47C,2026-08-04,12:12:26,31.0,100.0,90.0,25.055,121.455
74DA38F210F6,2026-08-04,12:12:35,30.75,100.0,2.0,22.757426,121.158891
74DA38ED06E0,2026-08-04,12:12:46,29.61,96.0,4.0,23.601,121.521
74DA38F7C27E,2026-08-04,12:12:47,30.75,100.0,6.0,25.053,121.444
74DA38ED05B6,2026-08-04,12:12:54,28.61,100.0,3.0,23.43,121.348
74DA38ED0454,2026-08-04,12:12:58,31.11,100.0,3.0,24.053,121.599
74DA38F7C592,2026-08-04,12:13:03,-4.0,0.0,0.0,25.224,121.637
74DA38F7C37C,2026-08-04,12:13:06,28.25,100.0,0.0,25.111,121.856
74DA38ED059C,2026-08-04,12:13:11,29.75,98.0,2.0,23.706,121.412
74DA38F7C338,2026-08-04,12:13:12,30.75,100.0,4.0,25.011,121.458
74DA38F20862,2026-08-04,12:13:16,29.11,100.0,4.0,23.101,121.176
74DA38F7C4CC,2026-08-04,12:13:37,30.25,100.0,4.0,25.062,121.451
74DA38F20A78,2026-08-04,12:13:39,30.11,100.0,1.0,22.904,121.124
74DA38F7C480,2026-08-04,12:13:50,30.0,100.0,0.0,25.061,121.432
74DA38F7C560,2026-08-04,12:13:59,32.0,-65.0,0.0,25.079,121.671
74DA38F7C610,2026-08-04,12:13:59,30.5,97.0,6.0,25.063,121.564
74DA38F7C5E6,2026-08-04,12:14:12,32.5,100.0,6.0,25.107,121.843
74DA38F7C42E,2026-08-04,12:14:14,29.75,100.0,0.0,24.969,121.514
74DA38F7C3BA,2026-08-04,12:14:15,-4.0,0.0,78.0,25.174,121.441
74DA38F20BF6,2026-08-04,12:14:18,29.86,100.0,16.0,22.582,120.368
74DA38F210A2,2026-08-04,12:14:26,30.5,100.0,1.0,25.12,121.466
74DA38ED05EA,2026-08-04,12:14:27,29.61,100.0,2.0,23.394,121.357
74DA38F20A30,2026-08-04,12:14:30,30.11,81.0,26.0,24.948,121.372
74DA38F7C3B2,2026-08-04,12:14:30,32.5,61.0,0.0,24.929,121.378
74DA38F7C59C,2026-08-04,12:14:30,30.36,82.0,10.0,25.103,121.487
74DA38F7C3DC,2026-08-04,12:14:36,29.5,100.0,8.0,25.003,121.539
74DA38F7C260,2026-08-04,12:14:37,32.25,100.0,0.0,25.065,121.425
74DA38F20D2E,2026-08-04,12:14:38,30.75,100.0,0.0,25.06,121.545
74DA38F20EB2,2026-08-04,12:14:44,27.75,100.0,11.0,24.324,120.835
74DA38F21088,2026-08-04,12:14:44,31.0,100.0,0.0,25.068,121.588
74DA38F20D70,2026-08-04,12:14:46,30.86,89.0,0.0,23.05,121.164
74DA38ED0640,2026-08-04,12:14:50,28.5,100.0,2.0,23.154,121.266
74DA38F7C53A,2026-08-04,12:15:05,-4.0,0.0,0.0,25.067,121.641
74DA38F20E9E,2026-08-04,12:15:07,28.25,100.0,2.0,24.648,121.151
74DA38F20E6E,2026-08-04,12:15:16,27.5,100.0,0.0,24.41,120.902
74DA38F7C3DE,2026-08-04,12:15:20,32.0,100.0,258.0,24.972,121.537
74DA38F7C41E,2026-08-04,12:15:23,30.11,85.0,0.0,25.054,121.517
74DA38F7C366,2026-08-04,12:15:28,30.61,100.0,2.0,25.002,121.516
74DA38ED0630,2026-08-04,12:15:38,30.25,100.0,0.0,23.994,121.594
74DA38F21136,2026-08-04,12:15:45,31.0,100.0,4.0,25.119,121.505
74DA38F21204,2026-08-04,12:15:51,29.75,100.0,0.0,25.062,121.451
74DA38F20D1A,2026-08-04,12:16:01,30.0,97.0,0.0,25.078,121.541
74DA38F7C53C,2026-08-04,12:16:01,29.75,100.0,0.0,25.11,121.804
74DA38F20C06,2026-08-04,12:16:06,32.0,64.0,6.0,24.874,121.02
74DA38F7C13A,2026-08-04,12:16:07,22.5,-56.0,0.0,25.069,121.359
74DA38F7C616,2026-08-04,12:16:14,31.11,100.0,0.0,25.031,121.563
74DA38F20D16,2026-08-04,12:16:24,30.75,100.0,6.0,25.062,121.526
74DA38F209EE,2026-08-04,12:16:27,29.25,100.0,0.0,23.026,121.33
74DA38F208E2,2026-08-04,12:16:37,28.75,100.0,7.0,24.688,121.766
74DA38F7C54E,2026-08-04,12:16:54,29.0,100.0,0.0,25.063,121.661
74DA38F7C47E,2026-08-04,12:17:07,31.0,100.0,9.0,25.053963,121.427681
74DA38F7C570,2026-08-04,12:17:08,30.36,100.0,3.0,25.239,121.63
74DA38F7C5A0,2026-08-04,12:17:09,30.86,99.0,0.0,25.107,121.518
74DA38F7C5BE,2026-08-04,12:17:12,29.86,98.0,9.0,25.092,121.523
74DA38F7C5CE,2026-08-04,12:17:13,29.75,84.0,0.0,25.066,121.656
74DA38F20934,2026-08-04,12:17:14,30.0,77.0,2.0,23.002,121.29
74DA38F7C532,2026-08-04,12:17:17,29.75,100.0,5.0,25.059,121.499
74DA38F21024,2026-08-04,12:17:25,29.25,100.0,0.0,24.93,121.036
74DA38F209DE,2026-08-04,12:17:27,30.5,100.0,0.0,24.861,120.964
74DA38F7C3D6,2026-08-04,12:17:28,31.61,100.0,0.0,25.045,121.541
74DA38F7C524,2026-08-04,12:17:37,30.36,100.0,0.0,25.002,121.552
74DA38F209A8,2026-08-04,12:17:43,-4.0,0.0,0.0,22.401,120.577
74DA38F21170,2026-08-04,12:17:44,30.75,78.0,2.0,22.779,121.088
74DA38F7C464,2026-08-04,12:17:47,26.75,30.0,0.0,25.006,121.413
74DA38F2105C,2026-08-04,12:17:48,30.11,100.0,0.0,25.088,121.599
74DA38F7C30C,2026-08-04,12:17:49,31.11,89.0,0.0,24.975,121.532
74DA38F7C310,2026-08-04,12:17:51,31.11,100.0,4.0,25.09,121.464
74DA38F20D1E,2026-08-04,12:17:57,30.11,100.0,7.0,25.048,121.573
74DA38ED04F2,2026-08-04,12:18:05,27.5,100.0,0.0,23.468,121.496
74DA38F7C4DE,2026-08-04,12:18:06,29.75,100.0,0.0,25.09,121.462
74DA38F7C600,2026-08-04,12:18:12,23.25,47.0,3.0,25.07,121.586
74DA38F209B2,2026-08-04,12:18:13,29.0,100.0,0.0,22.363,120.599
74DA38F7C514,2026-08-04,12:18:20,30.5,100.0,5.0,25.051,121.518
74DA38F7C47C,2026-08-04,12:18:21,30.86,100.0,96.0,25.055,121.455
74DA38F7C566,2026-08-04,12:18:29,32.61,100.0,0.0,25.051,121.448
74DA38F209F8,2026-08-04,12:18:33,28.11,100.0,0.0,23.157,121.4
74DA38F7C430,2026-08-04,12:18:34,32.36,78.0,0.0,24.981,121.423
74DA38F7C39A,2026-08-04,12:18:38,30.75,100.0,0.0,25.002,121.414
74DA38F7C5AA,2026-08-04,12:18:39,29.11,100.0,1.0,25.0,121.479
74DA38F210F6,2026-08-04,12:18:40,30.75,100.0,2.0,22.757426,121.158891
74DA38F7C506,2026-08-04,12:18:42,30.36,100.0,0.0,24.996,121.544
74DA38ED06E0,2026-08-04,12:18:52,29.61,96.0,4.0,23.601,121.521
74DA38F7C27E,2026-08-04,12:18:52,30.61,100.0,5.0,25.053,121.444
74DA38ED05B6,2026-08-04,12:18:59,28.61,100.0,3.0,23.43,121.348
74DA38ED0454,2026-08-04,12:19:03,31.36,100.0,3.0,24.053,121.599
74DA38ED059C,2026-08-04,12:19:17,29.5,99.0,2.0,23.706,121.412
74DA38F20862,2026-08-04,12:19:21,29.0,100.0,4.0,23.101,121.176
74DA38F7C37C,2026-08-04,12:19:34,28.36,100.0,0.0,25.111,121.856
74DA38F7C338,2026-08-04,12:19:36,30.75,100.0,4.0,25.011,121.458
74DA38F7C46C,2026-08-04,12:19:38,-4.0,0.0,0.0,25.288,121.544
74DA38F7C4CC,2026-08-04,12:19:43,30.25,100.0,4.0,25.062,121.451
74DA38F20A78,2026-08-04,12:19:45,30.11,100.0,1.0,22.904,121.124
74DA38F7C610,2026-08-04,12:20:04,30.36,97.0,6.0,25.063,121.564
74DA38F7C63C,2026-08-04,12:20:09,60.62,100.0,3.0,24.998,121.425
74DA38F7C480,2026-08-04,12:20:17,30.11,100.0,0.0,25.061,121.432
74DA38F7C5E6,2026-08-04,12:20:19,32.36,100.0,4.0,25.107,121.843
74DA38F7C560,2026-08-04,12:20:26,32.0,-65.0,0.0,25.079,121.671
74DA38F210A2,2026-08-04,12:20:31,30.36,100.0,1.0,25.12,121.466
74DA38ED05EA,2026-08-04,12:20:32,29.61,100.0,2.0,23.394,121.357
74DA38F7C3B2,2026-08-04,12:20:35,32.5,61.0,0.0,24.929,121.378
74DA38F7C3DC,2026-08-04,12:20:42,29.5,100.0,8.0,25.003,121.539
74DA38F7C42E,2026-08-04,12:20:44,29.86,100.0,0.0,24.969,121.514
74DA38F20EB2,2026-08-04,12:20:51,27.87,100.0,11.0,24.324,120.835
74DA38F20D70,2026-08-04,12:20:52,30.86,89.0,0.0,23.05,121.164
74DA38ED0640,2026-08-04,12:20:57,28.5,100.0,2.0,23.154,121.266
74DA38F7C59C,2026-08-04,12:20:57,30.5,82.0,10.0,25.103,121.487
74DA38F7C260,2026-08-04,12:21:05,32.0,100.0,0.0,25.065,121.425
74DA38F20D2E,2026-08-04,12:21:06,30.61,100.0,0.0,25.06,121.545
74DA38F20A30,2026-08-04,12:21:11,30.11,80.0,27.0,24.948,121.372
74DA38F21088,2026-08-04,12:21:11,31.11,100.0,0.0,25.068,121.588
74DA38F20E9E,2026-08-04,12:21:13,28.25,100.0,3.0,24.648,121.151
74DA38F20E6E,2026-08-04,12:21:18,27.5,100.0,0.0,24.41,120.902
74DA38F7C3DE,2026-08-04,12:21:18,31.86,100.0,257.0,24.972,121.537
74DA38F7C366,2026-08-04,12:21:34,30.61,100.0,1.0,25.002,121.516
74DA38F7C41E,2026-08-04,12:21:50,30.11,85.0,0.0,25.054,121.517
74DA38F21204,2026-08-04,12:22:04,29.75,100.0,0.0,25.062,121.451
74DA38ED0630,2026-08-04,12:22:07,30.25,100.0,0.0,23.994,121.594
74DA38F20C06,2026-08-04,12:22:11,32.0,64.0,6.0,24.874,121.02
74DA38F21136,2026-08-04,12:22:13,31.0,100.0,4.0,25.119,121.505
74DA38F7C616,2026-08-04,12:22:26,31.25,100.0,0.0,25.031,121.563
74DA38F20D16,2026-08-04,12:22:29,30.86,100.0,6.0,25.062,121.526
74DA38F20D1A,2026-08-04,12:22:29,29.86,97.0,0.0,25.078,121.541
74DA38F7C53C,2026-08-04,12:22:29,29.75,100.0,0.0,25.11,121.804
74DA38F7C13A,2026-08-04,12:22:34,22.5,-56.0,0.0,25.069,121.359
74DA38F208E2,2026-08-04,12:22:42,28.75,100.0,7.0,24.688,121.766
74DA38F7C592,2026-08-04,12:22:42,-4.0,0.0,0.0,25.224,121.637
74DA38F7C3BA,2026-08-04,12:22:58,-4.0,0.0,81.0,25.174,121.441
74DA38F7C47E,2026-08-04,12:23:12,30.75,100.0,8.0,25.053963,121.427681
74DA38F7C5BE,2026-08-04,12:23:17,29.86,98.0,10.0,25.092,121.523
74DA38F7C54E,2026-08-04,12:23:21,29.0,100.0,0.0,25.063,121.661
74DA38F7C532,2026-08-04,12:23:22,29.75,100.0,5.0,25.059,121.499
74DA38F20934,2026-08-04,12:23:24,30.0,77.0,2.0,23.002,121.29
74DA38F7C570,2026-08-04,12:23:35,30.0,100.0,1.0,25.239,121.63
74DA38F7C5A0,2026-08-04,12:23:36,30.75,99.0,0.0,25.107,121.518
74DA38F7C5CE,2026-08-04,12:23:41,29.75,84.0,0.0,25.066,121.656
74DA38F21170,2026-08-04,12:23:50,30.61,78.0,2.0,22.779,121.088
74DA38F21024,2026-08-04,12:23:52,29.25,100.0,0.0,24.93,121.036
74DA38F209DE,2026-08-04,12:23:54,30.75,100.0,0.0,24.861,120.964
74DA38F7C3D6,2026-08-04,12:23:55,31.75,100.0,0.0,25.045,121.541
74DA38F7C310,2026-08-04,12:23:56,31.0,100.0,4.0,25.09,121.464
74DA38F7C524,2026-08-04,12:24:07,30.25,100.0,0.0,25.002,121.552
74DA38ED04F2,2026-08-04,12:24:13,27.5,100.0,0.0,23.468,121.496
74DA38F7C47C,2026-08-04,12:24:15,30.86,100.0,101.0,25.055,121.455
74DA38F2105C,2026-08-04,12:24:16,30.11,100.0,0.0,25.088,121.599
74DA38F7C600,2026-08-04,12:24:17,23.25,47.0,3.0,25.07,121.586
74DA38F7C4DE,2026-08-04,12:24:22,29.75,100.0,0.0,25.09,121.462
74DA38F7C514,2026-08-04,12:24:27,30.61,100.0,6.0,25.051,121.518
74DA38F7C464,2026-08-04,12:24:30,26.62,30.0,0.0,25.006,121.413
74DA38F209B2,2026-08-04,12:24:39,29.11,100.0,0.0,22.363,120.599
74DA38F210F6,2026-08-04,12:24:45,30.86,100.0,2.0,22.757426,121.158891
74DA38F7C53A,2026-08-04,12:24:46,-4.0,0.0,0.0,25.067,121.641
74DA38ED06E0,2026-08-04,12:24:57,29.75,96.0,3.0,23.601,121.521
74DA38F7C27E,2026-08-04,12:24:57,30.61,100.0,5.0,25.053,121.444
74DA38F209F8,2026-08-04,12:25:01,28.0,100.0,0.0,23.157,121.4
74DA38F7C430,2026-08-04,12:25:01,32.36,79.0,0.0,24.981,121.423
74DA38ED05B6,2026-08-04,12:25:04,28.75,100.0,3.0,23.43,121.348
74DA38F7C39A,2026-08-04,12:25:05,30.61,100.0,0.0,25.002,121.414
74DA38ED0454,2026-08-04,12:25:08,31.36,100.0,4.0,24.053,121.599
74DA38F7C5AA,2026-08-04,12:25:08,29.11,100.0,1.0,25.0,121.479
74DA38F7C506,2026-08-04,12:25:10,30.25,100.0,0.0,24.996,121.544
74DA38ED059C,2026-08-04,12:25:23,29.5,100.0,2.0,23.706,121.412
74DA38F20862,2026-08-04,12:25:28,29.0,100.0,3.0,23.101,121.176
74DA38F7C338,2026-08-04,12:25:42,30.61,100.0,4.0,25.011,121.458
74DA38F7C4CC,2026-08-04,12:25:49,30.25,100.0,4.0,25.062,121.451
74DA38F20A78,2026-08-04,12:25:52,30.11,100.0,1.0,22.904,121.124
74DA38F7C37C,2026-08-04,12:26:00,28.25,100.0,0.0,25.111,121.856
74DA38F7C610,2026-08-04,12:26:10,30.36,97.0,6.0,25.063,121.564
74DA38F7C5E6,2026-08-04,12:26:25,32.36,100.0,4.0,25.107,121.843
74DA38ED05EA,2026-08-04,12:26:37,29.61,100.0,1.0,23.394,121.357
74DA38F210A2,2026-08-04,12:26:37,30.25,100.0,1.0,25.12,121.466
74DA38F7C3B2,2026-08-04,12:26:40,32.5,61.0,0.0,24.929,121.378
74DA38F20BF6,2026-08-04,12:26:42,30.0,100.0,16.0,22.582,120.368
74DA38F7C480,2026-08-04,12:26:44,30.11,100.0,0.0,25.061,121.432
74DA38F7C3DC,2026-08-04,12:26:48,29.75,100.0,8.0,25.003,121.539
74DA38F7C560,2026-08-04,12:26:54,31.86,-65.0,0.0,25.079,121.671
74DA38F20D70,2026-08-04,12:26:58,30.86,89.0,0.0,23.05,121.164
74DA38F20EB2,2026-08-04,12:26:59,27.87,100.0,11.0,24.324,120.835
74DA38ED0640,2026-08-04,12:27:03,28.36,100.0,2.0,23.154,121.266
74DA38F7C3DE,2026-08-04,12:27:15,31.86,100.0,263.0,24.972,121.537
74DA38F20E9E,2026-08-04,12:27:18,28.25,100.0,2.0,24.648,121.151
74DA38F20E6E,2026-08-04,12:27:19,27.5,100.0,0.0,24.41,120.902
74DA38F7C42E,2026-08-04,12:27:21,29.61,100.0,0.0,24.969,121.514
74DA38F209A8,2026-08-04,12:27:22,-4.0,0.0,0.0,22.401,120.577
74DA38F7C59C,2026-08-04,12:27:24,30.5,82.0,10.0,25.103,121.487
74DA38F20D2E,2026-08-04,12:27:33,30.61,100.0,0.0,25.06,121.545
74DA38F21088,2026-08-04,12:27:39,30.86,100.0,0.0,25.068,121.588
74DA38F7C366,2026-08-04,12:27:39,30.5,100.0,2.0,25.002,121.516
74DA38F7C260,2026-08-04,12:27:40,32.0,100.0,0.0,25.065,121.425
74DA38F20A30,2026-08-04,12:27:49,30.11,81.0,24.0,24.948,121.372
74DA38F21204,2026-08-04,12:28:15,29.75,100.0,0.0,25.062,121.451
74DA38F20C06,2026-08-04,12:28:17,32.0,64.0,6.0,24.874,121.02
74DA38F7C41E,2026-08-04,12:28:23,30.0,86.0,0.0,25.054,121.517
74DA38F20D16,2026-08-04,12:28:35,30.86,100.0,6.0,25.062,121.526
74DA38F209EE,2026-08-04,12:28:37,29.11,100.0,0.0,23.026,121.33
74DA38ED0630,2026-08-04,12:28:39,30.36,100.0,0.0,23.994,121.594
74DA38F7C616,2026-08-04,12:28:42,31.11,100.0,0.0,25.031,121.563
74DA38F208E2,2026-08-04,12:28:46,29.0,100.0,7.0,24.688,121.766
74DA38F20D1A,2026-08-04,12:28:56,29.86,97.0,0.0,25.078,121.541
74DA38F7C53C,2026-08-04,12:28:57,29.75,100.0,0.0,25.11,121.804
74DA38F7C13A,2026-08-04,12:29:00,22.37,-56.0,0.0,25.069,121.359
74DA38F7C47E,2026-08-04,12:29:17,30.5,100.0,8.0,25.053963,121.427681
74DA38F7C46C,2026-08-04,12:29:19,-4.0,0.0,0.0,25.288,121.544
74DA38F7C5BE,2026-08-04,12:29:23,29.86,97.0,9.0,25.092,121.523
74DA38F7C532,2026-08-04,12:29:28,29.75,100.0,6.0,25.059,121.499
74DA38F20934,2026-08-04,12:29:32,30.0,77.0,2.0,23.002,121.29
74DA38F7C63C,2026-08-04,12:29:42,60.62,100.0,3.0,24.998,121.425
74DA38F7C54E,2026-08-04,12:29:47,29.0,100.0,0.0,25.063,121.661
74DA38F21170,2026-08-04,12:29:55,30.5,78.0,2.0,22.779,121.088
74DA38F7C310,2026-08-04,12:30:01,30.75,100.0,4.0,25.09,121.464
74DA38F7C570,2026-08-04,12:30:02,30.0,100.0,0.0,25.239,121.63
74DA38F7C5A0,2026-08-04,12:30:04,30.75,99.0,0.0,25.107,121.518
74DA38F7C5CE,2026-08-04,12:30:07,29.75,85.0,0.0,25.066,121.656
74DA38F7C47C,2026-08-04,12:30:08,30.75,100.0,88.0,25.055,121.455
74DA38F21024,2026-08-04,12:30:18,29.25,100.0,0.0,24.93,121.036
74DA38F20D1E,2026-08-04,12:30:20,30.11,100.0,7.0,25.048,121.573
74DA38F209DE,2026-08-04,12:30:21,30.86,100.0,0.0,24.861,120.964
74DA38ED04F2,2026-08-04,12:30:22,27.5,100.0,0.0,23.468,121.496
74DA38F7C3D6,2026-08-04,12:30:22,31.75,100.0,0.0,25.045,121.541
74DA38F7C600,2026-08-04,12:30:23,23.25,46.0,3.0,25.07,121.586
74DA38F7C4DE,2026-08-04,12:30:32,29.5,100.0,0.0,25.09,121.462
74DA38F7C514,2026-08-04,12:30:33,30.61,100.0,6.0,25.051,121.518
74DA38F7C524,2026-08-04,12:30:34,30.11,100.0,0.0,25.002,121.552
74DA38F2105C,2026-08-04,12:30:42,30.25,100.0,0.0,25.088,121.599
74DA38F7C30C,2026-08-04,12:30:42,30.86,90.0,0.0,24.975,121.532
74DA38F210F6,2026-08-04,12:30:50,30.86,100.0,2.0,22.757426,121.158891
74DA38F7C464,2026-08-04,12:30:58,26.37,30.0,1.0,25.006,121.413
74DA38F7C27E,2026-08-04,12:31:02,30.5,100.0,5.0,25.053,121.444
74DA38ED06E0,2026-08-04,12:31:03,29.75,96.0,4.0,23.601,121.521
74DA38F209B2,2026-08-04,12:31:07,29.11,100.0,0.0,22.363,120.599
74DA38ED05B6,2026-08-04,12:31:11,28.75,100.0,3.0,23.43,121.348
74DA38ED0454,2026-08-04,12:31:14,31.25,100.0,4.0,24.053,121.599
74DA38F209F8,2026-08-04,12:31:27,27.87,100.0,0.0,23.157,121.4
74DA38ED059C,2026-08-04,12:31:29,29.61,100.0,2.0,23.706,121.412
74DA38F7C430,2026-08-04,12:31:29,32.25,79.0,0.0,24.981,121.423
74DA38F7C39A,2026-08-04,12:31:33,30.61,100.0,0.0,25.002,121.414
74DA38F20862,2026-08-04,12:31:36,29.0,100.0,4.0,23.101,121.176
74DA38F7C506,2026-08-04,12:31:37,30.36,100.0,0.0,24.996,121.544
74DA38F7C3BA,2026-08-04,12:31:41,-4.0,0.0,80.0,25.174,121.441
74DA38F7C5AA,2026-08-04,12:31:45,29.11,100.0,1.0,25.0,121.479
74DA38F7C338,2026-08-04,12:31:47,30.61,100.0,4.0,25.011,121.458
74DA38F7C4CC,2026-08-04,12:31:54,30.25,100.0,5.0,25.062,121.451
74DA38F20A78,2026-08-04,12:31:58,30.11,100.0,2.0,22.904,121.124
74DA38F7C610,2026-08-04,12:32:15,30.5,97.0,6.0,25.063,121.564
74DA38F7C592,2026-08-04,12:32:21,-4.0,0.0,0.0,25.224,121.637
74DA38F7C37C,2026-08-04,12:32:28,28.11,100.0,0.0,25.111,121.856
74DA38F7C5E6,2026-08-04,12:32:32,32.36,100.0,5.0,25.107,121.843
74DA38F210A2,2026-08-04,12:32:42,30.11,100.0,1.0,25.12,121.466
74DA38ED05EA,2026-08-04,12:32:43,29.5,100.0,2.0,23.394,121.357
74DA38F7C3B2,2026-08-04,12:32:46,32.5,61.0,1.0,24.929,121.378
74DA38F7C3DC,2026-08-04,12:32:53,29.61,100.0,8.0,25.003,121.539
74DA38F20D70,2026-08-04,12:33:03,30.61,89.0,0.0,23.05,121.164
74DA38F20EB2,2026-08-04,12:33:07,27.87,100.0,11.0,24.324,120.835
74DA38ED0640,2026-08-04,12:33:11,28.25,100.0,2.0,23.154,121.266
74DA38F7C3DE,2026-08-04,12:33:12,31.86,100.0,255.0,24.972,121.537
74DA38F7C480,2026-08-04,12:33:12,30.0,100.0,0.0,25.061,121.432
74DA38F20E6E,2026-08-04,12:33:21,27.37,100.0,0.0,24.41,120.902
74DA38F7C560,2026-08-04,12:33:22,31.86,-65.0,0.0,25.079,121.671
74DA38F20E9E,2026-08-04,12:33:23,28.11,100.0,2.0,24.648,121.151
74DA38F7C366,2026-08-04,12:33:45,30.11,100.0,2.0,25.002,121.516
74DA38F7C42E,2026-08-04,12:33:49,29.61,100.0,0.0,24.969,121.514
74DA38F7C59C,2026-08-04,12:33:51,30.5,83.0,11.0,25.103,121.487
74DA38F20D2E,2026-08-04,12:34:01,30.61,100.0,0.0,25.06,121.545
74DA38F7C260,2026-08-04,12:34:06,31.86,100.0,0.0,25.065,121.425
74DA38F21088,2026-08-04,12:34:08,30.86,100.0,0.0,25.068,121.588
74DA38F20C06,2026-08-04,12:34:22,32.0,64.0,6.0,24.874,121.02
74DA38F21204,2026-08-04,12:34:22,29.75,100.0,0.0,25.062,121.451
74DA38F7C53A,2026-08-04,12:34:28,-4.0,0.0,0.0,25.067,121.641
74DA38F20A30,2026-08-04,12:34:32,30.11,81.0,24.0,24.948,121.372
74DA38F20D16,2026-08-04,12:34:40,30.75,100.0,6.0,25.062,121.526
74DA38F209EE,2026-08-04,12:34:43,29.11,100.0,0.0,23.026,121.33
74DA38F7C616,2026-08-04,12:34:47,31.11,100.0,0.0,25.031,121.563
74DA38F7C41E,2026-08-04,12:34:50,30.11,85.0,0.0,25.054,121.517
74DA38F208E2,2026-08-04,12:34:51,29.11,100.0,7.0,24.688,121.766
74DA38ED0630,2026-08-04,12:35:07,30.36,100.0,0.0,23.994,121.594
74DA38F21136,2026-08-04,12:35:16,30.61,100.0,3.0,25.119,121.505
74DA38F7C47E,2026-08-04,12:35:23,30.0,100.0,8.0,25.053963,121.427681
74DA38F20D1A,2026-08-04,12:35:24,29.61,98.0,0.0,25.078,121.541
74DA38F7C53C,2026-08-04,12:35:24,29.5,100.0,0.0,25.11,121.804
74DA38F7C13A,2026-08-04,12:35:27,22.37,-56.0,0.0,25.069,121.359
74DA38F7C5BE,2026-08-04,12:35:28,30.0,97.0,9.0,25.092,121.523
74DA38F20934,2026-08-04,12:35:39,30.11,77.0,2.0,23.002,121.29
74DA38F21170,2026-08-04,12:36:00,30.36,79.0,3.0,22.779,121.088
74DA38F7C47C,2026-08-04,12:36:03,30.61,100.0,97.0,25.055,121.455
74DA38F7C310,2026-08-04,12:36:06,30.86,100.0,4.0,25.09,121.464
74DA38F7C54E,2026-08-04,12:36:13,29.0,100.0,0.0,25.063,121.661
74DA38F7C600,2026-08-04,12:36:28,23.12,46.0,3.0,25.07,121.586
74DA38ED04F2,2026-08-04,12:36:29,27.5,100.0,0.0,23.468,121.496
74DA38F7C570,2026-08-04,12:36:30,29.86,100.0,0.0,25.239,121.63
74DA38F7C5A0,2026-08-04,12:36:31,30.75,99.0,0.0,25.107,121.518
74DA38F7C5CE,2026-08-04,12:36:34,29.61,85.0,0.0,25.066,121.656
74DA38F7C4DE,2026-08-04,12:36:39,29.5,100.0,0.0,25.09,121.462
74DA38F7C514,2026-08-04,12:36:39,30.5,100.0,6.0,25.051,121.518
74DA38F21024,2026-08-04,12:36:45,29.25,100.0,0.0,24.93,121.036
74DA38F7C3D6,2026-08-04,12:36:48,31.75,100.0,0.0,25.045,121.541
74DA38F209DE,2026-08-04,12:36:49,30.75,100.0,0.0,24.861,120.964
74DA38F210F6,2026-08-04,12:36:54,30.86,100.0,2.0,22.757426,121.158891
74DA38F209A8,2026-08-04,12:37:02,-4.0,0.0,0.0,22.401,120.577
74DA38F7C524,2026-08-04,12:37:02,30.0,100.0,0.0,25.002,121.552
74DA38F7C27E,2026-08-04,12:37:06,30.61,100.0,6.0,25.053,121.444
74DA38F2105C,2026-08-04,12:37:09,30.25,100.0,0.0,25.088,121.599
74DA38ED06E0,2026-08-04,12:37:10,29.75,96.0,3.0,23.601,121.521
74DA38ED05B6,2026-08-04,12:37:17,28.86,100.0,3.0,23.43,121.348
74DA38ED0454,2026-08-04,12:37:20,31.25,100.0,3.0,24.053,121.599
74DA38F7C464,2026-08-04,12:37:30,26.25,30.0,0.0,25.006,121.413
74DA38F209B2,2026-08-04,12:37:34,29.11,100.0,0.0,22.363,120.599
74DA38ED059C,2026-08-04,12:37:36,29.25,100.0,2.0,23.706,121.412
74DA38F20862,2026-08-04,12:37:43,28.75,100.0,4.0,23.101,121.176
74DA38F209F8,2026-08-04,12:37:55,27.75,100.0,0.0,23.157,121.4
74DA38F7C430,2026-08-04,12:37:58,32.11,79.0,0.0,24.981,121.423
74DA38F7C39A,2026-08-04,12:38:00,30.5,100.0,0.0,25.002,121.414
74DA38F7C4CC,2026-08-04,12:38:00,30.25,100.0,5.0,25.062,121.451
74DA38F20A78,2026-08-04,12:38:03,29.86,100.0,2.0,22.904,121.124
74DA38F7C506,2026-08-04,12:38:07,30.25,100.0,0.0,24.996,121.544
74DA38F7C5AA,2026-08-04,12:38:11,29.36,100.0,0.0,25.0,121.479
74DA38F7C566,2026-08-04,12:38:20,32.75,100.0,0.0,25.051,121.448
74DA38F7C610,2026-08-04,12:38:20,30.36,98.0,6.0,25.063,121.564
74DA38F7C338,2026-08-04,12:38:35,30.61,100.0,4.0,25.011,121.458
74DA38F7C5E6,2026-08-04,12:38:39,32.25,100.0,5.0,25.107,121.843
74DA38ED05EA,2026-08-04,12:38:48,29.36,100.0,2.0,23.394,121.357
74DA38F210A2,2026-08-04,12:38:48,30.11,100.0,1.0,25.12,121.466
74DA38F7C3B2,2026-08-04,12:38:51,32.5,62.0,1.0,24.929,121.378
74DA38F7C37C,2026-08-04,12:38:56,28.0,100.0,0.0,25.111,121.856
74DA38F7C3DC,2026-08-04,12:38:59,29.75,100.0,8.0,25.003,121.539
74DA38F7C46C,2026-08-04,12:39:02,-4.0,0.0,0.0,25.288,121.544
74DA38F7C3DE,2026-08-04,12:39:11,31.75,100.0,258.0,24.972,121.537
74DA38F20EB2,2026-08-04,12:39:15,27.75,100.0,13.0,24.324,120.835
74DA38F7C63C,2026-08-04,12:39:15,60.62,100.0,4.0,24.998,121.425
74DA38ED0640,2026-08-04,12:39:18,28.25,100.0,2.0,23.154,121.266
74DA38F20D70,2026-08-04,12:39:18,30.36,90.0,0.0,23.05,121.164
74DA38F20E6E,2026-08-04,12:39:23,27.37,100.0,0.0,24.41,120.902
74DA38F20E9E,2026-08-04,12:39:28,28.25,100.0,2.0,24.648,121.151
74DA38F7C480,2026-08-04,12:39:39,29.86,100.0,0.0,25.061,121.432
74DA38F7C560,2026-08-04,12:39:49,31.86,-65.0,0.0,25.079,121.671
74DA38F7C366,2026-08-04,12:39:53,30.25,100.0,2.0,25.002,121.516
74DA38F7C42E,2026-08-04,12:40:16,29.5,100.0,0.0,24.969,121.514
74DA38F7C59C,2026-08-04,12:40:18,30.36,82.0,11.0,25.103,121.487
74DA38F7C3BA,2026-08-04,12:40:25,-4.0,0.0,80.0,25.174,121.441
74DA38F20C06,2026-08-04,12:40:27,32.0,65.0,6.0,24.874,121.02
74DA38F20D2E,2026-08-04,12:40:29,30.61,100.0,0.0,25.06,121.545
74DA38F21204,2026-08-04,12:40:32,29.75,100.0,0.0,25.062,121.451
74DA38F21088,2026-08-04,12:40:35,30.86,100.0,0.0,25.068,121.588
74DA38F7C260,2026-08-04,12:40:35,31.86,100.0,0.0,25.065,121.425
74DA38F20D16,2026-08-04,12:40:45,30.86,100.0,6.0,25.062,121.526
74DA38F209EE,2026-08-04,12:40:47,29.11,100.0,0.0,23.026,121.33
74DA38F208E2,2026-08-04,12:40:56,29.25,100.0,7.0,24.688,121.766
74DA38F7C616,2026-08-04,12:40:56,30.86,100.0,0.0,25.031,121.563
74DA38F20A30,2026-08-04,12:41:12,30.0,81.0,25.0,24.948,121.372
74DA38F7C41E,2026-08-04,12:41:21,30.11,85.0,0.0,25.054,121.517
74DA38F7C47E,2026-08-04,12:41:29,30.0,100.0,9.0,25.053963,121.427681
74DA38F7C5BE,2026-08-04,12:41:33,29.86,97.0,8.0,25.092,121.523
74DA38ED0630,2026-08-04,12:41:34,30.36,100.0,0.0,23.994,121.594
74DA38F20934,2026-08-04,12:41:48,30.0,77.0,2.0,23.002,121.29
74DA38F7C53C,2026-08-04,12:41:52,29.36,100.0,0.0,25.11,121.804
74DA38F20D1A,2026-08-04,12:41:53,29.61,98.0,0.0,25.078,121.541
74DA38F7C13A,2026-08-04,12:41:55,22.37,-56.0,0.0,25.069,121.359
74DA38F7C47C,2026-08-04,12:41:56,30.5,100.0,92.0,25.055,121.455
74DA38F7C592,2026-08-04,12:41:59,-4.0,0.0,0.0,25.224,121.637
74DA38F7C310,2026-08-04,12:42:10,30.75,100.0,4.0,25.09,121.464
74DA38F7C532,2026-08-04,12:42:14,29.61,100.0,6.0,25.059,121.499
74DA38F21170,2026-08-04,12:42:18,30.11,78.0,2.0,22.779,121.088
74DA38F7C600,2026-08-04,12:42:34,23.25,47.0,3.0,25.07,121.586
74DA38ED04F2,2026-08-04,12:42:35,27.5,100.0,1.0,23.468,121.496
74DA38F7C54E,2026-08-04,12:42:44,29.0,100.0,0.0,25.063,121.661
74DA38F7C514,2026-08-04,12:42:45,30.5,100.0,6.0,25.051,121.518
74DA38F7C4DE,2026-08-04,12:42:46,29.61,100.0,0.0,25.09,121.462
74DA38F7C570,2026-08-04,12:42:57,30.0,100.0,0.0,25.239,121.63
74DA38F7C5A0,2026-08-04,12:42:58,30.61,99.0,0.0,25.107,121.518
74DA38F210F6,2026-08-04,12:42:59,30.86,100.0,3.0,22.757426,121.158891
74DA38F7C5CE,2026-08-04,12:43:02,29.75,85.0,0.0,25.066,121.656
74DA38F7C27E,2026-08-04,12:43:11,30.61,100.0,6.0,25.053,121.444
74DA38F21024,2026-08-04,12:43:12,29.25,100.0,0.0,24.93,121.036
74DA38F209DE,2026-08-04,12:43:15,30.86,100.0,0.0,24.861,120.964
74DA38F7C30C,2026-08-04,12:43:15,30.86,91.0,0.0,24.975,121.532
74DA38F7C3D6,2026-08-04,12:43:15,31.25,100.0,0.0,25.045,121.541
74DA38ED06E0,2026-08-04,12:43:16,29.75,96.0,3.0,23.601,121.521
74DA38ED05B6,2026-08-04,12:43:22,28.61,100.0,4.0,23.43,121.348
74DA38ED0454,2026-08-04,12:43:25,31.25,100.0,3.0,24.053,121.599
74DA38F7C524,2026-08-04,12:43:31,30.0,100.0,0.0,25.002,121.552
74DA38F2105C,2026-08-04,12:43:37,30.11,100.0,0.0,25.088,121.599
74DA38ED059C,2026-08-04,12:43:42,29.25,100.0,3.0,23.706,121.412
74DA38F20862,2026-08-04,12:43:49,28.86,100.0,4.0,23.101,121.176
74DA38F7C464,2026-08-04,12:43:58,25.87,30.0,1.0,25.006,121.413
74DA38F209B2,2026-08-04,12:44:00,29.11,100.0,0.0,22.363,120.599
74DA38F7C4CC,2026-08-04,12:44:05,30.11,100.0,4.0,25.062,121.451
74DA38F7C53A,2026-08-04,12:44:09,-4.0,0.0,0.0,25.067,121.641
74DA38F20A78,2026-08-04,12:44:10,29.86,100.0,2.0,22.904,121.124
74DA38F209F8,2026-08-04,12:44:23,27.62,100.0,0.0,23.157,121.4
74DA38F7C430,2026-08-04,12:44:24,32.11,79.0,0.0,24.981,121.423
74DA38F7C610,2026-08-04,12:44:25,30.36,98.0,6.0,25.063,121.564
74DA38F7C39A,2026-08-04,12:44:28,30.5,100.0,0.0,25.002,121.414
74DA38F7C506,2026-08-04,12:44:35,30.25,100.0,0.0,24.996,121.544
74DA38F7C5AA,2026-08-04,12:44:39,29.5,100.0,0.0,25.0,121.479
74DA38F7C338,2026-08-04,12:44:44,30.61,100.0,4.0,25.011,121.458
74DA38F7C5E6,2026-08-04,12:44:47,32.25,100.0,5.0,25.107,121.843
74DA38ED05EA,2026-08-04,12:44:53,29.5,100.0,2.0,23.394,121.357
74DA38F210A2,2026-08-04,12:44:53,30.11,100.0,1.0,25.12,121.466
74DA38F7C3B2,2026-08-04,12:44:56,32.5,62.0,0.0,24.929,121.378
74DA38F7C3DC,2026-08-04,12:45:04,29.75,100.0,8.0,25.003,121.539
74DA38F7C3DE,2026-08-04,12:45:09,31.61,100.0,240.0,24.972,121.537
74DA38F20EB2,2026-08-04,12:45:21,27.62,100.0,12.0,24.324,120.835
74DA38F7C37C,2026-08-04,12:45:22,28.11,100.0,0.0,25.111,121.856
74DA38ED0640,2026-08-04,12:45:24,28.0,100.0,2.0,23.154,121.266
74DA38F20E6E,2026-08-04,12:45:26,27.37,100.0,0.0,24.41,120.902
74DA38F20D70,2026-08-04,12:45:34,30.25,91.0,0.0,23.05,121.164
74DA38F20E9E,2026-08-04,12:45:34,28.11,100.0,2.0,24.648,121.151
74DA38F7C366,2026-08-04,12:46:00,30.11,100.0,2.0,25.002,121.516
74DA38F7C480,2026-08-04,12:46:06,29.86,100.0,0.0,25.061,121.432
74DA38F7C560,2026-08-04,12:46:16,32.0,-65.0,0.0,25.079,121.671
74DA38F20C06,2026-08-04,12:46:32,32.0,65.0,5.0,24.874,121.02
74DA38F209A8,2026-08-04,12:46:39,-4.0,0.0,0.0,22.401,120.577
74DA38F21204,2026-08-04,12:46:40,29.75,100.0,0.0,25.062,121.451
74DA38F7C42E,2026-08-04,12:46:43,29.25,100.0,0.0,24.969,121.514
74DA38F7C59C,2026-08-04,12:46:45,30.36,82.0,10.0,25.103,121.487
74DA38F20D16,2026-08-04,12:46:50,31.0,100.0,6.0,25.062,121.526
74DA38F209EE,2026-08-04,12:46:52,29.0,100.0,0.0,23.026,121.33
74DA38F20D2E,2026-08-04,12:46:56,30.61,100.0,0.0,25.06,121.545
74DA38F208E2,2026-08-04,12:47:01,29.36,100.0,8.0,24.688,121.766
74DA38F7C260,2026-08-04,12:47:03,31.86,100.0,0.0,25.065,121.425
74DA38F7C616,2026-08-04,12:47:03,31.0,100.0,0.0,25.031,121.563
74DA38F21088,2026-08-04,12:47:04,30.75,100.0,0.0,25.068,121.588
74DA38F7C47E,2026-08-04,12:47:34,30.0,100.0,9.0,25.053963,121.427681
74DA38F7C5BE,2026-08-04,12:47:39,29.86,97.0,7.0,25.092,121.523
74DA38F7C47C,2026-08-04,12:47:51,30.61,100.0,95.0,25.055,121.455
74DA38F20A30,2026-08-04,12:47:52,30.0,81.0,23.0,24.948,121.372
74DA38F7C41E,2026-08-04,12:47:53,30.11,85.0,0.0,25.054,121.517
74DA38F21136,2026-08-04,12:47:56,30.5,100.0,3.0,25.119,121.505
74DA38F20934,2026-08-04,12:47:57,30.11,77.0,2.0,23.002,121.29
74DA38ED0630,2026-08-04,12:48:02,30.36,100.0,0.0,23.994,121.594
74DA38F7C310,2026-08-04,12:48:15,30.86,100.0,4.0,25.09,121.464
74DA38F7C53C,2026-08-04,12:48:18,29.36,100.0,0.0,25.11,121.804
74DA38F7C532,2026-08-04,12:48:19,29.75,100.0,6.0,25.059,121.499
74DA38F20D1A,2026-08-04,12:48:21,29.5,99.0,0.0,25.078,121.541
74DA38F7C13A,2026-08-04,12:48:21,22.37,-56.0,0.0,25.069,121.359
74DA38F21170,2026-08-04,12:48:29,30.11,79.0,3.0,22.779,121.088
74DA38F7C600,2026-08-04,12:48:39,23.25,47.0,3.0,25.07,121.586
74DA38ED04F2,2026-08-04,12:48:41,27.5,100.0,1.0,23.468,121.496
74DA38F7C46C,2026-08-04,12:48:41,-4.0,0.0,0.0,25.288,121.544
74DA38F7C63C,2026-08-04,12:48:48,60.62,100.0,4.0,24.998,121.425
74DA38F7C4DE,2026-08-04,12:48:52,29.61,100.0,0.0,25.09,121.462
74DA38F7C514,2026-08-04,12:48:52,30.36,100.0,5.0,25.051,121.518
74DA38F20D1E,2026-08-04,12:49:03,30.0,100.0,7.0,25.048,121.573
74DA38F210F6,2026-08-04,12:49:04,30.75,100.0,3.0,22.757426,121.158891
74DA38F7C3BA,2026-08-04,12:49:09,-4.0,0.0,82.0,25.174,121.441
74DA38F7C54E,2026-08-04,12:49:10,28.86,100.0,0.0,25.063,121.661
74DA38F7C27E,2026-08-04,12:49:16,30.5,100.0,6.0,25.053,121.444
74DA38ED06E0,2026-08-04,12:49:22,29.61,96.0,3.0,23.601,121.521
74DA38F7C30C,2026-08-04,12:49:24,30.75,92.0,0.0,24.975,121.532
74DA38F7C570,2026-08-04,12:49:24,29.86,100.0,0.0,25.239,121.63
74DA38F7C5A0,2026-08-04,12:49:26,30.61,99.0,0.0,25.107,121.518
74DA38ED05B6,2026-08-04,12:49:28,28.36,100.0,3.0,23.43,121.348
74DA38F7C5CE,2026-08-04,12:49:28,29.86,84.0,0.0,25.066,121.656
74DA38ED0454,2026-08-04,12:49:31,31.25,100.0,3.0,24.053,121.599
74DA38F21024,2026-08-04,12:49:38,29.36,100.0,0.0,24.93,121.036
74DA38F7C3D6,2026-08-04,12:49:42,31.36,100.0,0.0,25.045,121.541
74DA38F209DE,2026-08-04,12:49:43,30.86,100.0,0.0,24.861,120.964
74DA38ED059C,2026-08-04,12:49:49,29.25,100.0,2.0,23.706,121.412
74DA38F20862,2026-08-04,12:49:56,28.75,100.0,4.0,23.101,121.176
74DA38F7C524,2026-08-04,12:49:59,30.11,100.0,0.0,25.002,121.552
74DA38F2105C,2026-08-04,12:50:04,30.11,100.0,0.0,25.088,121.599
74DA38F7C4CC,2026-08-04,12:50:11,30.11,100.0,5.0,25.062,121.451
74DA38F20A78,2026-08-04,12:50:16,29.75,100.0,2.0,22.904,121.124
74DA38F209B2,2026-08-04,12:50:27,29.0,100.0,0.0,22.363,120.599
74DA38F7C464,2026-08-04,12:50:32,26.12,30.0,0.0,25.006,121.413
74DA38F7C610,2026-08-04,12:50:32,30.36,98.0,6.0,25.063,121.564
74DA38F209F8,2026-08-04,12:50:50,27.75,100.0,0.0,23.157,121.4
74DA38F7C430,2026-08-04,12:50:52,32.0,79.0,0.0,24.981,121.423
74DA38F7C5E6,2026-08-04,12:50:54,32.11,100.0,5.0,25.107,121.843
74DA38F7C338,2026-08-04,12:50:56,30.61,100.0,5.0,25.011,121.458
74DA38F7C39A,2026-08-04,12:50:56,30.5,100.0,0.0,25.002,121.414
74DA38F210A2,2026-08-04,12:50:58,30.25,100.0,1.0,25.12,121.466
74DA38ED05EA,2026-08-04,12:50:59,29.5,100.0,1.0,23.394,121.357
74DA38F7C3B2,2026-08-04,12:51:01,32.5,62.0,1.0,24.929,121.378
74DA38F7C506,2026-08-04,12:51:04,30.11,100.0,0.0,24.996,121.544
74DA38F7C5AA,2026-08-04,12:51:06,29.36,100.0,0.0,25.0,121.479
74DA38F7C3DE,2026-08-04,12:51:07,31.61,100.0,252.0,24.972,121.537
74DA38F7C3DC,2026-08-04,12:51:10,29.5,100.0,8.0,25.003,121.539
74DA38F20E6E,2026-08-04,12:51:27,27.25,100.0,0.0,24.41,120.902
74DA38F20EB2,2026-08-04,12:51:27,27.62,100.0,12.0,24.324,120.835
74DA38ED0640,2026-08-04,12:51:31,27.75,100.0,2.0,23.154,121.266
74DA38F20E9E,2026-08-04,12:51:39,28.11,100.0,2.0,24.648,121.151
74DA38F20D70,2026-08-04,12:51:40,30.36,91.0,0.0,23.05,121.164
74DA38F7C592,2026-08-04,12:51:40,-4.0,0.0,0.0,25.224,121.637
74DA38F7C37C,2026-08-04,12:51:50,28.0,100.0,0.0,25.111,121.856
74DA38F7C366,2026-08-04,12:52:06,30.0,100.0,2.0,25.002,121.516
74DA38F7C480,2026-08-04,12:52:34,29.75,100.0,0.0,25.061,121.432
74DA38F20C06,2026-08-04,12:52:37,32.0,65.0,5.0,24.874,121.02
74DA38F7C560,2026-08-04,12:52:44,31.61,-65.0,0.0,25.079,121.671
74DA38F21204,2026-08-04,12:52:53,29.75,100.0,0.0,25.062,121.451
74DA38F20D16,2026-08-04,12:52:55,31.0,100.0,6.0,25.062,121.526
74DA38F209EE,2026-08-04,12:52:57,29.0,100.0,0.0,23.026,121.33
74DA38F208E2,2026-08-04,12:53:05,29.25,100.0,6.0,24.688,121.766
74DA38F7C42E,2026-08-04,12:53:13,29.36,100.0,0.0,24.969,121.514
74DA38F7C59C,2026-08-04,12:53:13,30.36,82.0,9.0,25.103,121.487
74DA38F7C616,2026-08-04,12:53:13,31.0,100.0,0.0,25.031,121.563
74DA38F20D2E,2026-08-04,12:53:25,30.61,100.0,0.0,25.06,121.545
74DA38F7C260,2026-08-04,12:53:29,31.86,100.0,0.0,25.065,121.425
74DA38F21088,2026-08-04,12:53:32,30.75,100.0,0.0,25.068,121.588
74DA38F7C47E,2026-08-04,12:53:40,30.11,100.0,8.0,25.053963,121.427681
74DA38F7C5BE,2026-08-04,12:53:44,29.86,97.0,7.0,25.092,121.523
74DA38F7C47C,2026-08-04,12:53:47,30.61,100.0,90.0,25.055,121.455
74DA38F7C53A,2026-08-04,12:53:50,-4.0,0.0,0.0,25.067,121.641
74DA38F20934,2026-08-04,12:54:10,30.0,77.0,2.0,23.002,121.29
74DA38F21136,2026-08-04,12:54:10,30.61,100.0,3.0,25.119,121.505
74DA38F7C310,2026-08-04,12:54:21,30.86,100.0,3.0,25.09,121.464
74DA38F7C41E,2026-08-04,12:54:22,30.25,85.0,0.0,25.054,121.517
74DA38F7C532,2026-08-04,12:54:23,29.75,100.0,5.0,25.059,121.499
74DA38ED0630,2026-08-04,12:54:29,30.5,100.0,0.0,23.994,121.594
74DA38F20A30,2026-08-04,12:54:33,30.0,80.0,22.0,24.948,121.372
74DA38F21170,2026-08-04,12:54:35,30.0,80.0,3.0,22.779,121.088
74DA38F7C600,2026-08-04,12:54:44,23.25,47.0,3.0,25.07,121.586
74DA38F7C53C,2026-08-04,12:54:45,29.11,100.0,0.0,25.11,121.804
74DA38ED04F2,2026-08-04,12:54:48,27.5,100.0,0.0,23.468,121.496
74DA38F7C13A,2026-08-04,12:54:48,22.37,-55.0,0.0,25.069,121.359
74DA38F20D1A,2026-08-04,12:54:49,29.36,100.0,0.0,25.078,121.541
74DA38F7C514,2026-08-04,12:54:58,30.36,100.0,6.0,25.051,121.518
74DA38F7C4DE,2026-08-04,12:55:06,29.61,100.0,0.0,25.09,121.462
74DA38F210F6,2026-08-04,12:55:09,30.86,100.0,3.0,22.757426,121.158891
74DA38F20D1E,2026-08-04,12:55:10,30.0,100.0,7.0,25.048,121.573
74DA38F7C27E,2026-08-04,12:55:21,30.5,100.0,6.0,25.053,121.444
74DA38ED06E0,2026-08-04,12:55:29,29.61,97.0,3.0,23.601,121.521
74DA38ED05B6,2026-08-04,12:55:33,28.36,100.0,3.0,23.43,121.348
74DA38ED0454,2026-08-04,12:55:37,31.25,100.0,3.0,24.053,121.599
74DA38F7C54E,2026-08-04,12:55:37,28.75,100.0,0.0,25.063,121.661
74DA38F7C570,2026-08-04,12:55:51,30.0,100.0,1.0,25.239,121.63
74DA38F7C5A0,2026-08-04,12:55:54,30.61,100.0,0.0,25.107,121.518
74DA38ED059C,2026-08-04,12:55:55,29.36,100.0,3.0,23.706,121.412
74DA38F7C5CE,2026-08-04,12:55:56,29.75,85.0,0.0,25.066,121.656
74DA38F20862,2026-08-04,12:56:01,28.61,100.0,4.0,23.101,121.176
74DA38F21024,2026-08-04,12:56:05,29.25,100.0,0.0,24.93,121.036
74DA38F7C3D6,2026-08-04,12:56:08,31.11,100.0,0.0,25.045,121.541
74DA38F209DE,2026-08-04,12:56:10,30.86,100.0,0.0,24.861,120.964
74DA38F209A8,2026-08-04,12:56:17,-4.0,0.0,0.0,22.401,120.577
74DA38F7C4CC,2026-08-04,12:56:17,30.25,100.0,5.0,25.062,121.451
74DA38F20A78,2026-08-04,12:56:22,29.61,100.0,2.0,22.904,121.124
74DA38F7C524,2026-08-04,12:56:27,30.0,100.0,0.0,25.002,121.552
74DA38F2105C,2026-08-04,12:56:31,30.25,100.0,0.0,25.088,121.599
74DA38F7C610,2026-08-04,12:56:37,30.36,99.0,6.0,25.063,121.564
74DA38F209B2,2026-08-04,12:56:55,29.11,100.0,0.0,22.363,120.599
74DA38F7C5E6,2026-08-04,12:57:01,32.11,100.0,6.0,25.107,121.843
74DA38F210A2,2026-08-04,12:57:02,30.11,100.0,1.0,25.12,121.466
74DA38F7C338,2026-08-04,12:57:02,30.61,100.0,5.0,25.011,121.458
74DA38F7C3DE,2026-08-04,12:57:02,31.61,100.0,247.0,24.972,121.537
74DA38ED05EA,2026-08-04,12:57:04,29.5,100.0,2.0,23.394,121.357
74DA38F7C3B2,2026-08-04,12:57:06,32.5,62.0,0.0,24.929,121.378
74DA38F7C464,2026-08-04,12:57:09,26.12,30.0,0.0,25.006,121.413
74DA38F7C3DC,2026-08-04,12:57:15,29.36,100.0,8.0,25.003,121.539
74DA38F209F8,2026-08-04,12:57:17,27.75,100.0,0.0,23.157,121.4
74DA38F7C430,2026-08-04,12:57:21,32.0,78.0,0.0,24.981,121.423
74DA38F7C39A,2026-08-04,12:57:23,30.5,100.0,0.0,25.002,121.414
74DA38F20E6E,2026-08-04,12:57:30,27.12,100.0,0.0,24.41,120.902
74DA38F7C5AA,2026-08-04,12:57:33,29.36,100.0,0.0,25.0,121.479
74DA38F20EB2,2026-08-04,12:57:34,27.62,100.0,13.0,24.324,120.835
74DA38F7C506,2026-08-04,12:57:34,30.11,100.0,0.0,24.996,121.544
74DA38ED0640,2026-08-04,12:57:37,27.5,100.0,2.0,23.154,121.266
74DA38F20E9E,2026-08-04,12:57:44,28.11,100.0,2.0,24.648,121.151
74DA38F20D70,2026-08-04,12:57:46,30.25,91.0,0.0,23.05,121.164
74DA38F7C3BA,2026-08-04,12:57:52,-4.0,0.0,78.0,25.174,121.441
74DA38F20BF6,2026-08-04,12:58:10,30.0,100.0,15.0,22.582,120.368
74DA38F7C366,2026-08-04,12:58:12,30.0,100.0,2.0,25.002,121.516
74DA38F7C37C,2026-08-04,12:58:18,28.0,100.0,0.0,25.111,121.856
74DA38F7C63C,2026-08-04,12:58:21,60.62,100.0,3.0,24.998,121.425
74DA38F7C46C,2026-08-04,12:58:22,-4.0,0.0,0.0,25.288,121.544
74DA38F20C06,2026-08-04,12:58:43,32.0,65.0,6.0,24.874,121.02
74DA38F209EE,2026-08-04,12:59:01,29.0,100.0,0.0,23.026,121.33
74DA38F7C480,2026-08-04,12:59:02,29.86,100.0,0.0,25.061,121.432
74DA38F20D16,2026-08-04,12:59:05,31.0,100.0,6.0,25.062,121.526
74DA38F21204,2026-08-04,12:59:06,29.75,100.0,0.0,25.062,121.451
74DA38F208E2,2026-08-04,12:59:10,29.11,100.0,5.0,24.688,121.766
74DA38F7C560,2026-08-04,12:59:11,31.36,-64.0,0.0,25.079,121.671
74DA38F7C59C,2026-08-04,12:59:39,30.25,82.0,9.0,25.103,121.487
74DA38F7C42E,2026-08-04,12:59:43,29.36,100.0,0.0,24.969,121.514
74DA38F7C47C,2026-08-04,12:59:44,30.75,100.0,84.0,25.055,121.455
74DA38F7C616,2026-08-04,12:59:44,30.86,100.0,0.0,25.031,121.563
74DA38F7C47E,2026-08-04,12:59:45,30.0,100.0,8.0,25.053963,121.427681
74DA38F7C5BE,2026-08-04,12:59:50,29.86,98.0,7.0,25.092,121.523
74DA38F20D2E,2026-08-04,12:59:52,30.5,100.0,0.0,25.06,121.545
74DA38F21088,2026-08-04,13:00:00,30.86,100.0,0.0,25.068,121.588
74DA38F20934,2026-08-04,13:00:18,30.0,78.0,2.0,23.002,121.29
74DA38F7C260,2026-08-04,13:00:25,32.0,100.0,0.0,25.065,121.425
74DA38F7C310,2026-08-04,13:00:26,30.86,100.0,3.0,25.09,121.464
74DA38F7C532,2026-08-04,13:00:33,29.86,100.0,6.0,25.059,121.499
74DA38F21170,2026-08-04,13:00:44,29.86,80.0,3.0,22.779,121.088
74DA38F21136,2026-08-04,13:00:45,30.61,100.0,3.0,25.119,121.505
74DA38F7C600,2026-08-04,13:00:50,23.25,48.0,3.0,25.07,121.586
74DA38F7C41E,2026-08-04,13:00:52,30.11,85.0,0.0,25.054,121.517
74DA38ED0630,2026-08-04,13:00:56,30.36,100.0,0.0,23.994,121.594
74DA38ED04F2,2026-08-04,13:01:01,27.5,100.0,1.0,23.468,121.496
74DA38F7C514,2026-08-04,13:01:05,30.61,100.0,6.0,25.051,121.518
74DA38F20A30,2026-08-04,13:01:11,30.11,80.0,20.0,24.948,121.372
74DA38F7C53C,2026-08-04,13:01:11,29.25,100.0,0.0,25.11,121.804
74DA38F210F6,2026-08-04,13:01:13,30.86,100.0,4.0,22.757426,121.158891
74DA38F20D1E,2026-08-04,13:01:16,29.86,100.0,7.0,25.048,121.573
74DA38F7C13A,2026-08-04,13:01:16,22.37,-54.0,0.0,25.069,121.359
74DA38F7C4DE,2026-08-04,13:01:16,29.75,100.0,0.0,25.09,121.462
74DA38F20D1A,2026-08-04,13:01:17,29.36,99.0,0.0,25.078,121.541
74DA38F7C592,2026-08-04,13:01:19,-4.0,0.0,0.0,25.224,121.637
74DA38F7C27E,2026-08-04,13:01:25,30.36,100.0,5.0,25.053,121.444
74DA38ED06E0,2026-08-04,13:01:35,29.5,97.0,3.0,23.601,121.521
74DA38ED05B6,2026-08-04,13:01:38,28.36,100.0,4.0,23.43,121.348
74DA38ED0454,2026-08-04,13:01:42,31.11,100.0,4.0,24.053,121.599
74DA38ED059C,2026-08-04,13:02:01,29.11,100.0,3.0,23.706,121.412
74DA38F7C54E,2026-08-04,13:02:03,28.75,100.0,0.0,25.063,121.661
74DA38F20862,2026-08-04,13:02:07,28.5,100.0,6.0,23.101,121.176
74DA38F7C30C,2026-08-04,13:02:09,30.5,92.0,0.0,24.975,121.532
74DA38F7C570,2026-08-04,13:02:18,29.75,100.0,0.0,25.239,121.63
74DA38F7C5A0,2026-08-04,13:02:20,30.61,100.0,0.0,25.107,121.518
74DA38F7C5CE,2026-08-04,13:02:23,29.86,84.0,0.0,25.066,121.656
74DA38F7C4CC,2026-08-04,13:02:24,30.11,100.0,5.0,25.062,121.451
74DA38F20A78,2026-08-04,13:02:28,29.75,100.0,2.0,22.904,121.124
74DA38F21024,2026-08-04,13:02:32,29.25,100.0,0.0,24.93,121.036
74DA38F7C3D6,2026-08-04,13:02:35,31.25,100.0,0.0,25.045,121.541
74DA38F209DE,2026-08-04,13:02:37,30.86,100.0,0.0,24.861,120.964
74DA38F7C610,2026-08-04,13:02:42,30.36,99.0,6.0,25.063,121.564
74DA38F7C524,2026-08-04,13:02:56,30.11,100.0,0.0,25.002,121.552
74DA38F2105C,2026-08-04,13:02:58,30.11,100.0,0.0,25.088,121.599
74DA38F7C3DE,2026-08-04,13:03:03,31.75,100.0,258.0,24.972,121.537
74DA38F210A2,2026-08-04,13:03:08,30.0,100.0,1.0,25.12,121.466
74DA38F7C5E6,2026-08-04,13:03:08,32.11,100.0,6.0,25.107,121.843
74DA38ED05EA,2026-08-04,13:03:10,29.36,100.0,1.0,23.394,121.357
74DA38F7C3B2,2026-08-04,13:03:12,32.5,62.0,1.0,24.929,121.378
74DA38F7C338,2026-08-04,13:03:15,30.61,100.0,5.0,25.011,121.458
74DA38F7C3DC,2026-08-04,13:03:20,29.36,100.0,8.0,25.003,121.539
74DA38F209B2,2026-08-04,13:03:21,28.86,100.0,0.0,22.363,120.599
74DA38F20E6E,2026-08-04,13:03:31,27.12,100.0,0.0,24.41,120.902
74DA38F7C53A,2026-08-04,13:03:31,-4.0,0.0,0.0,25.067,121.641
74DA38F20EB2,2026-08-04,13:03:40,27.75,100.0,12.0,24.324,120.835
74DA38ED0640,2026-08-04,13:03:43,27.75,100.0,2.0,23.154,121.266
74DA38F209F8,2026-08-04,13:03:45,27.87,100.0,0.0,23.157,121.4
74DA38F7C430,2026-08-04,13:03:47,32.11,78.0,0.0,24.981,121.423
74DA38F20E9E,2026-08-04,13:03:49,28.11,100.0,2.0,24.648,121.151
74DA38F7C39A,2026-08-04,13:03:50,30.61,100.0,0.0,25.002,121.414
74DA38F20D70,2026-08-04,13:03:52,30.25,91.0,0.0,23.05,121.164
74DA38F7C5AA,2026-08-04,13:04:01,29.36,100.0,0.0,25.0,121.479
74DA38F7C506,2026-08-04,13:04:04,30.11,100.0,0.0,24.996,121.544
74DA38F7C366,2026-08-04,13:04:18,30.0,100.0,2.0,25.002,121.516
74DA38F7C37C,2026-08-04,13:04:45,27.87,100.0,0.0,25.111,121.856
74DA38F20C06,2026-08-04,13:04:48,32.0,65.0,6.0,24.874,121.02
74DA38F7C566,2026-08-04,13:04:56,32.75,100.0,0.0,25.051,121.448
74DA38F209EE,2026-08-04,13:05:06,29.0,100.0,0.0,23.026,121.33
74DA38F20D16,2026-08-04,13:05:10,30.86,100.0,6.0,25.062,121.526
74DA38F208E2,2026-08-04,13:05:14,29.0,100.0,5.0,24.688,121.766
74DA38F21204,2026-08-04,13:05:15,29.75,100.0,0.0,25.062,121.451
74DA38F7C480,2026-08-04,13:05:29,29.75,100.0,0.0,25.061,121.432
74DA38F7C47C,2026-08-04,13:05:33,30.75,100.0,66.0,25.055,121.455
74DA38F7C560,2026-08-04,13:05:39,31.11,-64.0,0.0,25.079,121.671
74DA38F7C47E,2026-08-04,13:05:51,30.0,100.0,8.0,25.053963,121.427681
74DA38F7C616,2026-08-04,13:05:54,30.86,100.0,0.0,25.031,121.563
74DA38F7C5BE,2026-08-04,13:05:56,29.86,98.0,7.0,25.092,121.523
74DA38F209A8,2026-08-04,13:05:59,-4.0,0.0,0.0,22.401,120.577
74DA38F7C59C,2026-08-04,13:06:06,30.25,83.0,9.0,25.103,121.487
74DA38F7C42E,2026-08-04,13:06:10,29.25,100.0,0.0,24.969,121.514
74DA38F20D2E,2026-08-04,13:06:20,30.5,100.0,0.0,25.06,121.545
74DA38F20934,2026-08-04,13:06:28,30.0,78.0,2.0,23.002,121.29
74DA38F21088,2026-08-04,13:06:28,30.75,100.0,0.0,25.068,121.588
74DA38F7C310,2026-08-04,13:06:30,30.75,100.0,4.0,25.09,121.464
74DA38F7C3BA,2026-08-04,13:06:34,-4.0,0.0,80.0,25.174,121.441
74DA38F7C532,2026-08-04,13:06:39,29.86,100.0,5.0,25.059,121.499
74DA38F21170,2026-08-04,13:06:50,29.86,80.0,3.0,22.779,121.088
74DA38F7C600,2026-08-04,13:06:55,23.25,48.0,4.0,25.07,121.586
74DA38F21136,2026-08-04,13:06:56,30.61,100.0,3.0,25.119,121.505
74DA38F7C260,2026-08-04,13:07:04,31.86,100.0,0.0,25.065,121.425
74DA38ED04F2,2026-08-04,13:07:08,27.5,100.0,0.0,23.468,121.496
74DA38F7C514,2026-08-04,13:07:12,30.61,100.0,7.0,25.051,121.518
74DA38F210F6,2026-08-04,13:07:18,30.86,100.0,3.0,22.757426,121.158891
74DA38F7C41E,2026-08-04,13:07:21,30.11,85.0,0.0,25.054,121.517
74DA38F20D1E,2026-08-04,13:07:24,30.0,100.0,8.0,25.048,121.573
74DA38ED0630,2026-08-04,13:07:25,30.36,100.0,0.0,23.994,121.594
74DA38F7C4DE,2026-08-04,13:07:28,29.61,100.0,0.0,25.09,121.462
74DA38F7C27E,2026-08-04,13:07:30,30.5,100.0,5.0,25.053,121.444
74DA38F7C53C,2026-08-04,13:07:39,28.86,100.0,0.0,25.11,121.804
74DA38ED06E0,2026-08-04,13:07:42,29.5,97.0,3.0,23.601,121.521
74DA38F20D1A,2026-08-04,13:07:45,29.36,100.0,0.0,25.078,121.541
74DA38F7C13A,2026-08-04,13:07:45,22.25,-53.0,0.0,25.069,121.359
74DA38ED05B6,2026-08-04,13:07:46,28.36,100.0,4.0,23.43,121.348
74DA38ED0454,2026-08-04,13:07:48,31.11,100.0,3.0,24.053,121.599
74DA38F7C63C,2026-08-04,13:07:54,60.62,100.0,3.0,24.998,121.425
74DA38F20A30,2026-08-04,13:08:01,30.11,80.0,21.0,24.948,121.372
74DA38F7C46C,2026-08-04,13:08:01,-4.0,0.0,0.0,25.288,121.544
74DA38ED059C,2026-08-04,13:08:07,29.25,100.0,3.0,23.706,121.412
74DA38F20862,2026-08-04,13:08:14,28.36,100.0,4.0,23.101,121.176
74DA38F7C54E,2026-08-04,13:08:27,28.75,100.0,0.0,25.063,121.661
74DA38F7C4CC,2026-08-04,13:08:29,30.25,100.0,4.0,25.062,121.451
74DA38F20A78,2026-08-04,13:08:34,29.75,100.0,2.0,22.904,121.124
74DA38F7C570,2026-08-04,13:08:46,29.86,100.0,0.0,25.239,121.63
74DA38F7C5A0,2026-08-04,13:08:48,30.5,100.0,0.0,25.107,121.518
74DA38F7C5CE,2026-08-04,13:08:49,29.75,85.0,0.0,25.066,121.656
74DA38F7C610,2026-08-04,13:08:49,30.36,99.0,6.0,25.063,121.564
74DA38F21024,2026-08-04,13:08:58,29.25,100.0,0.0,24.93,121.036
74DA38F7C3D6,2026-08-04,13:09:02,31.5,100.0,0.0,25.045,121.541
74DA38F7C3DE,2026-08-04,13:09:02,31.75,100.0,253.0,24.972,121.537
74DA38F209DE,2026-08-04,13:09:04,31.0,100.0,0.0,24.861,120.964
74DA38F210A2,2026-08-04,13:09:13,29.86,100.0,0.0,25.12,121.466
74DA38ED05EA,2026-08-04,13:09:15,29.36,100.0,1.0,23.394,121.357
74DA38F7C5E6,2026-08-04,13:09:16,32.11,100.0,6.0,25.107,121.843
74DA38F7C3B2,2026-08-04,13:09:17,32.5,62.0,0.0,24.929,121.378
74DA38F2105C,2026-08-04,13:09:24,30.11,100.0,0.0,25.088,121.599
74DA38F7C524,2026-08-04,13:09:25,30.0,100.0,0.0,25.002,121.552
74DA38F7C3DC,2026-08-04,13:09:26,29.5,100.0,8.0,25.003,121.539
74DA38F7C338,2026-08-04,13:09:28,30.61,100.0,5.0,25.011,121.458
74DA38F20E6E,2026-08-04,13:09:33,27.12,100.0,0.0,24.41,120.902
74DA38F209B2,2026-08-04,13:09:48,28.75,100.0,0.0,22.363,120.599
74DA38F20EB2,2026-08-04,13:09:48,27.75,100.0,13.0,24.324,120.835
74DA38ED0640,2026-08-04,13:09:49,27.5,100.0,3.0,23.154,121.266
74DA38F20E9E,2026-08-04,13:09:53,28.0,100.0,2.0,24.648,121.151
74DA38F20D70,2026-08-04,13:09:58,30.25,91.0,0.0,23.05,121.164
74DA38F209F8,2026-08-04,13:10:12,27.87,100.0,0.0,23.157,121.4
74DA38F7C430,2026-08-04,13:10:15,32.11,78.0,0.0,24.981,121.423
74DA38F7C39A,2026-08-04,13:10:19,30.61,100.0,0.0,25.002,121.414
74DA38F7C366,2026-08-04,13:10:26,30.11,100.0,2.0,25.002,121.516
74DA38F7C5AA,2026-08-04,13:10:29,29.25,100.0,0.0,25.0,121.479
74DA38F7C506,2026-08-04,13:10:32,30.0,100.0,0.0,24.996,121.544
74DA38F20BF6,2026-08-04,13:10:36,30.0,100.0,16.0,22.582,120.368
74DA38F20C06,2026-08-04,13:10:53,32.0,65.0,6.0,24.874,121.02
74DA38F7C592,2026-08-04,13:10:58,-4.0,0.0,0.0,25.224,121.637
74DA38F209EE,2026-08-04,13:11:11,29.0,100.0,0.0,23.026,121.33
74DA38F7C37C,2026-08-04,13:11:12,27.87,100.0,0.0,25.111,121.856
74DA38F20D16,2026-08-04,13:11:15,30.86,100.0,6.0,25.062,121.526
74DA38F208E2,2026-08-04,13:11:19,29.0,100.0,5.0,24.688,121.766
74DA38F21204,2026-08-04,13:11:26,29.75,100.0,0.0,25.062,121.451
74DA38F7C47C,2026-08-04,13:11:27,30.75,100.0,62.0,25.055,121.455
74DA38F7C47E,2026-08-04,13:11:56,30.11,100.0,8.0,25.053963,121.427681
74DA38F7C480,2026-08-04,13:11:57,29.61,100.0,0.0,25.061,121.432
74DA38F7C5BE,2026-08-04,13:12:01,29.86,98.0,7.0,25.092,121.523
74DA38F7C616,2026-08-04,13:12:02,30.75,100.0,0.0,25.031,121.563
74DA38F7C560,2026-08-04,13:12:07,31.11,-64.0,0.0,25.079,121.671
74DA38F7C59C,2026-08-04,13:12:34,30.25,83.0,9.0,25.103,121.487
74DA38F7C310,2026-08-04,13:12:35,30.75,100.0,4.0,25.09,121.464
74DA38F20934,2026-08-04,13:12:39,30.0,78.0,2.0,23.002,121.29
74DA38F7C42E,2026-08-04,13:12:41,29.25,100.0,0.0,24.969,121.514
74DA38F7C532,2026-08-04,13:12:44,29.86,100.0,6.0,25.059,121.499
74DA38F20D2E,2026-08-04,13:12:48,30.5,100.0,0.0,25.06,121.545
74DA38F21088,2026-08-04,13:12:56,30.75,100.0,0.0,25.068,121.588
74DA38F21170,2026-08-04,13:12:58,29.86,80.0,9.0,22.779,121.088
74DA38F7C600,2026-08-04,13:13:00,23.25,48.0,4.0,25.07,121.586
74DA38F21136,2026-08-04,13:13:07,30.5,100.0,3.0,25.119,121.505
74DA38F7C53A,2026-08-04,13:13:13,-4.0,0.0,0.0,25.067,121.641
74DA38F7C514,2026-08-04,13:13:18,30.61,100.0,6.0,25.051,121.518
74DA38F210F6,2026-08-04,13:13:22,30.75,100.0,3.0,22.757426,121.158891
74DA38ED04F2,2026-08-04,13:13:24,27.5,100.0,1.0,23.468,121.496
74DA38F20D1E,2026-08-04,13:13:31,30.0,100.0,7.0,25.048,121.573
74DA38F7C27E,2026-08-04,13:13:35,30.61,100.0,5.0,25.053,121.444
74DA38F7C260,2026-08-04,13:13:36,31.86,100.0,0.0,25.065,121.425
74DA38F7C4DE,2026-08-04,13:13:46,29.61,100.0,0.0,25.09,121.462
74DA38ED06E0,2026-08-04,13:13:48,29.5,97.0,3.0,23.601,121.521
74DA38F7C41E,2026-08-04,13:13:49,30.11,86.0,0.0,25.054,121.517
74DA38ED05B6,2026-08-04,13:13:50,28.5,100.0,3.0,23.43,121.348
74DA38ED0454,2026-08-04,13:13:53,31.0,100.0,2.0,24.053,121.599
74DA38ED0630,2026-08-04,13:13:54,30.5,100.0,0.0,23.994,121.594
74DA38F7C53C,2026-08-04,13:14:05,28.86,100.0,0.0,25.11,121.804
74DA38F7C13A,2026-08-04,13:14:12,22.37,-51.0,0.0,25.069,121.359
74DA38ED059C,2026-08-04,13:14:13,29.36,100.0,2.0,23.706,121.412
74DA38F20D1A,2026-08-04,13:14:13,29.36,100.0,0.0,25.078,121.541
74DA38F20862,2026-08-04,13:14:20,28.36,100.0,3.0,23.101,121.176
74DA38F7C4CC,2026-08-04,13:14:35,30.25,100.0,4.0,25.062,121.451
74DA38F20A78,2026-08-04,13:14:40,29.61,100.0,2.0,22.904,121.124
74DA38F20A30,2026-08-04,13:14:45,30.11,80.0,21.0,24.948,121.372
74DA38F7C610,2026-08-04,13:14:54,30.36,99.0,6.0,25.063,121.564
74DA38F7C54E,2026-08-04,13:14:57,28.75,100.0,0.0,25.063,121.661
74DA38F7C30C,2026-08-04,13:14:59,30.5,92.0,0.0,24.975,121.532
74DA38F7C3DE,2026-08-04,13:15:00,31.75,100.0,255.0,24.972,121.537
74DA38F7C570,2026-08-04,13:15:12,30.11,100.0,0.0,25.239,121.63
74DA38F7C3BA,2026-08-04,13:15:16,-4.0,0.0,78.0,25.174,121.441
74DA38F7C5A0,2026-08-04,13:15:16,30.5,100.0,0.0,25.107,121.518
74DA38F7C5CE,2026-08-04,13:15:16,29.61,85.0,0.0,25.066,121.656
74DA38F210A2,2026-08-04,13:15:18,29.86,100.0,1.0,25.12,121.466
74DA38ED05EA,2026-08-04,13:15:20,29.25,100.0,1.0,23.394,121.357
74DA38F7C3B2,2026-08-04,13:15:23,32.5,62.0,1.0,24.929,121.378
74DA38F7C5E6,2026-08-04,13:15:23,32.0,100.0,9.0,25.107,121.843
74DA38F21024,2026-08-04,13:15:25,29.25,100.0,0.0,24.93,121.036
74DA38F7C3D6,2026-08-04,13:15:28,31.61,100.0,0.0,25.045,121.541
74DA38F209DE,2026-08-04,13:15:32,30.86,100.0,0.0,24.861,120.964
74DA38F7C3DC,2026-08-04,13:15:32,29.5,100.0,8.0,25.003,121.539
74DA38F20E6E,2026-08-04,13:15:35,27.12,100.0,0.0,24.41,120.902
74DA38F209A8,2026-08-04,13:15:38,-4.0,0.0,0.0,22.401,120.577
74DA38F2105C,2026-08-04,13:15:51,30.11,100.0,0.0,25.088,121.599
74DA38ED0640,2026-08-04,13:15:55,27.5,100.0,3.0,23.154,121.266
74DA38F20EB2,2026-08-04,13:15:55,27.75,100.0,12.0,24.324,120.835
74DA38F7C524,2026-08-04,13:15:55,30.0,100.0,0.0,25.002,121.552
74DA38F20E9E,2026-08-04,13:15:58,28.0,100.0,4.0,24.648,121.151
74DA38F20D70,2026-08-04,13:16:04,30.11,91.0,0.0,23.05,121.164
74DA38F209B2,2026-08-04,13:16:15,28.61,100.0,0.0,22.363,120.599
74DA38F7C366,2026-08-04,13:16:31,30.11,100.0,2.0,25.002,121.516
74DA38F209F8,2026-08-04,13:16:39,28.0,100.0,0.0,23.157,121.4
74DA38F7C430,2026-08-04,13:16:43,32.11,78.0,0.0,24.981,121.423
74DA38F7C39A,2026-08-04,13:16:47,30.61,100.0,0.0,25.002,121.414
74DA38F7C5AA,2026-08-04,13:16:55,29.5,100.0,0.0,25.0,121.479
74DA38F20C06,2026-08-04,13:16:58,32.0,65.0,7.0,24.874,121.02
74DA38F7C506,2026-08-04,13:16:58,30.0,100.0,0.0,24.996,121.544
74DA38F209EE,2026-08-04,13:17:16,29.0,100.0,0.0,23.026,121.33
74DA38F7C47C,2026-08-04,13:17:19,30.5,100.0,76.0,25.055,121.455
74DA38F208E2,2026-08-04,13:17:23,28.86,100.0,5.0,24.688,121.766
74DA38F7C63C,2026-08-04,13:17:27,60.62,100.0,3.0,24.998,121.425
74DA38F20D16,2026-08-04,13:17:28,31.0,100.0,6.0,25.062,121.526
74DA38F21204,2026-08-04,13:17:32,29.61,100.0,0.0,25.062,121.451
74DA38F7C37C,2026-08-04,13:17:40,27.87,100.0,0.0,25.111,121.856
74DA38F7C46C,2026-08-04,13:17:41,-4.0,0.0,0.0,25.288,121.544
74DA38F7C464,2026-08-04,13:17:47,26.12,30.0,0.0,25.006,121.413
74DA38F7C47E,2026-08-04,13:18:02,30.25,100.0,8.0,25.053963,121.427681
74DA38F7C5BE,2026-08-04,13:18:07,29.86,98.0,8.0,25.092,121.523
74DA38F7C616,2026-08-04,13:18:09,30.75,100.0,0.0,25.031,121.563
74DA38F7C480,2026-08-04,13:18:24,29.61,100.0,0.0,25.061,121.432
74DA38F7C560,2026-08-04,13:18:34,31.11,-64.0,0.0,25.079,121.671
74DA38F7C310,2026-08-04,13:18:40,30.75,100.0,4.0,25.09,121.464
74DA38F20934,2026-08-04,13:18:50,30.11,78.0,2.0,23.002,121.29
74DA38F7C532,2026-08-04,13:18:50,29.86,100.0,5.0,25.059,121.499
74DA38F7C59C,2026-08-04,13:19:00,30.11,84.0,10.0,25.103,121.487
74DA38F21170,2026-08-04,13:19:05,29.61,80.0,10.0,22.779,121.088
74DA38F7C600,2026-08-04,13:19:06,23.25,48.0,4.0,25.07,121.586
74DA38F7C42E,2026-08-04,13:19:08,29.11,100.0,0.0,24.969,121.514
74DA38F20D2E,2026-08-04,13:19:16,30.5,100.0,0.0,25.06,121.545
74DA38F21088,2026-08-04,13:19:23,30.75,100.0,0.0,25.068,121.588
74DA38F7C514,2026-08-04,13:19:24,30.5,100.0,5.0,25.051,121.518
74DA38F210F6,2026-08-04,13:19:27,30.75,100.0,3.0,22.757426,121.158891
74DA38F21136,2026-08-04,13:19:29,30.36,100.0,3.0,25.119,121.505
74DA38ED04F2,2026-08-04,13:19:32,27.62,100.0,1.0,23.468,121.496
74DA38F20D1E,2026-08-04,13:19:40,30.0,100.0,8.0,25.048,121.573
74DA38F7C27E,2026-08-04,13:19:41,30.61,100.0,5.0,25.053,121.444
74DA38F7C4DE,2026-08-04,13:19:51,29.61,100.0,0.0,25.09,121.462
74DA38ED06E0,2026-08-04,13:19:54,29.5,97.0,3.0,23.601,121.521
74DA38ED05B6,2026-08-04,13:19:55,28.5,100.0,3.0,23.43,121.348
74DA38ED0454,2026-08-04,13:19:59,30.86,100.0,3.0,24.053,121.599
74DA38F7C260,2026-08-04,13:20:08,31.86,100.0,0.0,25.065,121.425
74DA38ED059C,2026-08-04,13:20:19,29.36,100.0,3.0,23.706,121.412
74DA38F7C41E,2026-08-04,13:20:20,30.11,86.0,0.0,25.054,121.517
74DA38ED0630,2026-08-04,13:20:21,30.5,100.0,0.0,23.994,121.594
74DA38F20862,2026-08-04,13:20:27,28.5,100.0,3.0,23.101,121.176
74DA38F7C53C,2026-08-04,13:20:33,28.86,100.0,0.0,25.11,121.804
74DA38F7C592,2026-08-04,13:20:37,-4.0,0.0,0.0,25.224,121.637
74DA38F7C13A,2026-08-04,13:20:39,22.37,-51.0,0.0,25.069,121.359
74DA38F20D1A,2026-08-04,13:20:41,29.25,100.0,0.0,25.078,121.541
74DA38F7C4CC,2026-08-04,13:20:42,30.11,100.0,4.0,25.062,121.451
74DA38F20A78,2026-08-04,13:20:46,29.5,100.0,2.0,22.904,121.124
74DA38F7C3DE,2026-08-04,13:20:57,31.61,100.0,251.0,24.972,121.537
74DA38F7C610,2026-08-04,13:20:58,30.36,99.0,6.0,25.063,121.564
74DA38F7C30C,2026-08-04,13:21:11,30.5,92.0,0.0,24.975,121.532
74DA38F7C54E,2026-08-04,13:21:23,28.75,100.0,0.0,25.063,121.661
74DA38F20A30,2026-08-04,13:21:24,30.0,80.0,21.0,24.948,121.372
74DA38F210A2,2026-08-04,13:21:24,30.0,100.0,0.0,25.12,121.466
74DA38ED05EA,2026-08-04,13:21:25,29.25,100.0,1.0,23.394,121.357
74DA38F7C3B2,2026-08-04,13:21:29,32.5,62.0,1.0,24.929,121.378
74DA38F7C5E6,2026-08-04,13:21:31,32.11,100.0,5.0,25.107,121.843
74DA38F20E6E,2026-08-04,13:21:37,27.12,100.0,0.0,24.41,120.902
74DA38F7C3DC,2026-08-04,13:21:37,29.5,100.0,8.0,25.003,121.539
74DA38F7C570,2026-08-04,13:21:39,29.61,100.0,0.0,25.239,121.63
74DA38F7C5A0,2026-08-04,13:21:43,30.5,100.0,0.0,25.107,121.518
74DA38F7C5CE,2026-08-04,13:21:44,29.61,86.0,0.0,25.066,121.656
74DA38F21024,2026-08-04,13:21:52,29.25,100.0,0.0,24.93,121.036
74DA38F7C3D6,2026-08-04,13:21:55,31.5,100.0,0.0,25.045,121.541
74DA38F209DE,2026-08-04,13:21:58,30.75,100.0,0.0,24.861,120.964
74DA38ED0640,2026-08-04,13:22:01,27.62,100.0,2.0,23.154,121.266
74DA38F20EB2,2026-08-04,13:22:01,27.75,100.0,12.0,24.324,120.835
74DA38F20E9E,2026-08-04,13:22:03,28.0,100.0,4.0,24.648,121.151
74DA38F7C338,2026-08-04,13:22:06,30.75,100.0,5.0,25.011,121.458
74DA38F20D70,2026-08-04,13:22:09,30.11,91.0,0.0,23.05,121.164
74DA38F2105C,2026-08-04,13:22:18,30.11,100.0,0.0,25.088,121.599
74DA38F7C524,2026-08-04,13:22:23,29.86,100.0,0.0,25.002,121.552
74DA38F7C366,2026-08-04,13:22:37,30.25,100.0,2.0,25.002,121.516
74DA38F209B2,2026-08-04,13:22:41,28.61,100.0,0.0,22.363,120.599
74DA38F7C53A,2026-08-04,13:22:54,-4.0,0.0,0.0,25.067,121.641
74DA38F20BF6,2026-08-04,13:23:01,30.0,100.0,16.0,22.582,120.368
74DA38F20C06,2026-08-04,13:23:04,31.86,65.0,6.0,24.874,121.02
74DA38F209F8,2026-08-04,13:23:07,28.0,100.0,0.0,23.157,121.4
74DA38F7C430,2026-08-04,13:23:11,32.11,78.0,0.0,24.981,121.423
74DA38F7C39A,2026-08-04,13:23:13,30.61,100.0,0.0,25.002,121.414
74DA38F7C47C,2026-08-04,13:23:15,30.36,100.0,72.0,25.055,121.455
74DA38F209EE,2026-08-04,13:23:21,29.0,100.0,0.0,23.026,121.33
74DA38F7C5AA,2026-08-04,13:23:25,29.5,100.0,0.0,25.0,121.479
74DA38F208E2,2026-08-04,13:23:28,28.86,100.0,5.0,24.688,121.766
74DA38F7C506,2026-08-04,13:23:29,29.86,100.0,0.0,24.996,121.544
74DA38F20D16,2026-08-04,13:23:33,30.86,100.0,5.0,25.062,121.526
74DA38F21204,2026-08-04,13:23:38,29.61,100.0,0.0,25.062,121.451
74DA38F7C3BA,2026-08-04,13:23:58,-4.0,0.0,78.0,25.174,121.441
74DA38F7C37C,2026-08-04,13:24:06,27.87,100.0,0.0,25.111,121.856
74DA38F7C47E,2026-08-04,13:24:07,30.11,100.0,8.0,25.053963,121.427681
74DA38F7C5BE,2026-08-04,13:24:13,29.75,99.0,8.0,25.092,121.523
74DA38F7C616,2026-08-04,13:24:15,30.61,100.0,0.0,25.031,121.563
74DA38F7C464,2026-08-04,13:24:44,26.12,30.0,0.0,25.006,121.413
74DA38F7C310,2026-08-04,13:24:46,30.75,100.0,5.0,25.09,121.464
74DA38F7C480,2026-08-04,13:24:51,29.61,100.0,0.0,25.061,121.432
74DA38F20934,2026-08-04,13:24:59,30.0,78.0,2.0,23.002,121.29
74DA38F7C532,2026-08-04,13:25:00,29.86,100.0,6.0,25.059,121.499
74DA38F7C560,2026-08-04,13:25:01,31.0,-64.0,0.0,25.079,121.671
74DA38F21170,2026-08-04,13:25:11,29.61,80.0,4.0,22.779,121.088
74DA38F7C600,2026-08-04,13:25:11,23.25,48.0,4.0,25.07,121.586
74DA38F209A8,2026-08-04,13:25:19,-4.0,0.0,0.0,22.401,120.577
74DA38F7C59C,2026-08-04,13:25:28,30.0,84.0,10.0,25.103,121.487
74DA38F7C514,2026-08-04,13:25:30,30.61,100.0,5.0,25.051,121.518
74DA38F210F6,2026-08-04,13:25:33,30.75,100.0,4.0,22.757426,121.158891
74DA38F7C42E,2026-08-04,13:25:35,29.36,100.0,0.0,24.969,121.514
74DA38ED04F2,2026-08-04,13:25:40,27.62,100.0,1.0,23.468,121.496
74DA38F20D2E,2026-08-04,13:25:43,30.5,100.0,0.0,25.06,121.545
74DA38F7C27E,2026-08-04,13:25:46,30.61,100.0,5.0,25.053,121.444
74DA38F21088,2026-08-04,13:25:52,30.75,100.0,0.0,25.068,121.588
74DA38F7C4DE,2026-08-04,13:25:57,29.5,100.0,0.0,25.09,121.462
74DA38ED05B6,2026-08-04,13:26:00,28.5,100.0,3.0,23.43,121.348
74DA38ED06E0,2026-08-04,13:26:01,29.5,97.0,3.0,23.601,121.521
74DA38ED0454,2026-08-04,13:26:04,30.86,100.0,3.0,24.053,121.599
74DA38ED059C,2026-08-04,13:26:26,29.36,100.0,2.0,23.706,121.412
74DA38F20862,2026-08-04,13:26:33,28.5,100.0,3.0,23.101,121.176
74DA38F7C260,2026-08-04,13:26:40,31.75,100.0,0.0,25.065,121.425
74DA38ED0630,2026-08-04,13:26:48,30.5,100.0,0.0,23.994,121.594
74DA38F7C41E,2026-08-04,13:26:48,30.11,86.0,0.0,25.054,121.517
74DA38F7C4CC,2026-08-04,13:26:49,30.11,100.0,4.0,25.062,121.451
74DA38F20A78,2026-08-04,13:26:52,29.5,100.0,2.0,22.904,121.124
74DA38F7C3DE,2026-08-04,13:26:52,31.36,100.0,255.0,24.972,121.537
74DA38F7C53C,2026-08-04,13:26:59,28.75,100.0,0.0,25.11,121.804
74DA38F7C63C,2026-08-04,13:27:00,60.62,100.0,3.0,24.998,121.425
74DA38F7C610,2026-08-04,13:27:04,30.36,99.0,6.0,25.063,121.564
74DA38F7C13A,2026-08-04,13:27:06,22.37,-49.0,0.0,25.069,121.359
74DA38F20D1A,2026-08-04,13:27:11,29.5,100.0,0.0,25.078,121.541
74DA38F7C46C,2026-08-04,13:27:23,-4.0,0.0,0.0,25.288,121.544
74DA38F210A2,2026-08-04,13:27:29,30.0,100.0,1.0,25.12,121.466
74DA38ED05EA,2026-08-04,13:27:30,29.25,100.0,2.0,23.394,121.357
74DA38F7C3B2,2026-08-04,13:27:35,32.36,62.0,1.0,24.929,121.378
74DA38F20E6E,2026-08-04,13:27:38,27.0,100.0,0.0,24.41,120.902
74DA38F7C5E6,2026-08-04,13:27:39,32.11,100.0,7.0,25.107,121.843
74DA38F7C3DC,2026-08-04,13:27:43,29.36,100.0,8.0,25.003,121.539
74DA38F7C54E,2026-08-04,13:27:48,28.61,100.0,0.0,25.063,121.661
74DA38F20A30,2026-08-04,13:28:06,30.0,80.0,22.0,24.948,121.372
74DA38F7C570,2026-08-04,13:28:06,29.36,100.0,0.0,25.239,121.63
74DA38F20E9E,2026-08-04,13:28:08,28.0,100.0,2.0,24.648,121.151
74DA38F20EB2,2026-08-04,13:28:08,27.75,100.0,11.0,24.324,120.835
74DA38F7C5CE,2026-08-04,13:28:10,29.5,86.0,0.0,25.066,121.656
74DA38ED0640,2026-08-04,13:28:11,27.62,100.0,2.0,23.154,121.266
74DA38F7C5A0,2026-08-04,13:28:11,30.61,100.0,0.0,25.107,121.518
74DA38F7C338,2026-08-04,13:28:12,30.75,100.0,5.0,25.011,121.458
74DA38F20D70,2026-08-04,13:28:15,30.11,91.0,0.0,23.05,121.164
74DA38F21024,2026-08-04,13:28:18,29.25,100.0,0.0,24.93,121.036
74DA38F7C3D6,2026-08-04,13:28:22,31.25,100.0,0.0,25.045,121.541
74DA38F209DE,2026-08-04,13:28:25,31.0,100.0,0.0,24.861,120.964
74DA38F7C366,2026-08-04,13:28:43,30.25,100.0,2.0,25.002,121.516
74DA38F2105C,2026-08-04,13:28:45,30.0,100.0,0.0,25.088,121.599
74DA38F7C524,2026-08-04,13:28:51,30.0,100.0,0.0,25.002,121.552
74DA38F209B2,2026-08-04,13:29:08,28.61,100.0,0.0,22.363,120.599
74DA38F20C06,2026-08-04,13:29:09,32.0,65.0,6.0,24.874,121.02
74DA38F7C47C,2026-08-04,13:29:10,30.25,100.0,93.0,25.055,121.455
74DA38F209EE,2026-08-04,13:29:26,29.11,100.0,0.0,23.026,121.33
74DA38F208E2,2026-08-04,13:29:33,28.75,100.0,5.0,24.688,121.766
74DA38F209F8,2026-08-04,13:29:34,28.0,100.0,0.0,23.157,121.4
74DA38F7C430,2026-08-04,13:29:38,32.11,78.0,0.0,24.981,121.423
74DA38F20D16,2026-08-04,13:29:40,30.75,100.0,6.0,25.062,121.526
74DA38F7C39A,2026-08-04,13:29:41,30.61,100.0,0.0,25.002,121.414
74DA38F21204,2026-08-04,13:29:48,29.61,100.0,0.0,25.062,121.451
74DA38F7C5AA,2026-08-04,13:29:53,29.36,100.0,0.0,25.0,121.479
74DA38F7C506,2026-08-04,13:30:02,29.75,100.0,0.0,24.996,121.544
74DA38F7C47E,2026-08-04,13:30:12,30.0,100.0,7.0,25.053963,121.427681
74DA38F7C592,2026-08-04,13:30:16,-4.0,0.0,0.0,25.224,121.637
74DA38F7C5BE,2026-08-04,13:30:20,29.75,99.0,9.0,25.092,121.523
74DA38F7C616,2026-08-04,13:30:21,30.75,100.0,0.0,25.031,121.563
74DA38F7C37C,2026-08-04,13:30:34,27.87,100.0,0.0,25.111,121.856
74DA38F7C310,2026-08-04,13:30:51,30.75,100.0,4.0,25.09,121.464
74DA38F20934,2026-08-04,13:31:04,30.0,78.0,2.0,23.002,121.29
74DA38F7C532,2026-08-04,13:31:10,29.86,100.0,6.0,25.059,121.499
74DA38F7C600,2026-08-04,13:31:17,23.25,48.0,4.0,25.07,121.586
74DA38F21170,2026-08-04,13:31:19,29.86,80.0,4.0,22.779,121.088
74DA38F7C480,2026-08-04,13:31:19,29.25,100.0,0.0,25.061,121.432
74DA38F7C560,2026-08-04,13:31:29,31.0,-64.0,0.0,25.079,121.671
74DA38F7C514,2026-08-04,13:31:36,30.5,100.0,5.0,25.051,121.518
74DA38F210F6,2026-08-04,13:31:38,30.75,100.0,3.0,22.757426,121.158891
74DA38ED04F2,2026-08-04,13:31:48,27.5,100.0,1.0,23.468,121.496
74DA38F7C27E,2026-08-04,13:31:51,30.61,100.0,5.0,25.053,121.444
74DA38F7C59C,2026-08-04,13:31:55,30.0,84.0,11.0,25.103,121.487
74DA38ED06E0,2026-08-04,13:32:07,29.36,97.0,3.0,23.601,121.521
74DA38ED0454,2026-08-04,13:32:08,30.75,100.0,3.0,24.053,121.599
74DA38ED05B6,2026-08-04,13:32:08,28.5,100.0,4.0,23.43,121.348
74DA38F20D2E,2026-08-04,13:32:10,30.5,100.0,0.0,25.06,121.545
74DA38F7C42E,2026-08-04,13:32:10,29.25,100.0,0.0,24.969,121.514
74DA38F20D1E,2026-08-04,13:32:12,29.86,100.0,8.0,25.048,121.573
74DA38F7C566,2026-08-04,13:32:12,32.36,100.0,0.0,25.051,121.448
74DA38F7C4DE,2026-08-04,13:32:17,29.75,100.0,0.0,25.09,121.462
74DA38F21088,2026-08-04,13:32:20,30.75,100.0,0.0,25.068,121.588
74DA38F21136,2026-08-04,13:32:27,30.11,100.0,2.0,25.119,121.505
74DA38ED059C,2026-08-04,13:32:32,29.36,100.0,2.0,23.706,121.412
74DA38F7C53A,2026-08-04,13:32:34,-4.0,0.0,0.0,25.067,121.641
74DA38F20862,2026-08-04,13:32:39,28.36,100.0,3.0,23.101,121.176
74DA38F7C3BA,2026-08-04,13:32:40,-4.0,0.0,79.0,25.174,121.441
74DA38F7C3DE,2026-08-04,13:32:50,31.5,100.0,263.0,24.972,121.537
74DA38F7C4CC,2026-08-04,13:32:55,30.25,100.0,4.0,25.062,121.451
74DA38F20A78,2026-08-04,13:32:59,29.5,100.0,2.0,22.904,121.124
74DA38F7C610,2026-08-04,13:33:10,30.36,99.0,6.0,25.063,121.564
74DA38ED0630,2026-08-04,13:33:16,30.5,100.0,0.0,23.994,121.594
74DA38F7C41E,2026-08-04,13:33:17,30.11,86.0,0.0,25.054,121.517
74DA38F7C53C,2026-08-04,13:33:25,28.61,100.0,0.0,25.11,121.804
74DA38F7C260,2026-08-04,13:33:29,31.75,100.0,0.0,25.065,121.425
74DA38F210A2,2026-08-04,13:33:34,29.86,100.0,1.0,25.12,121.466
74DA38ED05EA,2026-08-04,13:33:36,29.25,100.0,1.0,23.394,121.357
74DA38F7C13A,2026-08-04,13:33:36,22.25,-49.0,0.0,25.069,121.359
74DA38F20D1A,2026-08-04,13:33:40,29.61,100.0,0.0,25.078,121.541
74DA38F20E6E,2026-08-04,13:33:40,27.0,100.0,0.0,24.41,120.902
74DA38F7C3B2,2026-08-04,13:33:40,32.5,62.0,1.0,24.929,121.378
74DA38F7C5E6,2026-08-04,13:33:47,32.0,100.0,8.0,25.107,121.843
74DA38F7C3DC,2026-08-04,13:33:49,29.5,100.0,8.0,25.003,121.539
74DA38F20E9E,2026-08-04,13:34:13,28.0,100.0,3.0,24.648,121.151
74DA38F7C54E,2026-08-04,13:34:14,28.5,100.0,0.0,25.063,121.661
74DA38F20EB2,2026-08-04,13:34:15,27.5,100.0,12.0,24.324,120.835
74DA38ED0640,2026-08-04,13:34:17,27.5,100.0,2.0,23.154,121.266
74DA38F7C338,2026-08-04,13:34:20,30.75,100.0,6.0,25.011,121.458
74DA38F20D70,2026-08-04,13:34:21,30.11,91.0,0.0,23.05,121.164
74DA38F7C30C,2026-08-04,13:34:25,30.5,91.0,0.0,24.975,121.532
74DA38F7C570,2026-08-04,13:34:34,28.86,100.0,0.0,25.239,121.63
74DA38F7C5A0,2026-08-04,13:34:38,30.61,100.0,0.0,25.107,121.518
74DA38F7C5CE,2026-08-04,13:34:38,29.36,86.0,0.0,25.066,121.656
74DA38F20A30,2026-08-04,13:34:45,30.0,80.0,28.0,24.948,121.372
74DA38F21024,2026-08-04,13:34:46,29.25,100.0,0.0,24.93,121.036
74DA38F7C3D6,2026-08-04,13:34:48,31.25,100.0,0.0,25.045,121.541
74DA38F7C366,2026-08-04,13:34:49,29.86,100.0,2.0,25.002,121.516
74DA38F209DE,2026-08-04,13:34:54,31.11,100.0,0.0,24.861,120.964
74DA38F209A8,2026-08-04,13:34:57,-4.0,0.0,0.0,22.401,120.577
74DA38F7C47C,2026-08-04,13:35:04,30.25,100.0,92.0,25.055,121.455
74DA38F2105C,2026-08-04,13:35:11,30.11,100.0,0.0,25.088,121.599
74DA38F20C06,2026-08-04,13:35:14,31.86,66.0,6.0,24.874,121.02
74DA38F7C524,2026-08-04,13:35:20,30.0,100.0,0.0,25.002,121.552
74DA38F209EE,2026-08-04,13:35:31,29.25,100.0,0.0,23.026,121.33
74DA38F209B2,2026-08-04,13:35:35,28.5,100.0,0.0,22.363,120.599
74DA38F208E2,2026-08-04,13:35:37,28.75,100.0,5.0,24.688,121.766
74DA38F20D16,2026-08-04,13:35:44,30.75,100.0,6.0,25.062,121.526
74DA38F21204,2026-08-04,13:35:56,29.61,100.0,0.0,25.062,121.451
74DA38F209F8,2026-08-04,13:36:01,27.87,100.0,0.0,23.157,121.4
74DA38F7C430,2026-08-04,13:36:06,32.11,78.0,0.0,24.981,121.423
74DA38F7C39A,2026-08-04,13:36:08,30.61,100.0,0.0,25.002,121.414
74DA38F7C47E,2026-08-04,13:36:18,30.25,100.0,8.0,25.053963,121.427681
74DA38F7C5AA,2026-08-04,13:36:21,29.5,100.0,0.0,25.0,121.479
74DA38F7C5BE,2026-08-04,13:36:25,29.75,99.0,9.0,25.092,121.523
74DA38F7C616,2026-08-04,13:36:28,30.61,100.0,0.0,25.031,121.563
74DA38F7C506,2026-08-04,13:36:31,29.61,100.0,0.0,24.996,121.544
74DA38F7C63C,2026-08-04,13:36:33,60.62,100.0,3.0,24.998,121.425
74DA38F7C310,2026-08-04,13:36:56,30.75,100.0,4.0,25.09,121.464
74DA38F7C37C,2026-08-04,13:37:01,27.87,100.0,0.0,25.111,121.856
74DA38F7C46C,2026-08-04,13:37:02,-4.0,0.0,0.0,25.288,121.544
74DA38F20934,2026-08-04,13:37:14,29.86,78.0,2.0,23.002,121.29
74DA38F7C532,2026-08-04,13:37:22,29.86,100.0,5.0,25.059,121.499
74DA38F7C600,2026-08-04,13:37:22,23.25,48.0,4.0,25.07,121.586
74DA38F21170,2026-08-04,13:37:35,29.86,80.0,5.0,22.779,121.088
74DA38F210F6,2026-08-04,13:37:42,30.75,100.0,3.0,22.757426,121.158891
74DA38F7C514,2026-08-04,13:37:42,30.5,100.0,5.0,25.051,121.518
74DA38F7C480,2026-08-04,13:37:46,29.11,100.0,0.0,25.061,121.432
74DA38F7C560,2026-08-04,13:37:56,31.0,-64.0,0.0,25.079,121.671
74DA38ED04F2,2026-08-04,13:37:57,27.5,100.0,0.0,23.468,121.496
74DA38F7C27E,2026-08-04,13:37:59,30.61,100.0,5.0,25.053,121.444
74DA38ED06E0,2026-08-04,13:38:13,29.5,97.0,3.0,23.601,121.521
74DA38ED0454,2026-08-04,13:38:14,30.75,100.0,3.0,24.053,121.599
74DA38ED05B6,2026-08-04,13:38:15,28.61,100.0,3.0,23.43,121.348
74DA38F7C59C,2026-08-04,13:38:21,29.86,85.0,11.0,25.103,121.487
74DA38F20D1E,2026-08-04,13:38:26,29.75,100.0,8.0,25.048,121.573
74DA38F7C4DE,2026-08-04,13:38:30,29.75,100.0,0.0,25.09,121.462
74DA38ED059C,2026-08-04,13:38:39,29.36,100.0,2.0,23.706,121.412
74DA38F20D2E,2026-08-04,13:38:39,30.5,100.0,0.0,25.06,121.545
74DA38F7C464,2026-08-04,13:38:40,26.12,30.0,0.0,25.006,121.413
74DA38F7C42E,2026-08-04,13:38:42,29.0,100.0,0.0,24.969,121.514
74DA38F20862,2026-08-04,13:38:45,28.36,100.0,4.0,23.101,121.176
74DA38F21088,2026-08-04,13:38:47,30.61,100.0,0.0,25.068,121.588
74DA38F7C4CC,2026-08-04,13:39:01,30.11,100.0,4.0,25.062,121.451
74DA38F20A78,2026-08-04,13:39:07,29.5,100.0,2.0,22.904,121.124
74DA38F7C610,2026-08-04,13:39:15,30.25,100.0,6.0,25.063,121.564
74DA38F210A2,2026-08-04,13:39:39,29.75,100.0,0.0,25.12,121.466
74DA38ED05EA,2026-08-04,13:39:42,29.25,100.0,1.0,23.394,121.357
74DA38F20E6E,2026-08-04,13:39:42,26.87,100.0,0.0,24.41,120.902
74DA38ED0630,2026-08-04,13:39:46,30.36,100.0,0.0,23.994,121.594
74DA38F7C3B2,2026-08-04,13:39:46,32.5,62.0,1.0,24.929,121.378
74DA38F7C41E,2026-08-04,13:39:46,30.11,85.0,0.0,25.054,121.517
74DA38F7C53C,2026-08-04,13:39:53,28.61,100.0,0.0,25.11,121.804
74DA38F7C3DC,2026-08-04,13:39:54,29.25,100.0,8.0,25.003,121.539
74DA38F7C592,2026-08-04,13:39:55,-4.0,0.0,0.0,25.224,121.637
74DA38F7C5E6,2026-08-04,13:39:56,32.0,100.0,5.0,25.107,121.843
74DA38F7C13A,2026-08-04,13:40:04,22.25,-47.0,0.0,25.069,121.359
74DA38F7C260,2026-08-04,13:40:05,31.5,100.0,0.0,25.065,121.425
74DA38F20D1A,2026-08-04,13:40:07,29.36,100.0,0.0,25.078,121.541
74DA38F20E9E,2026-08-04,13:40:18,28.0,100.0,2.0,24.648,121.151
74DA38ED0640,2026-08-04,13:40:24,27.25,100.0,2.0,23.154,121.266
74DA38F20D70,2026-08-04,13:40:27,30.11,91.0,0.0,23.05,121.164
74DA38F20EB2,2026-08-04,13:40:29,27.25,100.0,13.0,24.324,120.835
74DA38F7C338,2026-08-04,13:40:30,30.75,100.0,6.0,25.011,121.458
74DA38F7C54E,2026-08-04,13:40:39,28.36,100.0,0.0,25.063,121.661
74DA38F7C47C,2026-08-04,13:40:57,30.36,100.0,97.0,25.055,121.455
74DA38F7C366,2026-08-04,13:40:59,29.86,100.0,2.0,25.002,121.516
74DA38F7C570,2026-08-04,13:41:01,29.0,100.0,0.0,25.239,121.63
74DA38F7C5A0,2026-08-04,13:41:05,30.61,100.0,0.0,25.107,121.518
74DA38F7C5CE,2026-08-04,13:41:06,29.36,86.0,0.0,25.066,121.656
74DA38F21024,2026-08-04,13:41:13,29.25,100.0,0.0,24.93,121.036
74DA38F7C3D6,2026-08-04,13:41:15,31.25,100.0,0.0,25.045,121.541
74DA38F20C06,2026-08-04,13:41:19,32.0,65.0,6.0,24.874,121.02
74DA38F209DE,2026-08-04,13:41:20,31.11,100.0,0.0,24.861,120.964
74DA38F7C3BA,2026-08-04,13:41:23,-4.0,0.0,80.0,25.174,121.441
74DA38F20A30,2026-08-04,13:41:30,30.11,80.0,32.0,24.948,121.372
74DA38F209EE,2026-08-04,13:41:36,29.25,100.0,0.0,23.026,121.33
74DA38F2105C,2026-08-04,13:41:39,30.11,100.0,0.0,25.088,121.599
74DA38F208E2,2026-08-04,13:41:42,28.75,100.0,5.0,24.688,121.766
74DA38F20D16,2026-08-04,13:41:49,30.75,100.0,5.0,25.062,121.526
74DA38F7C524,2026-08-04,13:41:49,29.86,100.0,0.0,25.002,121.552
74DA38F209B2,2026-08-04,13:42:02,28.36,100.0,0.0,22.363,120.599
74DA38F21204,2026-08-04,13:42:06,29.5,100.0,0.0,25.062,121.451
74DA38F7C53A,2026-08-04,13:42:17,-4.0,0.0,0.0,25.067,121.641
74DA38F7C47E,2026-08-04,13:42:23,30.36,100.0,7.0,25.053963,121.427681
74DA38F209F8,2026-08-04,13:42:29,27.87,100.0,0.0,23.157,121.4
74DA38F7C5BE,2026-08-04,13:42:30,29.75,100.0,8.0,25.092,121.523
74DA38F7C430,2026-08-04,13:42:33,32.11,77.0,0.0,24.981,121.423
74DA38F7C616,2026-08-04,13:42:34,30.5,100.0,0.0,25.031,121.563
74DA38F7C39A,2026-08-04,13:42:37,30.61,100.0,0.0,25.002,121.414
74DA38F7C5AA,2026-08-04,13:42:48,29.25,100.0,0.0,25.0,121.479
74DA38F7C310,2026-08-04,13:43:00,30.61,100.0,4.0,25.09,121.464
74DA38F7C506,2026-08-04,13:43:09,29.61,100.0,0.0,24.996,121.544
74DA38F20934,2026-08-04,13:43:27,29.86,78.0,2.0,23.002,121.29
74DA38F7C37C,2026-08-04,13:43:28,28.0,100.0,0.0,25.111,121.856
74DA38F7C600,2026-08-04,13:43:28,23.25,48.0,4.0,25.07,121.586
74DA38F7C532,2026-08-04,13:43:30,29.86,100.0,5.0,25.059,121.499
74DA38F21170,2026-08-04,13:43:43,30.0,80.0,4.0,22.779,121.088
74DA38F210F6,2026-08-04,13:43:47,30.75,100.0,3.0,22.757426,121.158891
74DA38F7C514,2026-08-04,13:43:48,30.25,100.0,5.0,25.051,121.518
74DA38ED04F2,2026-08-04,13:44:04,27.62,100.0,0.0,23.468,121.496
74DA38F7C27E,2026-08-04,13:44:04,30.61,100.0,5.0,25.053,121.444
74DA38F7C480,2026-08-04,13:44:13,29.36,100.0,0.0,25.061,121.432
74DA38ED0454,2026-08-04,13:44:18,30.75,100.0,3.0,24.053,121.599
74DA38ED06E0,2026-08-04,13:44:19,29.5,97.0,3.0,23.601,121.521
74DA38ED05B6,2026-08-04,13:44:20,28.5,100.0,3.0,23.43,121.348
74DA38F7C560,2026-08-04,13:44:24,30.86,-64.0,0.0,25.079,121.671
74DA38F209A8,2026-08-04,13:44:35,-4.0,0.0,0.0,22.401,120.577
74DA38F7C4DE,2026-08-04,13:44:42,29.61,100.0,0.0,25.09,121.462
74DA38F7C3DE,2026-08-04,13:44:45,31.5,100.0,251.0,24.972,121.537
74DA38ED059C,2026-08-04,13:44:47,29.36,100.0,3.0,23.706,121.412
74DA38F7C59C,2026-08-04,13:44:49,29.86,85.0,12.0,25.103,121.487
74DA38F20862,2026-08-04,13:44:51,28.36,100.0,6.0,23.101,121.176
74DA38F20D2E,2026-08-04,13:45:05,30.5,100.0,0.0,25.06,121.545
74DA38F7C4CC,2026-08-04,13:45:06,30.11,100.0,5.0,25.062,121.451
74DA38F7C42E,2026-08-04,13:45:11,28.86,100.0,0.0,24.969,121.514
74DA38F20A78,2026-08-04,13:45:13,29.5,100.0,2.0,22.904,121.124
74DA38F7C566,2026-08-04,13:45:15,32.36,100.0,0.0,25.051,121.448
74DA38F21088,2026-08-04,13:45:16,30.5,100.0,0.0,25.068,121.588
74DA38F7C610,2026-08-04,13:45:21,30.25,100.0,6.0,25.063,121.564
74DA38F21136,2026-08-04,13:45:28,29.86,100.0,3.0,25.119,121.505
74DA38F7C464,2026-08-04,13:45:33,26.25,30.0,0.0,25.006,121.413
74DA38F20E6E,2026-08-04,13:45:44,26.87,100.0,0.0,24.41,120.902
74DA38F210A2,2026-08-04,13:45:44,29.86,100.0,0.0,25.12,121.466
74DA38ED05EA,2026-08-04,13:45:47,29.25,100.0,2.0,23.394,121.357
74DA38F7C3B2,2026-08-04,13:45:51,32.5,62.0,1.0,24.929,121.378
74DA38F7C3DC,2026-08-04,13:46:00,29.11,100.0,7.0,25.003,121.539
74DA38F7C5E6,2026-08-04,13:46:03,32.0,100.0,8.0,25.107,121.843
74DA38F7C63C,2026-08-04,13:46:06,60.62,100.0,3.0,24.998,121.425
74DA38ED0630,2026-08-04,13:46:13,30.36,100.0,0.0,23.994,121.594
74DA38F7C41E,2026-08-04,13:46:15,30.11,85.0,0.0,25.054,121.517
74DA38F7C53C,2026-08-04,13:46:20,28.61,100.0,0.0,25.11,121.804
74DA38F20E9E,2026-08-04,13:46:23,28.0,100.0,2.0,24.648,121.151
74DA38ED0640,2026-08-04,13:46:31,27.0,100.0,2.0,23.154,121.266
74DA38F7C13A,2026-08-04,13:46:31,22.25,-46.0,0.0,25.069,121.359
74DA38F20D70,2026-08-04,13:46:33,30.11,91.0,0.0,23.05,121.164
74DA38F7C260,2026-08-04,13:46:33,31.5,100.0,0.0,25.065,121.425
74DA38F20D1A,2026-08-04,13:46:36,29.36,100.0,0.0,25.078,121.541
74DA38F20EB2,2026-08-04,13:46:36,27.25,100.0,13.0,24.324,120.835
74DA38F7C46C,2026-08-04,13:46:41,-4.0,0.0,0.0,25.288,121.544
74DA38F7C47C,2026-08-04,13:46:50,30.36,100.0,96.0,25.055,121.455
74DA38F7C338,2026-08-04,13:46:52,30.61,100.0,5.0,25.011,121.458
74DA38F7C366,2026-08-04,13:47:05,30.0,100.0,2.0,25.002,121.516
74DA38F7C54E,2026-08-04,13:47:06,28.25,100.0,0.0,25.063,121.661
74DA38F20C06,2026-08-04,13:47:25,32.0,66.0,6.0,24.874,121.02
74DA38F7C570,2026-08-04,13:47:29,29.25,100.0,0.0,25.239,121.63
74DA38F7C5CE,2026-08-04,13:47:32,29.36,86.0,0.0,25.066,121.656
74DA38F7C5A0,2026-08-04,13:47:33,30.5,100.0,0.0,25.107,121.518
74DA38F7C30C,2026-08-04,13:47:37,30.61,92.0,0.0,24.975,121.532
74DA38F21024,2026-08-04,13:47:39,29.25,100.0,0.0,24.93,121.036
74DA38F209EE,2026-08-04,13:47:41,29.36,100.0,0.0,23.026,121.33
74DA38F7C3D6,2026-08-04,13:47:42,31.0,100.0,0.0,25.045,121.541
74DA38F208E2,2026-08-04,13:47:47,28.61,100.0,5.0,24.688,121.766
74DA38F209DE,2026-08-04,13:47:48,31.0,100.0,0.0,24.861,120.964
74DA38F20D16,2026-08-04,13:47:54,30.75,100.0,5.0,25.062,121.526
74DA38F2105C,2026-08-04,13:48:05,30.0,100.0,0.0,25.088,121.599
74DA38F20BF6,2026-08-04,13:48:07,30.0,100.0,16.0,22.582,120.368
74DA38F20A30,2026-08-04,13:48:08,30.11,80.0,35.0,24.948,121.372
74DA38F21204,2026-08-04,13:48:12,29.61,100.0,0.0,25.062,121.451
74DA38F7C524,2026-08-04,13:48:19,30.0,100.0,0.0,25.002,121.552
74DA38F209B2,2026-08-04,13:48:28,28.36,100.0,0.0,22.363,120.599
74DA38F7C47E,2026-08-04,13:48:28,30.36,100.0,7.0,25.053963,121.427681
74DA38F7C5BE,2026-08-04,13:48:36,29.75,100.0,8.0,25.092,121.523
74DA38F7C616,2026-08-04,13:48:52,30.61,100.0,0.0,25.031,121.563
74DA38F209F8,2026-08-04,13:48:56,27.87,100.0,0.0,23.157,121.4
74DA38F7C430,2026-08-04,13:49:01,32.11,78.0,0.0,24.981,121.423
74DA38F7C39A,2026-08-04,13:49:04,30.5,100.0,0.0,25.002,121.414
74DA38F7C310,2026-08-04,13:49:05,30.61,100.0,3.0,25.09,121.464
74DA38F7C5AA,2026-08-04,13:49:15,29.0,100.0,1.0,25.0,121.479
74DA38F7C600,2026-08-04,13:49:33,23.25,48.0,4.0,25.07,121.586
74DA38F7C592,2026-08-04,13:49:34,-4.0,0.0,0.0,25.224,121.637
74DA38F7C532,2026-08-04,13:49:35,29.86,100.0,5.0,25.059,121.499
74DA38F7C506,2026-08-04,13:49:38,29.61,100.0,0.0,24.996,121.544
74DA38F20934,2026-08-04,13:49:44,29.86,78.0,1.0,23.002,121.29
74DA38F21170,2026-08-04,13:49:49,30.11,80.0,3.0,22.779,121.088
74DA38F210F6,2026-08-04,13:49:51,30.75,100.0,3.0,22.757426,121.158891
74DA38F7C514,2026-08-04,13:49:54,30.36,100.0,5.0,25.051,121.518
74DA38F7C37C,2026-08-04,13:49:59,27.87,100.0,0.0,25.111,121.856
74DA38F7C3BA,2026-08-04,13:50:05,-4.0,0.0,77.0,25.174,121.441
74DA38F7C27E,2026-08-04,13:50:09,30.75,100.0,5.0,25.053,121.444
74DA38ED04F2,2026-08-04,13:50:11,27.62,100.0,1.0,23.468,121.496
74DA38ED0454,2026-08-04,13:50:23,30.61,100.0,3.0,24.053,121.599
74DA38ED05B6,2026-08-04,13:50:25,28.25,100.0,3.0,23.43,121.348
74DA38ED06E0,2026-08-04,13:50:25,29.36,95.0,3.0,23.601,121.521
74DA38F7C480,2026-08-04,13:50:40,29.5,100.0,0.0,25.061,121.432
74DA38F7C3DE,2026-08-04,13:50:43,31.5,100.0,254.0,24.972,121.537
74DA38F20D1E,2026-08-04,13:50:49,29.75,100.0,8.0,25.048,121.573
74DA38F7C560,2026-08-04,13:50:52,30.86,-64.0,0.0,25.079,121.671
74DA38ED059C,2026-08-04,13:50:53,29.11,100.0,3.0,23.706,121.412
74DA38F20862,2026-08-04,13:50:59,28.36,100.0,5.0,23.101,121.176
74DA38F7C4CC,2026-08-04,13:51:12,30.11,100.0,4.0,25.062,121.451
74DA38F7C59C,2026-08-04,13:51:17,29.86,86.0,14.0,25.103,121.487
74DA38F20A78,2026-08-04,13:51:19,29.5,100.0,2.0,22.904,121.124
74DA38F7C610,2026-08-04,13:51:26,30.25,100.0,6.0,25.063,121.564
74DA38F20D2E,2026-08-04,13:51:34,30.5,100.0,0.0,25.06,121.545
74DA38F7C42E,2026-08-04,13:51:39,28.75,100.0,0.0,24.969,121.514
74DA38F21088,2026-08-04,13:51:44,30.36,100.0,0.0,25.068,121.588
74DA38F20E6E,2026-08-04,13:51:46,26.87,100.0,0.0,24.41,120.902
74DA38F21136,2026-08-04,13:51:46,29.86,100.0,2.0,25.119,121.505
74DA38F210A2,2026-08-04,13:51:48,29.86,100.0,0.0,25.12,121.466
74DA38ED05EA,2026-08-04,13:51:52,29.25,100.0,1.0,23.394,121.357
74DA38F7C3B2,2026-08-04,13:51:56,32.5,62.0,1.0,24.929,121.378
74DA38F7C53A,2026-08-04,13:51:59,-4.0,0.0,0.0,25.067,121.641
74DA38F7C3DC,2026-08-04,13:52:06,29.25,100.0,8.0,25.003,121.539
74DA38F7C5E6,2026-08-04,13:52:13,31.86,100.0,6.0,25.107,121.843
74DA38F7C464,2026-08-04,13:52:20,26.37,30.0,0.0,25.006,121.413
74DA38F20E9E,2026-08-04,13:52:28,28.0,100.0,2.0,24.648,121.151
74DA38F20D70,2026-08-04,13:52:38,30.0,91.0,0.0,23.05,121.164
74DA38ED0640,2026-08-04,13:52:39,26.75,100.0,2.0,23.154,121.266
74DA38ED0630,2026-08-04,13:52:40,30.36,100.0,0.0,23.994,121.594
74DA38F20EB2,2026-08-04,13:52:42,27.12,100.0,10.0,24.324,120.835
74DA38F7C47C,2026-08-04,13:52:44,30.36,100.0,103.0,25.055,121.455
74DA38F7C53C,2026-08-04,13:52:46,28.61,100.0,0.0,25.11,121.804
74DA38F7C41E,2026-08-04,13:52:50,30.11,85.0,0.0,25.054,121.517
74DA38F7C13A,2026-08-04,13:52:57,22.37,-44.0,0.0,25.069,121.359
74DA38F7C260,2026-08-04,13:53:03,31.36,100.0,0.0,25.065,121.425
74DA38F20D1A,2026-08-04,13:53:04,29.25,100.0,0.0,25.078,121.541
74DA38F7C366,2026-08-04,13:53:14,29.86,100.0,2.0,25.002,121.516
74DA38F20C06,2026-08-04,13:53:30,32.0,66.0,7.0,24.874,121.02
74DA38F7C54E,2026-08-04,13:53:32,28.25,100.0,0.0,25.063,121.661
74DA38F7C570,2026-08-04,13:53:56,29.25,100.0,0.0,25.239,121.63
74DA38F7C5A0,2026-08-04,13:54:01,30.61,100.0,0.0,25.107,121.518
74DA38F7C5A0,2026-08-04,14:00:27,30.5,100.0,0.0,25.107,121.518
74DA38F7C5A0,2026-08-04,14:06:56,30.5,100.0,1.0,25.107,121.518
74DA38F7C5A0,2026-08-04,14:13:42,30.5,100.0,0.0,25.107,121.518
74DA38F7C5A0,2026-08-04,14:20:10,30.36,100.0,0.0,25.107,121.518
74DA38F7C5A0,2026-08-04,14:26:38,30.36,100.0,0.0,25.107,121.518
74DA38F7C5A0,2026-08-04,14:33:14,30.25,100.0,0.0,25.107,121.518
74DA38F7C5A0,2026-08-04,14:39:42,30.11,100.0,0.0,25.107,121.518
74DA38F7C5A0,2026-08-04,14:46:10,30.25,100.0,0.0,25.107,121.518
74DA38F7C5A0,2026-08-04,14:52:44,30.25,100.0,0.0,25.107,121.518
74DA38F7C5A0,2026-08-04,14:59:11,30.25,100.0,0.0,25.107,121.518
74DA38F7C5A0,2026-08-04,15:05:38,30.25,100.0,0.0,25.107,121.518
74DA38F7C5A0,2026-08-04,15:12:10,30.25,100.0,0.0,25.107,121.518
74DA38F7C5A0,2026-08-04,15:18:36,30.25,100.0,0.0,25.107,121.518
74DA38F7C5A0,2026-08-04,15:25:04,30.11,100.0,0.0,25.107,121.518
74DA38F7C5A0,2026-08-04,15:31:38,30.11,100.0,0.0,25.107,121.518
74DA38F7C5A0,2026-08-04,15:38:05,30.11,100.0,0.0,25.107,121.518
74DA38F7C5A0,2026-08-04,15:44:32,30.0,100.0,0.0,25.107,121.518
74DA38F7C5A0,2026-08-04,15:51:00,30.11,100.0,0.0,25.107,121.518
74DA38F7C5A0,2026-08-04,15:57:36,30.11,100.0,0.0,25.107,121.518
74DA38F7C5A0,2026-08-04,16:04:04,30.11,100.0,0.0,25.107,121.518
74DA38F7C5A0,2026-08-04,16:10:32,30.25,100.0,0.0,25.107,121.518
74DA38F7C5A0,2026-08-04,16:17:00,30.11,100.0,0.0,25.107,121.518
74DA38F7C5A0,2026-08-04,16:23:27,30.25,100.0,0.0,25.107,121.518
74DA38F7C5A0,2026-08-04,16:29:56,30.11,100.0,0.0,25.107,121.518
74DA38F7C5A0,2026-08-04,16:36:23,30.11,100.0,0.0,25.107,121.518
74DA38F7C5A0,2026-08-04,16:42:50,30.11,100.0,0.0,25.107,121.518
74DA38F7C5A0,2026-08-04,16:49:17,30.11,100.0,0.0,25.107,121.518
74DA38F7C5A0,2026-08-04,16:55:46,30.0,100.0,0.0,25.107,121.518
74DA38F7C5A0,2026-08-04,17:02:12,30.0,100.0,0.0,25.107,121.518
74DA38F7C5A0,2026-08-04,17:08:40,30.11,100.0,0.0,25.107,121.518
74DA38F7C5A0,2026-08-04,17:15:08,30.11,100.0,0.0,25.107,121.518
74DA38F7C5A0,2026-08-04,17:21:35,30.25,100.0,0.0,25.107,121.518
74DA38F7C5A0,2026-08-04,17:28:02,30.11,100.0,0.0,25.107,121.518
74DA38F7C5A0,2026-08-04,17:34:30,30.11,100.0,0.0,25.107,121.518
74DA38F7C5A0,2026-08-04,17:41:06,30.11,100.0,0.0,25.107,121.518
74DA38F7C5A0,2026-08-04,17:47:34,30.11,100.0,0.0,25.107,121.518
74DA38F7C5A0,2026-08-04,17:54:02,30.11,100.0,0.0,25.107,121.518
74DA38F7C5A0,2026-08-04,18:00:39,30.11,100.0,0.0,25.107,121.518
74DA38F7C5A0,2026-08-04,18:07:06,30.11,100.0,0.0,25.107,121.518
74DA38F7C5A0,2026-08-04,18:13:34,30.11,100.0,0.0,25.107,121.518
74DA38F7C5A0,2026-08-04,18:20:07,30.11,100.0,0.0,25.107,121.518
74DA38F7C5A0,2026-08-04,18:26:35,30.11,100.0,0.0,25.107,121.518
74DA38F7C5A0,2026-08-04,18:33:02,30.11,100.0,0.0,25.107,121.518
74DA38F7C5A0,2026-08-04,18:39:41,30.11,100.0,0.0,25.107,121.518
74DA38F7C5A0,2026-08-04,18:46:06,30.11,100.0,0.0,25.107,121.518
74DA38F7C5A0,2026-08-04,18:52:35,30.11,100.0,0.0,25.107,121.518
74DA38F7C5A0,2026-08-04,18:59:15,30.11,100.0,0.0,25.107,121.518
74DA38F7C5A0,2026-08-04,19:05:42,30.11,100.0,0.0,25.107,121.518
74DA38F7C5A0,2026-08-04,19:12:15,30.11,100.0,0.0,25.107,121.518
74DA38F7C5A0,2026-08-04,19:18:48,30.0,100.0,0.0,25.107,121.518
74DA38F7C5A0,2026-08-04,19:25:14,30.0,100.0,0.0,25.107,121.518
74DA38F7C5A0,2026-08-04,19:31:42,29.86,100.0,0.0,25.107,121.518
74DA38F7C5A0,2026-08-04,19:38:19,29.86,100.0,0.0,25.107,121.518
74DA38F7C5A0,2026-08-04,19:44:46,29.75,100.0,0.0,25.107,121.518
74DA38F7C5A0,2026-08-04,19:51:14,29.86,100.0,0.0,25.107,121.518
74DA38F7C5A0,2026-08-04,19:57:51,29.86,100.0,0.0,25.107,121.518
74DA38F7C5A0,2026-08-04,20:04:18,29.86,100.0,0.0,25.107,121.518
74DA38F7C5A0,2026-08-04,20:10:46,29.86,100.0,0.0,25.107,121.518
74DA38F7C5A0,2026-08-04,20:17:20,30.0,100.0,0.0,25.107,121.518
74DA38F7C5A0,2026-08-04,20:23:47,29.75,100.0,0.0,25.107,121.518
74DA38F7C5A0,2026-08-04,20:30:14,29.75,100.0,0.0,25.107,121.518
74DA38F7C5A0,2026-08-04,20:36:48,29.75,100.0,0.0,25.107,121.518
74DA38F7C5A0,2026-08-04,20:43:16,29.75,100.0,0.0,25.107,121.518
74DA38F7C5A0,2026-08-04,20:49:43,29.75,100.0,0.0,25.107,121.518
74DA38F7C5A0,2026-08-04,20:56:18,29.75,100.0,0.0,25.107,121.518
74DA38F7C5A0,2026-08-04,21:02:44,29.75,100.0,0.0,25.107,121.518
74DA38F7C5A0,2026-08-04,21:09:13,29.75,100.0,0.0,25.107,121.518
74DA38F7C5A0,2026-08-04,21:15:43,29.61,100.0,0.0,25.107,121.518
74DA38F7C5A0,2026-08-04,21:22:10,29.75,100.0,0.0,25.107,121.518
74DA38F7C5A0,2026-08-04,21:28:38,29.61,100.0,0.0,25.107,121.518
74DA38F7C5A0,2026-08-04,21:35:07,29.5,100.0,0.0,25.107,121.518
74DA38F7C5A0,2026-08-04,21:41:35,29.5,100.0,0.0,25.107,121.518
74DA38F7C5A0,2026-08-04,21:48:03,29.5,100.0,0.0,25.107,121.518
74DA38F7C5A0,2026-08-04,21:54:31,29.5,100.0,0.0,25.107,121.518
74DA38F7C5A0,2026-08-04,22:00:58,29.61,100.0,0.0,25.107,121.518
74DA38F7C5A0,2026-08-04,22:07:26,29.61,100.0,0.0,25.107,121.518
74DA38F7C5A0,2026-08-04,22:13:54,29.61,100.0,0.0,25.107,121.518
74DA38F7C5A0,2026-08-04,22:20:20,29.5,100.0,0.0,25.107,121.518
74DA38F7C5A0,2026-08-04,22:26:48,29.5,100.0,0.0,25.107,121.518
74DA38F7C5A0,2026-08-04,22:33:15,29.5,100.0,0.0,25.107,121.518
74DA38F7C5A0,2026-08-04,22:39:42,29.61,100.0,0.0,25.107,121.518
74DA38F7C5A0,2026-08-04,22:46:10,29.61,100.0,0.0,25.107,121.518
74DA38F7C5A0,2026-08-04,22:52:37,29.61,100.0,0.0,25.107,121.518
74DA38F7C5A0,2026-08-04,22:59:04,29.75,100.0,0.0,25.107,121.518
74DA38F7C5A0,2026-08-04,23:05:32,29.61,100.0,0.0,25.107,121.518
74DA38F7C5A0,2026-08-04,23:11:59,29.5,100.0,0.0,25.107,121.518
74DA38F7C5A0,2026-08-04,23:18:26,29.61,100.0,0.0,25.107,121.518
74DA38F7C5A0,2026-08-04,23:24:58,29.75,100.0,0.0,25.107,121.518
74DA38F7C5A0,2026-08-04,23:31:25,29.86,100.0,0.0,25.107,121.518
74DA38F7C5A0,2026-08-04,23:37:52,29.86,100.0,0.0,25.107,121.518
74DA38F7C5A0,2026-08-04,23:44:32,30.0,100.0,0.0,25.107,121.518
74DA38F7C5A0,2026-08-04,23:51:00,30.11,100.0,0.0,25.107,121.518
