device_id,date,time,temperature,RH,PM2.5,lat,lon
74DA38F7C5A0,2026-08-05,00:04:04,30.36,100.0,0.0,25.107,121.518
74DA38F7C5A0,2026-08-05,00:10:31,30.36,100.0,0.0,25.107,121.518
74DA38F7C5A0,2026-08-05,00:16:59,30.5,100.0,0.0,25.107,121.518
74DA38F7C5A0,2026-08-05,00:23:35,30.5,100.0,0.0,25.107,121.518
74DA38F7C5A0,2026-08-05,00:30:01,30.5,100.0,0.0,25.107,121.518
74DA38F7C5A0,2026-08-05,00:36:28,30.61,100.0,0.0,25.107,121.518
74DA38F7C5A0,2026-08-05,00:43:09,30.75,100.0,0.0,25.107,121.518
74DA38F7C5A0,2026-08-05,00:49:36,30.75,100.0,0.0,25.107,121.518
74DA38F7C5A0,2026-08-05,00:56:04,31.0,100.0,0.0,25.107,121.518
74DA38F7C5A0,2026-08-05,01:02:37,31.0,100.0,0.0,25.107,121.518
74DA38F7C5A0,2026-08-05,01:09:04,31.0,99.0,0.0,25.107,121.518
74DA38F7C5A0,2026-08-05,01:15:32,31.11,99.0,0.0,25.107,121.518
74DA38F7C5A0,2026-08-05,01:22:13,31.11,98.0,0.0,25.107,121.518
74DA38F7C5A0,2026-08-05,01:28:40,31.25,97.0,0.0,25.107,121.518
74DA38F7C5A0,2026-08-05,01:35:08,31.36,97.0,0.0,25.107,121.518
74DA38F7C5A0,2026-08-05,01:41:43,31.5,97.0,0.0,25.107,121.518
74DA38F7C5A0,2026-08-05,01:48:11,31.36,97.0,0.0,25.107,121.518
74DA38F7C5A0,2026-08-05,01:54:39,31.36,96.0,0.0,25.107,121.518
74DA38F7C5A0,2026-08-05,02:01:12,31.61,96.0,0.0,25.107,121.518
74DA38F7C5A0,2026-08-05,02:07:40,31.75,95.0,0.0,25.107,121.518
74DA38F7C5A0,2026-08-05,02:14:08,32.0,95.0,0.0,25.107,121.518
74DA38F7C5A0,2026-08-05,02:20:41,31.86,95.0,0.0,25.107,121.518
74DA38F7C5A0,2026-08-05,02:27:09,31.86,94.0,0.0,25.107,121.518
74DA38F7C5A0,2026-08-05,02:33:36,31.75,94.0,0.0,25.107,121.518
74DA38F7C5A0,2026-08-05,02:40:12,31.86,94.0,0.0,25.107,121.518
74DA38F7C5A0,2026-08-05,02:46:40,31.75,94.0,0.0,25.107,121.518
74DA38F7C5A0,2026-08-05,02:53:07,31.75,95.0,0.0,25.107,121.518
74DA38F7C5A0,2026-08-05,02:59:37,31.75,95.0,0.0,25.107,121.518
74DA38F7C5A0,2026-08-05,03:06:05,31.75,95.0,0.0,25.107,121.518
74DA38F7C5A0,2026-08-05,03:12:32,31.75,95.0,0.0,25.107,121.518
74DA38F7C5A0,2026-08-05,03:19:00,31.86,96.0,0.0,25.107,121.518
74DA38F7C5A0,2026-08-05,03:25:28,31.86,96.0,0.0,25.107,121.518
74DA38F7C5A0,2026-08-05,03:31:55,32.0,96.0,0.0,25.107,121.518
74DA38F7C5A0,2026-08-05,03:38:23,32.11,96.0,0.0,25.107,121.518
74DA38F7C5A0,2026-08-05,03:44:50,32.11,96.0,0.0,25.107,121.518
74DA38F7C5A0,2026-08-05,03:51:17,32.25,95.0,0.0,25.107,121.518
74DA38F7C5A0,2026-08-05,03:57:46,32.25,96.0,0.0,25.107,121.518
74DA38F7C5A0,2026-08-05,04:04:12,32.25,95.0,0.0,25.107,121.518
74DA38F7C5A0,2026-08-05,04:10:39,32.25,95.0,0.0,25.107,121.518
74DA38F7C5A0,2026-08-05,04:17:07,32.25,96.0,0.0,25.107,121.518
74DA38F7C5A0,2026-08-05,04:23:34,32.25,96.0,0.0,25.107,121.518
74DA38F7C5A0,2026-08-05,04:30:01,32.25,96.0,0.0,25.107,121.518
74DA38F7C5A0,2026-08-05,04:36:34,32.36,96.0,0.0,25.107,121.518
74DA38F7C5A0,2026-08-05,04:43:02,32.36,96.0,0.0,25.107,121.518
74DA38F7C5A0,2026-08-05,04:49:30,32.5,96.0,0.0,25.107,121.518
74DA38F7C5A0,2026-08-05,04:55:57,32.61,96.0,0.0,25.107,121.518
74DA38F7C5A0,2026-08-05,05:02:25,32.5,96.0,0.0,25.107,121.518
74DA38F7C5A0,2026-08-05,05:08:53,32.61,96.0,0.0,25.107,121.518
74DA38F7C5A0,2026-08-05,05:15:19,32.61,96.0,0.0,25.107,121.518
74DA38F7C5A0,2026-08-05,05:28:23,32.75,96.0,0.0,25.107,121.518
74DA38F7C5A0,2026-08-05,05:34:51,32.75,96.0,0.0,25.107,121.518
74DA38F7C5A0,2026-08-05,05:41:18,32.75,96.0,0.0,25.107,121.518
74DA38F7C5A0,2026-08-05,05:47:54,32.75,96.0,0.0,25.107,121.518
74DA38F7C5A0,2026-08-05,05:54:22,32.75,96.0,0.0,25.107,121.518
74DA38F7C5A0,2026-08-05,06:00:49,32.61,96.0,0.0,25.107,121.518
74DA38F7C5A0,2026-08-05,06:07:24,32.61,96.0,0.0,25.107,121.518
74DA38F7C5A0,2026-08-05,06:13:50,32.75,96.0,0.0,25.107,121.518
74DA38F7C5A0,2026-08-05,06:20:18,32.75,96.0,0.0,25.107,121.518
74DA38F7C5A0,2026-08-05,06:26:46,32.86,96.0,0.0,25.107,121.518
74DA38F7C5A0,2026-08-05,06:33:13,33.0,96.0,0.0,25.107,121.518
74DA38F7C5A0,2026-08-05,06:39:40,33.25,96.0,0.0,25.107,121.518
74DA38F7C5A0,2026-08-05,06:46:08,33.36,96.0,0.0,25.107,121.518
74DA38F20D2E,2026-08-05,06:51:41,32.86,100.0,0.0,25.06,121.545
74DA38F21136,2026-08-05,06:51:48,33.0,100.0,8.0,25.119,121.505
74DA38F7C5CE,2026-08-05,06:51:59,31.61,77.0,0.0,25.066,121.656
74DA38F7C310,2026-08-05,06:52:10,34.5,100.0,5.0,25.09,121.464
74DA38F7C5A0,2026-08-05,06:52:34,33.25,96.0,0.0,25.107,121.518
74DA38F20F0A,2026-08-05,06:52:46,31.86,100.0,8.0,22.995,120.635
74DA38F20E6E,2026-08-05,06:52:51,28.25,93.0,0.0,24.41,120.902
74DA38F7C47C,2026-08-05,06:53:18,33.5,92.0,55.0,25.055,121.455
74DA38F7C338,2026-08-05,06:53:19,31.75,100.0,11.0,25.011,121.458
74DA38F20A30,2026-08-05,06:53:20,32.36,84.0,0.0,24.948,121.372
74DA38F7C54E,2026-08-05,06:53:21,32.11,100.0,0.0,25.063,121.661
74DA38F7C610,2026-08-05,06:53:22,31.75,88.0,10.0,25.063,121.564
74DA38F20D1E,2026-08-05,06:53:25,33.11,100.0,12.0,25.048,121.573
74DA38F7C5E6,2026-08-05,06:53:53,33.86,100.0,7.0,25.107,121.843
74DA38F209B2,2026-08-05,06:53:55,30.5,100.0,0.0,22.363,120.599
74DA38F7C600,2026-08-05,06:53:55,23.62,49.0,7.0,25.07,121.586
74DA38F7C4DE,2026-08-05,06:53:56,32.0,100.0,0.0,25.09,121.462
74DA38F7C3D6,2026-08-05,06:54:00,34.75,100.0,0.0,25.045,121.541
74DA38F7C430,2026-08-05,06:54:01,33.75,78.0,0.0,24.981,121.423
74DA38F7C464,2026-08-05,06:54:06,28.86,31.0,0.0,25.006,121.413
74DA38F21088,2026-08-05,06:54:13,33.11,100.0,0.0,25.068,121.588
74DA38F7C260,2026-08-05,06:54:13,34.0,100.0,0.0,25.065,121.425
74DA38F7C59C,2026-08-05,06:54:13,32.11,78.0,18.0,25.103,121.487
74DA38F7C4CC,2026-08-05,06:54:29,33.11,100.0,10.0,25.062,121.451
74DA38F7C532,2026-08-05,06:54:29,32.25,91.0,11.0,25.059,121.499
74DA38F20BF6,2026-08-05,06:54:30,28.0,100.0,8.0,22.582,120.368
74DA38F20EB2,2026-08-05,06:54:36,29.75,100.0,18.0,24.324,120.835
74DA38F7C3B2,2026-08-05,06:54:38,32.36,63.0,11.0,24.929,121.378
74DA38F21048,2026-08-05,06:54:39,30.0,100.0,13.0,22.595,120.341
74DA38F21054,2026-08-05,06:54:39,27.0,57.0,15.0,22.898,120.627
74DA38F7C47E,2026-08-05,06:54:39,33.75,100.0,13.0,25.053963,121.427681
74DA38F20C26,2026-08-05,06:54:41,32.36,76.0,9.0,22.676,120.342
74DA38F20D16,2026-08-05,06:54:45,33.25,100.0,15.0,25.062,121.526
74DA38F2104E,2026-08-05,06:54:51,31.25,100.0,13.0,23.108,120.7
74DA38F7C3DC,2026-08-05,06:54:51,33.5,100.0,14.0,25.003,121.539
74DA38F7C560,2026-08-05,06:54:58,33.61,-66.0,0.0,25.079,121.671
74DA38F7C5AA,2026-08-05,06:55:04,33.11,100.0,0.0,25.0,121.479
74DA38F7C27E,2026-08-05,06:55:06,31.86,98.0,11.0,25.053,121.444
74DA38F7C566,2026-08-05,06:55:08,35.25,98.0,0.0,25.051,121.448
74DA38F20F1C,2026-08-05,06:55:12,33.11,100.0,12.0,25.062,121.451
74DA38F2105C,2026-08-05,06:55:15,33.11,100.0,0.0,25.088,121.599
74DA38F20B12,2026-08-05,06:55:21,27.87,67.0,9.0,22.91,120.716
74DA38F7C5BE,2026-08-05,06:55:39,32.75,82.0,15.0,25.092,121.523
74DA38F20E9E,2026-08-05,06:55:43,28.36,100.0,16.0,24.648,121.151
74DA38F7C366,2026-08-05,06:55:51,33.36,100.0,4.0,25.002,121.516
74DA38F7C3DE,2026-08-05,06:55:52,34.86,96.0,219.0,24.972,121.537
74DA38F20B5C,2026-08-05,06:55:53,33.0,100.0,10.0,22.798,120.293
74DA38F20B80,2026-08-05,06:55:54,31.25,100.0,0.0,22.599,120.35
74DA38F21024,2026-08-05,06:56:01,30.11,100.0,0.0,24.93,121.036
74DA38F20D70,2026-08-05,06:56:05,33.86,78.0,0.0,23.05,121.164
74DA38F21204,2026-08-05,06:56:08,31.61,100.0,1.0,25.062,121.451
74DA38F20C06,2026-08-05,06:56:20,27.62,56.0,16.0,24.874,121.02
74DA38F7C41E,2026-08-05,06:56:24,32.11,78.0,0.0,25.054,121.517
74DA38ED059C,2026-08-05,06:56:27,32.86,74.0,5.0,23.706,121.412
74DA38ED05B6,2026-08-05,06:56:27,33.25,84.0,7.0,23.43,121.348
74DA38F20A78,2026-08-05,06:56:41,34.0,100.0,1.0,22.904,121.124
74DA38F20B26,2026-08-05,06:56:45,31.11,100.0,11.0,22.783,120.247
74DA38F20D1A,2026-08-05,06:56:46,32.75,86.0,1.0,25.078,121.541
74DA38F210A2,2026-08-05,06:56:49,32.61,100.0,2.0,25.12,121.466
74DA38F7C53C,2026-08-05,06:56:49,31.25,100.0,0.0,25.11,121.804
74DA38F7C3BA,2026-08-05,06:56:53,-4.0,0.0,73.0,25.174,121.441
74DA38F7C42E,2026-08-05,06:56:57,34.25,100.0,0.0,24.969,121.514
74DA38F7C37C,2026-08-05,06:57:03,32.36,100.0,0.0,25.111,121.856
74DA38F7C39A,2026-08-05,06:57:05,32.36,100.0,1.0,25.002,121.414
74DA38F7C514,2026-08-05,06:57:07,32.36,100.0,11.0,25.051,121.518
74DA38F209EE,2026-08-05,06:57:09,30.36,100.0,0.0,23.026,121.33
74DA38F209DE,2026-08-05,06:57:11,31.5,100.0,2.0,24.861,120.964
74DA38F20DE0,2026-08-05,06:57:14,30.75,100.0,0.0,22.589,120.328
74DA38F207DE,2026-08-05,06:57:20,32.36,100.0,10.0,22.603,120.34
74DA38F7C506,2026-08-05,06:57:21,35.0,100.0,0.0,24.996,121.544
74DA38F7C13A,2026-08-05,06:57:30,25.25,10.0,1.0,25.069,121.359
74DA38ED0630,2026-08-05,06:57:38,31.5,97.0,0.0,23.994,121.594
74DA38ED0454,2026-08-05,06:57:41,31.61,100.0,10.0,24.053,121.599
74DA38F2113E,2026-08-05,06:57:42,-4.0,0.0,0.0,22.728,120.313
74DA38ED05EA,2026-08-05,06:57:45,32.25,100.0,4.0,23.394,121.357
74DA38F21170,2026-08-05,06:57:49,35.11,63.0,1.0,22.779,121.088
74DA38ED04F2,2026-08-05,06:57:56,30.5,100.0,4.0,23.468,121.496
74DA38F21136,2026-08-05,06:57:58,32.86,100.0,8.0,25.119,121.505
74DA38F20D2E,2026-08-05,06:58:10,32.86,100.0,0.0,25.06,121.545
74DA38F7C310,2026-08-05,06:58:15,34.36,100.0,6.0,25.09,121.464
74DA38ED06E0,2026-08-05,06:58:25,31.0,92.0,8.0,23.601,121.521
74DA38F7C5CE,2026-08-05,06:58:26,31.75,77.0,0.0,25.066,121.656
74DA38F20F0A,2026-08-05,06:58:52,31.75,100.0,8.0,22.995,120.635
74DA38F20E6E,2026-08-05,06:58:54,28.36,93.0,0.0,24.41,120.902
74DA38F7C5A0,2026-08-05,06:59:02,33.25,95.0,0.0,25.107,121.518
74DA38F7C47C,2026-08-05,06:59:04,33.5,92.0,55.0,25.055,121.455
74DA38F7C338,2026-08-05,06:59:24,31.75,100.0,11.0,25.011,121.458
74DA38F7C610,2026-08-05,06:59:27,31.61,88.0,10.0,25.063,121.564
74DA38F20D1E,2026-08-05,06:59:34,33.11,100.0,12.0,25.048,121.573
74DA38F7C54E,2026-08-05,06:59:47,32.0,100.0,0.0,25.063,121.661
74DA38F20D6C,2026-08-05,06:59:55,31.36,85.0,0.0,22.661,120.301
74DA38F20A30,2026-08-05,06:59:57,32.36,84.0,0.0,24.948,121.372
74DA38F7C5E6,2026-08-05,06:59:59,34.0,100.0,11.0,25.107,121.843
74DA38F7C600,2026-08-05,07:00:00,23.62,49.0,7.0,25.07,121.586
74DA38F7C570,2026-08-05,07:00:08,-4.0,0.0,0.0,25.239,121.63
74DA38F209B2,2026-08-05,07:00:23,30.75,100.0,0.0,22.363,120.599
74DA38F7C3D6,2026-08-05,07:00:27,34.61,100.0,0.0,25.045,121.541
74DA38F7C430,2026-08-05,07:00:28,33.86,78.0,0.0,24.981,121.423
74DA38F7C4DE,2026-08-05,07:00:29,32.0,100.0,0.0,25.09,121.462
74DA38F208E2,2026-08-05,07:00:31,31.5,100.0,12.0,24.688,121.766
74DA38F20BF6,2026-08-05,07:00:35,28.0,100.0,8.0,22.582,120.368
74DA38F7C4CC,2026-08-05,07:00:37,33.11,100.0,10.0,25.062,121.451
74DA38F7C532,2026-08-05,07:00:38,32.61,91.0,12.0,25.059,121.499
74DA38F7C260,2026-08-05,07:00:40,34.11,100.0,0.0,25.065,121.425
74DA38F7C464,2026-08-05,07:00:40,28.86,31.0,0.0,25.006,121.413
74DA38F21088,2026-08-05,07:00:41,33.11,100.0,0.0,25.068,121.588
74DA38F7C59C,2026-08-05,07:00:41,32.11,78.0,18.0,25.103,121.487
74DA38F20EB2,2026-08-05,07:00:42,29.75,100.0,18.0,24.324,120.835
74DA38F7C3B2,2026-08-05,07:00:44,32.5,64.0,10.0,24.929,121.378
74DA38F7C47E,2026-08-05,07:00:44,33.75,100.0,14.0,25.053963,121.427681
74DA38F21054,2026-08-05,07:00:45,27.0,57.0,15.0,22.898,120.627
74DA38F20C26,2026-08-05,07:00:48,32.61,76.0,7.0,22.676,120.342
74DA38F20D16,2026-08-05,07:00:51,33.11,100.0,14.0,25.062,121.526
74DA38F2104E,2026-08-05,07:00:57,31.5,100.0,13.0,23.108,120.7
74DA38F7C3DC,2026-08-05,07:00:57,33.36,100.0,14.0,25.003,121.539
74DA38F20862,2026-08-05,07:01:03,31.36,100.0,31.0,23.101,121.176
74DA38F21048,2026-08-05,07:01:09,30.0,100.0,13.0,22.595,120.341
74DA38F7C27E,2026-08-05,07:01:11,31.86,98.0,11.0,25.053,121.444
74DA38F20F1C,2026-08-05,07:01:19,33.0,100.0,13.0,25.062,121.451
74DA38F7C560,2026-08-05,07:01:26,33.5,-66.0,0.0,25.079,121.671
74DA38F20B12,2026-08-05,07:01:27,27.87,67.0,8.0,22.91,120.716
74DA38F7C5AA,2026-08-05,07:01:34,33.0,100.0,0.0,25.0,121.479
74DA38F7C566,2026-08-05,07:01:37,35.36,98.0,0.0,25.051,121.448
74DA38F2105C,2026-08-05,07:01:41,33.0,100.0,0.0,25.088,121.599
74DA38F7C5BE,2026-08-05,07:01:45,32.75,82.0,15.0,25.092,121.523
74DA38F7C3DE,2026-08-05,07:01:47,34.86,95.0,221.0,24.972,121.537
74DA38F20E9E,2026-08-05,07:01:50,28.25,100.0,18.0,24.648,121.151
74DA38F7C366,2026-08-05,07:01:56,33.5,100.0,4.0,25.002,121.516
74DA38F20B5C,2026-08-05,07:01:58,33.0,100.0,12.0,22.798,120.293
74DA38F7C30C,2026-08-05,07:02:07,32.75,84.0,0.0,24.975,121.532
74DA38F20D70,2026-08-05,07:02:11,34.36,78.0,0.0,23.05,121.164
74DA38F21204,2026-08-05,07:02:15,31.61,100.0,1.0,25.062,121.451
74DA38F20B80,2026-08-05,07:02:22,31.36,100.0,0.0,22.599,120.35
74DA38F20C06,2026-08-05,07:02:28,27.62,56.0,15.0,24.874,121.02
74DA38F21024,2026-08-05,07:02:28,30.11,100.0,0.0,24.93,121.036
74DA38ED05B6,2026-08-05,07:02:32,33.36,84.0,5.0,23.43,121.348
74DA38ED059C,2026-08-05,07:02:33,32.86,75.0,5.0,23.706,121.412
74DA38F20A78,2026-08-05,07:02:47,34.0,100.0,1.0,22.904,121.124
74DA38F7C616,2026-08-05,07:02:50,35.0,100.0,0.0,25.031,121.563
74DA38F210A2,2026-08-05,07:02:54,32.61,100.0,1.0,25.12,121.466
74DA38F7C41E,2026-08-05,07:03:01,32.11,78.0,0.0,25.054,121.517
74DA38F20B26,2026-08-05,07:03:02,31.25,100.0,11.0,22.783,120.247
74DA38F20B82,2026-08-05,07:03:13,-4.0,0.0,0.0,22.847,120.465
74DA38F209EE,2026-08-05,07:03:14,30.25,100.0,0.0,23.026,121.33
74DA38F20D1A,2026-08-05,07:03:14,32.61,86.0,0.0,25.078,121.541
74DA38F7C514,2026-08-05,07:03:14,32.36,100.0,11.0,25.051,121.518
74DA38F7C53C,2026-08-05,07:03:16,31.0,100.0,0.0,25.11,121.804
74DA38F207DE,2026-08-05,07:03:25,32.11,100.0,10.0,22.603,120.34
74DA38F7C42E,2026-08-05,07:03:25,34.25,100.0,0.0,24.969,121.514
74DA38F7C37C,2026-08-05,07:03:33,32.25,100.0,3.0,25.111,121.856
74DA38F7C39A,2026-08-05,07:03:33,32.25,100.0,0.0,25.002,121.414
74DA38F209DE,2026-08-05,07:03:38,31.36,100.0,1.0,24.861,120.964
74DA38F20DE0,2026-08-05,07:03:42,30.5,100.0,1.0,22.589,120.328
74DA38F7C480,2026-08-05,07:03:45,32.11,100.0,0.0,25.061,121.432
74DA38ED0454,2026-08-05,07:03:46,31.75,100.0,10.0,24.053,121.599
74DA38ED05EA,2026-08-05,07:03:49,32.36,97.0,4.0,23.394,121.357
74DA38F7C506,2026-08-05,07:03:54,35.0,100.0,0.0,24.996,121.544
74DA38F21170,2026-08-05,07:03:55,34.86,63.0,1.0,22.779,121.088
74DA38F7C13A,2026-08-05,07:03:56,25.25,11.0,0.0,25.069,121.359
74DA38ED04F2,2026-08-05,07:04:03,30.5,100.0,3.0,23.468,121.496
74DA38F21136,2026-08-05,07:04:04,32.61,100.0,8.0,25.119,121.505
74DA38F7C63C,2026-08-05,07:04:05,-4.0,0.0,9.0,24.998,121.425
74DA38ED0630,2026-08-05,07:04:06,31.5,97.0,0.0,23.994,121.594
74DA38F209A8,2026-08-05,07:04:11,-4.0,0.0,0.0,22.401,120.577
74DA38F7C592,2026-08-05,07:04:14,-4.0,0.0,0.0,25.224,121.637
74DA38F7C310,2026-08-05,07:04:20,34.25,100.0,6.0,25.09,121.464
74DA38ED06E0,2026-08-05,07:04:32,31.11,91.0,8.0,23.601,121.521
74DA38F20D2E,2026-08-05,07:04:41,33.0,100.0,0.0,25.06,121.545
74DA38F7C5CE,2026-08-05,07:04:53,31.86,76.0,0.0,25.066,121.656
74DA38F7C47C,2026-08-05,07:04:56,33.61,92.0,53.0,25.055,121.455
74DA38F20E6E,2026-08-05,07:04:57,28.36,93.0,0.0,24.41,120.902
74DA38F20F0A,2026-08-05,07:04:58,31.75,100.0,9.0,22.995,120.635
74DA38F2113E,2026-08-05,07:05:08,-4.0,0.0,0.0,22.728,120.313
74DA38F7C338,2026-08-05,07:05:28,31.61,100.0,11.0,25.011,121.458
74DA38F7C5A0,2026-08-05,07:05:30,33.25,95.0,0.0,25.107,121.518
74DA38F7C3BA,2026-08-05,07:05:31,-4.0,0.0,78.0,25.174,121.441
74DA38F7C610,2026-08-05,07:05:32,31.75,88.0,10.0,25.063,121.564
74DA38F20D1E,2026-08-05,07:05:44,33.25,100.0,12.0,25.048,121.573
74DA38F7C5E6,2026-08-05,07:06:04,34.0,100.0,8.0,25.107,121.843
74DA38F7C600,2026-08-05,07:06:06,23.62,47.0,7.0,25.07,121.586
74DA38F7C54E,2026-08-05,07:06:14,32.11,100.0,0.0,25.063,121.661
74DA38F20D6C,2026-08-05,07:06:24,31.25,83.0,0.0,22.661,120.301
74DA38F20A30,2026-08-05,07:06:29,32.25,84.0,0.0,24.948,121.372
74DA38F208E2,2026-08-05,07:06:35,31.36,100.0,11.0,24.688,121.766
74DA38F20BF6,2026-08-05,07:06:40,28.0,100.0,8.0,22.582,120.368
74DA38F7C4CC,2026-08-05,07:06:42,32.86,100.0,9.0,25.062,121.451
74DA38F7C4DE,2026-08-05,07:06:42,32.0,100.0,0.0,25.09,121.462
74DA38F209B2,2026-08-05,07:06:50,30.25,100.0,0.0,22.363,120.599
74DA38F20EB2,2026-08-05,07:06:50,29.61,100.0,18.0,24.324,120.835
74DA38F7C3B2,2026-08-05,07:06:50,32.5,64.0,10.0,24.929,121.378
74DA38F7C47E,2026-08-05,07:06:50,33.75,100.0,13.0,25.053963,121.427681
74DA38F21054,2026-08-05,07:06:51,27.0,57.0,15.0,22.898,120.627
74DA38F7C3D6,2026-08-05,07:06:52,34.36,100.0,0.0,25.045,121.541
74DA38F20C26,2026-08-05,07:06:54,32.61,77.0,7.0,22.676,120.342
74DA38F7C430,2026-08-05,07:06:56,33.86,78.0,0.0,24.981,121.423
74DA38F20D16,2026-08-05,07:06:58,33.11,100.0,14.0,25.062,121.526
74DA38F2104E,2026-08-05,07:07:03,31.75,100.0,13.0,23.108,120.7
74DA38F7C3DC,2026-08-05,07:07:03,33.11,100.0,13.0,25.003,121.539
74DA38F7C260,2026-08-05,07:07:08,34.11,100.0,0.0,25.065,121.425
74DA38F7C464,2026-08-05,07:07:08,28.86,31.0,0.0,25.006,121.413
74DA38F7C532,2026-08-05,07:07:09,32.86,90.0,12.0,25.059,121.499
74DA38F7C59C,2026-08-05,07:07:09,32.11,78.0,18.0,25.103,121.487
74DA38F20862,2026-08-05,07:07:10,31.25,100.0,48.0,23.101,121.176
74DA38F21088,2026-08-05,07:07:10,32.86,100.0,0.0,25.068,121.588
74DA38F7C27E,2026-08-05,07:07:17,31.75,98.0,10.0,25.053,121.444
74DA38F20F1C,2026-08-05,07:07:24,32.86,100.0,12.0,25.062,121.451
74DA38F20B12,2026-08-05,07:07:33,27.75,67.0,8.0,22.91,120.716
74DA38F21048,2026-08-05,07:07:35,30.0,100.0,13.0,22.595,120.341
74DA38F7C3DE,2026-08-05,07:07:41,35.0,94.0,219.0,24.972,121.537
74DA38F7C5BE,2026-08-05,07:07:50,32.75,83.0,16.0,25.092,121.523
74DA38F7C560,2026-08-05,07:07:54,33.5,-66.0,0.0,25.079,121.671
74DA38F20E9E,2026-08-05,07:07:55,28.25,100.0,17.0,24.648,121.151
74DA38F20B5C,2026-08-05,07:08:02,33.0,100.0,13.0,22.798,120.293
74DA38F7C366,2026-08-05,07:08:02,33.36,100.0,4.0,25.002,121.516
74DA38F7C5AA,2026-08-05,07:08:02,32.75,100.0,0.0,25.0,121.479
74DA38F7C566,2026-08-05,07:08:05,35.11,98.0,0.0,25.051,121.448
74DA38F2105C,2026-08-05,07:08:08,32.86,100.0,0.0,25.088,121.599
74DA38F20D70,2026-08-05,07:08:17,34.5,78.0,0.0,23.05,121.164
74DA38F7C30C,2026-08-05,07:08:20,32.75,83.0,0.0,24.975,121.532
74DA38F21204,2026-08-05,07:08:27,31.5,100.0,2.0,25.062,121.451
74DA38F20934,2026-08-05,07:08:32,30.0,75.0,5.0,23.002,121.29
74DA38ED05B6,2026-08-05,07:08:37,33.5,83.0,6.0,23.43,121.348
74DA38F20C06,2026-08-05,07:08:37,27.62,56.0,16.0,24.874,121.02
74DA38ED059C,2026-08-05,07:08:40,33.0,75.0,5.0,23.706,121.412
74DA38F20B80,2026-08-05,07:08:49,31.11,100.0,0.0,22.599,120.35
74DA38F20A78,2026-08-05,07:08:53,34.0,100.0,1.0,22.904,121.124
74DA38F21024,2026-08-05,07:08:55,30.11,100.0,0.0,24.93,121.036
74DA38F210A2,2026-08-05,07:08:59,32.75,100.0,1.0,25.12,121.466
74DA38F7C616,2026-08-05,07:09:02,34.61,100.0,0.0,25.031,121.563
74DA38F20B26,2026-08-05,07:09:13,31.0,100.0,12.0,22.783,120.247
74DA38F209EE,2026-08-05,07:09:20,30.36,100.0,0.0,23.026,121.33
74DA38ED0640,2026-08-05,07:09:21,31.11,100.0,3.0,23.154,121.266
74DA38F7C514,2026-08-05,07:09:21,32.36,100.0,12.0,25.051,121.518
74DA38F207DE,2026-08-05,07:09:29,32.0,100.0,10.0,22.603,120.34
74DA38F7C41E,2026-08-05,07:09:39,32.11,78.0,0.0,25.054,121.517
74DA38F20D1A,2026-08-05,07:09:42,32.61,86.0,0.0,25.078,121.541
74DA38F7C53C,2026-08-05,07:09:43,31.0,100.0,0.0,25.11,121.804
74DA38F7C570,2026-08-05,07:09:49,-4.0,0.0,0.0,25.239,121.63
74DA38ED0454,2026-08-05,07:09:52,31.75,100.0,10.0,24.053,121.599
74DA38F7C42E,2026-08-05,07:09:52,34.36,100.0,0.0,24.969,121.514
74DA38ED05EA,2026-08-05,07:09:55,32.36,96.0,4.0,23.394,121.357
74DA38F21170,2026-08-05,07:10:00,34.86,63.0,1.0,22.779,121.088
74DA38F7C37C,2026-08-05,07:10:01,32.36,100.0,2.0,25.111,121.856
74DA38F7C39A,2026-08-05,07:10:01,32.25,100.0,0.0,25.002,121.414
74DA38F209DE,2026-08-05,07:10:05,31.5,100.0,2.0,24.861,120.964
74DA38F20DE0,2026-08-05,07:10:10,30.36,100.0,0.0,22.589,120.328
74DA38ED04F2,2026-08-05,07:10:11,30.36,100.0,5.0,23.468,121.496
74DA38F21136,2026-08-05,07:10:13,32.75,100.0,7.0,25.119,121.505
74DA38F7C480,2026-08-05,07:10:14,32.36,100.0,0.0,25.061,121.432
74DA38F7C506,2026-08-05,07:10:22,34.86,100.0,0.0,24.996,121.544
74DA38F7C13A,2026-08-05,07:10:24,25.5,11.0,1.0,25.069,121.359
74DA38F7C310,2026-08-05,07:10:25,34.25,100.0,6.0,25.09,121.464
74DA38ED0630,2026-08-05,07:10:33,31.36,97.0,0.0,23.994,121.594
74DA38ED06E0,2026-08-05,07:10:38,31.11,92.0,8.0,23.601,121.521
74DA38F7C47C,2026-08-05,07:10:46,33.36,92.0,45.0,25.055,121.455
74DA38F20E6E,2026-08-05,07:11:00,28.36,93.0,0.0,24.41,120.902
74DA38F20F0A,2026-08-05,07:11:03,31.61,100.0,9.0,22.995,120.635
74DA38F20D2E,2026-08-05,07:11:11,33.0,100.0,0.0,25.06,121.545
74DA38F7C5CE,2026-08-05,07:11:20,32.0,76.0,0.0,25.066,121.656
74DA38F7C338,2026-08-05,07:11:34,31.75,100.0,11.0,25.011,121.458
74DA38F7C610,2026-08-05,07:11:38,31.86,87.0,9.0,25.063,121.564
74DA38F7C5A0,2026-08-05,07:11:56,33.11,95.0,0.0,25.107,121.518
74DA38F7C5E6,2026-08-05,07:12:10,34.11,100.0,10.0,25.107,121.843
74DA38F7C600,2026-08-05,07:12:11,23.62,48.0,7.0,25.07,121.586
74DA38F2113E,2026-08-05,07:12:23,-4.0,0.0,0.0,22.728,120.313
74DA38F208E2,2026-08-05,07:12:40,31.36,100.0,12.0,24.688,121.766
74DA38F7C54E,2026-08-05,07:12:41,32.25,100.0,0.0,25.063,121.661
74DA38F20B82,2026-08-05,07:12:45,-4.0,0.0,0.0,22.847,120.465
74DA38F20BF6,2026-08-05,07:12:45,28.11,100.0,8.0,22.582,120.368
74DA38F20D6C,2026-08-05,07:12:49,31.25,84.0,0.0,22.661,120.301
74DA38F7C4CC,2026-08-05,07:12:49,33.0,100.0,9.0,25.062,121.451
74DA38F7C4DE,2026-08-05,07:12:50,32.0,100.0,0.0,25.09,121.462
74DA38F7C3B2,2026-08-05,07:12:56,32.5,63.0,10.0,24.929,121.378
74DA38F7C47E,2026-08-05,07:12:56,33.61,100.0,12.0,25.053963,121.427681
74DA38F20A30,2026-08-05,07:12:57,32.11,85.0,1.0,24.948,121.372
74DA38F21054,2026-08-05,07:12:57,26.87,57.0,14.0,22.898,120.627
74DA38F20C26,2026-08-05,07:12:59,32.36,78.0,8.0,22.676,120.342
74DA38F20EB2,2026-08-05,07:12:59,29.36,100.0,19.0,24.324,120.835
74DA38F20D16,2026-08-05,07:13:02,33.25,100.0,13.0,25.062,121.526
74DA38F7C3DC,2026-08-05,07:13:08,33.11,100.0,14.0,25.003,121.539
74DA38F2104E,2026-08-05,07:13:09,31.75,100.0,14.0,23.108,120.7
74DA38F7C532,2026-08-05,07:13:15,33.0,89.0,12.0,25.059,121.499
74DA38F20862,2026-08-05,07:13:17,31.11,98.0,55.0,23.101,121.176
74DA38F209B2,2026-08-05,07:13:17,29.86,100.0,0.0,22.363,120.599
74DA38F7C3D6,2026-08-05,07:13:19,34.36,100.0,0.0,25.045,121.541
74DA38F7C27E,2026-08-05,07:13:23,31.75,98.0,10.0,25.053,121.444
74DA38F7C430,2026-08-05,07:13:24,34.0,78.0,0.0,24.981,121.423
74DA38F20F1C,2026-08-05,07:13:30,32.86,100.0,12.0,25.062,121.451
74DA38F7C260,2026-08-05,07:13:36,34.11,100.0,0.0,25.065,121.425
74DA38F7C3DE,2026-08-05,07:13:36,35.0,94.0,226.0,24.972,121.537
74DA38F7C464,2026-08-05,07:13:36,29.0,31.0,0.0,25.006,121.413
74DA38F7C59C,2026-08-05,07:13:36,32.0,79.0,19.0,25.103,121.487
74DA38F7C63C,2026-08-05,07:13:37,-4.0,0.0,9.0,24.998,121.425
74DA38F21088,2026-08-05,07:13:38,32.75,100.0,0.0,25.068,121.588
74DA38F20B12,2026-08-05,07:13:41,27.75,67.0,9.0,22.91,120.716
74DA38F209A8,2026-08-05,07:13:50,-4.0,0.0,0.0,22.401,120.577
74DA38F7C592,2026-08-05,07:13:54,-4.0,0.0,0.0,25.224,121.637
74DA38F7C5BE,2026-08-05,07:13:56,32.61,83.0,15.0,25.092,121.523
74DA38F20E9E,2026-08-05,07:14:01,28.25,100.0,17.0,24.648,121.151
74DA38F21048,2026-08-05,07:14:04,29.86,100.0,12.0,22.595,120.341
74DA38F7C366,2026-08-05,07:14:06,33.36,100.0,3.0,25.002,121.516
74DA38F20B5C,2026-08-05,07:14:08,32.86,100.0,12.0,22.798,120.293
74DA38F7C3BA,2026-08-05,07:14:09,-4.0,0.0,78.0,25.174,121.441
74DA38F20D70,2026-08-05,07:14:22,34.75,78.0,0.0,23.05,121.164
74DA38F7C560,2026-08-05,07:14:22,33.5,-65.0,0.0,25.079,121.671
74DA38F7C5AA,2026-08-05,07:14:31,32.75,100.0,2.0,25.0,121.479
74DA38F21204,2026-08-05,07:14:34,31.5,100.0,1.0,25.062,121.451
74DA38F2105C,2026-08-05,07:14:36,32.86,100.0,0.0,25.088,121.599
74DA38F7C30C,2026-08-05,07:14:38,32.75,84.0,0.0,24.975,121.532
74DA38ED05B6,2026-08-05,07:14:42,33.5,81.0,5.0,23.43,121.348
74DA38F20934,2026-08-05,07:14:42,30.0,74.0,5.0,23.002,121.29
74DA38F20C06,2026-08-05,07:14:44,27.75,55.0,15.0,24.874,121.02
74DA38ED059C,2026-08-05,07:14:53,32.75,74.0,5.0,23.706,121.412
74DA38F7C566,2026-08-05,07:14:54,35.0,98.0,0.0,25.051,121.448
74DA38F20A78,2026-08-05,07:14:59,33.86,100.0,1.0,22.904,121.124
74DA38F210A2,2026-08-05,07:15:03,32.5,100.0,2.0,25.12,121.466
74DA38F7C616,2026-08-05,07:15:07,34.75,100.0,0.0,25.031,121.563
74DA38F20B88,2026-08-05,07:15:13,30.25,100.0,0.0,22.75,120.316
74DA38F21024,2026-08-05,07:15:21,30.0,100.0,0.0,24.93,121.036
74DA38F20B80,2026-08-05,07:15:24,31.0,100.0,0.0,22.599,120.35
74DA38F209EE,2026-08-05,07:15:25,30.36,100.0,0.0,23.026,121.33
74DA38F7C514,2026-08-05,07:15:26,32.36,100.0,11.0,25.051,121.518
74DA38ED0640,2026-08-05,07:15:27,31.11,100.0,3.0,23.154,121.266
74DA38F207DE,2026-08-05,07:15:33,31.86,100.0,10.0,22.603,120.34
74DA38ED0454,2026-08-05,07:15:58,31.75,100.0,11.0,24.053,121.599
74DA38ED05EA,2026-08-05,07:16:00,32.5,100.0,4.0,23.394,121.357
74DA38F21170,2026-08-05,07:16:05,35.0,63.0,1.0,22.779,121.088
74DA38F20D1A,2026-08-05,07:16:10,32.75,85.0,0.0,25.078,121.541
74DA38F7C53C,2026-08-05,07:16:10,31.11,100.0,0.0,25.11,121.804
74DA38F7C41E,2026-08-05,07:16:15,32.0,78.0,0.0,25.054,121.517
74DA38ED04F2,2026-08-05,07:16:19,30.36,100.0,5.0,23.468,121.496
74DA38F7C42E,2026-08-05,07:16:20,34.25,100.0,0.0,24.969,121.514
74DA38F7C310,2026-08-05,07:16:29,34.5,100.0,6.0,25.09,121.464
74DA38F7C39A,2026-08-05,07:16:29,32.5,100.0,0.0,25.002,121.414
74DA38F7C37C,2026-08-05,07:16:30,32.36,100.0,0.0,25.111,121.856
74DA38F209DE,2026-08-05,07:16:33,31.36,100.0,2.0,24.861,120.964
74DA38F7C47C,2026-08-05,07:16:33,33.36,92.0,46.0,25.055,121.455
74DA38F20DE0,2026-08-05,07:16:38,30.36,100.0,1.0,22.589,120.328
74DA38ED06E0,2026-08-05,07:16:45,31.11,93.0,9.0,23.601,121.521
74DA38F7C13A,2026-08-05,07:16:51,25.12,9.0,0.0,25.069,121.359
74DA38F7C506,2026-08-05,07:16:55,34.75,100.0,0.0,24.996,121.544
74DA38ED0630,2026-08-05,07:17:01,31.36,97.0,0.0,23.994,121.594
74DA38F20E6E,2026-08-05,07:17:01,28.36,93.0,0.0,24.41,120.902
74DA38F20F0A,2026-08-05,07:17:10,31.75,100.0,9.0,22.995,120.635
74DA38F20D2E,2026-08-05,07:17:39,33.25,100.0,0.0,25.06,121.545
74DA38F7C610,2026-08-05,07:17:43,31.86,87.0,9.0,25.063,121.564
74DA38F7C5CE,2026-08-05,07:17:48,31.86,77.0,0.0,25.066,121.656
74DA38F7C338,2026-08-05,07:18:05,31.75,100.0,10.0,25.011,121.458
74DA38F7C5E6,2026-08-05,07:18:16,34.25,100.0,8.0,25.107,121.843
74DA38F7C600,2026-08-05,07:18:16,23.62,48.0,7.0,25.07,121.586
74DA38F7C5A0,2026-08-05,07:18:24,33.11,96.0,0.0,25.107,121.518
74DA38F20D1E,2026-08-05,07:18:36,33.0,100.0,12.0,25.048,121.573
74DA38F208E2,2026-08-05,07:18:44,31.36,100.0,12.0,24.688,121.766
74DA38F20BF6,2026-08-05,07:18:50,28.11,100.0,7.0,22.582,120.368
74DA38F7C4CC,2026-08-05,07:18:57,32.86,100.0,9.0,25.062,121.451
74DA38F7C47E,2026-08-05,07:19:01,33.61,100.0,12.0,25.053963,121.427681
74DA38F7C4DE,2026-08-05,07:19:01,32.0,100.0,0.0,25.09,121.462
74DA38F7C3B2,2026-08-05,07:19:02,32.5,64.0,10.0,24.929,121.378
74DA38F21054,2026-08-05,07:19:03,27.0,56.0,14.0,22.898,120.627
74DA38F20C26,2026-08-05,07:19:05,32.61,78.0,8.0,22.676,120.342
74DA38F20EB2,2026-08-05,07:19:06,29.0,100.0,19.0,24.324,120.835
74DA38F20D16,2026-08-05,07:19:07,33.25,100.0,12.0,25.062,121.526
74DA38F7C54E,2026-08-05,07:19:10,32.0,100.0,0.0,25.063,121.661
74DA38F7C3DC,2026-08-05,07:19:14,32.86,100.0,15.0,25.003,121.539
74DA38F20D6C,2026-08-05,07:19:17,31.36,84.0,0.0,22.661,120.301
74DA38F7C532,2026-08-05,07:19:23,32.75,90.0,12.0,25.059,121.499
74DA38F20A30,2026-08-05,07:19:25,32.25,85.0,5.0,24.948,121.372
74DA38F20862,2026-08-05,07:19:26,31.11,99.0,45.0,23.101,121.176
74DA38F7C27E,2026-08-05,07:19:28,31.75,99.0,10.0,25.053,121.444
74DA38F7C570,2026-08-05,07:19:28,-4.0,0.0,0.0,25.239,121.63
74DA38F7C3DE,2026-08-05,07:19:31,35.0,94.0,217.0,24.972,121.537
74DA38F20F1C,2026-08-05,07:19:36,32.86,100.0,12.0,25.062,121.451
74DA38F2113E,2026-08-05,07:19:38,-4.0,0.0,0.0,22.728,120.313
74DA38F209B2,2026-08-05,07:19:43,30.25,100.0,0.0,22.363,120.599
74DA38F7C3D6,2026-08-05,07:19:46,34.36,100.0,0.0,25.045,121.541
74DA38F20B12,2026-08-05,07:19:49,27.75,67.0,9.0,22.91,120.716
74DA38F7C430,2026-08-05,07:19:52,34.0,78.0,0.0,24.981,121.423
74DA38F7C5BE,2026-08-05,07:20:00,32.61,83.0,14.0,25.092,121.523
74DA38F7C464,2026-08-05,07:20:03,28.86,31.0,0.0,25.006,121.413
74DA38F7C260,2026-08-05,07:20:04,34.0,100.0,0.0,25.065,121.425
74DA38F7C59C,2026-08-05,07:20:04,32.0,79.0,21.0,25.103,121.487
74DA38F21088,2026-08-05,07:20:06,33.0,100.0,0.0,25.068,121.588
74DA38F20E9E,2026-08-05,07:20:09,28.25,100.0,18.0,24.648,121.151
74DA38F7C366,2026-08-05,07:20:11,33.61,100.0,3.0,25.002,121.516
74DA38F20B5C,2026-08-05,07:20:14,33.0,100.0,13.0,22.798,120.293
74DA38F20D70,2026-08-05,07:20:28,34.36,79.0,0.0,23.05,121.164
74DA38F21048,2026-08-05,07:20:31,30.0,100.0,13.0,22.595,120.341
74DA38ED05B6,2026-08-05,07:20:48,33.36,82.0,5.0,23.43,121.348
74DA38F7C560,2026-08-05,07:20:49,33.61,-65.0,0.0,25.079,121.671
74DA38F20934,2026-08-05,07:20:51,30.0,74.0,5.0,23.002,121.29
74DA38F20C06,2026-08-05,07:20:51,27.75,55.0,15.0,24.874,121.02
74DA38F7C30C,2026-08-05,07:20:53,32.75,84.0,0.0,24.975,121.532
74DA38F21204,2026-08-05,07:20:58,31.5,100.0,1.0,25.062,121.451
74DA38F2105C,2026-08-05,07:21:02,32.75,100.0,0.0,25.088,121.599
74DA38F7C5AA,2026-08-05,07:21:02,32.5,100.0,1.0,25.0,121.479
74DA38ED059C,2026-08-05,07:21:04,32.61,76.0,4.0,23.706,121.412
74DA38F20A78,2026-08-05,07:21:05,33.86,100.0,1.0,22.904,121.124
74DA38F210A2,2026-08-05,07:21:08,32.36,100.0,2.0,25.12,121.466
74DA38F7C616,2026-08-05,07:21:13,34.5,100.0,0.0,25.031,121.563
74DA38F209EE,2026-08-05,07:21:31,30.25,100.0,0.0,23.026,121.33
74DA38ED0640,2026-08-05,07:21:33,31.11,100.0,3.0,23.154,121.266
74DA38F7C514,2026-08-05,07:21:33,32.25,100.0,11.0,25.051,121.518
74DA38F207DE,2026-08-05,07:21:37,31.86,100.0,11.0,22.603,120.34
74DA38F7C566,2026-08-05,07:21:37,35.0,99.0,0.0,25.051,121.448
74DA38F20B88,2026-08-05,07:21:41,30.11,100.0,0.0,22.75,120.316
74DA38F21024,2026-08-05,07:21:48,30.0,100.0,0.0,24.93,121.036
74DA38F20B80,2026-08-05,07:21:50,31.11,100.0,0.0,22.599,120.35
74DA38F20B26,2026-08-05,07:21:58,31.0,100.0,12.0,22.783,120.247
74DA38ED0454,2026-08-05,07:22:03,31.86,100.0,10.0,24.053,121.599
74DA38ED05EA,2026-08-05,07:22:06,32.5,93.0,5.0,23.394,121.357
74DA38F21170,2026-08-05,07:22:11,34.75,63.0,1.0,22.779,121.088
74DA38F20B82,2026-08-05,07:22:17,-4.0,0.0,0.0,22.847,120.465
74DA38F7C47C,2026-08-05,07:22:22,33.5,93.0,52.0,25.055,121.455
74DA38ED04F2,2026-08-05,07:22:27,30.25,100.0,5.0,23.468,121.496
74DA38F7C310,2026-08-05,07:22:34,34.61,100.0,6.0,25.09,121.464
74DA38F20D1A,2026-08-05,07:22:37,32.61,86.0,0.0,25.078,121.541
74DA38F7C53C,2026-08-05,07:22:38,31.0,100.0,0.0,25.11,121.804
74DA38F21136,2026-08-05,07:22:39,32.86,100.0,7.0,25.119,121.505
74DA38F7C3BA,2026-08-05,07:22:48,-4.0,0.0,76.0,25.174,121.441
74DA38F7C42E,2026-08-05,07:22:48,34.11,100.0,0.0,24.969,121.514
74DA38ED06E0,2026-08-05,07:22:51,31.11,91.0,8.0,23.601,121.521
74DA38F7C41E,2026-08-05,07:22:52,31.86,77.0,0.0,25.054,121.517
74DA38F7C39A,2026-08-05,07:22:58,32.36,100.0,1.0,25.002,121.414
74DA38F209DE,2026-08-05,07:23:00,31.25,100.0,1.0,24.861,120.964
74DA38F7C37C,2026-08-05,07:23:00,32.36,100.0,0.0,25.111,121.856
74DA38F20E6E,2026-08-05,07:23:02,28.36,94.0,0.0,24.41,120.902
74DA38F20DE0,2026-08-05,07:23:05,30.11,100.0,1.0,22.589,120.328
74DA38F7C63C,2026-08-05,07:23:10,-4.0,0.0,8.0,24.998,121.425
74DA38F20F0A,2026-08-05,07:23:16,31.75,100.0,9.0,22.995,120.635
74DA38F7C13A,2026-08-05,07:23:18,25.25,10.0,0.0,25.069,121.359
74DA38F7C506,2026-08-05,07:23:24,34.61,100.0,0.0,24.996,121.544
74DA38F209A8,2026-08-05,07:23:29,-4.0,0.0,0.0,22.401,120.577
74DA38ED0630,2026-08-05,07:23:30,31.36,97.0,0.0,23.994,121.594
74DA38F7C592,2026-08-05,07:23:33,-4.0,0.0,0.0,25.224,121.637
74DA38F7C480,2026-08-05,07:23:44,32.25,100.0,0.0,25.061,121.432
74DA38F7C610,2026-08-05,07:23:48,31.86,87.0,9.0,25.063,121.564
74DA38F20D2E,2026-08-05,07:24:09,33.36,100.0,0.0,25.06,121.545
74DA38F7C5CE,2026-08-05,07:24:14,31.86,77.0,0.0,25.066,121.656
74DA38F7C338,2026-08-05,07:24:16,31.75,100.0,10.0,25.011,121.458
74DA38F7C5E6,2026-08-05,07:24:22,34.25,100.0,7.0,25.107,121.843
74DA38F7C600,2026-08-05,07:24:22,23.62,48.0,7.0,25.07,121.586
74DA38F208E2,2026-08-05,07:24:49,31.5,100.0,12.0,24.688,121.766
74DA38F7C5A0,2026-08-05,07:24:52,33.0,96.0,0.0,25.107,121.518
74DA38F20BF6,2026-08-05,07:24:55,28.11,100.0,8.0,22.582,120.368
74DA38F20D1E,2026-08-05,07:25:03,32.75,100.0,12.0,25.048,121.573
74DA38F7C4CC,2026-08-05,07:25:03,32.86,100.0,8.0,25.062,121.451
74DA38F7C3B2,2026-08-05,07:25:07,32.5,64.0,10.0,24.929,121.378
74DA38F7C47E,2026-08-05,07:25:07,33.61,100.0,13.0,25.053963,121.427681
74DA38F20C26,2026-08-05,07:25:11,32.86,78.0,8.0,22.676,120.342
74DA38F21054,2026-08-05,07:25:11,27.0,56.0,15.0,22.898,120.627
74DA38F20D16,2026-08-05,07:25:12,33.25,99.0,12.0,25.062,121.526
74DA38F20EB2,2026-08-05,07:25:13,29.0,100.0,19.0,24.324,120.835
74DA38F7C3DC,2026-08-05,07:25:19,32.86,100.0,18.0,25.003,121.539
74DA38F7C3DE,2026-08-05,07:25:25,35.0,94.0,214.0,24.972,121.537
74DA38F7C532,2026-08-05,07:25:29,32.61,90.0,12.0,25.059,121.499
74DA38F20862,2026-08-05,07:25:32,31.11,100.0,41.0,23.101,121.176
74DA38F7C27E,2026-08-05,07:25:33,31.86,99.0,10.0,25.053,121.444
74DA38F7C4DE,2026-08-05,07:25:33,32.0,100.0,0.0,25.09,121.462
74DA38F7C54E,2026-08-05,07:25:37,32.0,100.0,0.0,25.063,121.661
74DA38F20F1C,2026-08-05,07:25:44,33.0,100.0,13.0,25.062,121.451
74DA38F20D6C,2026-08-05,07:25:47,31.5,84.0,0.0,22.661,120.301
74DA38F20A30,2026-08-05,07:25:55,32.25,85.0,3.0,24.948,121.372
74DA38F20B12,2026-08-05,07:25:55,27.87,67.0,8.0,22.91,120.716
74DA38F7C5BE,2026-08-05,07:26:06,32.61,83.0,14.0,25.092,121.523
74DA38F209B2,2026-08-05,07:26:09,30.5,100.0,0.0,22.363,120.599
74DA38F2104E,2026-08-05,07:26:11,31.75,100.0,14.0,23.108,120.7
74DA38F7C3D6,2026-08-05,07:26:12,34.25,100.0,0.0,25.045,121.541
74DA38F20E9E,2026-08-05,07:26:17,28.25,100.0,18.0,24.648,121.151
74DA38F7C430,2026-08-05,07:26:19,34.0,78.0,0.0,24.981,121.423
74DA38F20B5C,2026-08-05,07:26:20,32.86,100.0,13.0,22.798,120.293
74DA38F7C366,2026-08-05,07:26:20,33.5,98.0,3.0,25.002,121.516
74DA38F7C260,2026-08-05,07:26:31,34.0,100.0,0.0,25.065,121.425
74DA38F7C59C,2026-08-05,07:26:31,32.0,80.0,21.0,25.103,121.487
74DA38F20D70,2026-08-05,07:26:33,34.0,78.0,0.0,23.05,121.164
74DA38F7C464,2026-08-05,07:26:33,29.0,31.0,0.0,25.006,121.413
74DA38F21088,2026-08-05,07:26:34,32.61,100.0,0.0,25.068,121.588
74DA38ED05B6,2026-08-05,07:26:53,33.36,82.0,5.0,23.43,121.348
74DA38F2113E,2026-08-05,07:26:55,-4.0,0.0,0.0,22.728,120.313
74DA38F20934,2026-08-05,07:26:58,30.0,74.0,4.0,23.002,121.29
74DA38F20C06,2026-08-05,07:26:58,27.87,56.0,15.0,24.874,121.02
74DA38F21048,2026-08-05,07:26:58,30.0,100.0,13.0,22.595,120.341
74DA38F20A78,2026-08-05,07:27:11,34.0,100.0,1.0,22.904,121.124
74DA38F21204,2026-08-05,07:27:11,31.5,100.0,2.0,25.062,121.451
74DA38F210A2,2026-08-05,07:27:12,32.36,100.0,3.0,25.12,121.466
74DA38ED059C,2026-08-05,07:27:16,33.11,74.0,4.0,23.706,121.412
74DA38F7C560,2026-08-05,07:27:17,33.75,-65.0,0.0,25.079,121.671
74DA38F7C616,2026-08-05,07:27:24,34.5,100.0,0.0,25.031,121.563
74DA38F2105C,2026-08-05,07:27:29,32.75,100.0,0.0,25.088,121.599
74DA38F7C5AA,2026-08-05,07:27:30,32.61,100.0,1.0,25.0,121.479
74DA38F209EE,2026-08-05,07:27:36,30.25,100.0,0.0,23.026,121.33
74DA38ED0640,2026-08-05,07:27:40,31.0,100.0,4.0,23.154,121.266
74DA38F7C514,2026-08-05,07:27:41,32.25,100.0,11.0,25.051,121.518
74DA38F207DE,2026-08-05,07:27:42,31.86,100.0,11.0,22.603,120.34
74DA38F20B26,2026-08-05,07:28:04,31.11,100.0,12.0,22.783,120.247
74DA38F7C30C,2026-08-05,07:28:04,32.75,84.0,0.0,24.975,121.532
74DA38F7C566,2026-08-05,07:28:06,35.0,100.0,0.0,25.051,121.448
74DA38ED0454,2026-08-05,07:28:09,31.86,96.0,11.0,24.053,121.599
74DA38F20B88,2026-08-05,07:28:10,30.25,100.0,1.0,22.75,120.316
74DA38ED05EA,2026-08-05,07:28:11,32.61,95.0,4.0,23.394,121.357
74DA38F7C47C,2026-08-05,07:28:13,33.36,94.0,68.0,25.055,121.455
74DA38F21024,2026-08-05,07:28:15,30.0,100.0,0.0,24.93,121.036
74DA38F21170,2026-08-05,07:28:16,34.75,63.0,1.0,22.779,121.088
74DA38F20B80,2026-08-05,07:28:17,31.0,100.0,0.0,22.599,120.35
74DA38ED04F2,2026-08-05,07:28:34,30.25,100.0,5.0,23.468,121.496
74DA38F7C310,2026-08-05,07:28:39,34.36,100.0,6.0,25.09,121.464
74DA38ED06E0,2026-08-05,07:28:58,31.11,94.0,8.0,23.601,121.521
74DA38F20E6E,2026-08-05,07:29:04,28.36,94.0,0.0,24.41,120.902
74DA38F7C53C,2026-08-05,07:29:04,31.0,100.0,0.0,25.11,121.804
74DA38F20D1A,2026-08-05,07:29:06,32.5,85.0,0.0,25.078,121.541
74DA38F7C570,2026-08-05,07:29:07,-4.0,0.0,0.0,25.239,121.63
74DA38F7C42E,2026-08-05,07:29:17,33.75,100.0,0.0,24.969,121.514
74DA38F20F0A,2026-08-05,07:29:22,31.75,100.0,9.0,22.995,120.635
74DA38F7C39A,2026-08-05,07:29:25,32.36,100.0,0.0,25.002,121.414
74DA38F209DE,2026-08-05,07:29:28,31.25,100.0,1.0,24.861,120.964
74DA38F7C37C,2026-08-05,07:29:29,32.61,100.0,1.0,25.111,121.856
74DA38F7C41E,2026-08-05,07:29:31,31.75,78.0,0.0,25.054,121.517
74DA38F20DE0,2026-08-05,07:29:35,30.36,100.0,2.0,22.589,120.328
74DA38F7C13A,2026-08-05,07:29:46,25.12,9.0,0.0,25.069,121.359
74DA38F7C506,2026-08-05,07:29:52,34.61,100.0,0.0,24.996,121.544
74DA38F7C610,2026-08-05,07:29:53,31.75,87.0,9.0,25.063,121.564
74DA38ED0630,2026-08-05,07:29:58,31.36,98.0,0.0,23.994,121.594
74DA38F7C480,2026-08-05,07:30:10,32.0,100.0,0.0,25.061,121.432
74DA38F7C338,2026-08-05,07:30:24,31.75,100.0,9.0,25.011,121.458
74DA38F7C600,2026-08-05,07:30:27,23.62,48.0,7.0,25.07,121.586
74DA38F7C5E6,2026-08-05,07:30:28,34.36,100.0,9.0,25.107,121.843
74DA38F20D2E,2026-08-05,07:30:37,33.11,100.0,0.0,25.06,121.545
74DA38F7C5CE,2026-08-05,07:30:41,31.75,78.0,0.0,25.066,121.656
74DA38F208E2,2026-08-05,07:30:54,31.5,100.0,13.0,24.688,121.766
74DA38F20BF6,2026-08-05,07:31:00,28.11,100.0,8.0,22.582,120.368
74DA38F20D1E,2026-08-05,07:31:10,32.75,100.0,11.0,25.048,121.573
74DA38F7C4CC,2026-08-05,07:31:11,33.0,100.0,8.0,25.062,121.451
74DA38F7C47E,2026-08-05,07:31:12,33.61,100.0,13.0,25.053963,121.427681
74DA38F7C3B2,2026-08-05,07:31:14,32.5,64.0,10.0,24.929,121.378
74DA38F20D16,2026-08-05,07:31:17,33.25,98.0,11.0,25.062,121.526
74DA38F21054,2026-08-05,07:31:18,27.0,56.0,14.0,22.898,120.627
74DA38F7C5A0,2026-08-05,07:31:18,33.0,96.0,0.0,25.107,121.518
74DA38F20C26,2026-08-05,07:31:20,32.86,78.0,9.0,22.676,120.342
74DA38F7C3DE,2026-08-05,07:31:20,35.11,94.0,215.0,24.972,121.537
74DA38F20EB2,2026-08-05,07:31:22,29.11,100.0,20.0,24.324,120.835
74DA38F7C3DC,2026-08-05,07:31:24,32.61,100.0,13.0,25.003,121.539
74DA38F7C3BA,2026-08-05,07:31:26,-4.0,0.0,75.0,25.174,121.441
74DA38F20862,2026-08-05,07:31:37,31.0,100.0,6.0,23.101,121.176
74DA38F7C532,2026-08-05,07:31:37,32.5,88.0,12.0,25.059,121.499
74DA38F7C27E,2026-08-05,07:31:39,31.86,100.0,11.0,25.053,121.444
74DA38F7C4DE,2026-08-05,07:31:46,32.0,100.0,0.0,25.09,121.462
74DA38F20B82,2026-08-05,07:31:49,-4.0,0.0,0.0,22.847,120.465
74DA38F20F1C,2026-08-05,07:31:50,33.0,100.0,14.0,25.062,121.451
74DA38F20B12,2026-08-05,07:32:01,27.75,67.0,8.0,22.91,120.716
74DA38F7C54E,2026-08-05,07:32:10,31.86,100.0,0.0,25.063,121.661
74DA38F7C5BE,2026-08-05,07:32:11,32.5,82.0,13.0,25.092,121.523
74DA38F20D6C,2026-08-05,07:32:17,31.25,85.0,0.0,22.661,120.301
74DA38F2104E,2026-08-05,07:32:17,31.86,100.0,14.0,23.108,120.7
74DA38F20B5C,2026-08-05,07:32:24,32.75,100.0,12.0,22.798,120.293
74DA38F20E9E,2026-08-05,07:32:24,28.11,100.0,17.0,24.648,121.151
74DA38F7C366,2026-08-05,07:32:26,33.36,96.0,2.0,25.002,121.516
74DA38F20A30,2026-08-05,07:32:29,32.25,85.0,2.0,24.948,121.372
74DA38F209B2,2026-08-05,07:32:37,30.75,100.0,0.0,22.363,120.599
74DA38F20D70,2026-08-05,07:32:39,34.11,79.0,0.0,23.05,121.164
74DA38F7C3D6,2026-08-05,07:32:39,34.0,100.0,0.0,25.045,121.541
74DA38F7C63C,2026-08-05,07:32:43,-4.0,0.0,7.0,24.998,121.425
74DA38F7C430,2026-08-05,07:32:46,33.86,77.0,0.0,24.981,121.423
74DA38ED05B6,2026-08-05,07:32:57,33.25,83.0,5.0,23.43,121.348
74DA38F7C59C,2026-08-05,07:32:58,32.0,81.0,20.0,25.103,121.487
74DA38F7C260,2026-08-05,07:33:00,34.0,100.0,0.0,25.065,121.425
74DA38F7C464,2026-08-05,07:33:01,28.86,31.0,0.0,25.006,121.413
74DA38F21088,2026-08-05,07:33:02,32.75,100.0,0.0,25.068,121.588
74DA38F20C06,2026-08-05,07:33:04,27.87,56.0,16.0,24.874,121.02
74DA38F20934,2026-08-05,07:33:05,30.0,74.0,5.0,23.002,121.29
74DA38F209A8,2026-08-05,07:33:08,-4.0,0.0,0.0,22.401,120.577
74DA38F7C592,2026-08-05,07:33:11,-4.0,0.0,0.0,25.224,121.637
74DA38F20A78,2026-08-05,07:33:17,33.75,100.0,1.0,22.904,121.124
74DA38F210A2,2026-08-05,07:33:17,32.25,100.0,3.0,25.12,121.466
74DA38F21204,2026-08-05,07:33:20,31.5,100.0,1.0,25.062,121.451
74DA38ED059C,2026-08-05,07:33:25,33.25,73.0,4.0,23.706,121.412
74DA38F21048,2026-08-05,07:33:26,30.11,100.0,13.0,22.595,120.341
74DA38F7C616,2026-08-05,07:33:32,34.36,100.0,0.0,25.031,121.563
74DA38F209EE,2026-08-05,07:33:41,30.11,100.0,0.0,23.026,121.33
74DA38F7C560,2026-08-05,07:33:44,34.0,-65.0,0.0,25.079,121.671
74DA38ED0640,2026-08-05,07:33:46,31.0,100.0,3.0,23.154,121.266
74DA38F207DE,2026-08-05,07:33:48,31.86,100.0,11.0,22.603,120.34
74DA38F7C514,2026-08-05,07:33:49,32.25,100.0,10.0,25.051,121.518
74DA38F2105C,2026-08-05,07:33:56,32.61,100.0,0.0,25.088,121.599
74DA38F7C5AA,2026-08-05,07:33:58,32.61,100.0,0.0,25.0,121.479
74DA38F7C47C,2026-08-05,07:34:07,33.25,96.0,60.0,25.055,121.455
74DA38F20B26,2026-08-05,07:34:10,31.0,100.0,11.0,22.783,120.247
74DA38F2113E,2026-08-05,07:34:10,-4.0,0.0,0.0,22.728,120.313
74DA38ED0454,2026-08-05,07:34:15,31.86,100.0,10.0,24.053,121.599
74DA38ED05EA,2026-08-05,07:34:17,32.61,93.0,4.0,23.394,121.357
74DA38F21170,2026-08-05,07:34:22,34.86,63.0,1.0,22.779,121.088
74DA38F7C30C,2026-08-05,07:34:24,32.86,84.0,0.0,24.975,121.532
74DA38F7C566,2026-08-05,07:34:34,34.86,99.0,0.0,25.051,121.448
74DA38ED04F2,2026-08-05,07:34:41,30.25,100.0,5.0,23.468,121.496
74DA38F21024,2026-08-05,07:34:42,30.0,100.0,0.0,24.93,121.036
74DA38F20B80,2026-08-05,07:34:43,31.0,100.0,0.0,22.599,120.35
74DA38F7C310,2026-08-05,07:34:44,34.25,100.0,7.0,25.09,121.464
74DA38F21136,2026-08-05,07:34:48,32.86,100.0,8.0,25.119,121.505
74DA38F20E6E,2026-08-05,07:35:08,28.36,94.0,0.0,24.41,120.902
74DA38ED06E0,2026-08-05,07:35:12,31.11,93.0,8.0,23.601,121.521
74DA38F20F0A,2026-08-05,07:35:30,31.75,100.0,9.0,22.995,120.635
74DA38F7C53C,2026-08-05,07:35:31,30.86,100.0,0.0,25.11,121.804
74DA38F20D1A,2026-08-05,07:35:34,32.61,84.0,0.0,25.078,121.541
74DA38F7C42E,2026-08-05,07:35:47,33.61,100.0,0.0,24.969,121.514
74DA38F7C39A,2026-08-05,07:35:53,32.5,100.0,0.0,25.002,121.414
74DA38F209DE,2026-08-05,07:35:55,31.11,100.0,2.0,24.861,120.964
74DA38F7C37C,2026-08-05,07:35:58,32.36,100.0,0.0,25.111,121.856
74DA38F7C610,2026-08-05,07:35:59,31.75,87.0,9.0,25.063,121.564
74DA38F20DE0,2026-08-05,07:36:05,30.36,100.0,3.0,22.589,120.328
74DA38F7C41E,2026-08-05,07:36:07,31.75,78.0,0.0,25.054,121.517
74DA38F7C13A,2026-08-05,07:36:12,25.25,9.0,3.0,25.069,121.359
74DA38F7C506,2026-08-05,07:36:20,34.5,100.0,0.0,24.996,121.544
74DA38ED0630,2026-08-05,07:36:25,31.25,97.0,0.0,23.994,121.594
74DA38F7C338,2026-08-05,07:36:32,31.75,100.0,9.0,25.011,121.458
74DA38F7C5E6,2026-08-05,07:36:33,34.25,100.0,7.0,25.107,121.843
74DA38F7C600,2026-08-05,07:36:33,23.62,48.0,6.0,25.07,121.586
74DA38F7C480,2026-08-05,07:36:36,31.75,100.0,0.0,25.061,121.432
74DA38F208E2,2026-08-05,07:36:58,31.36,100.0,12.0,24.688,121.766
74DA38F20BF6,2026-08-05,07:37:05,28.0,100.0,8.0,22.582,120.368
74DA38F20D2E,2026-08-05,07:37:06,33.0,100.0,0.0,25.06,121.545
74DA38F7C5CE,2026-08-05,07:37:09,31.75,77.0,0.0,25.066,121.656
74DA38F7C3DE,2026-08-05,07:37:15,35.0,95.0,221.0,24.972,121.537
74DA38F7C4CC,2026-08-05,07:37:17,33.11,100.0,8.0,25.062,121.451
74DA38F7C47E,2026-08-05,07:37:18,33.61,100.0,14.0,25.053963,121.427681
74DA38F7C3B2,2026-08-05,07:37:20,32.5,64.0,9.0,24.929,121.378
74DA38F20D16,2026-08-05,07:37:22,33.11,96.0,11.0,25.062,121.526
74DA38F21054,2026-08-05,07:37:24,27.0,56.0,13.0,22.898,120.627
74DA38F20D1E,2026-08-05,07:37:26,32.61,100.0,12.0,25.048,121.573
74DA38F20C26,2026-08-05,07:37:27,32.86,77.0,9.0,22.676,120.342
74DA38F20EB2,2026-08-05,07:37:30,29.36,100.0,20.0,24.324,120.835
74DA38F7C3DC,2026-08-05,07:37:30,32.75,100.0,13.0,25.003,121.539
74DA38F20862,2026-08-05,07:37:42,30.75,100.0,4.0,23.101,121.176
74DA38F7C27E,2026-08-05,07:37:44,31.86,97.0,10.0,25.053,121.444
74DA38F7C532,2026-08-05,07:37:45,32.25,87.0,11.0,25.059,121.499
74DA38F7C5A0,2026-08-05,07:37:46,33.11,95.0,0.0,25.107,121.518
74DA38F20F1C,2026-08-05,07:37:55,33.0,100.0,14.0,25.062,121.451
74DA38F20B12,2026-08-05,07:38:07,27.75,67.0,9.0,22.91,120.716
74DA38F7C5BE,2026-08-05,07:38:16,32.5,82.0,12.0,25.092,121.523
74DA38F2104E,2026-08-05,07:38:23,32.0,100.0,14.0,23.108,120.7
74DA38F20B5C,2026-08-05,07:38:30,32.61,100.0,13.0,22.798,120.293
74DA38F7C366,2026-08-05,07:38:31,33.25,99.0,2.0,25.002,121.516
74DA38F20E9E,2026-08-05,07:38:33,28.11,100.0,18.0,24.648,121.151
74DA38F7C54E,2026-08-05,07:38:37,31.86,100.0,0.0,25.063,121.661
74DA38F20D70,2026-08-05,07:38:44,34.0,79.0,0.0,23.05,121.164
74DA38F7C570,2026-08-05,07:38:46,-4.0,0.0,0.0,25.239,121.63
74DA38F20D6C,2026-08-05,07:38:47,31.25,86.0,0.0,22.661,120.301
74DA38F20A30,2026-08-05,07:38:58,32.25,85.0,1.0,24.948,121.372
74DA38ED05B6,2026-08-05,07:39:02,33.11,82.0,5.0,23.43,121.348
74DA38F209B2,2026-08-05,07:39:03,30.86,100.0,0.0,22.363,120.599
74DA38F7C3D6,2026-08-05,07:39:06,33.86,100.0,0.0,25.045,121.541
74DA38F20C06,2026-08-05,07:39:09,28.0,55.0,14.0,24.874,121.02
74DA38F7C430,2026-08-05,07:39:15,34.0,77.0,0.0,24.981,121.423
74DA38F20A78,2026-08-05,07:39:23,33.61,100.0,1.0,22.904,121.124
74DA38F210A2,2026-08-05,07:39:23,32.0,100.0,3.0,25.12,121.466
74DA38F20934,2026-08-05,07:39:25,30.0,74.0,5.0,23.002,121.29
74DA38F21204,2026-08-05,07:39:26,31.36,100.0,1.0,25.062,121.451
74DA38F7C59C,2026-08-05,07:39:26,31.86,81.0,22.0,25.103,121.487
74DA38F7C260,2026-08-05,07:39:27,34.0,100.0,0.0,25.065,121.425
74DA38F21088,2026-08-05,07:39:31,33.25,100.0,0.0,25.068,121.588
74DA38F7C464,2026-08-05,07:39:32,28.86,31.0,0.0,25.006,121.413
74DA38ED059C,2026-08-05,07:39:34,33.11,73.0,4.0,23.706,121.412
74DA38F7C616,2026-08-05,07:39:44,34.5,100.0,0.0,25.031,121.563
74DA38F209EE,2026-08-05,07:39:46,30.11,100.0,0.0,23.026,121.33
74DA38ED0640,2026-08-05,07:39:52,30.61,100.0,3.0,23.154,121.266
74DA38F207DE,2026-08-05,07:39:53,31.86,100.0,10.0,22.603,120.34
74DA38F21048,2026-08-05,07:39:53,30.11,100.0,13.0,22.595,120.341
74DA38F7C514,2026-08-05,07:39:56,32.11,100.0,10.0,25.051,121.518
74DA38F7C47C,2026-08-05,07:39:59,33.36,96.0,63.0,25.055,121.455
74DA38F7C3BA,2026-08-05,07:40:04,-4.0,0.0,74.0,25.174,121.441
74DA38F7C560,2026-08-05,07:40:11,34.25,-65.0,0.0,25.079,121.671
74DA38F20B26,2026-08-05,07:40:19,31.0,100.0,11.0,22.783,120.247
74DA38ED0454,2026-08-05,07:40:21,32.0,100.0,10.0,24.053,121.599
74DA38ED05EA,2026-08-05,07:40:22,32.61,92.0,5.0,23.394,121.357
74DA38F2105C,2026-08-05,07:40:22,32.61,100.0,0.0,25.088,121.599
74DA38F7C5AA,2026-08-05,07:40:25,32.61,100.0,0.0,25.0,121.479
74DA38F21170,2026-08-05,07:40:27,34.75,63.0,1.0,22.779,121.088
74DA38ED04F2,2026-08-05,07:40:48,30.36,100.0,4.0,23.468,121.496
74DA38F7C310,2026-08-05,07:40:50,34.36,100.0,7.0,25.09,121.464
74DA38F7C30C,2026-08-05,07:40:57,32.86,84.0,0.0,24.975,121.532
74DA38F7C566,2026-08-05,07:41:02,35.11,99.0,0.0,25.051,121.448
74DA38F21136,2026-08-05,07:41:04,32.86,100.0,10.0,25.119,121.505
74DA38F21024,2026-08-05,07:41:09,29.86,100.0,0.0,24.93,121.036
74DA38F20B80,2026-08-05,07:41:10,31.0,100.0,0.0,22.599,120.35
74DA38F20E6E,2026-08-05,07:41:10,28.25,94.0,0.0,24.41,120.902
74DA38ED06E0,2026-08-05,07:41:18,31.11,92.0,8.0,23.601,121.521
74DA38F20B82,2026-08-05,07:41:21,-4.0,0.0,0.0,22.847,120.465
74DA38F2113E,2026-08-05,07:41:25,-4.0,0.0,0.0,22.728,120.313
74DA38F20F0A,2026-08-05,07:41:36,31.75,100.0,8.0,22.995,120.635
74DA38F7C53C,2026-08-05,07:41:58,30.75,100.0,0.0,25.11,121.804
74DA38F20D1A,2026-08-05,07:42:02,32.36,83.0,1.0,25.078,121.541
74DA38F7C610,2026-08-05,07:42:07,31.86,87.0,9.0,25.063,121.564
74DA38F7C42E,2026-08-05,07:42:15,33.61,100.0,0.0,24.969,121.514
74DA38F7C63C,2026-08-05,07:42:15,-4.0,0.0,7.0,24.998,121.425
74DA38F7C39A,2026-08-05,07:42:22,32.5,100.0,0.0,25.002,121.414
74DA38F209DE,2026-08-05,07:42:23,31.11,100.0,6.0,24.861,120.964
74DA38F7C37C,2026-08-05,07:42:26,32.36,100.0,0.0,25.111,121.856
74DA38F20DE0,2026-08-05,07:42:32,30.11,100.0,1.0,22.589,120.328
74DA38F7C5E6,2026-08-05,07:42:38,34.25,100.0,8.0,25.107,121.843
74DA38F7C600,2026-08-05,07:42:38,23.62,48.0,6.0,25.07,121.586
74DA38F7C13A,2026-08-05,07:42:42,25.37,9.0,5.0,25.069,121.359
74DA38F7C338,2026-08-05,07:42:43,31.75,100.0,9.0,25.011,121.458
74DA38F7C41E,2026-08-05,07:42:44,31.75,78.0,0.0,25.054,121.517
74DA38F209A8,2026-08-05,07:42:47,-4.0,0.0,0.0,22.401,120.577
74DA38F7C506,2026-08-05,07:42:48,34.36,100.0,0.0,24.996,121.544
74DA38F7C592,2026-08-05,07:42:50,-4.0,0.0,0.0,25.224,121.637
74DA38ED0630,2026-08-05,07:42:56,31.25,98.0,0.0,23.994,121.594
74DA38F208E2,2026-08-05,07:43:04,31.5,100.0,13.0,24.688,121.766
74DA38F7C480,2026-08-05,07:43:05,31.75,100.0,0.0,25.061,121.432
74DA38F20BF6,2026-08-05,07:43:09,28.11,100.0,7.0,22.582,120.368
74DA38F7C3DE,2026-08-05,07:43:09,35.0,95.0,212.0,24.972,121.537
74DA38F7C47E,2026-08-05,07:43:24,33.5,100.0,13.0,25.053963,121.427681
74DA38F7C4CC,2026-08-05,07:43:25,33.25,100.0,7.0,25.062,121.451
74DA38F7C3B2,2026-08-05,07:43:26,32.5,64.0,10.0,24.929,121.378
74DA38F20D16,2026-08-05,07:43:27,33.11,96.0,10.0,25.062,121.526
74DA38F21054,2026-08-05,07:43:30,26.87,56.0,12.0,22.898,120.627
74DA38F20D1E,2026-08-05,07:43:33,32.61,100.0,13.0,25.048,121.573
74DA38F20C26,2026-08-05,07:43:34,33.0,77.0,8.0,22.676,120.342
74DA38F20D2E,2026-08-05,07:43:34,32.86,100.0,0.0,25.06,121.545
74DA38F7C3DC,2026-08-05,07:43:36,32.75,100.0,10.0,25.003,121.539
74DA38F7C5CE,2026-08-05,07:43:37,31.75,78.0,0.0,25.066,121.656
74DA38F20EB2,2026-08-05,07:43:43,29.5,100.0,37.0,24.324,120.835
74DA38F20862,2026-08-05,07:43:47,30.75,100.0,4.0,23.101,121.176
74DA38F7C27E,2026-08-05,07:43:49,31.75,99.0,10.0,25.053,121.444
74DA38F7C532,2026-08-05,07:43:53,32.11,88.0,11.0,25.059,121.499
74DA38F20F1C,2026-08-05,07:44:00,32.86,100.0,13.0,25.062,121.451
74DA38F7C5A0,2026-08-05,07:44:14,33.11,95.0,0.0,25.107,121.518
74DA38F20B12,2026-08-05,07:44:19,27.75,67.0,9.0,22.91,120.716
74DA38F7C5BE,2026-08-05,07:44:22,32.36,82.0,13.0,25.092,121.523
74DA38F7C4DE,2026-08-05,07:44:24,32.0,100.0,0.0,25.09,121.462
74DA38F2104E,2026-08-05,07:44:29,32.0,100.0,14.0,23.108,120.7
74DA38F7C366,2026-08-05,07:44:36,33.36,100.0,3.0,25.002,121.516
74DA38F20B5C,2026-08-05,07:44:39,32.36,100.0,13.0,22.798,120.293
74DA38F20E9E,2026-08-05,07:44:41,28.11,100.0,18.0,24.648,121.151
74DA38F20D70,2026-08-05,07:44:53,33.36,80.0,0.0,23.05,121.164
74DA38ED05B6,2026-08-05,07:45:07,33.25,82.0,4.0,23.43,121.348
74DA38F7C54E,2026-08-05,07:45:08,31.86,100.0,0.0,25.063,121.661
74DA38F20D6C,2026-08-05,07:45:15,31.25,85.0,0.0,22.661,120.301
74DA38F20C06,2026-08-05,07:45:16,28.0,55.0,14.0,24.874,121.02
74DA38F20A30,2026-08-05,07:45:26,32.36,85.0,1.0,24.948,121.372
74DA38F210A2,2026-08-05,07:45:29,32.0,100.0,2.0,25.12,121.466
74DA38F209B2,2026-08-05,07:45:30,30.86,100.0,0.0,22.363,120.599
74DA38F20A78,2026-08-05,07:45:31,33.61,100.0,1.0,22.904,121.124
74DA38F7C3D6,2026-08-05,07:45:32,33.86,100.0,0.0,25.045,121.541
74DA38F20934,2026-08-05,07:45:35,30.11,74.0,5.0,23.002,121.29
74DA38F21204,2026-08-05,07:45:35,31.25,100.0,1.0,25.062,121.451
74DA38F7C430,2026-08-05,07:45:42,34.11,76.0,0.0,24.981,121.423
74DA38ED059C,2026-08-05,07:45:49,32.86,73.0,4.0,23.706,121.412
74DA38F7C47C,2026-08-05,07:45:51,33.5,96.0,60.0,25.055,121.455
74DA38F7C616,2026-08-05,07:45:51,34.36,100.0,0.0,25.031,121.563
74DA38F209EE,2026-08-05,07:45:52,30.11,100.0,0.0,23.026,121.33
74DA38F7C59C,2026-08-05,07:45:54,31.86,82.0,22.0,25.103,121.487
74DA38F7C260,2026-08-05,07:45:55,33.86,100.0,0.0,25.065,121.425
74DA38F207DE,2026-08-05,07:45:58,31.86,100.0,10.0,22.603,120.34
74DA38F21088,2026-08-05,07:45:59,32.61,100.0,0.0,25.068,121.588
74DA38ED0640,2026-08-05,07:46:00,30.5,100.0,4.0,23.154,121.266
74DA38F7C464,2026-08-05,07:46:01,28.86,31.0,0.0,25.006,121.413
74DA38F7C514,2026-08-05,07:46:03,32.11,100.0,10.0,25.051,121.518
74DA38F21048,2026-08-05,07:46:20,30.0,100.0,13.0,22.595,120.341
74DA38F20B26,2026-08-05,07:46:25,31.0,100.0,12.0,22.783,120.247
74DA38ED0454,2026-08-05,07:46:27,32.0,100.0,11.0,24.053,121.599
74DA38ED05EA,2026-08-05,07:46:28,32.61,90.0,4.0,23.394,121.357
74DA38F21170,2026-08-05,07:46:33,34.86,63.0,1.0,22.779,121.088
74DA38F7C560,2026-08-05,07:46:40,34.11,-65.0,0.0,25.079,121.671
74DA38F2105C,2026-08-05,07:46:49,32.5,100.0,0.0,25.088,121.599
74DA38F7C5AA,2026-08-05,07:46:52,32.61,100.0,0.0,25.0,121.479
74DA38ED04F2,2026-08-05,07:46:55,30.36,100.0,5.0,23.468,121.496
74DA38F7C310,2026-08-05,07:46:55,34.0,100.0,7.0,25.09,121.464
74DA38F7C30C,2026-08-05,07:47:08,32.75,84.0,0.0,24.975,121.532
74DA38F20E6E,2026-08-05,07:47:11,28.25,94.0,0.0,24.41,120.902
74DA38F7C566,2026-08-05,07:47:32,35.0,100.0,0.0,25.051,121.448
74DA38F20B80,2026-08-05,07:47:37,31.0,100.0,0.0,22.599,120.35
74DA38F21024,2026-08-05,07:47:37,29.86,100.0,0.0,24.93,121.036
74DA38ED06E0,2026-08-05,07:47:39,31.0,91.0,9.0,23.601,121.521
74DA38F20F0A,2026-08-05,07:47:42,31.86,100.0,8.0,22.995,120.635
74DA38F7C610,2026-08-05,07:48:12,31.86,87.0,9.0,25.063,121.564
74DA38F7C53C,2026-08-05,07:48:24,31.0,100.0,0.0,25.11,121.804
74DA38F7C570,2026-08-05,07:48:25,-4.0,0.0,0.0,25.239,121.63
74DA38F20D1A,2026-08-05,07:48:31,32.36,84.0,0.0,25.078,121.541
74DA38F2113E,2026-08-05,07:48:39,-4.0,0.0,0.0,22.728,120.313
74DA38F7C3BA,2026-08-05,07:48:42,-4.0,0.0,79.0,25.174,121.441
74DA38F7C42E,2026-08-05,07:48:43,33.5,100.0,0.0,24.969,121.514
74DA38F7C5E6,2026-08-05,07:48:43,34.25,100.0,8.0,25.107,121.843
74DA38F7C600,2026-08-05,07:48:44,23.62,48.0,7.0,25.07,121.586
74DA38F7C338,2026-08-05,07:48:48,31.61,100.0,9.0,25.011,121.458
74DA38F7C39A,2026-08-05,07:48:50,32.25,100.0,0.0,25.002,121.414
74DA38F209DE,2026-08-05,07:48:51,31.0,100.0,2.0,24.861,120.964
74DA38F7C37C,2026-08-05,07:48:54,32.36,100.0,0.0,25.111,121.856
74DA38F20DE0,2026-08-05,07:49:00,30.11,100.0,0.0,22.589,120.328
74DA38F7C3DE,2026-08-05,07:49:04,34.86,96.0,219.0,24.972,121.537
74DA38F208E2,2026-08-05,07:49:08,31.36,100.0,14.0,24.688,121.766
74DA38F7C13A,2026-08-05,07:49:11,25.12,8.0,4.0,25.069,121.359
74DA38F20BF6,2026-08-05,07:49:14,28.0,100.0,7.0,22.582,120.368
74DA38F7C506,2026-08-05,07:49:16,34.25,100.0,0.0,24.996,121.544
74DA38ED0630,2026-08-05,07:49:23,31.25,100.0,0.0,23.994,121.594
74DA38F7C41E,2026-08-05,07:49:23,31.86,77.0,0.0,25.054,121.517
74DA38F7C47E,2026-08-05,07:49:29,33.5,100.0,14.0,25.053963,121.427681
74DA38F7C480,2026-08-05,07:49:31,31.5,100.0,0.0,25.061,121.432
74DA38F7C4CC,2026-08-05,07:49:31,33.11,100.0,7.0,25.062,121.451
74DA38F20D16,2026-08-05,07:49:32,33.11,95.0,9.0,25.062,121.526
74DA38F7C3B2,2026-08-05,07:49:34,32.61,64.0,10.0,24.929,121.378
74DA38F21054,2026-08-05,07:49:35,27.0,57.0,12.0,22.898,120.627
74DA38F20C26,2026-08-05,07:49:41,33.0,76.0,9.0,22.676,120.342
74DA38F7C3DC,2026-08-05,07:49:41,32.75,100.0,10.0,25.003,121.539
74DA38F20D1E,2026-08-05,07:49:43,32.61,100.0,13.0,25.048,121.573
74DA38F20862,2026-08-05,07:49:53,30.5,100.0,4.0,23.101,121.176
74DA38F7C27E,2026-08-05,07:49:53,31.75,100.0,11.0,25.053,121.444
74DA38F7C532,2026-08-05,07:49:59,32.25,88.0,11.0,25.059,121.499
74DA38F20EB2,2026-08-05,07:50:00,29.25,100.0,70.0,24.324,120.835
74DA38F20D2E,2026-08-05,07:50:01,32.86,100.0,0.0,25.06,121.545
74DA38F7C5CE,2026-08-05,07:50:03,31.61,78.0,0.0,25.066,121.656
74DA38F20F1C,2026-08-05,07:50:05,33.0,100.0,13.0,25.062,121.451
74DA38F20B12,2026-08-05,07:50:25,27.75,67.0,9.0,22.91,120.716
74DA38F7C5BE,2026-08-05,07:50:28,32.5,82.0,13.0,25.092,121.523
74DA38F7C4DE,2026-08-05,07:50:31,31.86,100.0,0.0,25.09,121.462
74DA38F7C5A0,2026-08-05,07:50:40,33.11,95.0,0.0,25.107,121.518
74DA38F7C366,2026-08-05,07:50:41,33.0,100.0,3.0,25.002,121.516
74DA38F20B5C,2026-08-05,07:50:44,32.36,100.0,13.0,22.798,120.293
74DA38F20E9E,2026-08-05,07:50:48,28.25,100.0,18.0,24.648,121.151
74DA38F20B82,2026-08-05,07:50:53,-4.0,0.0,0.0,22.847,120.465
74DA38F20D70,2026-08-05,07:51:00,33.36,80.0,0.0,23.05,121.164
74DA38ED05B6,2026-08-05,07:51:14,33.11,81.0,5.0,23.43,121.348
74DA38F20C06,2026-08-05,07:51:23,28.0,55.0,14.0,24.874,121.02
74DA38F210A2,2026-08-05,07:51:34,32.11,100.0,3.0,25.12,121.466
74DA38F7C54E,2026-08-05,07:51:35,31.75,100.0,0.0,25.063,121.661
74DA38F7C47C,2026-08-05,07:51:37,33.61,96.0,57.0,25.055,121.455
74DA38F20A78,2026-08-05,07:51:38,33.61,100.0,1.0,22.904,121.124
74DA38F20934,2026-08-05,07:51:42,30.11,75.0,5.0,23.002,121.29
74DA38F21204,2026-08-05,07:51:47,31.25,100.0,1.0,25.062,121.451
74DA38F7C63C,2026-08-05,07:51:48,-4.0,0.0,7.0,24.998,121.425
74DA38F209EE,2026-08-05,07:51:56,30.11,100.0,0.0,23.026,121.33
74DA38F20A30,2026-08-05,07:51:56,32.25,85.0,1.0,24.948,121.372
74DA38F20D6C,2026-08-05,07:51:56,31.25,86.0,0.0,22.661,120.301
74DA38F209B2,2026-08-05,07:51:57,30.86,100.0,0.0,22.363,120.599
74DA38F7C3D6,2026-08-05,07:51:59,33.75,100.0,0.0,25.045,121.541
74DA38ED059C,2026-08-05,07:52:02,32.75,73.0,5.0,23.706,121.412
74DA38F207DE,2026-08-05,07:52:03,32.0,100.0,10.0,22.603,120.34
74DA38F7C616,2026-08-05,07:52:03,34.61,100.0,0.0,25.031,121.563
74DA38ED0640,2026-08-05,07:52:06,30.36,100.0,4.0,23.154,121.266
74DA38F7C430,2026-08-05,07:52:09,34.0,76.0,0.0,24.981,121.423
74DA38F7C514,2026-08-05,07:52:11,32.25,100.0,10.0,25.051,121.518
74DA38F7C59C,2026-08-05,07:52:21,31.86,82.0,24.0,25.103,121.487
74DA38F209A8,2026-08-05,07:52:27,-4.0,0.0,0.0,22.401,120.577
74DA38F21088,2026-08-05,07:52:27,32.75,100.0,0.0,25.068,121.588
74DA38F20B26,2026-08-05,07:52:30,30.86,100.0,12.0,22.783,120.247
74DA38F7C464,2026-08-05,07:52:30,28.86,31.0,0.0,25.006,121.413
74DA38F7C592,2026-08-05,07:52:30,-4.0,0.0,0.0,25.224,121.637
74DA38ED0454,2026-08-05,07:52:33,32.0,100.0,10.0,24.053,121.599
74DA38ED05EA,2026-08-05,07:52:33,32.61,91.0,4.0,23.394,121.357
74DA38F7C260,2026-08-05,07:52:37,34.0,100.0,0.0,25.065,121.425
74DA38F21170,2026-08-05,07:52:38,35.0,62.0,1.0,22.779,121.088
74DA38F21048,2026-08-05,07:52:48,30.0,100.0,13.0,22.595,120.341
74DA38F7C310,2026-08-05,07:53:00,33.86,100.0,7.0,25.09,121.464
74DA38ED04F2,2026-08-05,07:53:02,30.36,100.0,5.0,23.468,121.496
74DA38F7C560,2026-08-05,07:53:07,33.86,-65.0,0.0,25.079,121.671
74DA38F20E6E,2026-08-05,07:53:13,28.25,94.0,0.0,24.41,120.902
74DA38F2105C,2026-08-05,07:53:16,32.61,100.0,0.0,25.088,121.599
74DA38ED06E0,2026-08-05,07:53:46,31.0,92.0,11.0,23.601,121.521
74DA38F20F0A,2026-08-05,07:53:49,31.86,100.0,8.0,22.995,120.635
74DA38F21024,2026-08-05,07:54:03,29.86,100.0,0.0,24.93,121.036
74DA38F20B80,2026-08-05,07:54:04,31.0,100.0,0.0,22.599,120.35
74DA38F21136,2026-08-05,07:54:17,32.86,100.0,9.0,25.119,121.505
74DA38F7C610,2026-08-05,07:54:18,31.75,86.0,10.0,25.063,121.564
74DA38F7C5E6,2026-08-05,07:54:49,34.25,100.0,8.0,25.107,121.843
74DA38F7C600,2026-08-05,07:54:50,23.62,48.0,7.0,25.07,121.586
74DA38F7C338,2026-08-05,07:54:52,31.61,100.0,10.0,25.011,121.458
74DA38F7C53C,2026-08-05,07:54:52,30.86,100.0,0.0,25.11,121.804
74DA38F7C3DE,2026-08-05,07:54:58,35.0,95.0,232.0,24.972,121.537
74DA38F20D1A,2026-08-05,07:55:00,32.36,85.0,0.0,25.078,121.541
74DA38F208E2,2026-08-05,07:55:14,31.36,100.0,14.0,24.688,121.766
74DA38F7C39A,2026-08-05,07:55:17,32.0,100.0,0.0,25.002,121.414
74DA38F7C42E,2026-08-05,07:55:17,33.36,100.0,0.0,24.969,121.514
74DA38F209DE,2026-08-05,07:55:18,31.11,100.0,2.0,24.861,120.964
74DA38F20BF6,2026-08-05,07:55:18,28.11,100.0,7.0,22.582,120.368
74DA38F7C37C,2026-08-05,07:55:20,32.11,100.0,0.0,25.111,121.856
74DA38F20DE0,2026-08-05,07:55:28,30.0,100.0,1.0,22.589,120.328
74DA38F20B88,2026-08-05,07:55:33,29.75,100.0,1.0,22.75,120.316
74DA38F7C47E,2026-08-05,07:55:35,33.5,100.0,15.0,25.053963,121.427681
74DA38F20D16,2026-08-05,07:55:37,33.11,95.0,9.0,25.062,121.526
74DA38F7C4CC,2026-08-05,07:55:39,33.0,100.0,8.0,25.062,121.451
74DA38F7C13A,2026-08-05,07:55:40,24.87,6.0,2.0,25.069,121.359
74DA38F21054,2026-08-05,07:55:41,27.12,58.0,11.0,22.898,120.627
74DA38F7C3B2,2026-08-05,07:55:41,32.5,64.0,10.0,24.929,121.378
74DA38F7C506,2026-08-05,07:55:43,34.25,100.0,0.0,24.996,121.544
74DA38F20C26,2026-08-05,07:55:47,33.0,76.0,8.0,22.676,120.342
74DA38F7C3DC,2026-08-05,07:55:47,32.75,100.0,11.0,25.003,121.539
74DA38ED0630,2026-08-05,07:55:50,31.11,100.0,0.0,23.994,121.594
74DA38F20D1E,2026-08-05,07:55:50,32.36,100.0,12.0,25.048,121.573
74DA38F2113E,2026-08-05,07:55:53,-4.0,0.0,0.0,22.728,120.313
74DA38F20862,2026-08-05,07:55:58,30.61,100.0,4.0,23.101,121.176
74DA38F7C27E,2026-08-05,07:55:59,31.75,100.0,12.0,25.053,121.444
74DA38F7C480,2026-08-05,07:55:59,31.36,100.0,0.0,25.061,121.432
74DA38F7C41E,2026-08-05,07:56:01,31.86,77.0,0.0,25.054,121.517
74DA38F7C532,2026-08-05,07:56:08,32.5,85.0,10.0,25.059,121.499
74DA38F20F1C,2026-08-05,07:56:11,33.0,100.0,13.0,25.062,121.451
74DA38F20EB2,2026-08-05,07:56:12,29.11,100.0,24.0,24.324,120.835
74DA38F20D2E,2026-08-05,07:56:29,32.75,100.0,0.0,25.06,121.545
74DA38F20B12,2026-08-05,07:56:31,27.75,67.0,9.0,22.91,120.716
74DA38F7C5CE,2026-08-05,07:56:31,31.86,79.0,0.0,25.066,121.656
74DA38F7C5BE,2026-08-05,07:56:33,32.36,82.0,12.0,25.092,121.523
74DA38F7C4DE,2026-08-05,07:56:39,31.75,100.0,0.0,25.09,121.462
74DA38F7C366,2026-08-05,07:56:47,32.86,100.0,3.0,25.002,121.516
74DA38F20B5C,2026-08-05,07:56:50,32.5,100.0,13.0,22.798,120.293
74DA38F20E9E,2026-08-05,07:56:56,28.25,100.0,17.0,24.648,121.151
74DA38F20D70,2026-08-05,07:57:06,33.25,81.0,0.0,23.05,121.164
74DA38F7C5A0,2026-08-05,07:57:08,33.11,95.0,0.0,25.107,121.518
74DA38ED05B6,2026-08-05,07:57:20,33.0,82.0,5.0,23.43,121.348
74DA38F7C3BA,2026-08-05,07:57:21,-4.0,0.0,76.0,25.174,121.441
74DA38F20C06,2026-08-05,07:57:29,28.0,55.0,14.0,24.874,121.02
74DA38F7C47C,2026-08-05,07:57:30,33.61,95.0,60.0,25.055,121.455
74DA38F210A2,2026-08-05,07:57:40,32.11,100.0,3.0,25.12,121.466
74DA38F20A78,2026-08-05,07:57:46,33.61,100.0,1.0,22.904,121.124
74DA38F20934,2026-08-05,07:57:53,30.11,75.0,5.0,23.002,121.29
74DA38F21204,2026-08-05,07:57:54,31.25,100.0,1.0,25.062,121.451
74DA38F209EE,2026-08-05,07:58:02,30.11,100.0,0.0,23.026,121.33
74DA38F7C54E,2026-08-05,07:58:02,31.75,100.0,0.0,25.063,121.661
74DA38F7C570,2026-08-05,07:58:04,-4.0,0.0,0.0,25.239,121.63
74DA38F207DE,2026-08-05,07:58:07,31.86,100.0,11.0,22.603,120.34
74DA38ED059C,2026-08-05,07:58:10,32.86,73.0,5.0,23.706,121.412
74DA38ED0640,2026-08-05,07:58:12,30.11,100.0,4.0,23.154,121.266
74DA38F7C616,2026-08-05,07:58:12,34.5,100.0,0.0,25.031,121.563
74DA38F7C514,2026-08-05,07:58:22,32.11,100.0,10.0,25.051,121.518
74DA38F209B2,2026-08-05,07:58:23,31.0,100.0,0.0,22.363,120.599
74DA38F20D6C,2026-08-05,07:58:23,31.25,87.0,0.0,22.661,120.301
74DA38F20A30,2026-08-05,07:58:26,32.25,85.0,1.0,24.948,121.372
74DA38F7C3D6,2026-08-05,07:58:26,33.75,100.0,0.0,25.045,121.541
74DA38F20B26,2026-08-05,07:58:36,30.86,100.0,12.0,22.783,120.247
74DA38ED0454,2026-08-05,07:58:38,32.0,100.0,12.0,24.053,121.599
74DA38ED05EA,2026-08-05,07:58:38,32.75,92.0,6.0,23.394,121.357
74DA38F7C430,2026-08-05,07:58:42,34.11,75.0,0.0,24.981,121.423
74DA38F21170,2026-08-05,07:58:44,35.11,62.0,1.0,22.779,121.088
74DA38F7C59C,2026-08-05,07:58:50,31.86,83.0,29.0,25.103,121.487
74DA38F21088,2026-08-05,07:58:56,33.0,100.0,0.0,25.068,121.588
74DA38F7C464,2026-08-05,07:58:58,28.75,31.0,0.0,25.006,121.413
74DA38F7C310,2026-08-05,07:59:06,33.5,100.0,8.0,25.09,121.464
74DA38F2104E,2026-08-05,07:59:12,31.75,100.0,14.0,23.108,120.7
74DA38ED04F2,2026-08-05,07:59:14,30.36,100.0,5.0,23.468,121.496
74DA38F20E6E,2026-08-05,07:59:14,28.36,95.0,0.0,24.41,120.902
74DA38F21048,2026-08-05,07:59:16,30.0,100.0,13.0,22.595,120.341
74DA38F7C260,2026-08-05,07:59:18,34.0,100.0,0.0,25.065,121.425
74DA38F7C560,2026-08-05,07:59:34,33.61,-65.0,0.0,25.079,121.671
74DA38F2105C,2026-08-05,07:59:43,32.5,100.0,0.0,25.088,121.599
74DA38ED06E0,2026-08-05,07:59:52,31.0,93.0,9.0,23.601,121.521
74DA38F20F0A,2026-08-05,07:59:55,31.86,100.0,8.0,22.995,120.635
74DA38F7C610,2026-08-05,08:00:24,31.86,87.0,10.0,25.063,121.564
74DA38F20B82,2026-08-05,08:00:25,-4.0,0.0,0.0,22.847,120.465
74DA38F7C30C,2026-08-05,08:00:27,32.86,84.0,0.0,24.975,121.532
74DA38F20B80,2026-08-05,08:00:29,30.86,100.0,0.0,22.599,120.35
74DA38F21024,2026-08-05,08:00:30,29.75,100.0,0.0,24.93,121.036
74DA38F7C3DE,2026-08-05,08:00:54,34.86,94.0,223.0,24.972,121.537
74DA38F7C5E6,2026-08-05,08:00:54,34.25,100.0,8.0,25.107,121.843
74DA38F7C600,2026-08-05,08:00:55,23.62,48.0,7.0,25.07,121.586
74DA38F7C338,2026-08-05,08:01:00,31.61,100.0,10.0,25.011,121.458
74DA38F7C53C,2026-08-05,08:01:18,30.86,100.0,0.0,25.11,121.804
74DA38F208E2,2026-08-05,08:01:19,31.36,100.0,13.0,24.688,121.766
74DA38F7C63C,2026-08-05,08:01:20,-4.0,0.0,6.0,24.998,121.425
74DA38F20BF6,2026-08-05,08:01:23,28.0,100.0,7.0,22.582,120.368
74DA38F20D1A,2026-08-05,08:01:28,32.36,85.0,0.0,25.078,121.541
74DA38F7C47E,2026-08-05,08:01:40,33.5,100.0,16.0,25.053963,121.427681
74DA38F20D16,2026-08-05,08:01:42,33.11,96.0,9.0,25.062,121.526
74DA38F7C39A,2026-08-05,08:01:45,32.0,100.0,0.0,25.002,121.414
74DA38F7C4CC,2026-08-05,08:01:45,33.0,100.0,7.0,25.062,121.451
74DA38F209DE,2026-08-05,08:01:46,31.11,100.0,2.0,24.861,120.964
74DA38F21054,2026-08-05,08:01:47,27.25,59.0,11.0,22.898,120.627
74DA38F7C3B2,2026-08-05,08:01:47,32.5,65.0,10.0,24.929,121.378
74DA38F7C42E,2026-08-05,08:01:48,33.25,100.0,0.0,24.969,121.514
74DA38F7C3DC,2026-08-05,08:01:52,32.5,100.0,11.0,25.003,121.539
74DA38F7C37C,2026-08-05,08:01:54,32.25,100.0,15.0,25.111,121.856
74DA38F20DE0,2026-08-05,08:01:55,30.36,100.0,0.0,22.589,120.328
74DA38F20C26,2026-08-05,08:01:57,33.0,75.0,8.0,22.676,120.342
74DA38F20862,2026-08-05,08:02:04,30.5,100.0,4.0,23.101,121.176
74DA38F20B88,2026-08-05,08:02:04,29.75,100.0,1.0,22.75,120.316
74DA38F20D1E,2026-08-05,08:02:04,32.36,100.0,12.0,25.048,121.573
74DA38F209A8,2026-08-05,08:02:05,-4.0,0.0,0.0,22.401,120.577
74DA38F7C27E,2026-08-05,08:02:05,31.75,100.0,12.0,25.053,121.444
74DA38F7C13A,2026-08-05,08:02:08,24.75,6.0,4.0,25.069,121.359
74DA38F7C592,2026-08-05,08:02:08,-4.0,0.0,0.0,25.224,121.637
74DA38F7C506,2026-08-05,08:02:12,34.11,100.0,0.0,24.996,121.544
74DA38ED0630,2026-08-05,08:02:17,31.11,100.0,0.0,23.994,121.594
74DA38F7C532,2026-08-05,08:02:18,32.61,84.0,10.0,25.059,121.499
74DA38F20F1C,2026-08-05,08:02:19,32.86,100.0,13.0,25.062,121.451
74DA38F20EB2,2026-08-05,08:02:20,29.11,100.0,22.0,24.324,120.835
74DA38F7C480,2026-08-05,08:02:26,31.25,100.0,0.0,25.061,121.432
74DA38F20B12,2026-08-05,08:02:37,27.75,67.0,9.0,22.91,120.716
74DA38F7C5BE,2026-08-05,08:02:39,32.5,82.0,12.0,25.092,121.523
74DA38F7C41E,2026-08-05,08:02:40,31.86,77.0,0.0,25.054,121.517
74DA38F7C4DE,2026-08-05,08:02:46,31.86,100.0,0.0,25.09,121.462
74DA38F7C366,2026-08-05,08:02:52,33.0,100.0,3.0,25.002,121.516
74DA38F20D2E,2026-08-05,08:02:57,32.5,100.0,0.0,25.06,121.545
74DA38F7C5CE,2026-08-05,08:02:57,31.86,79.0,0.0,25.066,121.656
74DA38F20E9E,2026-08-05,08:03:04,28.25,100.0,17.0,24.648,121.151
74DA38F2113E,2026-08-05,08:03:10,-4.0,0.0,0.0,22.728,120.313
74DA38F20D70,2026-08-05,08:03:11,33.25,80.0,0.0,23.05,121.164
74DA38F20B5C,2026-08-05,08:03:16,32.5,100.0,13.0,22.798,120.293
74DA38F7C47C,2026-08-05,08:03:23,33.61,95.0,81.0,25.055,121.455
74DA38ED05B6,2026-08-05,08:03:25,33.0,82.0,5.0,23.43,121.348
74DA38F7C5A0,2026-08-05,08:03:35,33.11,94.0,0.0,25.107,121.518
74DA38F20C06,2026-08-05,08:03:36,28.11,57.0,14.0,24.874,121.02
74DA38F210A2,2026-08-05,08:03:45,32.0,100.0,3.0,25.12,121.466
74DA38F20A78,2026-08-05,08:03:52,33.61,100.0,1.0,22.904,121.124
74DA38F21204,2026-08-05,08:04:00,31.25,100.0,1.0,25.062,121.451
74DA38F20934,2026-08-05,08:04:06,30.11,75.0,5.0,23.002,121.29
74DA38F209EE,2026-08-05,08:04:07,30.11,100.0,0.0,23.026,121.33
74DA38F207DE,2026-08-05,08:04:12,31.61,100.0,11.0,22.603,120.34
74DA38ED0640,2026-08-05,08:04:18,30.0,100.0,4.0,23.154,121.266
74DA38F7C616,2026-08-05,08:04:19,34.61,100.0,0.0,25.031,121.563
74DA38ED059C,2026-08-05,08:04:22,32.5,76.0,5.0,23.706,121.412
74DA38F7C54E,2026-08-05,08:04:28,31.61,100.0,0.0,25.063,121.661
74DA38F7C514,2026-08-05,08:04:31,32.11,100.0,9.0,25.051,121.518
74DA38ED05EA,2026-08-05,08:04:43,32.75,93.0,10.0,23.394,121.357
74DA38F20B26,2026-08-05,08:04:44,30.75,100.0,14.0,22.783,120.247
74DA38ED0454,2026-08-05,08:04:45,31.86,100.0,12.0,24.053,121.599
74DA38F21170,2026-08-05,08:04:49,35.25,62.0,1.0,22.779,121.088
74DA38F209B2,2026-08-05,08:04:50,31.25,100.0,0.0,22.363,120.599
74DA38F7C3D6,2026-08-05,08:04:52,33.86,100.0,0.0,25.045,121.541
74DA38F20A30,2026-08-05,08:04:54,32.11,84.0,1.0,24.948,121.372
74DA38F20D6C,2026-08-05,08:05:04,31.11,87.0,0.0,22.661,120.301
74DA38F7C310,2026-08-05,08:05:10,33.5,100.0,7.0,25.09,121.464
74DA38F7C430,2026-08-05,08:05:10,34.0,75.0,0.0,24.981,121.423
74DA38F20E6E,2026-08-05,08:05:16,28.36,94.0,0.0,24.41,120.902
74DA38F2104E,2026-08-05,08:05:18,31.75,100.0,14.0,23.108,120.7
74DA38F7C59C,2026-08-05,08:05:18,32.0,83.0,23.0,25.103,121.487
74DA38ED04F2,2026-08-05,08:05:20,30.36,100.0,5.0,23.468,121.496
74DA38F21088,2026-08-05,08:05:23,33.11,100.0,0.0,25.068,121.588
74DA38F7C464,2026-08-05,08:05:26,28.75,31.0,0.0,25.006,121.413
74DA38F21048,2026-08-05,08:05:43,30.0,100.0,13.0,22.595,120.341
74DA38F7C260,2026-08-05,08:05:47,34.0,100.0,0.0,25.065,121.425
74DA38F7C3BA,2026-08-05,08:06:00,-4.0,0.0,81.0,25.174,121.441
74DA38ED06E0,2026-08-05,08:06:02,31.0,94.0,11.0,23.601,121.521
74DA38F20F0A,2026-08-05,08:06:02,31.75,100.0,7.0,22.995,120.635
74DA38F7C560,2026-08-05,08:06:02,33.36,-65.0,7.0,25.079,121.671
74DA38F2105C,2026-08-05,08:06:10,32.36,100.0,0.0,25.088,121.599
74DA38F7C610,2026-08-05,08:06:30,31.75,87.0,11.0,25.063,121.564
74DA38F7C30C,2026-08-05,08:06:45,32.86,83.0,0.0,24.975,121.532
74DA38F7C3DE,2026-08-05,08:06:48,34.86,94.0,220.0,24.972,121.537
74DA38F20B80,2026-08-05,08:06:56,30.86,100.0,0.0,22.599,120.35
74DA38F21024,2026-08-05,08:06:58,29.61,100.0,1.0,24.93,121.036
74DA38F7C5E6,2026-08-05,08:06:59,34.36,100.0,8.0,25.107,121.843
74DA38F7C600,2026-08-05,08:07:01,23.62,48.0,7.0,25.07,121.586
74DA38F7C338,2026-08-05,08:07:12,31.61,100.0,9.0,25.011,121.458
74DA38F7C566,2026-08-05,08:07:14,34.61,100.0,1.0,25.051,121.448
74DA38F208E2,2026-08-05,08:07:24,31.36,100.0,14.0,24.688,121.766
74DA38F20BF6,2026-08-05,08:07:28,28.0,100.0,8.0,22.582,120.368
74DA38F7C5AA,2026-08-05,08:07:36,32.75,100.0,0.0,25.0,121.479
74DA38F7C570,2026-08-05,08:07:43,-4.0,0.0,0.0,25.239,121.63
74DA38F7C53C,2026-08-05,08:07:45,31.11,100.0,0.0,25.11,121.804
74DA38F20D16,2026-08-05,08:07:46,33.11,98.0,9.0,25.062,121.526
74DA38F7C47E,2026-08-05,08:07:49,33.5,100.0,16.0,25.053963,121.427681
74DA38F7C4CC,2026-08-05,08:07:50,33.0,100.0,7.0,25.062,121.451
74DA38F7C3B2,2026-08-05,08:07:52,32.61,65.0,9.0,24.929,121.378
74DA38F21054,2026-08-05,08:07:53,27.37,60.0,11.0,22.898,120.627
74DA38F7C3DC,2026-08-05,08:07:57,32.36,100.0,12.0,25.003,121.539
74DA38F20D1A,2026-08-05,08:07:59,32.36,85.0,0.0,25.078,121.541
74DA38F20C26,2026-08-05,08:08:03,32.86,77.0,9.0,22.676,120.342
74DA38F20862,2026-08-05,08:08:10,30.5,100.0,4.0,23.101,121.176
74DA38F20D1E,2026-08-05,08:08:11,32.11,100.0,13.0,25.048,121.573
74DA38F7C27E,2026-08-05,08:08:11,31.75,100.0,12.0,25.053,121.444
74DA38F209DE,2026-08-05,08:08:12,31.25,100.0,0.0,24.861,120.964
74DA38F7C39A,2026-08-05,08:08:13,32.0,100.0,0.0,25.002,121.414
74DA38F7C42E,2026-08-05,08:08:14,33.11,100.0,0.0,24.969,121.514
74DA38F20F1C,2026-08-05,08:08:24,32.61,100.0,14.0,25.062,121.451
74DA38F7C532,2026-08-05,08:08:24,32.5,86.0,9.0,25.059,121.499
74DA38F20DE0,2026-08-05,08:08:26,30.25,100.0,1.0,22.589,120.328
74DA38F20EB2,2026-08-05,08:08:28,29.11,100.0,20.0,24.324,120.835
74DA38F20B88,2026-08-05,08:08:36,29.86,100.0,1.0,22.75,120.316
74DA38F7C13A,2026-08-05,08:08:37,24.75,5.0,4.0,25.069,121.359
74DA38F7C506,2026-08-05,08:08:39,34.0,100.0,0.0,24.996,121.544
74DA38F7C37C,2026-08-05,08:08:40,32.36,100.0,35.0,25.111,121.856
74DA38F20B12,2026-08-05,08:08:42,27.75,67.0,8.0,22.91,120.716
74DA38F7C5BE,2026-08-05,08:08:44,32.36,81.0,13.0,25.092,121.523
74DA38ED0630,2026-08-05,08:08:46,31.11,100.0,0.0,23.994,121.594
74DA38F7C480,2026-08-05,08:08:53,31.0,100.0,0.0,25.061,121.432
74DA38F7C366,2026-08-05,08:08:57,33.0,100.0,3.0,25.002,121.516
74DA38F7C4DE,2026-08-05,08:08:57,31.75,100.0,0.0,25.09,121.462
74DA38F20E9E,2026-08-05,08:09:12,28.25,100.0,17.0,24.648,121.151
74DA38F7C47C,2026-08-05,08:09:16,33.5,97.0,79.0,25.055,121.455
74DA38F20D70,2026-08-05,08:09:17,33.36,79.0,0.0,23.05,121.164
74DA38F7C41E,2026-08-05,08:09:19,31.75,76.0,0.0,25.054,121.517
74DA38F20B5C,2026-08-05,08:09:21,32.36,100.0,13.0,22.798,120.293
74DA38F7C5CE,2026-08-05,08:09:24,31.86,79.0,0.0,25.066,121.656
74DA38F20D2E,2026-08-05,08:09:25,32.36,100.0,0.0,25.06,121.545
74DA38ED05B6,2026-08-05,08:09:31,32.86,82.0,5.0,23.43,121.348
74DA38F20C06,2026-08-05,08:09:43,28.5,57.0,14.0,24.874,121.02
74DA38F210A2,2026-08-05,08:09:50,31.86,100.0,3.0,25.12,121.466
74DA38F20B82,2026-08-05,08:09:57,-4.0,0.0,0.0,22.847,120.465
74DA38F20A78,2026-08-05,08:09:58,33.5,100.0,1.0,22.904,121.124
74DA38F7C5A0,2026-08-05,08:10:02,33.11,94.0,0.0,25.107,121.518
74DA38F209EE,2026-08-05,08:10:12,30.11,100.0,0.0,23.026,121.33
74DA38F20934,2026-08-05,08:10:16,30.11,76.0,5.0,23.002,121.29
74DA38F21204,2026-08-05,08:10:17,31.25,100.0,1.0,25.062,121.451
74DA38F207DE,2026-08-05,08:10:18,31.61,100.0,11.0,22.603,120.34
74DA38ED0640,2026-08-05,08:10:24,29.86,100.0,4.0,23.154,121.266
74DA38F7C616,2026-08-05,08:10:25,34.36,100.0,0.0,25.031,121.563
74DA38F2113E,2026-08-05,08:10:26,-4.0,0.0,0.0,22.728,120.313
74DA38ED059C,2026-08-05,08:10:38,32.5,77.0,5.0,23.706,121.412
74DA38F7C514,2026-08-05,08:10:39,32.11,100.0,9.0,25.051,121.518
74DA38ED05EA,2026-08-05,08:10:48,32.75,92.0,5.0,23.394,121.357
74DA38ED0454,2026-08-05,08:10:50,31.75,100.0,12.0,24.053,121.599
74DA38F20B26,2026-08-05,08:10:50,30.75,100.0,13.0,22.783,120.247
74DA38F7C63C,2026-08-05,08:10:53,-4.0,0.0,6.0,24.998,121.425
74DA38F21170,2026-08-05,08:10:54,35.36,62.0,1.0,22.779,121.088
74DA38F7C54E,2026-08-05,08:10:55,31.36,100.0,0.0,25.063,121.661
74DA38F7C310,2026-08-05,08:11:14,33.25,100.0,7.0,25.09,121.464
74DA38F209B2,2026-08-05,08:11:17,31.25,100.0,0.0,22.363,120.599
74DA38F20E6E,2026-08-05,08:11:18,28.36,94.0,0.0,24.41,120.902
74DA38F7C3D6,2026-08-05,08:11:19,33.75,100.0,0.0,25.045,121.541
74DA38F20A30,2026-08-05,08:11:23,32.0,83.0,7.0,24.948,121.372
74DA38F2104E,2026-08-05,08:11:23,31.5,100.0,15.0,23.108,120.7
74DA38ED04F2,2026-08-05,08:11:27,30.36,100.0,6.0,23.468,121.496
74DA38F20D6C,2026-08-05,08:11:31,31.11,87.0,0.0,22.661,120.301
74DA38F7C430,2026-08-05,08:11:38,34.0,75.0,0.0,24.981,121.423
74DA38F7C59C,2026-08-05,08:11:44,31.86,83.0,24.0,25.103,121.487
74DA38F209A8,2026-08-05,08:11:45,-4.0,0.0,0.0,22.401,120.577
74DA38F7C592,2026-08-05,08:11:47,-4.0,0.0,0.0,25.224,121.637
74DA38F21088,2026-08-05,08:11:51,33.25,100.0,0.0,25.068,121.588
74DA38F7C464,2026-08-05,08:11:56,28.75,31.0,0.0,25.006,121.413
74DA38ED06E0,2026-08-05,08:12:08,31.0,94.0,8.0,23.601,121.521
74DA38F20F0A,2026-08-05,08:12:08,31.5,100.0,8.0,22.995,120.635
74DA38F21048,2026-08-05,08:12:11,30.0,100.0,13.0,22.595,120.341
74DA38F7C260,2026-08-05,08:12:13,34.0,100.0,0.0,25.065,121.425
74DA38F7C560,2026-08-05,08:12:30,33.36,-65.0,0.0,25.079,121.671
74DA38F21136,2026-08-05,08:12:33,32.75,100.0,10.0,25.119,121.505
74DA38F7C610,2026-08-05,08:12:35,31.75,87.0,10.0,25.063,121.564
74DA38F2105C,2026-08-05,08:12:39,32.25,100.0,0.0,25.088,121.599
74DA38F7C3DE,2026-08-05,08:12:42,34.75,94.0,224.0,24.972,121.537
74DA38F7C30C,2026-08-05,08:12:55,32.86,84.0,0.0,24.975,121.532
74DA38F7C5E6,2026-08-05,08:13:06,34.5,100.0,11.0,25.107,121.843
74DA38F7C600,2026-08-05,08:13:06,23.62,48.0,7.0,25.07,121.586
74DA38F7C338,2026-08-05,08:13:19,31.61,100.0,10.0,25.011,121.458
74DA38F20B80,2026-08-05,08:13:24,30.86,100.0,2.0,22.599,120.35
74DA38F21024,2026-08-05,08:13:24,29.61,100.0,0.0,24.93,121.036
74DA38F208E2,2026-08-05,08:13:31,31.36,100.0,14.0,24.688,121.766
74DA38F20BF6,2026-08-05,08:13:32,28.0,100.0,8.0,22.582,120.368
74DA38F20D16,2026-08-05,08:13:52,33.0,94.0,10.0,25.062,121.526
74DA38F7C47E,2026-08-05,08:13:55,33.36,100.0,17.0,25.053963,121.427681
74DA38F7C4CC,2026-08-05,08:13:57,33.0,100.0,8.0,25.062,121.451
74DA38F7C3B2,2026-08-05,08:13:58,32.5,65.0,10.0,24.929,121.378
74DA38F21054,2026-08-05,08:13:59,27.75,61.0,11.0,22.898,120.627
74DA38F7C3DC,2026-08-05,08:14:03,32.11,100.0,11.0,25.003,121.539
74DA38F7C5AA,2026-08-05,08:14:04,32.5,100.0,0.0,25.0,121.479
74DA38F7C53C,2026-08-05,08:14:11,31.25,100.0,0.0,25.11,121.804
74DA38F7C566,2026-08-05,08:14:12,34.75,100.0,0.0,25.051,121.448
74DA38F20C26,2026-08-05,08:14:13,32.75,77.0,9.0,22.676,120.342
74DA38F7C27E,2026-08-05,08:14:16,31.75,100.0,12.0,25.053,121.444
74DA38F20862,2026-08-05,08:14:17,30.36,100.0,5.0,23.101,121.176
74DA38F20D1E,2026-08-05,08:14:24,32.25,100.0,13.0,25.048,121.573
74DA38F20D1A,2026-08-05,08:14:27,32.25,85.0,0.0,25.078,121.541
74DA38F20F1C,2026-08-05,08:14:30,32.36,100.0,14.0,25.062,121.451
74DA38F7C532,2026-08-05,08:14:30,32.36,87.0,10.0,25.059,121.499
74DA38F20EB2,2026-08-05,08:14:35,28.86,100.0,21.0,24.324,120.835
74DA38F209DE,2026-08-05,08:14:39,31.25,100.0,1.0,24.861,120.964
74DA38F7C3BA,2026-08-05,08:14:39,-4.0,0.0,79.0,25.174,121.441
74DA38F7C39A,2026-08-05,08:14:41,32.25,100.0,0.0,25.002,121.414
74DA38F7C42E,2026-08-05,08:14:43,33.25,100.0,0.0,24.969,121.514
74DA38F20B12,2026-08-05,08:14:48,27.62,67.0,9.0,22.91,120.716
74DA38F7C5BE,2026-08-05,08:14:51,32.25,81.0,12.0,25.092,121.523
74DA38F20DE0,2026-08-05,08:14:54,30.36,100.0,0.0,22.589,120.328
74DA38F7C366,2026-08-05,08:15:01,32.86,100.0,3.0,25.002,121.516
74DA38F7C4DE,2026-08-05,08:15:03,31.75,100.0,0.0,25.09,121.462
74DA38F7C13A,2026-08-05,08:15:04,24.87,6.0,2.0,25.069,121.359
74DA38F7C506,2026-08-05,08:15:06,33.75,100.0,0.0,24.996,121.544
74DA38F20B88,2026-08-05,08:15:07,29.75,100.0,1.0,22.75,120.316
74DA38F7C47C,2026-08-05,08:15:11,33.36,99.0,67.0,25.055,121.455
74DA38ED0630,2026-08-05,08:15:12,31.11,100.0,0.0,23.994,121.594
74DA38F7C37C,2026-08-05,08:15:12,32.36,100.0,34.0,25.111,121.856
74DA38F20E9E,2026-08-05,08:15:19,28.25,100.0,18.0,24.648,121.151
74DA38F7C480,2026-08-05,08:15:21,30.75,100.0,0.0,25.061,121.432
74DA38F20D70,2026-08-05,08:15:22,33.5,79.0,0.0,23.05,121.164
74DA38F20B5C,2026-08-05,08:15:26,32.25,100.0,13.0,22.798,120.293
74DA38ED05B6,2026-08-05,08:15:36,32.86,81.0,5.0,23.43,121.348
74DA38F20C06,2026-08-05,08:15:50,29.11,58.0,13.0,24.874,121.02
74DA38F7C5CE,2026-08-05,08:15:52,31.75,79.0,0.0,25.066,121.656
74DA38F20D2E,2026-08-05,08:15:53,32.25,100.0,0.0,25.06,121.545
74DA38F210A2,2026-08-05,08:15:55,32.0,100.0,3.0,25.12,121.466
74DA38F7C41E,2026-08-05,08:15:58,31.75,76.0,0.0,25.054,121.517
74DA38F20A78,2026-08-05,08:16:04,33.75,100.0,1.0,22.904,121.124
74DA38F209EE,2026-08-05,08:16:17,30.0,100.0,0.0,23.026,121.33
74DA38F207DE,2026-08-05,08:16:22,31.36,100.0,11.0,22.603,120.34
74DA38F21204,2026-08-05,08:16:24,31.25,100.0,1.0,25.062,121.451
74DA38ED0640,2026-08-05,08:16:30,29.86,100.0,4.0,23.154,121.266
74DA38F7C5A0,2026-08-05,08:16:30,33.11,95.0,0.0,25.107,121.518
74DA38F20934,2026-08-05,08:16:36,30.11,76.0,5.0,23.002,121.29
74DA38F7C616,2026-08-05,08:16:42,34.0,100.0,0.0,25.031,121.563
74DA38F7C514,2026-08-05,08:16:46,32.11,100.0,9.0,25.051,121.518
74DA38ED059C,2026-08-05,08:16:49,32.75,76.0,6.0,23.706,121.412
74DA38ED05EA,2026-08-05,08:16:53,32.75,91.0,5.0,23.394,121.357
74DA38ED0454,2026-08-05,08:16:55,31.75,100.0,13.0,24.053,121.599
74DA38F21170,2026-08-05,08:16:59,35.36,62.0,1.0,22.779,121.088
74DA38F20B26,2026-08-05,08:17:03,30.86,100.0,13.0,22.783,120.247
74DA38F20E6E,2026-08-05,08:17:20,28.5,94.0,0.0,24.41,120.902
74DA38F7C310,2026-08-05,08:17:20,33.11,100.0,8.0,25.09,121.464
74DA38F7C570,2026-08-05,08:17:23,-4.0,0.0,0.0,25.239,121.63
74DA38F7C54E,2026-08-05,08:17:24,31.36,100.0,0.0,25.063,121.661
74DA38F2104E,2026-08-05,08:17:29,31.36,100.0,14.0,23.108,120.7
74DA38ED04F2,2026-08-05,08:17:35,30.25,100.0,6.0,23.468,121.496
74DA38F2113E,2026-08-05,08:17:42,-4.0,0.0,0.0,22.728,120.313
74DA38F209B2,2026-08-05,08:17:43,31.11,100.0,0.0,22.363,120.599
74DA38F7C3D6,2026-08-05,08:17:45,33.5,100.0,0.0,25.045,121.541
74DA38F20D6C,2026-08-05,08:17:56,31.0,88.0,0.0,22.661,120.301
74DA38F20A30,2026-08-05,08:17:58,31.86,82.0,18.0,24.948,121.372
74DA38F7C430,2026-08-05,08:18:06,34.0,75.0,0.0,24.981,121.423
74DA38F7C59C,2026-08-05,08:18:13,31.86,83.0,25.0,25.103,121.487
74DA38ED06E0,2026-08-05,08:18:14,31.0,94.0,10.0,23.601,121.521
74DA38F20F0A,2026-08-05,08:18:14,31.25,100.0,7.0,22.995,120.635
74DA38F21088,2026-08-05,08:18:20,33.36,100.0,0.0,25.068,121.588
74DA38F7C464,2026-08-05,08:18:26,28.61,31.0,0.0,25.006,121.413
74DA38F7C3DE,2026-08-05,08:18:37,34.75,95.0,224.0,24.972,121.537
74DA38F21048,2026-08-05,08:18:39,29.86,100.0,13.0,22.595,120.341
74DA38F7C260,2026-08-05,08:18:40,33.86,100.0,0.0,25.065,121.425
74DA38F7C610,2026-08-05,08:18:42,31.61,88.0,11.0,25.063,121.564
74DA38F21136,2026-08-05,08:18:48,32.61,100.0,10.0,25.119,121.505
74DA38F7C560,2026-08-05,08:18:57,33.36,-65.0,0.0,25.079,121.671
74DA38F2105C,2026-08-05,08:19:05,32.25,100.0,0.0,25.088,121.599
74DA38F7C5E6,2026-08-05,08:19:12,34.61,100.0,10.0,25.107,121.843
74DA38F7C600,2026-08-05,08:19:12,23.62,48.0,7.0,25.07,121.586
74DA38F7C30C,2026-08-05,08:19:19,32.61,85.0,0.0,24.975,121.532
74DA38F7C338,2026-08-05,08:19:25,31.61,100.0,10.0,25.011,121.458
74DA38F20B82,2026-08-05,08:19:29,-4.0,0.0,0.0,22.847,120.465
74DA38F20BF6,2026-08-05,08:19:37,28.11,100.0,8.0,22.582,120.368
74DA38F208E2,2026-08-05,08:19:38,31.25,100.0,15.0,24.688,121.766
74DA38F21024,2026-08-05,08:19:51,29.5,100.0,0.0,24.93,121.036
74DA38F20B80,2026-08-05,08:19:55,30.75,100.0,3.0,22.599,120.35
74DA38F20D16,2026-08-05,08:19:58,33.0,96.0,9.0,25.062,121.526
74DA38F7C47E,2026-08-05,08:20:01,33.25,100.0,16.0,25.053963,121.427681
74DA38F7C4CC,2026-08-05,08:20:03,33.0,100.0,7.0,25.062,121.451
74DA38F7C3B2,2026-08-05,08:20:04,32.5,65.0,9.0,24.929,121.378
74DA38F21054,2026-08-05,08:20:05,28.25,64.0,10.0,22.898,120.627
74DA38F7C3DC,2026-08-05,08:20:08,32.11,100.0,12.0,25.003,121.539
74DA38F20C26,2026-08-05,08:20:21,32.75,78.0,10.0,22.676,120.342
74DA38F7C27E,2026-08-05,08:20:21,31.61,100.0,11.0,25.053,121.444
74DA38F20862,2026-08-05,08:20:23,30.25,100.0,10.0,23.101,121.176
74DA38F7C63C,2026-08-05,08:20:26,-4.0,0.0,6.0,24.998,121.425
74DA38F20F1C,2026-08-05,08:20:36,31.61,100.0,13.0,25.062,121.451
74DA38F7C532,2026-08-05,08:20:36,32.25,87.0,9.0,25.059,121.499
74DA38F7C53C,2026-08-05,08:20:39,30.86,100.0,0.0,25.11,121.804
74DA38F7C5AA,2026-08-05,08:20:43,32.36,100.0,0.0,25.0,121.479
74DA38F20EB2,2026-08-05,08:20:44,28.86,100.0,20.0,24.324,120.835
74DA38F20D1E,2026-08-05,08:20:49,32.25,100.0,14.0,25.048,121.573
74DA38F20B12,2026-08-05,08:20:53,27.62,66.0,9.0,22.91,120.716
74DA38F20D1A,2026-08-05,08:20:55,32.25,85.0,0.0,25.078,121.541
74DA38F7C5BE,2026-08-05,08:20:56,32.0,81.0,11.0,25.092,121.523
74DA38F7C366,2026-08-05,08:21:06,32.61,100.0,3.0,25.002,121.516
74DA38F209DE,2026-08-05,08:21:07,31.11,100.0,2.0,24.861,120.964
74DA38F7C39A,2026-08-05,08:21:07,32.36,100.0,0.0,25.002,121.414
74DA38F7C47C,2026-08-05,08:21:08,33.36,100.0,69.0,25.055,121.455
74DA38F7C4DE,2026-08-05,08:21:12,31.75,100.0,0.0,25.09,121.462
74DA38F20DE0,2026-08-05,08:21:21,30.61,100.0,0.0,22.589,120.328
74DA38F209A8,2026-08-05,08:21:24,-4.0,0.0,0.0,22.401,120.577
74DA38F20E9E,2026-08-05,08:21:26,28.25,100.0,18.0,24.648,121.151
74DA38F20D70,2026-08-05,08:21:27,33.36,81.0,0.0,23.05,121.164
74DA38F7C592,2026-08-05,08:21:28,-4.0,0.0,0.0,25.224,121.637
74DA38F7C13A,2026-08-05,08:21:31,24.75,5.0,0.0,25.069,121.359
74DA38F20B88,2026-08-05,08:21:35,29.61,100.0,2.0,22.75,120.316
74DA38F7C506,2026-08-05,08:21:35,33.61,100.0,0.0,24.996,121.544
74DA38ED0630,2026-08-05,08:21:39,31.11,100.0,0.0,23.994,121.594
74DA38ED05B6,2026-08-05,08:21:41,32.75,82.0,5.0,23.43,121.348
74DA38F7C37C,2026-08-05,08:21:43,31.86,100.0,14.0,25.111,121.856
74DA38F7C480,2026-08-05,08:21:48,30.5,100.0,0.0,25.061,121.432
74DA38F20C06,2026-08-05,08:21:56,29.61,58.0,13.0,24.874,121.02
74DA38F210A2,2026-08-05,08:22:00,31.75,100.0,4.0,25.12,121.466
74DA38F20A78,2026-08-05,08:22:10,33.86,100.0,1.0,22.904,121.124
74DA38F7C5CE,2026-08-05,08:22:18,31.61,80.0,0.0,25.066,121.656
74DA38F20D2E,2026-08-05,08:22:21,32.25,100.0,0.0,25.06,121.545
74DA38F209EE,2026-08-05,08:22:22,30.0,100.0,0.0,23.026,121.33
74DA38F207DE,2026-08-05,08:22:26,31.36,100.0,11.0,22.603,120.34
74DA38F21204,2026-08-05,08:22:32,31.11,100.0,1.0,25.062,121.451
74DA38F7C41E,2026-08-05,08:22:37,31.61,77.0,0.0,25.054,121.517
74DA38ED0640,2026-08-05,08:22:38,29.86,100.0,4.0,23.154,121.266
74DA38F20934,2026-08-05,08:22:45,30.11,76.0,5.0,23.002,121.29
74DA38F7C616,2026-08-05,08:22:48,34.36,100.0,0.0,25.031,121.563
74DA38F7C514,2026-08-05,08:22:54,32.11,100.0,9.0,25.051,121.518
74DA38ED05EA,2026-08-05,08:22:58,32.75,92.0,5.0,23.394,121.357
74DA38F7C5A0,2026-08-05,08:22:58,32.86,95.0,0.0,25.107,121.518
74DA38ED059C,2026-08-05,08:22:59,32.75,75.0,6.0,23.706,121.412
74DA38ED0454,2026-08-05,08:23:01,31.61,100.0,12.0,24.053,121.599
74DA38F21170,2026-08-05,08:23:05,35.36,61.0,1.0,22.779,121.088
74DA38F20B26,2026-08-05,08:23:09,30.86,100.0,14.0,22.783,120.247
74DA38F7C3BA,2026-08-05,08:23:19,-4.0,0.0,77.0,25.174,121.441
74DA38F20E6E,2026-08-05,08:23:21,28.5,93.0,0.0,24.41,120.902
74DA38F7C310,2026-08-05,08:23:25,33.25,100.0,8.0,25.09,121.464
74DA38F2104E,2026-08-05,08:23:35,31.25,100.0,15.0,23.108,120.7
74DA38ED04F2,2026-08-05,08:23:42,30.25,100.0,6.0,23.468,121.496
74DA38F7C54E,2026-08-05,08:23:49,31.36,100.0,0.0,25.063,121.661
74DA38F209B2,2026-08-05,08:24:10,31.11,100.0,0.0,22.363,120.599
74DA38F7C3D6,2026-08-05,08:24:12,33.61,100.0,0.0,25.045,121.541
74DA38F20F0A,2026-08-05,08:24:20,30.61,100.0,13.0,22.995,120.635
74DA38ED06E0,2026-08-05,08:24:25,31.0,95.0,9.0,23.601,121.521
74DA38F20D6C,2026-08-05,08:24:26,30.75,88.0,0.0,22.661,120.301
74DA38F7C3DE,2026-08-05,08:24:32,34.75,95.0,226.0,24.972,121.537
74DA38F7C430,2026-08-05,08:24:34,34.0,75.0,0.0,24.981,121.423
74DA38F7C59C,2026-08-05,08:24:42,31.86,83.0,23.0,25.103,121.487
74DA38F7C610,2026-08-05,08:24:47,31.61,88.0,10.0,25.063,121.564
74DA38F21088,2026-08-05,08:24:48,33.11,100.0,0.0,25.068,121.588
74DA38F20A30,2026-08-05,08:24:54,31.86,83.0,29.0,24.948,121.372
74DA38F7C464,2026-08-05,08:24:54,28.61,31.0,0.0,25.006,121.413
74DA38F2113E,2026-08-05,08:24:56,-4.0,0.0,0.0,22.728,120.313
74DA38F21048,2026-08-05,08:25:06,30.0,100.0,13.0,22.595,120.341
74DA38F7C260,2026-08-05,08:25:17,33.75,100.0,0.0,25.065,121.425
74DA38F7C5E6,2026-08-05,08:25:17,34.61,100.0,7.0,25.107,121.843
74DA38F7C600,2026-08-05,08:25:17,23.62,48.0,7.0,25.07,121.586
74DA38F7C560,2026-08-05,08:25:25,33.11,-65.0,0.0,25.079,121.671
74DA38F7C30C,2026-08-05,08:25:28,32.5,85.0,0.0,24.975,121.532
74DA38F2105C,2026-08-05,08:25:32,32.11,100.0,0.0,25.088,121.599
74DA38F7C338,2026-08-05,08:25:32,31.61,100.0,11.0,25.011,121.458
74DA38F20BF6,2026-08-05,08:25:42,28.0,100.0,8.0,22.582,120.368
74DA38F208E2,2026-08-05,08:25:44,31.11,100.0,16.0,24.688,121.766
74DA38F20D16,2026-08-05,08:26:04,33.0,99.0,10.0,25.062,121.526
74DA38F7C47E,2026-08-05,08:26:07,33.25,100.0,16.0,25.053963,121.427681
74DA38F7C4CC,2026-08-05,08:26:09,33.0,100.0,7.0,25.062,121.451
74DA38F7C3B2,2026-08-05,08:26:10,32.5,65.0,9.0,24.929,121.378
74DA38F21054,2026-08-05,08:26:11,28.61,65.0,11.0,22.898,120.627
74DA38F7C3DC,2026-08-05,08:26:14,32.25,100.0,13.0,25.003,121.539
74DA38F21024,2026-08-05,08:26:18,29.5,100.0,0.0,24.93,121.036
74DA38F20B80,2026-08-05,08:26:24,30.86,100.0,5.0,22.599,120.35
74DA38F20C26,2026-08-05,08:26:27,32.86,78.0,9.0,22.676,120.342
74DA38F7C27E,2026-08-05,08:26:27,31.61,100.0,12.0,25.053,121.444
74DA38F20862,2026-08-05,08:26:31,30.11,100.0,6.0,23.101,121.176
74DA38F20F1C,2026-08-05,08:26:43,31.0,100.0,15.0,25.062,121.451
74DA38F7C532,2026-08-05,08:26:46,32.36,86.0,9.0,25.059,121.499
74DA38F20EB2,2026-08-05,08:26:54,28.75,100.0,19.0,24.324,120.835
74DA38F7C47C,2026-08-05,08:26:59,33.36,99.0,63.0,25.055,121.455
74DA38F20D1E,2026-08-05,08:27:02,32.25,100.0,14.0,25.048,121.573
74DA38F7C570,2026-08-05,08:27:03,-4.0,0.0,0.0,25.239,121.63
74DA38F7C5BE,2026-08-05,08:27:03,32.0,82.0,11.0,25.092,121.523
74DA38F20B12,2026-08-05,08:27:04,27.62,66.0,9.0,22.91,120.716
74DA38F7C53C,2026-08-05,08:27:05,30.75,100.0,0.0,25.11,121.804
74DA38F7C5AA,2026-08-05,08:27:14,32.36,100.0,0.0,25.0,121.479
74DA38F7C366,2026-08-05,08:27:19,32.5,100.0,3.0,25.002,121.516
74DA38F7C4DE,2026-08-05,08:27:19,31.75,100.0,0.0,25.09,121.462
74DA38F20D1A,2026-08-05,08:27:23,32.11,86.0,0.0,25.078,121.541
74DA38F20E9E,2026-08-05,08:27:31,28.11,100.0,16.0,24.648,121.151
74DA38F20D70,2026-08-05,08:27:32,33.11,79.0,0.0,23.05,121.164
74DA38F209DE,2026-08-05,08:27:33,31.11,100.0,1.0,24.861,120.964
74DA38F7C39A,2026-08-05,08:27:35,32.36,100.0,0.0,25.002,121.414
74DA38ED05B6,2026-08-05,08:27:48,32.5,82.0,5.0,23.43,121.348
74DA38F20DE0,2026-08-05,08:27:50,30.61,100.0,1.0,22.589,120.328
74DA38F7C13A,2026-08-05,08:27:58,24.12,3.0,1.0,25.069,121.359
74DA38F20C06,2026-08-05,08:28:02,30.11,58.0,13.0,24.874,121.02
74DA38F210A2,2026-08-05,08:28:04,31.75,100.0,4.0,25.12,121.466
74DA38F7C506,2026-08-05,08:28:04,33.5,100.0,0.0,24.996,121.544
74DA38F20B88,2026-08-05,08:28:07,29.75,100.0,1.0,22.75,120.316
74DA38ED0630,2026-08-05,08:28:08,31.11,100.0,0.0,23.994,121.594
74DA38F20B5C,2026-08-05,08:28:11,32.11,100.0,14.0,22.798,120.293
74DA38F7C37C,2026-08-05,08:28:12,31.5,100.0,10.0,25.111,121.856
74DA38F7C480,2026-08-05,08:28:15,30.61,100.0,0.0,25.061,121.432
74DA38F20A78,2026-08-05,08:28:16,33.75,100.0,1.0,22.904,121.124
74DA38F209EE,2026-08-05,08:28:27,30.0,100.0,0.0,23.026,121.33
74DA38F207DE,2026-08-05,08:28:31,31.5,100.0,11.0,22.603,120.34
74DA38F7C42E,2026-08-05,08:28:37,33.11,100.0,0.0,24.969,121.514
74DA38F21204,2026-08-05,08:28:40,31.11,100.0,1.0,25.062,121.451
74DA38ED0640,2026-08-05,08:28:44,29.86,100.0,4.0,23.154,121.266
74DA38F7C5CE,2026-08-05,08:28:45,31.5,81.0,0.0,25.066,121.656
74DA38F20D2E,2026-08-05,08:28:48,32.0,100.0,0.0,25.06,121.545
74DA38F20934,2026-08-05,08:28:50,30.11,76.0,5.0,23.002,121.29
74DA38F7C616,2026-08-05,08:28:56,34.11,100.0,0.0,25.031,121.563
74DA38F20B82,2026-08-05,08:29:01,-4.0,0.0,0.0,22.847,120.465
74DA38F7C514,2026-08-05,08:29:01,32.0,100.0,10.0,25.051,121.518
74DA38ED05EA,2026-08-05,08:29:03,32.75,91.0,5.0,23.394,121.357
74DA38ED0454,2026-08-05,08:29:07,31.75,100.0,13.0,24.053,121.599
74DA38F21170,2026-08-05,08:29:10,35.61,60.0,1.0,22.779,121.088
74DA38ED059C,2026-08-05,08:29:15,33.11,76.0,7.0,23.706,121.412
74DA38F20B26,2026-08-05,08:29:17,30.86,100.0,14.0,22.783,120.247
74DA38F7C41E,2026-08-05,08:29:17,31.5,77.0,0.0,25.054,121.517
74DA38F20E6E,2026-08-05,08:29:23,28.36,94.0,0.0,24.41,120.902
74DA38F7C5A0,2026-08-05,08:29:24,32.75,94.0,0.0,25.107,121.518
74DA38F7C310,2026-08-05,08:29:31,33.11,100.0,9.0,25.09,121.464
74DA38ED04F2,2026-08-05,08:29:48,30.11,100.0,6.0,23.468,121.496
74DA38F7C63C,2026-08-05,08:29:59,-4.0,0.0,6.0,24.998,121.425
74DA38F7C54E,2026-08-05,08:30:15,31.11,100.0,0.0,25.063,121.661
74DA38F20F0A,2026-08-05,08:30:26,30.36,100.0,12.0,22.995,120.635
74DA38F7C3DE,2026-08-05,08:30:28,34.75,96.0,227.0,24.972,121.537
74DA38ED06E0,2026-08-05,08:30:36,31.0,94.0,9.0,23.601,121.521
74DA38F209B2,2026-08-05,08:30:37,31.11,100.0,0.0,22.363,120.599
74DA38F7C3D6,2026-08-05,08:30:39,33.5,100.0,0.0,25.045,121.541
74DA38F7C610,2026-08-05,08:30:52,31.5,88.0,12.0,25.063,121.564
74DA38F20D6C,2026-08-05,08:30:58,30.61,89.0,0.0,22.661,120.301
74DA38F209A8,2026-08-05,08:31:01,-4.0,0.0,0.0,22.401,120.577
74DA38F7C430,2026-08-05,08:31:01,33.86,75.0,0.0,24.981,121.423
74DA38F7C592,2026-08-05,08:31:08,-4.0,0.0,0.0,25.224,121.637
74DA38F7C59C,2026-08-05,08:31:08,31.86,84.0,25.0,25.103,121.487
74DA38F21088,2026-08-05,08:31:17,33.11,100.0,0.0,25.068,121.588
74DA38F7C464,2026-08-05,08:31:22,28.61,31.0,0.0,25.006,121.413
74DA38F7C5E6,2026-08-05,08:31:22,34.5,100.0,7.0,25.107,121.843
74DA38F7C600,2026-08-05,08:31:22,23.62,48.0,7.0,25.07,121.586
74DA38F21136,2026-08-05,08:31:30,32.75,100.0,10.0,25.119,121.505
74DA38F21048,2026-08-05,08:31:33,29.86,100.0,12.0,22.595,120.341
74DA38F7C30C,2026-08-05,08:31:36,32.25,85.0,0.0,24.975,121.532
74DA38F7C338,2026-08-05,08:31:40,31.5,100.0,11.0,25.011,121.458
74DA38F20BF6,2026-08-05,08:31:46,28.0,100.0,9.0,22.582,120.368
74DA38F20A30,2026-08-05,08:31:48,31.75,84.0,30.0,24.948,121.372
74DA38F208E2,2026-08-05,08:31:49,31.11,100.0,15.0,24.688,121.766
74DA38F7C560,2026-08-05,08:31:53,33.0,-64.0,0.0,25.079,121.671
74DA38F2105C,2026-08-05,08:31:59,32.0,100.0,0.0,25.088,121.599
74DA38F7C3BA,2026-08-05,08:31:59,-4.0,0.0,79.0,25.174,121.441
74DA38F20D16,2026-08-05,08:32:09,32.86,100.0,11.0,25.062,121.526
74DA38F2113E,2026-08-05,08:32:10,-4.0,0.0,0.0,22.728,120.313
74DA38F7C47E,2026-08-05,08:32:12,33.25,100.0,17.0,25.053963,121.427681
74DA38F7C3B2,2026-08-05,08:32:15,32.5,65.0,9.0,24.929,121.378
74DA38F7C4CC,2026-08-05,08:32:15,32.86,100.0,7.0,25.062,121.451
74DA38F21054,2026-08-05,08:32:17,28.86,67.0,11.0,22.898,120.627
74DA38F7C3DC,2026-08-05,08:32:18,32.25,100.0,13.0,25.003,121.539
74DA38F7C27E,2026-08-05,08:32:32,31.61,100.0,12.0,25.053,121.444
74DA38F20C26,2026-08-05,08:32:33,32.61,78.0,10.0,22.676,120.342
74DA38F20862,2026-08-05,08:32:37,30.11,100.0,6.0,23.101,121.176
74DA38F21024,2026-08-05,08:32:44,29.36,100.0,0.0,24.93,121.036
74DA38F20F1C,2026-08-05,08:32:49,30.5,100.0,14.0,25.062,121.451
74DA38F20B80,2026-08-05,08:32:52,30.75,100.0,3.0,22.599,120.35
74DA38F7C532,2026-08-05,08:32:52,32.25,87.0,9.0,25.059,121.499
74DA38F7C47C,2026-08-05,08:32:53,33.11,100.0,69.0,25.055,121.455
74DA38F20EB2,2026-08-05,08:33:02,28.61,100.0,19.0,24.324,120.835
74DA38F7C5BE,2026-08-05,08:33:08,32.0,82.0,12.0,25.092,121.523
74DA38F20B12,2026-08-05,08:33:11,27.75,66.0,9.0,22.91,120.716
74DA38F20D1E,2026-08-05,08:33:13,32.25,100.0,13.0,25.048,121.573
74DA38F7C366,2026-08-05,08:33:25,32.5,100.0,3.0,25.002,121.516
74DA38F7C53C,2026-08-05,08:33:32,30.25,100.0,0.0,25.11,121.804
74DA38F20D70,2026-08-05,08:33:37,33.25,79.0,0.0,23.05,121.164
74DA38F20E9E,2026-08-05,08:33:38,28.25,100.0,18.0,24.648,121.151
74DA38F7C5AA,2026-08-05,08:33:42,32.25,100.0,0.0,25.0,121.479
74DA38F20D1A,2026-08-05,08:33:51,32.11,86.0,0.0,25.078,121.541
74DA38F7C566,2026-08-05,08:33:51,34.5,100.0,0.0,25.051,121.448
74DA38ED05B6,2026-08-05,08:33:54,32.25,82.0,5.0,23.43,121.348
74DA38F209DE,2026-08-05,08:34:01,31.25,100.0,1.0,24.861,120.964
74DA38F7C39A,2026-08-05,08:34:03,32.25,100.0,0.0,25.002,121.414
74DA38F20C06,2026-08-05,08:34:07,30.5,59.0,12.0,24.874,121.02
74DA38F210A2,2026-08-05,08:34:09,31.86,100.0,4.0,25.12,121.466
74DA38F20B5C,2026-08-05,08:34:17,32.11,100.0,14.0,22.798,120.293
74DA38F20DE0,2026-08-05,08:34:17,30.75,100.0,1.0,22.589,120.328
74DA38F20A78,2026-08-05,08:34:22,33.86,100.0,1.0,22.904,121.124
74DA38F7C13A,2026-08-05,08:34:30,24.0,2.0,5.0,25.069,121.359
74DA38F209EE,2026-08-05,08:34:31,29.86,100.0,0.0,23.026,121.33
74DA38F7C506,2026-08-05,08:34:32,33.36,100.0,0.0,24.996,121.544
74DA38ED0630,2026-08-05,08:34:36,31.11,100.0,3.0,23.994,121.594
74DA38F207DE,2026-08-05,08:34:36,31.5,100.0,12.0,22.603,120.34
74DA38F7C480,2026-08-05,08:34:43,30.75,100.0,0.0,25.061,121.432
74DA38F21204,2026-08-05,08:34:48,31.11,100.0,1.0,25.062,121.451
74DA38ED0640,2026-08-05,08:34:50,30.0,100.0,4.0,23.154,121.266
74DA38F20B88,2026-08-05,08:34:56,29.5,100.0,2.0,22.75,120.316
74DA38F7C616,2026-08-05,08:35:07,34.11,100.0,0.0,25.031,121.563
74DA38ED05EA,2026-08-05,08:35:08,32.75,89.0,4.0,23.394,121.357
74DA38F7C514,2026-08-05,08:35:10,32.0,100.0,10.0,25.051,121.518
74DA38ED0454,2026-08-05,08:35:13,31.61,100.0,13.0,24.053,121.599
74DA38F7C5CE,2026-08-05,08:35:13,31.36,81.0,0.0,25.066,121.656
74DA38F20D2E,2026-08-05,08:35:16,32.0,100.0,0.0,25.06,121.545
74DA38F21170,2026-08-05,08:35:16,35.75,59.0,1.0,22.779,121.088
74DA38F20934,2026-08-05,08:35:23,30.11,77.0,5.0,23.002,121.29
74DA38F20E6E,2026-08-05,08:35:24,28.36,95.0,0.0,24.41,120.902
74DA38ED059C,2026-08-05,08:35:32,33.11,76.0,10.0,23.706,121.412
74DA38F7C310,2026-08-05,08:35:35,33.0,100.0,8.0,25.09,121.464
74DA38F20B26,2026-08-05,08:35:38,30.75,100.0,13.0,22.783,120.247
74DA38F7C5A0,2026-08-05,08:35:52,32.61,94.0,0.0,25.107,121.518
74DA38F7C41E,2026-08-05,08:35:53,31.5,77.0,0.0,25.054,121.517
74DA38ED04F2,2026-08-05,08:35:56,30.0,100.0,6.0,23.468,121.496
74DA38F7C3DE,2026-08-05,08:36:23,34.61,97.0,220.0,24.972,121.537
74DA38F20F0A,2026-08-05,08:36:38,30.11,100.0,24.0,22.995,120.635
74DA38ED06E0,2026-08-05,08:36:42,31.0,96.0,9.0,23.601,121.521
74DA38F7C570,2026-08-05,08:36:43,-4.0,0.0,0.0,25.239,121.63
74DA38F7C54E,2026-08-05,08:36:44,31.11,100.0,0.0,25.063,121.661
74DA38F7C610,2026-08-05,08:36:59,31.5,89.0,11.0,25.063,121.564
74DA38F209B2,2026-08-05,08:37:03,31.25,100.0,0.0,22.363,120.599
74DA38F7C3D6,2026-08-05,08:37:06,33.11,100.0,0.0,25.045,121.541
74DA38F2104E,2026-08-05,08:37:16,30.25,100.0,15.0,23.108,120.7
74DA38F7C5E6,2026-08-05,08:37:28,34.36,100.0,8.0,25.107,121.843
74DA38F7C600,2026-08-05,08:37:28,23.5,47.0,7.0,25.07,121.586
74DA38F7C430,2026-08-05,08:37:29,33.86,76.0,0.0,24.981,121.423
74DA38F20D6C,2026-08-05,08:37:33,30.61,89.0,0.0,22.661,120.301
74DA38F7C59C,2026-08-05,08:37:37,31.86,84.0,25.0,25.103,121.487
74DA38F21088,2026-08-05,08:37:44,33.0,100.0,0.0,25.068,121.588
74DA38F7C30C,2026-08-05,08:37:45,32.36,86.0,0.0,24.975,121.532
74DA38F7C338,2026-08-05,08:37:46,31.5,100.0,12.0,25.011,121.458
74DA38F20BF6,2026-08-05,08:37:50,28.11,100.0,9.0,22.582,120.368
74DA38F7C464,2026-08-05,08:37:50,28.61,31.0,0.0,25.006,121.413
74DA38F208E2,2026-08-05,08:37:55,31.0,100.0,15.0,24.688,121.766
74DA38F21048,2026-08-05,08:38:02,30.0,100.0,13.0,22.595,120.341
74DA38F20D16,2026-08-05,08:38:15,32.86,100.0,11.0,25.062,121.526
74DA38F21136,2026-08-05,08:38:16,32.61,100.0,12.0,25.119,121.505
74DA38F20A30,2026-08-05,08:38:17,31.75,84.0,15.0,24.948,121.372
74DA38F7C47E,2026-08-05,08:38:18,33.25,100.0,17.0,25.053963,121.427681
74DA38F7C3B2,2026-08-05,08:38:20,32.5,65.0,9.0,24.929,121.378
74DA38F7C560,2026-08-05,08:38:20,32.86,-64.0,0.0,25.079,121.671
74DA38F7C4CC,2026-08-05,08:38:21,33.0,100.0,8.0,25.062,121.451
74DA38F21054,2026-08-05,08:38:23,29.11,68.0,10.0,22.898,120.627
74DA38F7C3DC,2026-08-05,08:38:23,32.11,100.0,13.0,25.003,121.539
74DA38F2105C,2026-08-05,08:38:26,32.0,100.0,0.0,25.088,121.599
74DA38F20B82,2026-08-05,08:38:34,-4.0,0.0,0.0,22.847,120.465
74DA38F7C27E,2026-08-05,08:38:38,31.61,100.0,14.0,25.053,121.444
74DA38F20C26,2026-08-05,08:38:39,32.5,78.0,10.0,22.676,120.342
74DA38F20862,2026-08-05,08:38:43,30.0,100.0,7.0,23.101,121.176
74DA38F7C47C,2026-08-05,08:38:45,33.11,100.0,59.0,25.055,121.455
74DA38F7C260,2026-08-05,08:38:46,33.5,100.0,0.0,25.065,121.425
74DA38F20F1C,2026-08-05,08:38:55,30.36,100.0,15.0,25.062,121.451
74DA38F7C532,2026-08-05,08:38:58,32.11,89.0,10.0,25.059,121.499
74DA38F20EB2,2026-08-05,08:39:08,28.75,100.0,19.0,24.324,120.835
74DA38F21024,2026-08-05,08:39:11,29.5,100.0,0.0,24.93,121.036
74DA38F7C5BE,2026-08-05,08:39:13,31.86,83.0,13.0,25.092,121.523
74DA38F20B12,2026-08-05,08:39:17,27.75,66.0,8.0,22.91,120.716
74DA38F20B80,2026-08-05,08:39:18,30.75,100.0,5.0,22.599,120.35
74DA38F20D1E,2026-08-05,08:39:20,32.0,100.0,14.0,25.048,121.573
74DA38F2113E,2026-08-05,08:39:26,-4.0,0.0,0.0,22.728,120.313
74DA38F7C63C,2026-08-05,08:39:31,-4.0,0.0,6.0,24.998,121.425
74DA38F7C366,2026-08-05,08:39:32,32.25,100.0,3.0,25.002,121.516
74DA38F20D70,2026-08-05,08:39:42,33.36,80.0,0.0,23.05,121.164
74DA38F20E9E,2026-08-05,08:39:46,28.25,100.0,16.0,24.648,121.151
74DA38ED05B6,2026-08-05,08:39:58,32.36,81.0,5.0,23.43,121.348
74DA38F7C53C,2026-08-05,08:39:59,30.25,100.0,0.0,25.11,121.804
74DA38F7C4DE,2026-08-05,08:40:01,31.75,100.0,0.0,25.09,121.462
74DA38F7C5AA,2026-08-05,08:40:12,32.36,100.0,0.0,25.0,121.479
74DA38F20C06,2026-08-05,08:40:13,30.75,59.0,12.0,24.874,121.02
74DA38F210A2,2026-08-05,08:40:14,31.75,100.0,3.0,25.12,121.466
74DA38F20D1A,2026-08-05,08:40:19,31.86,87.0,1.0,25.078,121.541
74DA38F20B5C,2026-08-05,08:40:22,32.11,100.0,15.0,22.798,120.293
74DA38F209DE,2026-08-05,08:40:28,31.25,100.0,1.0,24.861,120.964
74DA38F20A78,2026-08-05,08:40:28,33.75,100.0,1.0,22.904,121.124
74DA38F7C39A,2026-08-05,08:40:29,32.11,100.0,0.0,25.002,121.414
74DA38F209EE,2026-08-05,08:40:36,30.0,100.0,0.0,23.026,121.33
74DA38F7C3BA,2026-08-05,08:40:37,-4.0,0.0,76.0,25.174,121.441
74DA38F209A8,2026-08-05,08:40:41,-4.0,0.0,0.0,22.401,120.577
74DA38F207DE,2026-08-05,08:40:42,31.5,100.0,11.0,22.603,120.34
74DA38F20DE0,2026-08-05,08:40:45,31.0,100.0,0.0,22.589,120.328
74DA38F7C592,2026-08-05,08:40:46,-4.0,0.0,0.0,25.224,121.637
74DA38F21204,2026-08-05,08:40:54,31.0,100.0,1.0,25.062,121.451
74DA38ED0640,2026-08-05,08:40:56,29.75,100.0,4.0,23.154,121.266
74DA38F7C506,2026-08-05,08:41:01,33.25,100.0,0.0,24.996,121.544
74DA38ED0630,2026-08-05,08:41:05,31.0,100.0,0.0,23.994,121.594
74DA38F7C480,2026-08-05,08:41:10,30.61,100.0,0.0,25.061,121.432
74DA38ED05EA,2026-08-05,08:41:14,32.75,88.0,4.0,23.394,121.357
74DA38F7C514,2026-08-05,08:41:17,32.11,100.0,10.0,25.051,121.518
74DA38ED0454,2026-08-05,08:41:18,31.5,100.0,14.0,24.053,121.599
74DA38F21170,2026-08-05,08:41:21,36.36,59.0,1.0,22.779,121.088
74DA38F7C616,2026-08-05,08:41:22,34.25,100.0,0.0,25.031,121.563
74DA38F20E6E,2026-08-05,08:41:25,28.36,95.0,0.0,24.41,120.902
74DA38F20934,2026-08-05,08:41:31,30.11,77.0,5.0,23.002,121.29
74DA38F7C5CE,2026-08-05,08:41:40,31.5,82.0,0.0,25.066,121.656
74DA38F7C310,2026-08-05,08:41:41,33.0,100.0,9.0,25.09,121.464
74DA38F20D2E,2026-08-05,08:41:44,32.0,100.0,0.0,25.06,121.545
74DA38ED059C,2026-08-05,08:41:46,33.11,77.0,9.0,23.706,121.412
74DA38ED04F2,2026-08-05,08:42:02,30.0,100.0,6.0,23.468,121.496
74DA38F7C42E,2026-08-05,08:42:04,33.0,100.0,0.0,24.969,121.514
74DA38F20B26,2026-08-05,08:42:06,30.61,100.0,14.0,22.783,120.247
74DA38F20B88,2026-08-05,08:42:08,29.5,100.0,1.0,22.75,120.316
74DA38F7C3DE,2026-08-05,08:42:18,34.36,99.0,235.0,24.972,121.537
74DA38F7C5A0,2026-08-05,08:42:20,32.61,92.0,0.0,25.107,121.518
74DA38F7C41E,2026-08-05,08:42:28,31.5,77.0,0.0,25.054,121.517
74DA38ED06E0,2026-08-05,08:42:48,31.0,96.0,9.0,23.601,121.521
74DA38F20F0A,2026-08-05,08:42:52,29.86,100.0,25.0,22.995,120.635
74DA38F7C610,2026-08-05,08:43:04,31.5,88.0,11.0,25.063,121.564
74DA38F7C54E,2026-08-05,08:43:09,31.11,100.0,0.0,25.063,121.661
74DA38F209B2,2026-08-05,08:43:31,31.11,100.0,0.0,22.363,120.599
74DA38F7C3D6,2026-08-05,08:43:31,33.0,100.0,0.0,25.045,121.541
74DA38F7C600,2026-08-05,08:43:33,23.5,47.0,7.0,25.07,121.586
74DA38F7C5E6,2026-08-05,08:43:35,34.25,100.0,10.0,25.107,121.843
74DA38F7C338,2026-08-05,08:43:51,31.25,100.0,11.0,25.011,121.458
74DA38F20BF6,2026-08-05,08:43:55,28.11,100.0,9.0,22.582,120.368
74DA38F7C430,2026-08-05,08:43:57,33.75,76.0,0.0,24.981,121.423
74DA38F20D6C,2026-08-05,08:44:00,30.5,89.0,0.0,22.661,120.301
74DA38F208E2,2026-08-05,08:44:01,31.0,100.0,15.0,24.688,121.766
74DA38F7C59C,2026-08-05,08:44:05,31.86,83.0,25.0,25.103,121.487
74DA38F7C30C,2026-08-05,08:44:08,32.36,86.0,0.0,24.975,121.532
74DA38F21088,2026-08-05,08:44:12,33.11,100.0,0.0,25.068,121.588
74DA38F20D16,2026-08-05,08:44:19,32.86,100.0,12.0,25.062,121.526
74DA38F7C464,2026-08-05,08:44:19,28.5,30.0,0.0,25.006,121.413
74DA38F7C47E,2026-08-05,08:44:24,33.25,100.0,18.0,25.053963,121.427681
74DA38F7C3B2,2026-08-05,08:44:26,32.5,65.0,8.0,24.929,121.378
74DA38F7C4CC,2026-08-05,08:44:27,32.75,100.0,7.0,25.062,121.451
74DA38F21048,2026-08-05,08:44:29,29.86,100.0,13.0,22.595,120.341
74DA38F21054,2026-08-05,08:44:29,29.25,68.0,10.0,22.898,120.627
74DA38F7C3DC,2026-08-05,08:44:29,31.86,100.0,14.0,25.003,121.539
74DA38F7C47C,2026-08-05,08:44:31,33.0,100.0,46.0,25.055,121.455
74DA38F7C27E,2026-08-05,08:44:45,31.75,100.0,13.0,25.053,121.444
74DA38F20C26,2026-08-05,08:44:46,32.61,79.0,10.0,22.676,120.342
74DA38F21136,2026-08-05,08:44:47,32.61,100.0,13.0,25.119,121.505
74DA38F7C560,2026-08-05,08:44:47,33.11,-65.0,0.0,25.079,121.671
74DA38F20862,2026-08-05,08:44:49,30.0,100.0,8.0,23.101,121.176
74DA38F20A30,2026-08-05,08:44:49,31.75,83.0,16.0,24.948,121.372
74DA38F2105C,2026-08-05,08:44:53,31.86,100.0,0.0,25.088,121.599
74DA38F20F1C,2026-08-05,08:45:01,29.75,100.0,16.0,25.062,121.451
74DA38F7C532,2026-08-05,08:45:04,31.75,89.0,11.0,25.059,121.499
74DA38F7C260,2026-08-05,08:45:14,33.5,100.0,0.0,25.065,121.425
74DA38F20EB2,2026-08-05,08:45:17,28.61,100.0,20.0,24.324,120.835
74DA38F7C5BE,2026-08-05,08:45:18,31.75,83.0,13.0,25.092,121.523
74DA38F20B12,2026-08-05,08:45:24,27.62,66.0,9.0,22.91,120.716
74DA38F20D1E,2026-08-05,08:45:27,31.86,100.0,14.0,25.048,121.573
74DA38F21024,2026-08-05,08:45:38,29.5,100.0,0.0,24.93,121.036
74DA38F7C366,2026-08-05,08:45:39,32.11,100.0,4.0,25.002,121.516
74DA38F20B80,2026-08-05,08:45:46,30.75,100.0,3.0,22.599,120.35
74DA38F20D70,2026-08-05,08:45:47,33.25,81.0,0.0,23.05,121.164
74DA38F20E9E,2026-08-05,08:45:56,28.11,100.0,17.0,24.648,121.151
74DA38ED05B6,2026-08-05,08:46:04,32.61,82.0,5.0,23.43,121.348
74DA38F7C4DE,2026-08-05,08:46:16,31.75,100.0,0.0,25.09,121.462
74DA38F20C06,2026-08-05,08:46:18,31.0,60.0,12.0,24.874,121.02
74DA38F210A2,2026-08-05,08:46:19,31.86,100.0,4.0,25.12,121.466
74DA38F7C570,2026-08-05,08:46:24,-4.0,0.0,0.0,25.239,121.63
74DA38F7C53C,2026-08-05,08:46:25,30.36,100.0,0.0,25.11,121.804
74DA38F20B5C,2026-08-05,08:46:27,31.86,100.0,15.0,22.798,120.293
74DA38F20A78,2026-08-05,08:46:34,33.75,100.0,1.0,22.904,121.124
74DA38F2113E,2026-08-05,08:46:40,-4.0,0.0,0.0,22.728,120.313
74DA38F209EE,2026-08-05,08:46:41,29.86,100.0,0.0,23.026,121.33
74DA38F7C5AA,2026-08-05,08:46:44,32.25,100.0,2.0,25.0,121.479
74DA38F207DE,2026-08-05,08:46:48,31.36,100.0,12.0,22.603,120.34
74DA38F20D1A,2026-08-05,08:46:48,31.86,87.0,0.0,25.078,121.541
74DA38F209DE,2026-08-05,08:46:56,31.11,100.0,3.0,24.861,120.964
74DA38F7C39A,2026-08-05,08:46:57,32.0,100.0,0.0,25.002,121.414
74DA38F21204,2026-08-05,08:47:00,31.0,100.0,1.0,25.062,121.451
74DA38ED0640,2026-08-05,08:47:07,29.75,100.0,4.0,23.154,121.266
74DA38F20DE0,2026-08-05,08:47:16,30.61,100.0,1.0,22.589,120.328
74DA38ED05EA,2026-08-05,08:47:19,32.61,88.0,4.0,23.394,121.357
74DA38F7C566,2026-08-05,08:47:20,34.11,100.0,0.0,25.051,121.448
74DA38F7C514,2026-08-05,08:47:22,32.0,100.0,10.0,25.051,121.518
74DA38ED0454,2026-08-05,08:47:24,31.5,100.0,13.0,24.053,121.599
74DA38F20E6E,2026-08-05,08:47:26,28.36,95.0,0.0,24.41,120.902
74DA38F21170,2026-08-05,08:47:26,37.25,58.0,1.0,22.779,121.088
74DA38F7C616,2026-08-05,08:47:28,34.25,100.0,0.0,25.031,121.563
74DA38F7C506,2026-08-05,08:47:29,33.11,100.0,0.0,24.996,121.544
74DA38ED0630,2026-08-05,08:47:34,31.0,100.0,0.0,23.994,121.594
74DA38F7C480,2026-08-05,08:47:37,30.5,100.0,0.0,25.061,121.432
74DA38F20934,2026-08-05,08:47:42,30.11,77.0,6.0,23.002,121.29
74DA38F7C310,2026-08-05,08:47:45,33.0,100.0,9.0,25.09,121.464
74DA38F20B82,2026-08-05,08:48:05,-4.0,0.0,0.0,22.847,120.465
74DA38ED059C,2026-08-05,08:48:06,32.86,76.0,8.0,23.706,121.412
74DA38F7C5CE,2026-08-05,08:48:07,31.5,82.0,0.0,25.066,121.656
74DA38ED04F2,2026-08-05,08:48:09,30.0,100.0,6.0,23.468,121.496
74DA38F7C3DE,2026-08-05,08:48:12,34.25,98.0,234.0,24.972,121.537
74DA38F20B26,2026-08-05,08:48:13,30.75,100.0,15.0,22.783,120.247
74DA38F20D2E,2026-08-05,08:48:13,32.0,100.0,0.0,25.06,121.545
74DA38F7C42E,2026-08-05,08:48:32,32.61,100.0,0.0,24.969,121.514
74DA38F7C13A,2026-08-05,08:48:35,23.62,0.0,26.0,25.069,121.359
74DA38F20B88,2026-08-05,08:48:41,29.36,100.0,1.0,22.75,120.316
74DA38F7C5A0,2026-08-05,08:48:47,32.61,92.0,0.0,25.107,121.518
74DA38F20F0A,2026-08-05,08:48:58,29.75,100.0,8.0,22.995,120.635
74DA38ED06E0,2026-08-05,08:48:59,31.0,96.0,9.0,23.601,121.521
74DA38F7C41E,2026-08-05,08:49:02,31.36,77.0,0.0,25.054,121.517
74DA38F7C63C,2026-08-05,08:49:04,-4.0,0.0,7.0,24.998,121.425
74DA38F7C610,2026-08-05,08:49:09,31.5,89.0,12.0,25.063,121.564
74DA38F7C3BA,2026-08-05,08:49:13,-4.0,0.0,72.0,25.174,121.441
74DA38F7C54E,2026-08-05,08:49:34,31.11,100.0,0.0,25.063,121.661
74DA38F7C600,2026-08-05,08:49:38,23.62,48.0,7.0,25.07,121.586
74DA38F7C5E6,2026-08-05,08:49:40,34.0,100.0,10.0,25.107,121.843
74DA38F7C338,2026-08-05,08:49:57,31.25,100.0,10.0,25.011,121.458
74DA38F209B2,2026-08-05,08:49:58,31.25,100.0,0.0,22.363,120.599
74DA38F7C3D6,2026-08-05,08:49:59,33.11,100.0,0.0,25.045,121.541
74DA38F20BF6,2026-08-05,08:50:00,28.0,100.0,9.0,22.582,120.368
74DA38F208E2,2026-08-05,08:50:06,30.86,100.0,15.0,24.688,121.766
74DA38F209A8,2026-08-05,08:50:20,-4.0,0.0,0.0,22.401,120.577
74DA38F7C47C,2026-08-05,08:50:21,33.11,100.0,55.0,25.055,121.455
74DA38F20D16,2026-08-05,08:50:24,32.75,100.0,11.0,25.062,121.526
74DA38F7C430,2026-08-05,08:50:24,33.75,77.0,0.0,24.981,121.423
74DA38F7C592,2026-08-05,08:50:25,-4.0,0.0,0.0,25.224,121.637
74DA38F7C47E,2026-08-05,08:50:29,33.25,100.0,18.0,25.053963,121.427681
74DA38F20D6C,2026-08-05,08:50:31,30.5,89.0,0.0,22.661,120.301
74DA38F7C3B2,2026-08-05,08:50:31,32.5,65.0,8.0,24.929,121.378
74DA38F7C4CC,2026-08-05,08:50:33,32.5,100.0,8.0,25.062,121.451
74DA38F7C59C,2026-08-05,08:50:33,32.0,83.0,25.0,25.103,121.487
74DA38F21054,2026-08-05,08:50:35,29.25,69.0,11.0,22.898,120.627
74DA38F7C3DC,2026-08-05,08:50:35,31.61,100.0,14.0,25.003,121.539
74DA38F2104E,2026-08-05,08:50:41,29.25,100.0,14.0,23.108,120.7
74DA38F21088,2026-08-05,08:50:41,33.11,100.0,0.0,25.068,121.588
74DA38F7C464,2026-08-05,08:50:47,28.25,31.0,0.0,25.006,121.413
74DA38F20C26,2026-08-05,08:50:51,32.61,78.0,10.0,22.676,120.342
74DA38F7C27E,2026-08-05,08:50:53,31.61,100.0,13.0,25.053,121.444
74DA38F20862,2026-08-05,08:50:54,29.86,100.0,7.0,23.101,121.176
74DA38F21048,2026-08-05,08:50:56,29.86,100.0,13.0,22.595,120.341
74DA38F21136,2026-08-05,08:50:57,32.75,100.0,11.0,25.119,121.505
74DA38F20F1C,2026-08-05,08:51:06,29.0,100.0,17.0,25.062,121.451
74DA38F7C532,2026-08-05,08:51:12,31.86,92.0,10.0,25.059,121.499
74DA38F7C560,2026-08-05,08:51:15,32.75,-63.0,0.0,25.079,121.671
74DA38F2105C,2026-08-05,08:51:21,31.75,100.0,0.0,25.088,121.599
74DA38F7C5BE,2026-08-05,08:51:23,31.75,84.0,13.0,25.092,121.523
74DA38F20EB2,2026-08-05,08:51:24,28.61,100.0,19.0,24.324,120.835
74DA38F20A30,2026-08-05,08:51:29,31.75,84.0,13.0,24.948,121.372
74DA38F20B12,2026-08-05,08:51:30,27.62,66.0,8.0,22.91,120.716
74DA38F20D1E,2026-08-05,08:51:37,31.75,100.0,15.0,25.048,121.573
74DA38F7C366,2026-08-05,08:51:44,32.25,100.0,3.0,25.002,121.516
74DA38F20D70,2026-08-05,08:51:56,32.75,82.0,0.0,23.05,121.164
74DA38F7C260,2026-08-05,08:51:58,33.5,100.0,0.0,25.065,121.425
74DA38F20E9E,2026-08-05,08:52:04,28.11,100.0,18.0,24.648,121.151
74DA38F21024,2026-08-05,08:52:04,29.61,100.0,0.0,24.93,121.036
74DA38ED05B6,2026-08-05,08:52:09,32.61,84.0,6.0,23.43,121.348
74DA38F20B80,2026-08-05,08:52:11,30.75,100.0,3.0,22.599,120.35
74DA38F20C06,2026-08-05,08:52:23,31.11,60.0,12.0,24.874,121.02
74DA38F210A2,2026-08-05,08:52:23,31.75,100.0,4.0,25.12,121.466
74DA38F7C4DE,2026-08-05,08:52:23,31.86,100.0,0.0,25.09,121.462
74DA38F20B5C,2026-08-05,08:52:34,31.75,100.0,17.0,22.798,120.293
74DA38F20A78,2026-08-05,08:52:40,33.5,100.0,1.0,22.904,121.124
74DA38F209EE,2026-08-05,08:52:47,29.75,100.0,0.0,23.026,121.33
74DA38F7C53C,2026-08-05,08:52:52,30.25,100.0,0.0,25.11,121.804
74DA38F21204,2026-08-05,08:53:06,30.86,100.0,1.0,25.062,121.451
74DA38F7C5AA,2026-08-05,08:53:12,32.25,100.0,0.0,25.0,121.479
74DA38ED0640,2026-08-05,08:53:13,29.5,100.0,4.0,23.154,121.266
74DA38F20D1A,2026-08-05,08:53:17,31.75,88.0,0.0,25.078,121.541
74DA38ED05EA,2026-08-05,08:53:24,32.61,90.0,4.0,23.394,121.357
74DA38F209DE,2026-08-05,08:53:24,31.0,100.0,2.0,24.861,120.964
74DA38F7C39A,2026-08-05,08:53:25,31.75,100.0,0.0,25.002,121.414
74DA38F20E6E,2026-08-05,08:53:28,28.36,95.0,0.0,24.41,120.902
74DA38F7C514,2026-08-05,08:53:28,31.75,100.0,10.0,25.051,121.518
74DA38ED0454,2026-08-05,08:53:31,31.5,100.0,14.0,24.053,121.599
74DA38F21170,2026-08-05,08:53:32,37.62,58.0,1.0,22.779,121.088
74DA38F7C616,2026-08-05,08:53:37,34.36,100.0,0.0,25.031,121.563
74DA38F20DE0,2026-08-05,08:53:45,30.86,100.0,0.0,22.589,120.328
74DA38F7C310,2026-08-05,08:53:50,32.86,100.0,9.0,25.09,121.464
74DA38F20934,2026-08-05,08:53:51,30.11,77.0,5.0,23.002,121.29
74DA38F7C506,2026-08-05,08:53:55,33.0,100.0,0.0,24.996,121.544
74DA38F2113E,2026-08-05,08:53:57,-4.0,0.0,0.0,22.728,120.313
74DA38ED0630,2026-08-05,08:54:03,30.86,100.0,0.0,23.994,121.594
74DA38F7C480,2026-08-05,08:54:06,30.36,100.0,0.0,25.061,121.432
74DA38F7C3DE,2026-08-05,08:54:07,34.0,100.0,246.0,24.972,121.537
74DA38ED04F2,2026-08-05,08:54:16,30.0,100.0,7.0,23.468,121.496
74DA38F20B26,2026-08-05,08:54:18,30.75,100.0,15.0,22.783,120.247
74DA38ED059C,2026-08-05,08:54:28,32.75,77.0,14.0,23.706,121.412
74DA38F7C5CE,2026-08-05,08:54:34,31.36,83.0,0.0,25.066,121.656
74DA38F20D2E,2026-08-05,08:54:39,31.86,100.0,0.0,25.06,121.545
74DA38F20F0A,2026-08-05,08:55:04,29.36,100.0,7.0,22.995,120.635
74DA38ED06E0,2026-08-05,08:55:06,30.86,96.0,8.0,23.601,121.521
74DA38F20B88,2026-08-05,08:55:11,29.25,100.0,2.0,22.75,120.316
74DA38F7C42E,2026-08-05,08:55:14,32.5,100.0,0.0,24.969,121.514
74DA38F7C5A0,2026-08-05,08:55:15,32.61,91.0,0.0,25.107,121.518
74DA38F7C610,2026-08-05,08:55:15,31.5,90.0,12.0,25.063,121.564
74DA38F7C41E,2026-08-05,08:55:42,31.36,77.0,0.0,25.054,121.517
74DA38F7C600,2026-08-05,08:55:44,23.62,48.0,7.0,25.07,121.586
74DA38F7C5E6,2026-08-05,08:55:46,33.86,100.0,11.0,25.107,121.843
74DA38F7C13A,2026-08-05,08:55:59,23.62,0.0,28.0,25.069,121.359
74DA38F7C47C,2026-08-05,08:56:01,33.0,100.0,49.0,25.055,121.455
74DA38F7C54E,2026-08-05,08:56:02,31.11,100.0,0.0,25.063,121.661
74DA38F7C570,2026-08-05,08:56:03,-4.0,0.0,0.0,25.239,121.63
74DA38F20BF6,2026-08-05,08:56:04,28.11,100.0,9.0,22.582,120.368
74DA38F7C338,2026-08-05,08:56:09,31.25,100.0,9.0,25.011,121.458
74DA38F208E2,2026-08-05,08:56:11,30.86,100.0,17.0,24.688,121.766
74DA38F209B2,2026-08-05,08:56:25,31.36,100.0,0.0,22.363,120.599
74DA38F7C3D6,2026-08-05,08:56:25,33.25,100.0,0.0,25.045,121.541
74DA38F20D16,2026-08-05,08:56:30,32.75,100.0,10.0,25.062,121.526
74DA38F7C47E,2026-08-05,08:56:35,33.11,100.0,18.0,25.053963,121.427681
74DA38F7C3B2,2026-08-05,08:56:37,32.5,65.0,9.0,24.929,121.378
74DA38F7C4CC,2026-08-05,08:56:39,32.36,100.0,9.0,25.062,121.451
74DA38F21054,2026-08-05,08:56:41,29.36,69.0,10.0,22.898,120.627
74DA38F7C3DC,2026-08-05,08:56:41,31.36,100.0,15.0,25.003,121.539
74DA38F2104E,2026-08-05,08:56:47,29.0,100.0,13.0,23.108,120.7
74DA38F7C430,2026-08-05,08:56:53,33.75,78.0,0.0,24.981,121.423
74DA38F7C27E,2026-08-05,08:56:59,31.61,100.0,13.0,25.053,121.444
74DA38F20862,2026-08-05,08:57:00,29.61,100.0,6.0,23.101,121.176
74DA38F20D6C,2026-08-05,08:57:01,30.61,89.0,0.0,22.661,120.301
74DA38F7C59C,2026-08-05,08:57:01,31.86,83.0,24.0,25.103,121.487
74DA38F21136,2026-08-05,08:57:03,32.5,100.0,8.0,25.119,121.505
74DA38F20C26,2026-08-05,08:57:07,32.61,78.0,10.0,22.676,120.342
74DA38F21088,2026-08-05,08:57:09,32.61,100.0,0.0,25.068,121.588
74DA38F7C30C,2026-08-05,08:57:09,32.11,88.0,0.0,24.975,121.532
74DA38F20F1C,2026-08-05,08:57:11,28.61,100.0,18.0,25.062,121.451
74DA38F7C464,2026-08-05,08:57:14,28.25,31.0,0.0,25.006,121.413
74DA38F7C532,2026-08-05,08:57:22,31.5,89.0,10.0,25.059,121.499
74DA38F21048,2026-08-05,08:57:25,29.86,100.0,14.0,22.595,120.341
74DA38F7C5BE,2026-08-05,08:57:28,31.86,84.0,15.0,25.092,121.523
74DA38F20EB2,2026-08-05,08:57:30,28.61,100.0,18.0,24.324,120.835
74DA38F20B12,2026-08-05,08:57:36,27.75,66.0,8.0,22.91,120.716
74DA38F20B82,2026-08-05,08:57:37,-4.0,0.0,0.0,22.847,120.465
74DA38F7C560,2026-08-05,08:57:42,32.5,-63.0,0.0,25.079,121.671
74DA38F20D1E,2026-08-05,08:57:46,31.61,100.0,15.0,25.048,121.573
74DA38F2105C,2026-08-05,08:57:48,31.61,100.0,0.0,25.088,121.599
74DA38F7C366,2026-08-05,08:57:49,32.0,100.0,4.0,25.002,121.516
74DA38F7C3BA,2026-08-05,08:57:50,-4.0,0.0,71.0,25.174,121.441
74DA38F20A30,2026-08-05,08:57:57,31.75,84.0,17.0,24.948,121.372
74DA38F20D70,2026-08-05,08:58:02,32.25,83.0,0.0,23.05,121.164
74DA38F20E9E,2026-08-05,08:58:10,28.11,100.0,19.0,24.648,121.151
74DA38ED05B6,2026-08-05,08:58:15,32.61,85.0,6.0,23.43,121.348
74DA38F210A2,2026-08-05,08:58:28,31.61,100.0,3.0,25.12,121.466
74DA38F20C06,2026-08-05,08:58:30,31.36,61.0,13.0,24.874,121.02
74DA38F21024,2026-08-05,08:58:31,29.75,100.0,0.0,24.93,121.036
74DA38F7C4DE,2026-08-05,08:58:31,31.86,100.0,0.0,25.09,121.462
74DA38F7C63C,2026-08-05,08:58:37,-4.0,0.0,9.0,24.998,121.425
74DA38F20B5C,2026-08-05,08:58:40,31.61,100.0,17.0,22.798,120.293
74DA38F20B80,2026-08-05,08:58:40,30.61,100.0,3.0,22.599,120.35
74DA38F7C260,2026-08-05,08:58:41,33.25,100.0,0.0,25.065,121.425
74DA38F20A78,2026-08-05,08:58:46,33.5,100.0,1.0,22.904,121.124
74DA38F209EE,2026-08-05,08:58:51,29.75,100.0,0.0,23.026,121.33
74DA38F21204,2026-08-05,08:59:13,30.86,100.0,1.0,25.062,121.451
74DA38F7C53C,2026-08-05,08:59:19,30.5,100.0,0.0,25.11,121.804
74DA38ED0640,2026-08-05,08:59:20,29.36,100.0,4.0,23.154,121.266
74DA38F207DE,2026-08-05,08:59:27,31.25,100.0,13.0,22.603,120.34
74DA38ED05EA,2026-08-05,08:59:30,32.61,89.0,4.0,23.394,121.357
74DA38F20E6E,2026-08-05,08:59:30,28.25,95.0,0.0,24.41,120.902
74DA38ED0454,2026-08-05,08:59:37,31.61,100.0,14.0,24.053,121.599
74DA38F21170,2026-08-05,08:59:37,37.75,58.0,1.0,22.779,121.088
74DA38F7C514,2026-08-05,08:59:38,31.75,100.0,11.0,25.051,121.518
74DA38F7C5AA,2026-08-05,08:59:40,32.25,100.0,0.0,25.0,121.479
74DA38F7C616,2026-08-05,08:59:45,34.0,100.0,0.0,25.031,121.563
74DA38F20D1A,2026-08-05,08:59:46,31.75,87.0,0.0,25.078,121.541
74DA38F209DE,2026-08-05,08:59:51,30.86,100.0,2.0,24.861,120.964
74DA38F7C39A,2026-08-05,08:59:52,31.61,100.0,0.0,25.002,121.414
74DA38F7C310,2026-08-05,08:59:56,33.0,100.0,9.0,25.09,121.464
74DA38F209A8,2026-08-05,08:59:58,-4.0,0.0,0.0,22.401,120.577
74DA38F20934,2026-08-05,09:00:00,30.25,77.0,5.0,23.002,121.29
74DA38F7C3DE,2026-08-05,09:00:03,33.86,100.0,244.0,24.972,121.537
74DA38F7C592,2026-08-05,09:00:05,-4.0,0.0,0.0,25.224,121.637
74DA38F20DE0,2026-08-05,09:00:12,30.5,100.0,1.0,22.589,120.328
74DA38ED04F2,2026-08-05,09:00:22,30.0,100.0,6.0,23.468,121.496
74DA38F7C506,2026-08-05,09:00:24,33.0,100.0,0.0,24.996,121.544
74DA38F7C566,2026-08-05,09:00:24,34.0,100.0,0.0,25.051,121.448
74DA38F20B26,2026-08-05,09:00:29,30.75,100.0,17.0,22.783,120.247
74DA38ED0630,2026-08-05,09:00:31,30.86,100.0,0.0,23.994,121.594
74DA38F7C480,2026-08-05,09:00:32,30.5,100.0,0.0,25.061,121.432
74DA38F7C5CE,2026-08-05,09:01:02,31.36,83.0,0.0,25.066,121.656
74DA38F20D2E,2026-08-05,09:01:08,31.86,100.0,0.0,25.06,121.545
74DA38F20F0A,2026-08-05,09:01:11,29.25,100.0,7.0,22.995,120.635
74DA38F2113E,2026-08-05,09:01:12,-4.0,0.0,0.0,22.728,120.313
74DA38ED06E0,2026-08-05,09:01:13,30.86,96.0,9.0,23.601,121.521
74DA38F7C610,2026-08-05,09:01:21,31.5,90.0,13.0,25.063,121.564
74DA38F20B88,2026-08-05,09:01:40,29.25,100.0,1.0,22.75,120.316
74DA38F7C5A0,2026-08-05,09:01:42,32.61,91.0,0.0,25.107,121.518
74DA38F7C47C,2026-08-05,09:01:45,32.86,100.0,50.0,25.055,121.455
74DA38F7C600,2026-08-05,09:01:49,23.62,48.0,7.0,25.07,121.586
74DA38F7C5E6,2026-08-05,09:01:51,33.86,100.0,9.0,25.107,121.843
74DA38F7C42E,2026-08-05,09:02:00,32.25,100.0,0.0,24.969,121.514
74DA38F20BF6,2026-08-05,09:02:13,28.25,100.0,9.0,22.582,120.368
74DA38F7C338,2026-08-05,09:02:14,31.11,100.0,10.0,25.011,121.458
74DA38F208E2,2026-08-05,09:02:17,30.75,100.0,17.0,24.688,121.766
74DA38F7C41E,2026-08-05,09:02:23,31.36,78.0,0.0,25.054,121.517
74DA38F7C54E,2026-08-05,09:02:27,30.86,100.0,0.0,25.063,121.661
74DA38F20D16,2026-08-05,09:02:35,32.5,100.0,11.0,25.062,121.526
74DA38F7C3B2,2026-08-05,09:02:42,32.5,65.0,9.0,24.929,121.378
74DA38F7C47E,2026-08-05,09:02:42,33.11,100.0,18.0,25.053963,121.427681
74DA38F7C4CC,2026-08-05,09:02:45,32.25,100.0,8.0,25.062,121.451
74DA38F21054,2026-08-05,09:02:47,29.5,70.0,11.0,22.898,120.627
74DA38F7C3DC,2026-08-05,09:02:47,31.25,100.0,17.0,25.003,121.539
74DA38F209B2,2026-08-05,09:02:51,31.36,100.0,0.0,22.363,120.599
74DA38F7C3D6,2026-08-05,09:02:51,33.0,100.0,0.0,25.045,121.541
74DA38F2104E,2026-08-05,09:02:52,28.86,100.0,13.0,23.108,120.7
74DA38F7C27E,2026-08-05,09:03:05,31.61,100.0,14.0,25.053,121.444
74DA38F20862,2026-08-05,09:03:06,29.61,100.0,6.0,23.101,121.176
74DA38F20C26,2026-08-05,09:03:14,32.61,79.0,10.0,22.676,120.342
74DA38F21136,2026-08-05,09:03:15,32.61,100.0,7.0,25.119,121.505
74DA38F7C430,2026-08-05,09:03:21,33.61,79.0,0.0,24.981,121.423
74DA38F20F1C,2026-08-05,09:03:22,28.75,100.0,29.0,25.062,121.451
74DA38F20D6C,2026-08-05,09:03:27,30.61,89.0,0.0,22.661,120.301
74DA38F7C532,2026-08-05,09:03:27,31.5,90.0,10.0,25.059,121.499
74DA38F7C59C,2026-08-05,09:03:29,31.86,83.0,24.0,25.103,121.487
74DA38F7C30C,2026-08-05,09:03:31,32.0,89.0,0.0,24.975,121.532
74DA38F7C5BE,2026-08-05,09:03:33,31.86,84.0,15.0,25.092,121.523
74DA38F21088,2026-08-05,09:03:36,32.11,100.0,0.0,25.068,121.588
74DA38F20EB2,2026-08-05,09:03:38,28.11,100.0,20.0,24.324,120.835
74DA38F7C464,2026-08-05,09:03:41,28.11,27.0,0.0,25.006,121.413
74DA38F20B12,2026-08-05,09:03:42,27.62,65.0,8.0,22.91,120.716
74DA38F21048,2026-08-05,09:03:52,30.0,100.0,13.0,22.595,120.341
74DA38F7C366,2026-08-05,09:03:55,31.86,100.0,4.0,25.002,121.516
74DA38F20D1E,2026-08-05,09:03:56,31.5,100.0,18.0,25.048,121.573
74DA38F20D70,2026-08-05,09:04:07,32.0,84.0,0.0,23.05,121.164
74DA38F7C560,2026-08-05,09:04:11,32.5,-64.0,0.0,25.079,121.671
74DA38F2105C,2026-08-05,09:04:15,31.5,100.0,0.0,25.088,121.599
74DA38F20E9E,2026-08-05,09:04:18,28.11,100.0,19.0,24.648,121.151
74DA38ED05B6,2026-08-05,09:04:22,32.61,84.0,6.0,23.43,121.348
74DA38F20A30,2026-08-05,09:04:25,31.75,84.0,7.0,24.948,121.372
74DA38F210A2,2026-08-05,09:04:34,31.61,100.0,4.0,25.12,121.466
74DA38F20C06,2026-08-05,09:04:36,31.61,61.0,13.0,24.874,121.02
74DA38F7C4DE,2026-08-05,09:04:38,31.86,100.0,0.0,25.09,121.462
74DA38F20B5C,2026-08-05,09:04:46,31.5,100.0,18.0,22.798,120.293
74DA38F20A78,2026-08-05,09:04:51,33.36,100.0,1.0,22.904,121.124
74DA38F209EE,2026-08-05,09:04:56,29.75,100.0,0.0,23.026,121.33
74DA38F21024,2026-08-05,09:04:59,29.86,100.0,0.0,24.93,121.036
74DA38F20B80,2026-08-05,09:05:08,30.61,100.0,3.0,22.599,120.35
74DA38F7C260,2026-08-05,09:05:24,33.11,100.0,0.0,25.065,121.425
74DA38ED0640,2026-08-05,09:05:26,29.36,100.0,4.0,23.154,121.266
74DA38F21204,2026-08-05,09:05:29,30.86,100.0,1.0,25.062,121.451
74DA38F20E6E,2026-08-05,09:05:32,28.11,96.0,0.0,24.41,120.902
74DA38F207DE,2026-08-05,09:05:34,31.36,100.0,13.0,22.603,120.34
74DA38ED05EA,2026-08-05,09:05:35,32.61,91.0,4.0,23.394,121.357
74DA38F7C570,2026-08-05,09:05:42,-4.0,0.0,0.0,25.239,121.63
74DA38ED0454,2026-08-05,09:05:43,31.86,100.0,14.0,24.053,121.599
74DA38F21170,2026-08-05,09:05:43,36.75,59.0,1.0,22.779,121.088
74DA38F7C514,2026-08-05,09:05:45,31.75,100.0,11.0,25.051,121.518
74DA38F7C53C,2026-08-05,09:05:47,30.86,100.0,0.0,25.11,121.804
74DA38F7C616,2026-08-05,09:05:52,33.86,100.0,0.0,25.031,121.563
74DA38F7C310,2026-08-05,09:06:00,32.86,100.0,8.0,25.09,121.464
74DA38F7C3DE,2026-08-05,09:06:00,33.86,100.0,245.0,24.972,121.537
74DA38F7C5AA,2026-08-05,09:06:08,32.11,100.0,0.0,25.0,121.479
74DA38F20D1A,2026-08-05,09:06:13,31.75,87.0,0.0,25.078,121.541
74DA38F209DE,2026-08-05,09:06:18,30.86,100.0,1.0,24.861,120.964
74DA38F7C39A,2026-08-05,09:06:20,31.5,100.0,0.0,25.002,121.414
74DA38F7C3BA,2026-08-05,09:06:26,-4.0,0.0,65.0,25.174,121.441
74DA38ED04F2,2026-08-05,09:06:32,30.0,100.0,5.0,23.468,121.496
74DA38F20DE0,2026-08-05,09:06:40,30.11,100.0,1.0,22.589,120.328
74DA38F7C566,2026-08-05,09:06:51,34.25,100.0,0.0,25.051,121.448
74DA38F7C506,2026-08-05,09:06:53,33.0,100.0,0.0,24.996,121.544
74DA38ED059C,2026-08-05,09:07:00,32.61,78.0,9.0,23.706,121.412
74DA38F7C480,2026-08-05,09:07:00,30.5,100.0,0.0,25.061,121.432
74DA38ED0630,2026-08-05,09:07:01,30.86,100.0,0.0,23.994,121.594
74DA38F20B82,2026-08-05,09:07:09,-4.0,0.0,0.0,22.847,120.465
74DA38F20F0A,2026-08-05,09:07:17,29.11,100.0,7.0,22.995,120.635
74DA38ED06E0,2026-08-05,09:07:23,30.75,95.0,8.0,23.601,121.521
74DA38F7C610,2026-08-05,09:07:26,31.5,90.0,13.0,25.063,121.564
74DA38F7C5CE,2026-08-05,09:07:29,31.25,84.0,0.0,25.066,121.656
74DA38F7C47C,2026-08-05,09:07:33,32.75,99.0,57.0,25.055,121.455
74DA38F20D2E,2026-08-05,09:07:35,31.86,100.0,0.0,25.06,121.545
74DA38F7C600,2026-08-05,09:07:55,23.62,48.0,7.0,25.07,121.586
74DA38F7C5E6,2026-08-05,09:07:56,34.0,100.0,11.0,25.107,121.843
74DA38F20B88,2026-08-05,09:08:09,29.25,100.0,1.0,22.75,120.316
74DA38F7C5A0,2026-08-05,09:08:09,32.5,90.0,0.0,25.107,121.518
74DA38F7C63C,2026-08-05,09:08:10,-4.0,0.0,9.0,24.998,121.425
74DA38F20BF6,2026-08-05,09:08:17,28.36,100.0,8.0,22.582,120.368
74DA38F208E2,2026-08-05,09:08:25,30.75,100.0,19.0,24.688,121.766
74DA38F2113E,2026-08-05,09:08:29,-4.0,0.0,0.0,22.728,120.313
74DA38F7C42E,2026-08-05,09:08:30,32.25,100.0,0.0,24.969,121.514
74DA38F7C338,2026-08-05,09:08:36,31.11,100.0,10.0,25.011,121.458
74DA38F20D16,2026-08-05,09:08:40,32.36,100.0,11.0,25.062,121.526
74DA38F7C3B2,2026-08-05,09:08:47,32.5,65.0,8.0,24.929,121.378
74DA38F7C47E,2026-08-05,09:08:48,33.11,100.0,19.0,25.053963,121.427681
74DA38F21054,2026-08-05,09:08:53,29.5,71.0,11.0,22.898,120.627
74DA38F7C3DC,2026-08-05,09:08:53,31.25,100.0,19.0,25.003,121.539
74DA38F7C4CC,2026-08-05,09:08:53,32.11,100.0,9.0,25.062,121.451
74DA38F7C54E,2026-08-05,09:08:55,31.0,100.0,0.0,25.063,121.661
74DA38F2104E,2026-08-05,09:08:58,28.75,100.0,14.0,23.108,120.7
74DA38F7C41E,2026-08-05,09:08:59,31.25,78.0,0.0,25.054,121.517
74DA38F7C27E,2026-08-05,09:09:11,31.5,100.0,14.0,25.053,121.444
74DA38F20862,2026-08-05,09:09:12,29.61,100.0,9.0,23.101,121.176
74DA38F7C3D6,2026-08-05,09:09:18,32.86,100.0,0.0,25.045,121.541
74DA38F209B2,2026-08-05,09:09:19,31.36,100.0,0.0,22.363,120.599
74DA38F20C26,2026-08-05,09:09:21,32.61,78.0,10.0,22.676,120.342
74DA38F20F1C,2026-08-05,09:09:29,29.11,100.0,17.0,25.062,121.451
74DA38F7C532,2026-08-05,09:09:32,31.36,89.0,10.0,25.059,121.499
74DA38F21136,2026-08-05,09:09:35,32.61,100.0,7.0,25.119,121.505
74DA38F209A8,2026-08-05,09:09:37,-4.0,0.0,0.0,22.401,120.577
74DA38F7C5BE,2026-08-05,09:09:39,31.86,84.0,15.0,25.092,121.523
74DA38F20EB2,2026-08-05,09:09:46,28.25,100.0,19.0,24.324,120.835
74DA38F7C30C,2026-08-05,09:09:47,31.86,91.0,0.0,24.975,121.532
74DA38F7C592,2026-08-05,09:09:47,-4.0,0.0,0.0,25.224,121.637
74DA38F7C430,2026-08-05,09:09:48,33.5,80.0,0.0,24.981,121.423
74DA38F20B12,2026-08-05,09:09:52,27.75,65.0,8.0,22.91,120.716
74DA38F7C59C,2026-08-05,09:09:56,31.75,82.0,24.0,25.103,121.487
74DA38F7C366,2026-08-05,09:10:01,31.75,100.0,5.0,25.002,121.516
74DA38F20D1E,2026-08-05,09:10:04,31.5,100.0,17.0,25.048,121.573
74DA38F21088,2026-08-05,09:10:05,32.11,100.0,0.0,25.068,121.588
74DA38F7C464,2026-08-05,09:10:09,28.11,31.0,0.0,25.006,121.413
74DA38F20D70,2026-08-05,09:10:13,32.11,86.0,0.0,23.05,121.164
74DA38F21048,2026-08-05,09:10:20,30.11,100.0,14.0,22.595,120.341
74DA38F20E9E,2026-08-05,09:10:25,28.11,100.0,18.0,24.648,121.151
74DA38ED05B6,2026-08-05,09:10:27,32.25,85.0,7.0,23.43,121.348
74DA38F210A2,2026-08-05,09:10:39,31.75,100.0,4.0,25.12,121.466
74DA38F7C560,2026-08-05,09:10:39,32.25,-63.0,0.0,25.079,121.671
74DA38F20C06,2026-08-05,09:10:41,31.75,61.0,13.0,24.874,121.02
74DA38F2105C,2026-08-05,09:10:42,31.5,100.0,0.0,25.088,121.599
74DA38F20B5C,2026-08-05,09:10:51,31.36,100.0,18.0,22.798,120.293
74DA38F7C4DE,2026-08-05,09:10:54,31.86,100.0,0.0,25.09,121.462
74DA38F20A30,2026-08-05,09:10:55,31.61,83.0,12.0,24.948,121.372
74DA38F20A78,2026-08-05,09:10:58,33.25,100.0,1.0,22.904,121.124
74DA38F209EE,2026-08-05,09:11:01,29.75,100.0,0.0,23.026,121.33
74DA38F21024,2026-08-05,09:11:25,29.75,100.0,0.0,24.93,121.036
74DA38ED0640,2026-08-05,09:11:33,29.11,100.0,4.0,23.154,121.266
74DA38F20B80,2026-08-05,09:11:35,30.61,100.0,5.0,22.599,120.35
74DA38F20E6E,2026-08-05,09:11:35,28.11,97.0,0.0,24.41,120.902
74DA38F21204,2026-08-05,09:11:35,30.86,100.0,1.0,25.062,121.451
74DA38ED05EA,2026-08-05,09:11:40,32.5,90.0,4.0,23.394,121.357
74DA38F207DE,2026-08-05,09:11:40,31.5,100.0,14.0,22.603,120.34
74DA38ED0454,2026-08-05,09:11:49,31.86,100.0,14.0,24.053,121.599
74DA38F21170,2026-08-05,09:11:50,35.86,59.0,1.0,22.779,121.088
74DA38F7C514,2026-08-05,09:11:51,31.5,100.0,11.0,25.051,121.518
74DA38F7C3DE,2026-08-05,09:11:55,33.75,100.0,238.0,24.972,121.537
74DA38F7C616,2026-08-05,09:12:02,33.61,100.0,0.0,25.031,121.563
74DA38F7C310,2026-08-05,09:12:06,33.0,100.0,8.0,25.09,121.464
74DA38F7C260,2026-08-05,09:12:12,33.11,100.0,0.0,25.065,121.425
74DA38F7C53C,2026-08-05,09:12:14,30.86,100.0,0.0,25.11,121.804
74DA38F7C5AA,2026-08-05,09:12:38,32.11,100.0,0.0,25.0,121.479
74DA38ED04F2,2026-08-05,09:12:39,30.11,100.0,6.0,23.468,121.496
74DA38F20D1A,2026-08-05,09:12:41,31.75,89.0,0.0,25.078,121.541
74DA38F20934,2026-08-05,09:12:44,30.25,77.0,5.0,23.002,121.29
74DA38F209DE,2026-08-05,09:12:45,31.0,100.0,1.0,24.861,120.964
74DA38F7C39A,2026-08-05,09:12:47,31.5,100.0,0.0,25.002,121.414
74DA38F20DE0,2026-08-05,09:13:07,30.11,100.0,0.0,22.589,120.328
74DA38ED059C,2026-08-05,09:13:10,32.5,78.0,12.0,23.706,121.412
74DA38F20B26,2026-08-05,09:13:22,30.75,100.0,16.0,22.783,120.247
74DA38F20F0A,2026-08-05,09:13:23,29.11,100.0,7.0,22.995,120.635
74DA38F7C506,2026-08-05,09:13:23,32.75,100.0,0.0,24.996,121.544
74DA38ED0630,2026-08-05,09:13:28,30.86,100.0,0.0,23.994,121.594
74DA38F7C480,2026-08-05,09:13:28,30.61,100.0,0.0,25.061,121.432
74DA38ED06E0,2026-08-05,09:13:29,30.75,96.0,9.0,23.601,121.521
74DA38F7C610,2026-08-05,09:13:32,31.36,91.0,14.0,25.063,121.564
74DA38F7C5CE,2026-08-05,09:13:57,31.11,84.0,0.0,25.066,121.656
74DA38F7C600,2026-08-05,09:14:00,23.62,48.0,7.0,25.07,121.586
74DA38F7C5E6,2026-08-05,09:14:02,34.11,100.0,15.0,25.107,121.843
74DA38F20D2E,2026-08-05,09:14:03,31.61,100.0,0.0,25.06,121.545
74DA38F20BF6,2026-08-05,09:14:22,28.36,100.0,9.0,22.582,120.368
74DA38F208E2,2026-08-05,09:14:31,30.61,100.0,19.0,24.688,121.766
74DA38F20B88,2026-08-05,09:14:37,29.25,100.0,1.0,22.75,120.316
74DA38F7C5A0,2026-08-05,09:14:37,32.36,90.0,0.0,25.107,121.518
74DA38F20D16,2026-08-05,09:14:45,32.25,100.0,12.0,25.062,121.526
74DA38F7C338,2026-08-05,09:14:45,31.25,100.0,10.0,25.011,121.458
74DA38F7C3B2,2026-08-05,09:14:53,32.36,65.0,8.0,24.929,121.378
74DA38F7C47E,2026-08-05,09:14:54,33.11,100.0,19.0,25.053963,121.427681
74DA38F21054,2026-08-05,09:14:58,29.61,71.0,11.0,22.898,120.627
74DA38F7C4CC,2026-08-05,09:15:01,32.0,100.0,10.0,25.062,121.451
74DA38F7C3BA,2026-08-05,09:15:02,-4.0,0.0,66.0,25.174,121.441
74DA38F7C3DC,2026-08-05,09:15:02,31.36,100.0,22.0,25.003,121.539
74DA38F2104E,2026-08-05,09:15:05,28.61,100.0,13.0,23.108,120.7
74DA38F20862,2026-08-05,09:15:17,29.5,100.0,8.0,23.101,121.176
74DA38F7C27E,2026-08-05,09:15:17,31.5,100.0,14.0,25.053,121.444
74DA38F7C570,2026-08-05,09:15:21,-4.0,0.0,0.0,25.239,121.63
74DA38F7C42E,2026-08-05,09:15:25,32.0,100.0,0.0,24.969,121.514
74DA38F20C26,2026-08-05,09:15:27,32.86,78.0,10.0,22.676,120.342
74DA38F20F1C,2026-08-05,09:15:35,29.5,100.0,17.0,25.062,121.451
74DA38F7C532,2026-08-05,09:15:41,31.11,90.0,10.0,25.059,121.499
74DA38F2113E,2026-08-05,09:15:44,-4.0,0.0,0.0,22.728,120.313
74DA38F209B2,2026-08-05,09:15:45,31.36,100.0,0.0,22.363,120.599
74DA38F7C3D6,2026-08-05,09:15:46,32.75,100.0,0.0,25.045,121.541
74DA38F7C54E,2026-08-05,09:15:46,31.0,100.0,0.0,25.063,121.661
74DA38F7C5BE,2026-08-05,09:15:46,31.86,84.0,15.0,25.092,121.523
74DA38F20EB2,2026-08-05,09:15:55,28.11,100.0,19.0,24.324,120.835
74DA38F20B12,2026-08-05,09:15:58,27.75,65.0,8.0,22.91,120.716
74DA38F7C30C,2026-08-05,09:16:00,31.75,93.0,0.0,24.975,121.532
74DA38F7C366,2026-08-05,09:16:05,31.61,100.0,5.0,25.002,121.516
74DA38F7C430,2026-08-05,09:16:16,33.36,81.0,0.0,24.981,121.423
74DA38F20D70,2026-08-05,09:16:18,32.0,85.0,0.0,23.05,121.164
74DA38F7C59C,2026-08-05,09:16:25,31.75,82.0,25.0,25.103,121.487
74DA38ED05B6,2026-08-05,09:16:33,32.0,86.0,6.0,23.43,121.348
74DA38F20E9E,2026-08-05,09:16:33,28.11,100.0,19.0,24.648,121.151
74DA38F21088,2026-08-05,09:16:33,32.25,100.0,0.0,25.068,121.588
74DA38F7C464,2026-08-05,09:16:36,28.0,26.0,0.0,25.006,121.413
74DA38F20D1E,2026-08-05,09:16:40,31.61,100.0,19.0,25.048,121.573
74DA38F20B82,2026-08-05,09:16:41,-4.0,0.0,0.0,22.847,120.465
74DA38F210A2,2026-08-05,09:16:44,31.75,100.0,3.0,25.12,121.466
74DA38F20C06,2026-08-05,09:16:47,31.86,62.0,13.0,24.874,121.02
74DA38F21048,2026-08-05,09:16:50,30.11,100.0,13.0,22.595,120.341
74DA38F20B5C,2026-08-05,09:16:59,31.25,100.0,18.0,22.798,120.293
74DA38F20A78,2026-08-05,09:17:04,33.0,100.0,1.0,22.904,121.124
74DA38F209EE,2026-08-05,09:17:06,29.75,100.0,0.0,23.026,121.33
74DA38F7C560,2026-08-05,09:17:06,32.25,-63.0,0.0,25.079,121.671
74DA38F2105C,2026-08-05,09:17:08,31.36,100.0,0.0,25.088,121.599
74DA38F7C4DE,2026-08-05,09:17:15,32.0,100.0,0.0,25.09,121.462
74DA38F20A30,2026-08-05,09:17:37,31.5,83.0,0.0,24.948,121.372
74DA38F20E6E,2026-08-05,09:17:38,28.11,97.0,0.0,24.41,120.902
74DA38ED0640,2026-08-05,09:17:40,29.25,100.0,4.0,23.154,121.266
74DA38F7C63C,2026-08-05,09:17:42,-4.0,0.0,9.0,24.998,121.425
74DA38F21204,2026-08-05,09:17:43,30.86,100.0,1.0,25.062,121.451
74DA38ED05EA,2026-08-05,09:17:46,32.36,91.0,5.0,23.394,121.357
74DA38F207DE,2026-08-05,09:17:46,31.61,100.0,13.0,22.603,120.34
74DA38F7C3DE,2026-08-05,09:17:51,33.61,100.0,248.0,24.972,121.537
74DA38F21024,2026-08-05,09:17:52,29.75,100.0,0.0,24.93,121.036
74DA38ED0454,2026-08-05,09:17:54,31.86,100.0,15.0,24.053,121.599
74DA38F21170,2026-08-05,09:17:56,34.61,60.0,2.0,22.779,121.088
74DA38F7C514,2026-08-05,09:17:57,31.5,100.0,12.0,25.051,121.518
74DA38F20B80,2026-08-05,09:18:06,30.5,100.0,6.0,22.599,120.35
74DA38F7C310,2026-08-05,09:18:10,33.0,100.0,9.0,25.09,121.464
74DA38F7C260,2026-08-05,09:18:40,33.11,100.0,0.0,25.065,121.425
74DA38F7C53C,2026-08-05,09:18:41,30.61,100.0,0.0,25.11,121.804
74DA38ED04F2,2026-08-05,09:18:45,30.11,100.0,7.0,23.468,121.496
74DA38F20934,2026-08-05,09:18:59,30.25,77.0,5.0,23.002,121.29
74DA38F7C47C,2026-08-05,09:19:08,32.75,94.0,53.0,25.055,121.455
74DA38F20D1A,2026-08-05,09:19:10,31.5,91.0,0.0,25.078,121.541
74DA38F209DE,2026-08-05,09:19:13,30.86,100.0,2.0,24.861,120.964
74DA38F7C39A,2026-08-05,09:19:14,31.36,100.0,0.0,25.002,121.414
74DA38F209A8,2026-08-05,09:19:16,-4.0,0.0,0.0,22.401,120.577
74DA38F7C5AA,2026-08-05,09:19:20,32.11,100.0,1.0,25.0,121.479
74DA38ED059C,2026-08-05,09:19:21,32.36,78.0,27.0,23.706,121.412
74DA38F7C592,2026-08-05,09:19:25,-4.0,0.0,0.0,25.224,121.637
74DA38F20F0A,2026-08-05,09:19:29,29.11,100.0,7.0,22.995,120.635
74DA38F20B26,2026-08-05,09:19:32,30.75,100.0,16.0,22.783,120.247
74DA38F20DE0,2026-08-05,09:19:34,30.11,100.0,0.0,22.589,120.328
74DA38F7C610,2026-08-05,09:19:39,31.36,92.0,14.0,25.063,121.564
74DA38ED06E0,2026-08-05,09:19:41,30.61,96.0,9.0,23.601,121.521
74DA38F7C506,2026-08-05,09:19:51,32.61,100.0,0.0,24.996,121.544
74DA38F7C480,2026-08-05,09:19:54,30.5,100.0,0.0,25.061,121.432
74DA38ED0630,2026-08-05,09:19:56,30.86,100.0,0.0,23.994,121.594
74DA38F7C600,2026-08-05,09:20:05,23.62,48.0,8.0,25.07,121.586
74DA38F7C5E6,2026-08-05,09:20:09,34.11,100.0,11.0,25.107,121.843
74DA38F7C5CE,2026-08-05,09:20:26,31.11,84.0,0.0,25.066,121.656
74DA38F20BF6,2026-08-05,09:20:27,28.5,100.0,9.0,22.582,120.368
74DA38F20D2E,2026-08-05,09:20:31,31.5,100.0,0.0,25.06,121.545
74DA38F208E2,2026-08-05,09:20:37,30.61,100.0,20.0,24.688,121.766
74DA38F7C338,2026-08-05,09:20:50,31.25,100.0,10.0,25.011,121.458
74DA38F20D16,2026-08-05,09:20:51,32.11,100.0,13.0,25.062,121.526
74DA38F7C3B2,2026-08-05,09:20:58,32.36,65.0,8.0,24.929,121.378
74DA38F7C47E,2026-08-05,09:21:02,33.11,100.0,19.0,25.053963,121.427681
74DA38F21054,2026-08-05,09:21:04,29.61,72.0,11.0,22.898,120.627
74DA38F20B88,2026-08-05,09:21:05,29.25,100.0,0.0,22.75,120.316
74DA38F7C5A0,2026-08-05,09:21:05,32.36,90.0,0.0,25.107,121.518
74DA38F7C4CC,2026-08-05,09:21:08,31.86,100.0,11.0,25.062,121.451
74DA38F7C3DC,2026-08-05,09:21:09,30.86,100.0,25.0,25.003,121.539
74DA38F2104E,2026-08-05,09:21:12,28.86,100.0,13.0,23.108,120.7
74DA38F20862,2026-08-05,09:21:23,29.5,100.0,5.0,23.101,121.176
74DA38F7C27E,2026-08-05,09:21:25,31.5,100.0,13.0,25.053,121.444
74DA38F20C26,2026-08-05,09:21:35,33.0,78.0,11.0,22.676,120.342
74DA38F20F1C,2026-08-05,09:21:42,29.61,100.0,15.0,25.062,121.451
74DA38F7C5BE,2026-08-05,09:21:52,31.75,84.0,16.0,25.092,121.523
74DA38F7C42E,2026-08-05,09:21:53,32.0,100.0,0.0,24.969,121.514
74DA38F7C532,2026-08-05,09:21:54,31.0,93.0,11.0,25.059,121.499
74DA38F20EB2,2026-08-05,09:22:02,28.11,100.0,19.0,24.324,120.835
74DA38F20B12,2026-08-05,09:22:05,27.62,65.0,8.0,22.91,120.716
74DA38F21136,2026-08-05,09:22:07,32.36,99.0,7.0,25.119,121.505
74DA38F209B2,2026-08-05,09:22:12,30.86,100.0,0.0,22.363,120.599
74DA38F7C3D6,2026-08-05,09:22:12,32.86,100.0,0.0,25.045,121.541
74DA38F7C366,2026-08-05,09:22:14,31.36,100.0,6.0,25.002,121.516
74DA38F7C54E,2026-08-05,09:22:20,30.86,100.0,0.0,25.063,121.661
74DA38F20D70,2026-08-05,09:22:23,31.86,87.0,0.0,23.05,121.164
74DA38F7C30C,2026-08-05,09:22:24,31.5,95.0,0.0,24.975,121.532
74DA38F20E9E,2026-08-05,09:22:42,28.11,100.0,19.0,24.648,121.151
74DA38F7C430,2026-08-05,09:22:44,33.36,80.0,0.0,24.981,121.423
74DA38ED05B6,2026-08-05,09:22:49,32.0,87.0,7.0,23.43,121.348
74DA38F210A2,2026-08-05,09:22:50,31.61,100.0,4.0,25.12,121.466
74DA38F7C41E,2026-08-05,09:22:51,31.36,79.0,0.0,25.054,121.517
74DA38F7C59C,2026-08-05,09:22:52,31.75,82.0,24.0,25.103,121.487
74DA38F20C06,2026-08-05,09:22:53,31.86,63.0,13.0,24.874,121.02
74DA38F2113E,2026-08-05,09:23:00,-4.0,0.0,0.0,22.728,120.313
74DA38F21088,2026-08-05,09:23:01,32.11,100.0,0.0,25.068,121.588
74DA38F7C464,2026-08-05,09:23:04,28.0,29.0,0.0,25.006,121.413
74DA38F20B5C,2026-08-05,09:23:05,31.25,100.0,16.0,22.798,120.293
74DA38F20A78,2026-08-05,09:23:10,33.0,100.0,1.0,22.904,121.124
74DA38F209EE,2026-08-05,09:23:11,29.75,100.0,0.0,23.026,121.33
74DA38F21048,2026-08-05,09:23:17,30.0,100.0,12.0,22.595,120.341
74DA38F7C560,2026-08-05,09:23:34,32.0,-63.0,0.0,25.079,121.671
74DA38F2105C,2026-08-05,09:23:35,31.25,100.0,0.0,25.088,121.599
74DA38F7C3BA,2026-08-05,09:23:38,-4.0,0.0,67.0,25.174,121.441
74DA38F20E6E,2026-08-05,09:23:42,28.11,97.0,0.0,24.41,120.902
74DA38F7C4DE,2026-08-05,09:23:44,32.0,100.0,0.0,25.09,121.462
74DA38ED0640,2026-08-05,09:23:46,29.25,100.0,4.0,23.154,121.266
74DA38F7C3DE,2026-08-05,09:23:47,33.61,100.0,235.0,24.972,121.537
74DA38ED05EA,2026-08-05,09:23:52,32.36,89.0,5.0,23.394,121.357
74DA38F207DE,2026-08-05,09:23:52,31.5,100.0,13.0,22.603,120.34
74DA38F21204,2026-08-05,09:23:53,30.75,100.0,1.0,25.062,121.451
74DA38ED0454,2026-08-05,09:24:00,31.75,100.0,16.0,24.053,121.599
74DA38F21170,2026-08-05,09:24:03,34.36,61.0,1.0,22.779,121.088
74DA38F7C514,2026-08-05,09:24:04,31.5,100.0,12.0,25.051,121.518
74DA38F20A30,2026-08-05,09:24:08,31.36,83.0,0.0,24.948,121.372
74DA38F7C310,2026-08-05,09:24:15,33.11,100.0,9.0,25.09,121.464
74DA38F21024,2026-08-05,09:24:19,29.75,100.0,0.0,24.93,121.036
74DA38F20B80,2026-08-05,09:24:35,30.5,100.0,5.0,22.599,120.35
74DA38ED04F2,2026-08-05,09:24:56,30.0,100.0,7.0,23.468,121.496
74DA38F7C47C,2026-08-05,09:24:56,32.5,93.0,50.0,25.055,121.455
74DA38F7C570,2026-08-05,09:25:00,-4.0,0.0,0.0,25.239,121.63
74DA38F7C53C,2026-08-05,09:25:09,30.36,100.0,0.0,25.11,121.804
74DA38F7C260,2026-08-05,09:25:10,33.25,100.0,0.0,25.065,121.425
74DA38F20934,2026-08-05,09:25:11,30.25,77.0,5.0,23.002,121.29
74DA38F7C616,2026-08-05,09:25:35,33.0,100.0,0.0,25.031,121.563
74DA38F20D1A,2026-08-05,09:25:37,31.36,90.0,0.0,25.078,121.541
74DA38F20F0A,2026-08-05,09:25:38,29.11,100.0,6.0,22.995,120.635
74DA38F209DE,2026-08-05,09:25:41,30.86,100.0,1.0,24.861,120.964
74DA38F20B26,2026-08-05,09:25:42,30.75,100.0,17.0,22.783,120.247
74DA38F7C39A,2026-08-05,09:25:42,31.36,100.0,0.0,25.002,121.414
74DA38ED059C,2026-08-05,09:25:44,32.25,79.0,17.0,23.706,121.412
74DA38F7C610,2026-08-05,09:25:45,31.25,92.0,14.0,25.063,121.564
74DA38ED06E0,2026-08-05,09:25:47,30.5,97.0,9.0,23.601,121.521
74DA38F20DE0,2026-08-05,09:26:02,30.0,100.0,1.0,22.589,120.328
74DA38F7C600,2026-08-05,09:26:11,23.62,48.0,7.0,25.07,121.586
74DA38F7C566,2026-08-05,09:26:12,34.11,100.0,0.0,25.051,121.448
74DA38F20B82,2026-08-05,09:26:13,-4.0,0.0,0.0,22.847,120.465
74DA38F7C5E6,2026-08-05,09:26:14,34.25,100.0,10.0,25.107,121.843
74DA38F7C506,2026-08-05,09:26:18,32.61,100.0,0.0,24.996,121.544
74DA38F7C480,2026-08-05,09:26:23,30.75,100.0,0.0,25.061,121.432
74DA38ED0630,2026-08-05,09:26:24,30.86,100.0,0.0,23.994,121.594
74DA38F20BF6,2026-08-05,09:26:32,28.5,100.0,10.0,22.582,120.368
74DA38F208E2,2026-08-05,09:26:41,30.5,100.0,20.0,24.688,121.766
74DA38F7C5CE,2026-08-05,09:26:53,31.0,85.0,0.0,25.066,121.656
74DA38F20D16,2026-08-05,09:26:56,31.86,100.0,13.0,25.062,121.526
74DA38F7C338,2026-08-05,09:26:56,31.11,100.0,11.0,25.011,121.458
74DA38F20D2E,2026-08-05,09:26:58,31.25,100.0,0.0,25.06,121.545
74DA38F7C3B2,2026-08-05,09:27:04,32.36,65.0,8.0,24.929,121.378
74DA38F21054,2026-08-05,09:27:10,29.61,72.0,11.0,22.898,120.627
74DA38F7C47E,2026-08-05,09:27:10,33.11,100.0,19.0,25.053963,121.427681
74DA38F7C63C,2026-08-05,09:27:15,-4.0,0.0,9.0,24.998,121.425
74DA38F2104E,2026-08-05,09:27:17,28.86,100.0,13.0,23.108,120.7
74DA38F7C3DC,2026-08-05,09:27:17,30.86,100.0,25.0,25.003,121.539
74DA38F7C4CC,2026-08-05,09:27:17,31.75,100.0,12.0,25.062,121.451
74DA38F20862,2026-08-05,09:27:29,29.61,100.0,5.0,23.101,121.176
74DA38F7C5A0,2026-08-05,09:27:32,32.25,90.0,0.0,25.107,121.518
74DA38F7C27E,2026-08-05,09:27:33,31.5,100.0,12.0,25.053,121.444
74DA38F20B88,2026-08-05,09:27:38,29.11,100.0,1.0,22.75,120.316
74DA38F20C26,2026-08-05,09:27:42,33.0,79.0,11.0,22.676,120.342
74DA38F20F1C,2026-08-05,09:27:49,29.75,100.0,17.0,25.062,121.451
74DA38F7C5BE,2026-08-05,09:27:58,31.86,84.0,16.0,25.092,121.523
74DA38F7C532,2026-08-05,09:28:00,31.0,94.0,13.0,25.059,121.499
74DA38F20EB2,2026-08-05,09:28:10,27.87,100.0,20.0,24.324,120.835
74DA38F20B12,2026-08-05,09:28:12,27.62,65.0,8.0,22.91,120.716
74DA38F7C366,2026-08-05,09:28:19,31.25,100.0,6.0,25.002,121.516
74DA38F7C42E,2026-08-05,09:28:20,31.75,100.0,0.0,24.969,121.514
74DA38F20D70,2026-08-05,09:28:29,31.75,88.0,0.0,23.05,121.164
74DA38F209B2,2026-08-05,09:28:39,30.86,100.0,0.0,22.363,120.599
74DA38F7C3D6,2026-08-05,09:28:39,32.5,100.0,0.0,25.045,121.541
74DA38F7C54E,2026-08-05,09:28:46,30.61,100.0,0.0,25.063,121.661
74DA38F20E9E,2026-08-05,09:28:50,28.11,100.0,18.0,24.648,121.151
74DA38F7C30C,2026-08-05,09:28:51,31.36,96.0,0.0,24.975,121.532
74DA38ED05B6,2026-08-05,09:28:53,32.0,88.0,7.0,23.43,121.348
74DA38F209A8,2026-08-05,09:28:56,-4.0,0.0,0.0,22.401,120.577
74DA38F210A2,2026-08-05,09:28:56,31.75,100.0,4.0,25.12,121.466
74DA38F20C06,2026-08-05,09:28:59,32.0,63.0,14.0,24.874,121.02
74DA38F7C592,2026-08-05,09:29:04,-4.0,0.0,0.0,25.224,121.637
74DA38F20D1E,2026-08-05,09:29:08,31.61,100.0,19.0,25.048,121.573
74DA38F7C430,2026-08-05,09:29:12,33.36,79.0,0.0,24.981,121.423
74DA38F20B5C,2026-08-05,09:29:14,31.25,100.0,17.0,22.798,120.293
74DA38F20A78,2026-08-05,09:29:16,33.0,100.0,1.0,22.904,121.124
74DA38F209EE,2026-08-05,09:29:17,29.75,100.0,0.0,23.026,121.33
74DA38F7C59C,2026-08-05,09:29:20,31.75,82.0,25.0,25.103,121.487
74DA38F7C41E,2026-08-05,09:29:26,31.25,79.0,0.0,25.054,121.517
74DA38F21088,2026-08-05,09:29:30,32.25,100.0,0.0,25.068,121.588
74DA38F7C464,2026-08-05,09:29:32,28.11,28.0,0.0,25.006,121.413
74DA38F20D6C,2026-08-05,09:29:42,30.75,89.0,0.0,22.661,120.301
74DA38F7C3DE,2026-08-05,09:29:44,33.5,100.0,248.0,24.972,121.537
74DA38F21048,2026-08-05,09:29:45,30.0,100.0,14.0,22.595,120.341
74DA38F20E6E,2026-08-05,09:29:46,28.11,98.0,0.0,24.41,120.902
74DA38ED0640,2026-08-05,09:29:52,29.25,100.0,4.0,23.154,121.266
74DA38ED05EA,2026-08-05,09:29:57,32.36,92.0,5.0,23.394,121.357
74DA38F207DE,2026-08-05,09:29:59,31.36,100.0,13.0,22.603,120.34
74DA38F2105C,2026-08-05,09:30:02,31.25,100.0,0.0,25.088,121.599
74DA38F7C560,2026-08-05,09:30:02,31.75,-63.0,0.0,25.079,121.671
74DA38F7C4DE,2026-08-05,09:30:03,32.0,100.0,0.0,25.09,121.462
74DA38ED0454,2026-08-05,09:30:05,31.61,100.0,15.0,24.053,121.599
74DA38F21170,2026-08-05,09:30:09,33.75,62.0,2.0,22.779,121.088
74DA38F21204,2026-08-05,09:30:09,30.75,100.0,1.0,25.062,121.451
74DA38F7C514,2026-08-05,09:30:10,31.61,100.0,14.0,25.051,121.518
74DA38F2113E,2026-08-05,09:30:16,-4.0,0.0,0.0,22.728,120.313
74DA38F7C310,2026-08-05,09:30:20,33.25,100.0,9.0,25.09,121.464
74DA38F7C47C,2026-08-05,09:30:41,32.5,94.0,45.0,25.055,121.455
74DA38F21024,2026-08-05,09:30:45,29.75,100.0,0.0,24.93,121.036
74DA38F20B80,2026-08-05,09:31:00,30.61,100.0,6.0,22.599,120.35
74DA38ED04F2,2026-08-05,09:31:03,30.0,100.0,6.0,23.468,121.496
74DA38F20934,2026-08-05,09:31:20,30.36,77.0,6.0,23.002,121.29
74DA38F7C53C,2026-08-05,09:31:36,30.5,100.0,0.0,25.11,121.804
74DA38F20F0A,2026-08-05,09:31:44,29.25,100.0,6.0,22.995,120.635
74DA38F7C616,2026-08-05,09:31:45,33.0,100.0,0.0,25.031,121.563
74DA38F7C260,2026-08-05,09:31:46,33.25,100.0,1.0,25.065,121.425
74DA38F20B26,2026-08-05,09:31:48,30.75,100.0,16.0,22.783,120.247
74DA38F7C610,2026-08-05,09:31:51,31.25,92.0,15.0,25.063,121.564
74DA38ED06E0,2026-08-05,09:31:53,30.36,98.0,9.0,23.601,121.521
74DA38F20D1A,2026-08-05,09:32:05,31.25,91.0,1.0,25.078,121.541
74DA38F209DE,2026-08-05,09:32:09,30.86,100.0,2.0,24.861,120.964
74DA38F7C39A,2026-08-05,09:32:10,31.5,100.0,0.0,25.002,121.414
74DA38F7C3BA,2026-08-05,09:32:14,-4.0,0.0,70.0,25.174,121.441
74DA38F7C600,2026-08-05,09:32:16,23.62,47.0,7.0,25.07,121.586
74DA38F7C5E6,2026-08-05,09:32:21,34.25,100.0,10.0,25.107,121.843
74DA38F20DE0,2026-08-05,09:32:29,30.0,100.0,0.0,22.589,120.328
74DA38F20BF6,2026-08-05,09:32:36,28.5,100.0,10.0,22.582,120.368
74DA38F208E2,2026-08-05,09:32:48,30.36,100.0,21.0,24.688,121.766
74DA38F7C480,2026-08-05,09:32:51,30.75,100.0,0.0,25.061,121.432
74DA38F7C506,2026-08-05,09:32:53,32.61,100.0,0.0,24.996,121.544
74DA38ED0630,2026-08-05,09:32:54,30.86,100.0,0.0,23.994,121.594
74DA38F20D16,2026-08-05,09:33:02,31.86,100.0,15.0,25.062,121.526
74DA38F7C338,2026-08-05,09:33:05,31.11,100.0,11.0,25.011,121.458
74DA38F7C3B2,2026-08-05,09:33:09,32.36,65.0,8.0,24.929,121.378
74DA38F21054,2026-08-05,09:33:16,29.61,72.0,11.0,22.898,120.627
74DA38F7C47E,2026-08-05,09:33:17,33.11,100.0,19.0,25.053963,121.427681
74DA38F7C5CE,2026-08-05,09:33:20,31.0,85.0,0.0,25.066,121.656
74DA38F2104E,2026-08-05,09:33:23,28.75,100.0,13.0,23.108,120.7
74DA38F7C3DC,2026-08-05,09:33:23,30.75,100.0,25.0,25.003,121.539
74DA38F7C4CC,2026-08-05,09:33:24,31.5,100.0,13.0,25.062,121.451
74DA38F20D2E,2026-08-05,09:33:27,31.25,100.0,0.0,25.06,121.545
74DA38F20862,2026-08-05,09:33:35,29.5,100.0,6.0,23.101,121.176
74DA38F7C27E,2026-08-05,09:33:39,31.36,99.0,12.0,25.053,121.444
74DA38F20C26,2026-08-05,09:33:49,33.0,79.0,10.0,22.676,120.342
74DA38F7C5A0,2026-08-05,09:33:59,32.25,90.0,0.0,25.107,121.518
74DA38F20F1C,2026-08-05,09:34:03,29.86,100.0,47.0,25.062,121.451
74DA38F7C5BE,2026-08-05,09:34:04,31.86,84.0,17.0,25.092,121.523
74DA38F7C532,2026-08-05,09:34:05,30.86,95.0,14.0,25.059,121.499
74DA38F20B88,2026-08-05,09:34:08,29.0,100.0,1.0,22.75,120.316
74DA38F20B12,2026-08-05,09:34:19,27.62,66.0,7.0,22.91,120.716
74DA38F20EB2,2026-08-05,09:34:19,27.5,100.0,20.0,24.324,120.835
74DA38F21136,2026-08-05,09:34:20,32.25,97.0,7.0,25.119,121.505
74DA38F7C366,2026-08-05,09:34:25,31.36,100.0,6.0,25.002,121.516
74DA38F20D70,2026-08-05,09:34:35,31.75,89.0,0.0,23.05,121.164
74DA38F7C570,2026-08-05,09:34:39,-4.0,0.0,0.0,25.239,121.63
74DA38F7C42E,2026-08-05,09:34:47,31.75,100.0,0.0,24.969,121.514
74DA38F20E9E,2026-08-05,09:34:58,28.11,100.0,19.0,24.648,121.151
74DA38ED05B6,2026-08-05,09:35:00,31.86,89.0,8.0,23.43,121.348
74DA38F210A2,2026-08-05,09:35:01,31.5,100.0,4.0,25.12,121.466
74DA38F20C06,2026-08-05,09:35:04,32.0,63.0,14.0,24.874,121.02
74DA38F209B2,2026-08-05,09:35:05,30.61,100.0,0.0,22.363,120.599
74DA38F7C3D6,2026-08-05,09:35:06,32.5,100.0,0.0,25.045,121.541
74DA38F7C54E,2026-08-05,09:35:12,30.5,100.0,0.0,25.063,121.661
74DA38F20D1E,2026-08-05,09:35:16,31.5,100.0,19.0,25.048,121.573
74DA38F209EE,2026-08-05,09:35:22,29.86,100.0,0.0,23.026,121.33
74DA38F20A78,2026-08-05,09:35:22,32.75,100.0,1.0,22.904,121.124
74DA38F20B5C,2026-08-05,09:35:26,31.0,100.0,16.0,22.798,120.293
74DA38F7C430,2026-08-05,09:35:40,33.36,78.0,0.0,24.981,121.423
74DA38F7C3DE,2026-08-05,09:35:42,33.36,100.0,245.0,24.972,121.537
74DA38F20B82,2026-08-05,09:35:45,-4.0,0.0,0.0,22.847,120.465
74DA38F7C59C,2026-08-05,09:35:48,31.75,80.0,23.0,25.103,121.487
74DA38F20E6E,2026-08-05,09:35:49,28.11,98.0,0.0,24.41,120.902
74DA38ED0640,2026-08-05,09:35:58,29.25,100.0,4.0,23.154,121.266
74DA38F21088,2026-08-05,09:35:58,32.36,100.0,0.0,25.068,121.588
74DA38F7C464,2026-08-05,09:35:59,28.11,31.0,0.0,25.006,121.413
74DA38ED05EA,2026-08-05,09:36:02,32.25,91.0,5.0,23.394,121.357
74DA38F207DE,2026-08-05,09:36:04,31.25,100.0,13.0,22.603,120.34
74DA38F7C41E,2026-08-05,09:36:04,31.25,79.0,0.0,25.054,121.517
74DA38ED0454,2026-08-05,09:36:11,31.61,100.0,16.0,24.053,121.599
74DA38F21048,2026-08-05,09:36:12,30.0,100.0,14.0,22.595,120.341
74DA38F21170,2026-08-05,09:36:16,33.5,62.0,2.0,22.779,121.088
74DA38F7C514,2026-08-05,09:36:17,31.75,100.0,13.0,25.051,121.518
74DA38F21204,2026-08-05,09:36:18,30.75,100.0,2.0,25.062,121.451
74DA38F7C310,2026-08-05,09:36:24,33.0,100.0,8.0,25.09,121.464
74DA38F2105C,2026-08-05,09:36:29,31.25,100.0,0.0,25.088,121.599
74DA38F7C560,2026-08-05,09:36:29,31.61,-63.0,0.0,25.079,121.671
74DA38F7C47C,2026-08-05,09:36:31,32.36,94.0,56.0,25.055,121.455
74DA38F7C63C,2026-08-05,09:36:49,-4.0,0.0,8.0,24.998,121.425
74DA38ED04F2,2026-08-05,09:37:12,30.0,100.0,6.0,23.468,121.496
74DA38F21024,2026-08-05,09:37:12,29.86,100.0,0.0,24.93,121.036
74DA38F20934,2026-08-05,09:37:27,30.36,77.0,5.0,23.002,121.29
74DA38F20B80,2026-08-05,09:37:28,30.5,100.0,6.0,22.599,120.35
74DA38F2113E,2026-08-05,09:37:31,-4.0,0.0,0.0,22.728,120.313
74DA38F20A30,2026-08-05,09:37:45,31.36,86.0,0.0,24.948,121.372
74DA38F20F0A,2026-08-05,09:37:50,29.11,100.0,6.0,22.995,120.635
74DA38F7C616,2026-08-05,09:37:52,32.86,100.0,0.0,25.031,121.563
74DA38F7C610,2026-08-05,09:37:58,31.25,93.0,15.0,25.063,121.564
74DA38F7C53C,2026-08-05,09:38:03,30.5,100.0,0.0,25.11,121.804
74DA38ED06E0,2026-08-05,09:38:05,30.36,98.0,9.0,23.601,121.521
74DA38F7C260,2026-08-05,09:38:15,33.25,100.0,0.0,25.065,121.425
74DA38F7C600,2026-08-05,09:38:22,23.62,47.0,7.0,25.07,121.586
74DA38F7C5E6,2026-08-05,09:38:26,34.36,100.0,9.0,25.107,121.843
74DA38F209A8,2026-08-05,09:38:33,-4.0,0.0,0.0,22.401,120.577
74DA38F20D1A,2026-08-05,09:38:34,31.0,93.0,0.0,25.078,121.541
74DA38F209DE,2026-08-05,09:38:37,31.0,100.0,0.0,24.861,120.964
74DA38F7C39A,2026-08-05,09:38:37,31.61,100.0,0.0,25.002,121.414
74DA38ED059C,2026-08-05,09:38:39,32.0,81.0,11.0,23.706,121.412
74DA38F20BF6,2026-08-05,09:38:41,28.61,100.0,10.0,22.582,120.368
74DA38F7C592,2026-08-05,09:38:44,-4.0,0.0,0.0,25.224,121.637
74DA38F208E2,2026-08-05,09:38:56,30.36,100.0,22.0,24.688,121.766
74DA38F20DE0,2026-08-05,09:38:58,29.86,100.0,1.0,22.589,120.328
74DA38F20D16,2026-08-05,09:39:07,31.86,100.0,14.0,25.062,121.526
74DA38F7C338,2026-08-05,09:39:14,31.11,100.0,12.0,25.011,121.458
74DA38F7C3B2,2026-08-05,09:39:15,32.36,65.0,8.0,24.929,121.378
74DA38F7C480,2026-08-05,09:39:18,30.75,100.0,0.0,25.061,121.432
74DA38F7C566,2026-08-05,09:39:20,34.0,100.0,0.0,25.051,121.448
74DA38ED0630,2026-08-05,09:39:22,31.0,100.0,0.0,23.994,121.594
74DA38F21054,2026-08-05,09:39:22,29.61,72.0,11.0,22.898,120.627
74DA38F7C47E,2026-08-05,09:39:23,33.0,100.0,19.0,25.053963,121.427681
74DA38F7C506,2026-08-05,09:39:25,32.36,100.0,0.0,24.996,121.544
74DA38F2104E,2026-08-05,09:39:28,28.61,100.0,15.0,23.108,120.7
74DA38F7C4CC,2026-08-05,09:39:31,31.61,100.0,16.0,25.062,121.451
74DA38F7C3DC,2026-08-05,09:39:32,30.61,100.0,28.0,25.003,121.539
74DA38F20862,2026-08-05,09:39:41,29.5,100.0,6.0,23.101,121.176
74DA38F7C27E,2026-08-05,09:39:44,31.36,99.0,12.0,25.053,121.444
74DA38F7C5CE,2026-08-05,09:39:47,30.86,85.0,0.0,25.066,121.656
74DA38F20C26,2026-08-05,09:39:55,33.0,79.0,11.0,22.676,120.342
74DA38F20D2E,2026-08-05,09:39:55,31.25,100.0,0.0,25.06,121.545
74DA38F7C5BE,2026-08-05,09:40:09,31.5,85.0,18.0,25.092,121.523
74DA38F7C532,2026-08-05,09:40:13,30.86,95.0,14.0,25.059,121.499
74DA38F20F1C,2026-08-05,09:40:15,30.0,100.0,78.0,25.062,121.451
74DA38F21136,2026-08-05,09:40:26,32.25,98.0,7.0,25.119,121.505
74DA38F20B12,2026-08-05,09:40:27,27.75,67.0,7.0,22.91,120.716
74DA38F20EB2,2026-08-05,09:40:27,27.25,100.0,21.0,24.324,120.835
74DA38F7C5A0,2026-08-05,09:40:27,32.11,91.0,0.0,25.107,121.518
74DA38F7C366,2026-08-05,09:40:31,31.25,100.0,7.0,25.002,121.516
74DA38F20B88,2026-08-05,09:40:36,29.0,100.0,1.0,22.75,120.316
74DA38F20D70,2026-08-05,09:40:42,31.5,90.0,0.0,23.05,121.164
74DA38F7C3BA,2026-08-05,09:40:52,-4.0,0.0,70.0,25.174,121.441
74DA38F20E9E,2026-08-05,09:41:04,28.11,100.0,18.0,24.648,121.151
74DA38F210A2,2026-08-05,09:41:07,31.36,100.0,4.0,25.12,121.466
74DA38ED05B6,2026-08-05,09:41:10,31.75,91.0,9.0,23.43,121.348
74DA38F20C06,2026-08-05,09:41:11,32.0,64.0,15.0,24.874,121.02
74DA38F7C42E,2026-08-05,09:41:14,31.61,100.0,0.0,24.969,121.514
74DA38F20D1E,2026-08-05,09:41:23,31.25,100.0,19.0,25.048,121.573
74DA38F209EE,2026-08-05,09:41:27,30.0,100.0,0.0,23.026,121.33
74DA38F20A78,2026-08-05,09:41:28,32.61,100.0,1.0,22.904,121.124
74DA38F209B2,2026-08-05,09:41:32,30.5,100.0,0.0,22.363,120.599
74DA38F7C3D6,2026-08-05,09:41:32,32.5,100.0,0.0,25.045,121.541
74DA38F7C3DE,2026-08-05,09:41:38,33.11,100.0,258.0,24.972,121.537
74DA38F7C54E,2026-08-05,09:41:39,30.36,100.0,0.0,25.063,121.661
74DA38F20B5C,2026-08-05,09:41:41,31.0,100.0,18.0,22.798,120.293
74DA38F20E6E,2026-08-05,09:41:52,28.11,99.0,0.0,24.41,120.902
74DA38ED0640,2026-08-05,09:42:04,29.25,100.0,4.0,23.154,121.266
74DA38ED05EA,2026-08-05,09:42:07,32.25,92.0,5.0,23.394,121.357
74DA38F7C430,2026-08-05,09:42:07,33.36,79.0,0.0,24.981,121.423
74DA38F207DE,2026-08-05,09:42:10,31.11,100.0,14.0,22.603,120.34
74DA38F7C59C,2026-08-05,09:42:15,31.86,77.0,23.0,25.103,121.487
74DA38ED0454,2026-08-05,09:42:17,31.5,100.0,16.0,24.053,121.599
74DA38F7C47C,2026-08-05,09:42:17,32.36,95.0,56.0,25.055,121.455
74DA38F21088,2026-08-05,09:42:25,32.25,100.0,0.0,25.068,121.588
74DA38F7C514,2026-08-05,09:42:25,31.61,100.0,14.0,25.051,121.518
74DA38F21170,2026-08-05,09:42:26,33.25,62.0,2.0,22.779,121.088
74DA38F7C464,2026-08-05,09:42:26,27.75,30.0,1.0,25.006,121.413
74DA38F21204,2026-08-05,09:42:27,30.61,100.0,2.0,25.062,121.451
74DA38F7C310,2026-08-05,09:42:29,32.86,100.0,9.0,25.09,121.464
74DA38F21048,2026-08-05,09:42:41,29.86,100.0,14.0,22.595,120.341
74DA38F7C41E,2026-08-05,09:42:46,31.11,79.0,0.0,25.054,121.517
74DA38F20D6C,2026-08-05,09:42:51,30.75,90.0,0.0,22.661,120.301
74DA38F7C4DE,2026-08-05,09:42:51,31.61,100.0,0.0,25.09,121.462
74DA38F2105C,2026-08-05,09:42:57,31.25,100.0,0.0,25.088,121.599
74DA38F7C560,2026-08-05,09:42:57,31.61,-63.0,0.0,25.079,121.671
74DA38ED04F2,2026-08-05,09:43:21,29.86,100.0,6.0,23.468,121.496
74DA38F20934,2026-08-05,09:43:38,30.36,77.0,5.0,23.002,121.29
74DA38F21024,2026-08-05,09:43:39,29.86,100.0,0.0,24.93,121.036
74DA38F20F0A,2026-08-05,09:43:55,29.0,100.0,6.0,22.995,120.635
74DA38F20B80,2026-08-05,09:43:56,30.5,100.0,7.0,22.599,120.35
74DA38F7C616,2026-08-05,09:43:58,32.86,100.0,0.0,25.031,121.563
74DA38F7C610,2026-08-05,09:44:04,31.11,93.0,15.0,25.063,121.564
74DA38ED06E0,2026-08-05,09:44:13,30.25,98.0,10.0,23.601,121.521
74DA38F20A30,2026-08-05,09:44:13,31.36,85.0,1.0,24.948,121.372
74DA38F7C570,2026-08-05,09:44:18,-4.0,0.0,0.0,25.239,121.63
74DA38F7C600,2026-08-05,09:44:27,23.5,47.0,8.0,25.07,121.586
74DA38F7C53C,2026-08-05,09:44:30,30.5,100.0,0.0,25.11,121.804
74DA38F20B26,2026-08-05,09:44:31,30.5,100.0,16.0,22.783,120.247
74DA38F7C5E6,2026-08-05,09:44:31,34.36,100.0,9.0,25.107,121.843
74DA38F7C13A,2026-08-05,09:44:32,23.75,1.0,21.0,25.069,121.359
74DA38F20BF6,2026-08-05,09:44:46,28.75,100.0,10.0,22.582,120.368
74DA38F7C260,2026-08-05,09:44:46,33.25,100.0,0.0,25.065,121.425
74DA38F2113E,2026-08-05,09:44:47,-4.0,0.0,0.0,22.728,120.313
74DA38F208E2,2026-08-05,09:45:02,30.36,100.0,21.0,24.688,121.766
74DA38F209DE,2026-08-05,09:45:03,31.11,100.0,0.0,24.861,120.964
74DA38F20D1A,2026-08-05,09:45:04,30.86,93.0,1.0,25.078,121.541
74DA38F7C39A,2026-08-05,09:45:05,31.61,100.0,0.0,25.002,121.414
74DA38ED059C,2026-08-05,09:45:11,31.86,83.0,9.0,23.706,121.412
74DA38F20D16,2026-08-05,09:45:12,31.75,100.0,14.0,25.062,121.526
74DA38F20B82,2026-08-05,09:45:17,-4.0,0.0,0.0,22.847,120.465
74DA38F7C3B2,2026-08-05,09:45:20,32.36,65.0,8.0,24.929,121.378
74DA38F7C338,2026-08-05,09:45:21,31.0,100.0,13.0,25.011,121.458
74DA38F20DE0,2026-08-05,09:45:25,29.86,100.0,1.0,22.589,120.328
74DA38F21054,2026-08-05,09:45:28,29.61,72.0,11.0,22.898,120.627
74DA38F7C47E,2026-08-05,09:45:29,32.86,100.0,17.0,25.053963,121.427681
74DA38F2104E,2026-08-05,09:45:35,28.5,100.0,16.0,23.108,120.7
74DA38F7C3DC,2026-08-05,09:45:37,30.61,100.0,27.0,25.003,121.539
74DA38F7C4CC,2026-08-05,09:45:39,31.25,100.0,16.0,25.062,121.451
74DA38F7C480,2026-08-05,09:45:46,30.75,100.0,1.0,25.061,121.432
74DA38F20862,2026-08-05,09:45:47,29.61,100.0,4.0,23.101,121.176
74DA38ED0630,2026-08-05,09:45:49,30.86,100.0,0.0,23.994,121.594
74DA38F7C27E,2026-08-05,09:45:50,31.36,99.0,12.0,25.053,121.444
74DA38F7C506,2026-08-05,09:45:56,32.36,100.0,1.0,24.996,121.544
74DA38F20C26,2026-08-05,09:46:02,32.86,79.0,11.0,22.676,120.342
74DA38F7C5BE,2026-08-05,09:46:15,31.36,86.0,17.0,25.092,121.523
74DA38F7C5CE,2026-08-05,09:46:15,30.86,86.0,0.0,25.066,121.656
74DA38F7C532,2026-08-05,09:46:21,30.86,97.0,14.0,25.059,121.499
74DA38F7C63C,2026-08-05,09:46:21,-4.0,0.0,9.0,24.998,121.425
74DA38F20F1C,2026-08-05,09:46:23,30.0,100.0,36.0,25.062,121.451
74DA38F20D2E,2026-08-05,09:46:26,31.25,100.0,0.0,25.06,121.545
74DA38F20B12,2026-08-05,09:46:34,27.87,67.0,8.0,22.91,120.716
74DA38F20EB2,2026-08-05,09:46:36,26.87,100.0,20.0,24.324,120.835
74DA38F7C366,2026-08-05,09:46:37,31.25,100.0,8.0,25.002,121.516
74DA38F20D70,2026-08-05,09:46:48,31.0,92.0,0.0,23.05,121.164
74DA38F21136,2026-08-05,09:46:51,32.25,98.0,9.0,25.119,121.505
74DA38F7C5A0,2026-08-05,09:46:54,32.11,92.0,0.0,25.107,121.518
74DA38F20B88,2026-08-05,09:47:03,28.86,100.0,1.0,22.75,120.316
74DA38F20E9E,2026-08-05,09:47:12,28.0,100.0,20.0,24.648,121.151
74DA38F210A2,2026-08-05,09:47:12,31.36,100.0,4.0,25.12,121.466
74DA38ED05B6,2026-08-05,09:47:17,31.5,92.0,8.0,23.43,121.348
74DA38F20C06,2026-08-05,09:47:17,32.0,64.0,15.0,24.874,121.02
74DA38F20D1E,2026-08-05,09:47:30,31.11,100.0,19.0,25.048,121.573
74DA38F209EE,2026-08-05,09:47:31,30.11,100.0,0.0,23.026,121.33
74DA38F7C3DE,2026-08-05,09:47:34,33.0,100.0,244.0,24.972,121.537
74DA38F20A78,2026-08-05,09:47:35,32.36,100.0,1.0,22.904,121.124
74DA38F7C42E,2026-08-05,09:47:43,31.36,100.0,0.0,24.969,121.514
74DA38F20E6E,2026-08-05,09:47:57,28.11,100.0,0.0,24.41,120.902
74DA38F209B2,2026-08-05,09:47:59,30.61,100.0,0.0,22.363,120.599
74DA38F7C3D6,2026-08-05,09:47:59,32.5,100.0,0.0,25.045,121.541
74DA38F7C54E,2026-08-05,09:48:06,30.5,100.0,0.0,25.063,121.661
74DA38F20B5C,2026-08-05,09:48:10,30.86,100.0,16.0,22.798,120.293
74DA38F7C47C,2026-08-05,09:48:10,32.25,95.0,56.0,25.055,121.455
74DA38ED0640,2026-08-05,09:48:11,29.11,100.0,4.0,23.154,121.266
74DA38ED05EA,2026-08-05,09:48:12,32.11,91.0,5.0,23.394,121.357
74DA38F209A8,2026-08-05,09:48:12,-4.0,0.0,0.0,22.401,120.577
74DA38F207DE,2026-08-05,09:48:14,31.0,100.0,13.0,22.603,120.34
74DA38F7C592,2026-08-05,09:48:21,-4.0,0.0,0.0,25.224,121.637
74DA38ED0454,2026-08-05,09:48:23,31.5,100.0,16.0,24.053,121.599
74DA38F21170,2026-08-05,09:48:32,33.0,63.0,2.0,22.779,121.088
74DA38F7C514,2026-08-05,09:48:32,31.61,100.0,14.0,25.051,121.518
74DA38F7C310,2026-08-05,09:48:33,32.75,100.0,9.0,25.09,121.464
74DA38F7C430,2026-08-05,09:48:34,33.25,79.0,0.0,24.981,121.423
74DA38F21204,2026-08-05,09:48:38,30.5,100.0,3.0,25.062,121.451
74DA38F7C59C,2026-08-05,09:48:47,31.75,77.0,46.0,25.103,121.487
74DA38F21088,2026-08-05,09:48:54,32.0,100.0,0.0,25.068,121.588
74DA38F7C464,2026-08-05,09:48:54,27.87,30.0,0.0,25.006,121.413
74DA38F7C4DE,2026-08-05,09:48:57,31.5,100.0,0.0,25.09,121.462
74DA38F21048,2026-08-05,09:49:08,29.75,100.0,13.0,22.595,120.341
74DA38F7C41E,2026-08-05,09:49:21,31.0,80.0,0.0,25.054,121.517
74DA38F2105C,2026-08-05,09:49:25,31.11,100.0,0.0,25.088,121.599
74DA38F7C560,2026-08-05,09:49:25,31.5,-63.0,0.0,25.079,121.671
74DA38F20D6C,2026-08-05,09:49:26,30.61,90.0,0.0,22.661,120.301
74DA38ED04F2,2026-08-05,09:49:28,29.61,100.0,6.0,23.468,121.496
74DA38F7C3BA,2026-08-05,09:49:29,-4.0,0.0,73.0,25.174,121.441
74DA38F7C30C,2026-08-05,09:49:31,31.11,98.0,0.0,24.975,121.532
74DA38F20F0A,2026-08-05,09:50:02,29.0,100.0,6.0,22.995,120.635
74DA38F21024,2026-08-05,09:50:05,29.86,100.0,0.0,24.93,121.036
74DA38F7C616,2026-08-05,09:50:05,32.75,100.0,0.0,25.031,121.563
74DA38F7C610,2026-08-05,09:50:10,31.11,93.0,15.0,25.063,121.564
74DA38ED06E0,2026-08-05,09:50:20,30.25,99.0,11.0,23.601,121.521
74DA38F20B80,2026-08-05,09:50:25,30.36,100.0,3.0,22.599,120.35
74DA38F7C600,2026-08-05,09:50:33,23.62,47.0,8.0,25.07,121.586
74DA38F7C5E6,2026-08-05,09:50:36,34.25,100.0,9.0,25.107,121.843
74DA38F20B26,2026-08-05,09:50:44,30.5,100.0,15.0,22.783,120.247
74DA38F20A30,2026-08-05,09:50:45,31.36,83.0,3.0,24.948,121.372
74DA38F20BF6,2026-08-05,09:50:52,28.75,100.0,11.0,22.582,120.368
74DA38F7C53C,2026-08-05,09:50:57,30.61,100.0,0.0,25.11,121.804
74DA38F208E2,2026-08-05,09:51:09,30.36,100.0,22.0,24.688,121.766
74DA38F7C260,2026-08-05,09:51:17,33.25,100.0,0.0,25.065,121.425
74DA38F20D16,2026-08-05,09:51:18,31.75,100.0,15.0,25.062,121.526
74DA38ED059C,2026-08-05,09:51:19,31.75,83.0,8.0,23.706,121.412
74DA38F7C338,2026-08-05,09:51:26,31.0,100.0,13.0,25.011,121.458
74DA38F7C3B2,2026-08-05,09:51:26,32.36,65.0,8.0,24.929,121.378
74DA38F209DE,2026-08-05,09:51:31,31.11,100.0,0.0,24.861,120.964
74DA38F7C39A,2026-08-05,09:51:32,31.61,100.0,0.0,25.002,121.414
74DA38F20D1A,2026-08-05,09:51:34,31.0,93.0,6.0,25.078,121.541
74DA38F21054,2026-08-05,09:51:34,29.61,72.0,10.0,22.898,120.627
74DA38F7C47E,2026-08-05,09:51:35,32.36,100.0,17.0,25.053963,121.427681
74DA38F2104E,2026-08-05,09:51:43,28.25,100.0,15.0,23.108,120.7
74DA38F7C3DC,2026-08-05,09:51:45,30.5,100.0,26.0,25.003,121.539
74DA38F7C4CC,2026-08-05,09:51:49,31.36,100.0,17.0,25.062,121.451
74DA38F20DE0,2026-08-05,09:51:52,30.0,100.0,0.0,22.589,120.328
74DA38F20862,2026-08-05,09:51:54,29.61,100.0,5.0,23.101,121.176
74DA38F7C27E,2026-08-05,09:51:55,31.36,100.0,13.0,25.053,121.444
74DA38F2113E,2026-08-05,09:52:02,-4.0,0.0,0.0,22.728,120.313
74DA38F20C26,2026-08-05,09:52:09,32.86,79.0,11.0,22.676,120.342
74DA38F7C480,2026-08-05,09:52:14,30.75,100.0,0.0,25.061,121.432
74DA38ED0630,2026-08-05,09:52:16,30.75,100.0,0.0,23.994,121.594
74DA38F7C5BE,2026-08-05,09:52:20,31.25,86.0,18.0,25.092,121.523
74DA38F7C506,2026-08-05,09:52:27,32.25,100.0,0.0,24.996,121.544
74DA38F7C532,2026-08-05,09:52:29,30.75,95.0,14.0,25.059,121.499
74DA38F20F1C,2026-08-05,09:52:35,30.0,100.0,34.0,25.062,121.451
74DA38F20B12,2026-08-05,09:52:41,28.0,68.0,7.0,22.91,120.716
74DA38F7C5CE,2026-08-05,09:52:41,30.75,86.0,0.0,25.066,121.656
74DA38F7C366,2026-08-05,09:52:42,31.0,100.0,8.0,25.002,121.516
74DA38F20EB2,2026-08-05,09:52:48,26.75,100.0,21.0,24.324,120.835
74DA38F20D70,2026-08-05,09:52:54,30.75,93.0,0.0,23.05,121.164
74DA38F210A2,2026-08-05,09:53:17,31.5,100.0,4.0,25.12,121.466
74DA38F20E9E,2026-08-05,09:53:20,28.0,100.0,18.0,24.648,121.151
74DA38F7C5A0,2026-08-05,09:53:21,32.0,92.0,0.0,25.107,121.518
74DA38ED05B6,2026-08-05,09:53:23,31.25,94.0,8.0,23.43,121.348
74DA38F20C06,2026-08-05,09:53:23,32.0,64.0,14.0,24.874,121.02
74DA38F21136,2026-08-05,09:53:24,32.11,98.0,7.0,25.119,121.505
74DA38F20B88,2026-08-05,09:53:32,28.75,100.0,1.0,22.75,120.316
74DA38F7C3DE,2026-08-05,09:53:32,33.0,100.0,251.0,24.972,121.537
74DA38F209EE,2026-08-05,09:53:36,30.11,100.0,0.0,23.026,121.33
74DA38F20A78,2026-08-05,09:53:41,32.25,100.0,1.0,22.904,121.124
74DA38F7C47C,2026-08-05,09:53:56,32.11,96.0,55.0,25.055,121.455
74DA38F7C570,2026-08-05,09:53:58,-4.0,0.0,0.0,25.239,121.63
74DA38F20E6E,2026-08-05,09:54:00,28.11,100.0,0.0,24.41,120.902
74DA38F7C42E,2026-08-05,09:54:13,31.25,100.0,0.0,24.969,121.514
74DA38ED0640,2026-08-05,09:54:17,29.0,100.0,4.0,23.154,121.266
74DA38F207DE,2026-08-05,09:54:19,31.0,100.0,14.0,22.603,120.34
74DA38F20B5C,2026-08-05,09:54:19,30.86,100.0,16.0,22.798,120.293
74DA38ED05EA,2026-08-05,09:54:23,31.86,91.0,10.0,23.394,121.357
74DA38F209B2,2026-08-05,09:54:25,30.5,100.0,0.0,22.363,120.599
74DA38F7C3D6,2026-08-05,09:54:26,32.5,100.0,0.0,25.045,121.541
74DA38ED0454,2026-08-05,09:54:30,31.5,100.0,17.0,24.053,121.599
74DA38F21170,2026-08-05,09:54:38,32.86,64.0,2.0,22.779,121.088
74DA38F7C310,2026-08-05,09:54:38,32.61,100.0,9.0,25.09,121.464
74DA38F7C514,2026-08-05,09:54:40,31.5,100.0,15.0,25.051,121.518
74DA38F21204,2026-08-05,09:54:48,30.5,100.0,6.0,25.062,121.451
74DA38F20B82,2026-08-05,09:54:49,-4.0,0.0,0.0,22.847,120.465
74DA38F7C430,2026-08-05,09:55:02,33.11,80.0,0.0,24.981,121.423
74DA38F7C5AA,2026-08-05,09:55:11,30.75,100.0,6.0,25.0,121.479
74DA38F7C59C,2026-08-05,09:55:16,31.61,77.0,34.0,25.103,121.487
74DA38F7C464,2026-08-05,09:55:22,27.62,30.0,1.0,25.006,121.413
74DA38F7C4DE,2026-08-05,09:55:22,31.5,100.0,0.0,25.09,121.462
74DA38F21088,2026-08-05,09:55:23,31.75,100.0,0.0,25.068,121.588
74DA38ED04F2,2026-08-05,09:55:35,29.36,100.0,7.0,23.468,121.496
74DA38F21048,2026-08-05,09:55:35,29.75,100.0,14.0,22.595,120.341
74DA38F7C30C,2026-08-05,09:55:41,31.11,98.0,0.0,24.975,121.532
74DA38F2105C,2026-08-05,09:55:52,31.11,100.0,0.0,25.088,121.599
74DA38F7C560,2026-08-05,09:55:52,31.36,-63.0,0.0,25.079,121.671
74DA38F7C63C,2026-08-05,09:55:55,-4.0,0.0,9.0,24.998,121.425
74DA38F7C41E,2026-08-05,09:55:57,31.0,81.0,0.0,25.054,121.517
74DA38F20F0A,2026-08-05,09:56:08,28.75,100.0,6.0,22.995,120.635
74DA38F7C616,2026-08-05,09:56:12,32.61,100.0,0.0,25.031,121.563
74DA38F7C610,2026-08-05,09:56:19,31.11,93.0,16.0,25.063,121.564
74DA38F20934,2026-08-05,09:56:26,30.36,77.0,6.0,23.002,121.29
74DA38ED06E0,2026-08-05,09:56:28,30.25,100.0,11.0,23.601,121.521
74DA38F21024,2026-08-05,09:56:32,29.86,100.0,0.0,24.93,121.036
74DA38F7C600,2026-08-05,09:56:38,23.5,47.0,7.0,25.07,121.586
74DA38F7C5E6,2026-08-05,09:56:42,34.25,100.0,10.0,25.107,121.843
74DA38F20B80,2026-08-05,09:56:53,30.5,100.0,0.0,22.599,120.35
74DA38F20B26,2026-08-05,09:56:55,30.5,100.0,16.0,22.783,120.247
74DA38F20BF6,2026-08-05,09:56:57,28.86,100.0,11.0,22.582,120.368
74DA38F208E2,2026-08-05,09:57:14,30.25,100.0,22.0,24.688,121.766
74DA38F20A30,2026-08-05,09:57:19,31.36,83.0,1.0,24.948,121.372
74DA38F7C53C,2026-08-05,09:57:23,30.61,100.0,0.0,25.11,121.804
74DA38F20D16,2026-08-05,09:57:24,31.75,100.0,16.0,25.062,121.526
74DA38F7C338,2026-08-05,09:57:32,31.0,100.0,12.0,25.011,121.458
74DA38F7C3B2,2026-08-05,09:57:32,32.36,65.0,8.0,24.929,121.378
74DA38ED059C,2026-08-05,09:57:35,31.61,85.0,9.0,23.706,121.412
74DA38F21054,2026-08-05,09:57:40,29.61,72.0,11.0,22.898,120.627
74DA38F7C47E,2026-08-05,09:57:41,32.36,100.0,18.0,25.053963,121.427681
74DA38F7C260,2026-08-05,09:57:47,33.11,100.0,0.0,25.065,121.425
74DA38F2104E,2026-08-05,09:57:49,28.0,100.0,13.0,23.108,120.7
74DA38F209A8,2026-08-05,09:57:52,-4.0,0.0,0.0,22.401,120.577
74DA38F7C3DC,2026-08-05,09:57:53,30.25,100.0,26.0,25.003,121.539
74DA38F7C4CC,2026-08-05,09:57:55,31.36,100.0,16.0,25.062,121.451
74DA38F209DE,2026-08-05,09:57:59,31.25,100.0,0.0,24.861,120.964
74DA38F7C27E,2026-08-05,09:57:59,31.25,100.0,13.0,25.053,121.444
74DA38F7C39A,2026-08-05,09:57:59,31.5,100.0,0.0,25.002,121.414
74DA38F20D1A,2026-08-05,09:58:00,31.0,92.0,7.0,25.078,121.541
74DA38F7C592,2026-08-05,09:58:00,-4.0,0.0,0.0,25.224,121.637
74DA38F20862,2026-08-05,09:58:01,29.5,100.0,5.0,23.101,121.176
74DA38F7C3BA,2026-08-05,09:58:09,-4.0,0.0,82.0,25.174,121.441
74DA38F20C26,2026-08-05,09:58:17,32.75,79.0,12.0,22.676,120.342
74DA38F20DE0,2026-08-05,09:58:19,30.0,100.0,0.0,22.589,120.328
74DA38F7C5BE,2026-08-05,09:58:27,31.25,85.0,18.0,25.092,121.523
74DA38F7C532,2026-08-05,09:58:39,30.75,98.0,14.0,25.059,121.499
74DA38F7C480,2026-08-05,09:58:40,30.86,100.0,0.0,25.061,121.432
74DA38ED0630,2026-08-05,09:58:43,30.86,100.0,0.0,23.994,121.594
74DA38F20B12,2026-08-05,09:58:46,28.25,68.0,7.0,22.91,120.716
74DA38F20F1C,2026-08-05,09:58:46,30.11,100.0,35.0,25.062,121.451
74DA38F7C366,2026-08-05,09:58:47,30.86,100.0,8.0,25.002,121.516
74DA38F7C506,2026-08-05,09:58:55,32.11,100.0,0.0,24.996,121.544
74DA38F20EB2,2026-08-05,09:58:57,26.62,100.0,22.0,24.324,120.835
74DA38F20D70,2026-08-05,09:59:00,30.5,94.0,0.0,23.05,121.164
74DA38F7C5CE,2026-08-05,09:59:09,30.75,86.0,0.0,25.066,121.656
74DA38F2113E,2026-08-05,09:59:16,-4.0,0.0,0.0,22.728,120.313
74DA38F210A2,2026-08-05,09:59:22,31.36,100.0,5.0,25.12,121.466
74DA38F20C06,2026-08-05,09:59:28,31.86,65.0,15.0,24.874,121.02
74DA38F7C3DE,2026-08-05,09:59:28,33.0,100.0,251.0,24.972,121.537
74DA38ED05B6,2026-08-05,09:59:29,31.11,95.0,8.0,23.43,121.348
74DA38F20E9E,2026-08-05,09:59:30,28.0,100.0,20.0,24.648,121.151
74DA38F209EE,2026-08-05,09:59:41,30.25,100.0,0.0,23.026,121.33
74DA38F7C47C,2026-08-05,09:59:44,31.86,96.0,51.0,25.055,121.455
74DA38F20A78,2026-08-05,09:59:47,32.11,100.0,1.0,22.904,121.124
74DA38F7C5A0,2026-08-05,09:59:49,31.86,93.0,0.0,25.107,121.518
74DA38F20E6E,2026-08-05,10:00:03,28.11,100.0,0.0,24.41,120.902
74DA38F20B88,2026-08-05,10:00:04,28.75,100.0,1.0,22.75,120.316
74DA38ED0640,2026-08-05,10:00:24,28.86,100.0,4.0,23.154,121.266
74DA38F207DE,2026-08-05,10:00:25,31.0,100.0,14.0,22.603,120.34
74DA38F20B5C,2026-08-05,10:00:28,30.86,100.0,15.0,22.798,120.293
74DA38ED05EA,2026-08-05,10:00:30,31.86,96.0,19.0,23.394,121.357
74DA38ED0454,2026-08-05,10:00:35,31.5,100.0,17.0,24.053,121.599
74DA38F7C42E,2026-08-05,10:00:38,31.11,100.0,0.0,24.969,121.514
74DA38F20D1E,2026-08-05,10:00:39,31.11,100.0,23.0,25.048,121.573
74DA38F21170,2026-08-05,10:00:43,32.75,65.0,2.0,22.779,121.088
74DA38F7C310,2026-08-05,10:00:43,32.5,100.0,9.0,25.09,121.464
74DA38F7C514,2026-08-05,10:00:46,31.5,100.0,14.0,25.051,121.518
74DA38F209B2,2026-08-05,10:00:52,30.5,100.0,0.0,22.363,120.599
74DA38F7C3D6,2026-08-05,10:00:52,32.36,100.0,0.0,25.045,121.541
74DA38F21204,2026-08-05,10:00:58,30.36,100.0,5.0,25.062,121.451
74DA38F7C54E,2026-08-05,10:01:14,30.25,100.0,0.0,25.063,121.661
74DA38F7C430,2026-08-05,10:01:30,33.11,80.0,0.0,24.981,121.423
74DA38F7C4DE,2026-08-05,10:01:34,31.25,100.0,0.0,25.09,121.462
74DA38ED04F2,2026-08-05,10:01:44,29.25,100.0,7.0,23.468,121.496
74DA38F7C59C,2026-08-05,10:01:47,31.61,78.0,28.0,25.103,121.487
74DA38F7C464,2026-08-05,10:01:49,27.62,30.0,0.0,25.006,121.413
74DA38F21088,2026-08-05,10:01:51,31.61,100.0,1.0,25.068,121.588
74DA38F7C5AA,2026-08-05,10:01:52,30.86,100.0,3.0,25.0,121.479
74DA38F21048,2026-08-05,10:02:11,29.75,100.0,17.0,22.595,120.341
74DA38F20F0A,2026-08-05,10:02:14,28.75,100.0,5.0,22.995,120.635
74DA38F7C616,2026-08-05,10:02:18,32.61,100.0,0.0,25.031,121.563
74DA38F7C560,2026-08-05,10:02:19,31.25,-63.0,0.0,25.079,121.671
74DA38F2105C,2026-08-05,10:02:20,31.0,100.0,0.0,25.088,121.599
74DA38F7C610,2026-08-05,10:02:26,31.0,93.0,16.0,25.063,121.564
74DA38F20D6C,2026-08-05,10:02:29,30.61,90.0,0.0,22.661,120.301
74DA38F7C41E,2026-08-05,10:02:32,31.0,80.0,0.0,25.054,121.517
74DA38ED06E0,2026-08-05,10:02:34,30.25,100.0,10.0,23.601,121.521
74DA38F20934,2026-08-05,10:02:36,30.36,77.0,6.0,23.002,121.29
74DA38F7C600,2026-08-05,10:02:44,23.5,47.0,8.0,25.07,121.586
74DA38F7C5E6,2026-08-05,10:02:48,34.11,100.0,12.0,25.107,121.843
74DA38F20D2E,2026-08-05,10:02:54,31.25,100.0,0.0,25.06,121.545
74DA38F21024,2026-08-05,10:02:59,29.75,100.0,0.0,24.93,121.036
74DA38F20BF6,2026-08-05,10:03:02,28.86,100.0,11.0,22.582,120.368
74DA38F20B26,2026-08-05,10:03:07,30.36,100.0,15.0,22.783,120.247
74DA38F208E2,2026-08-05,10:03:20,30.25,100.0,22.0,24.688,121.766
74DA38F20B80,2026-08-05,10:03:21,30.5,100.0,0.0,22.599,120.35
74DA38F20D16,2026-08-05,10:03:31,31.61,100.0,16.0,25.062,121.526
74DA38F7C570,2026-08-05,10:03:36,-4.0,0.0,0.0,25.239,121.63
74DA38F7C3B2,2026-08-05,10:03:37,32.36,65.0,8.0,24.929,121.378
74DA38ED059C,2026-08-05,10:03:41,31.5,86.0,10.0,23.706,121.412
74DA38F21054,2026-08-05,10:03:46,29.61,72.0,11.0,22.898,120.627
74DA38F7C47E,2026-08-05,10:03:47,32.11,100.0,18.0,25.053963,121.427681
74DA38F7C53C,2026-08-05,10:03:50,30.61,100.0,0.0,25.11,121.804
74DA38F2104E,2026-08-05,10:03:55,28.0,100.0,13.0,23.108,120.7
74DA38F20A30,2026-08-05,10:03:59,31.36,84.0,12.0,24.948,121.372
74DA38F7C3DC,2026-08-05,10:04:01,30.25,100.0,26.0,25.003,121.539
74DA38F7C27E,2026-08-05,10:04:03,31.36,99.0,14.0,25.053,121.444
74DA38F7C4CC,2026-08-05,10:04:03,31.25,100.0,16.0,25.062,121.451
74DA38F20862,2026-08-05,10:04:08,29.5,100.0,5.0,23.101,121.176
74DA38F20B82,2026-08-05,10:04:21,-4.0,0.0,0.0,22.847,120.465
74DA38F20C26,2026-08-05,10:04:24,32.86,79.0,12.0,22.676,120.342
74DA38F209DE,2026-08-05,10:04:25,31.11,100.0,0.0,24.861,120.964
74DA38F7C39A,2026-08-05,10:04:27,31.5,100.0,0.0,25.002,121.414
74DA38F20D1A,2026-08-05,10:04:29,30.75,94.0,9.0,25.078,121.541
74DA38F7C5BE,2026-08-05,10:04:32,31.11,86.0,17.0,25.092,121.523
74DA38F20DE0,2026-08-05,10:04:47,30.0,100.0,0.0,22.589,120.328
74DA38F7C532,2026-08-05,10:04:47,30.61,98.0,14.0,25.059,121.499
74DA38F20B12,2026-08-05,10:04:52,28.25,69.0,8.0,22.91,120.716
74DA38F7C366,2026-08-05,10:04:52,30.75,100.0,8.0,25.002,121.516
74DA38F20F1C,2026-08-05,10:04:55,30.11,100.0,29.0,25.062,121.451
74DA38F20EB2,2026-08-05,10:05:05,26.5,100.0,22.0,24.324,120.835
74DA38F20D70,2026-08-05,10:05:08,30.5,95.0,0.0,23.05,121.164
74DA38F7C480,2026-08-05,10:05:08,31.0,100.0,0.0,25.061,121.432
74DA38ED0630,2026-08-05,10:05:12,30.75,100.0,0.0,23.994,121.594
74DA38F7C506,2026-08-05,10:05:23,32.11,100.0,0.0,24.996,121.544
74DA38F7C3DE,2026-08-05,10:05:25,32.86,100.0,246.0,24.972,121.537
74DA38F210A2,2026-08-05,10:05:26,31.5,100.0,4.0,25.12,121.466
74DA38F7C63C,2026-08-05,10:05:26,-4.0,0.0,11.0,24.998,121.425
74DA38F20C06,2026-08-05,10:05:35,31.86,65.0,16.0,24.874,121.02
74DA38ED05B6,2026-08-05,10:05:36,31.11,96.0,8.0,23.43,121.348
74DA38F7C47C,2026-08-05,10:05:36,31.86,96.0,59.0,25.055,121.455
74DA38F7C5CE,2026-08-05,10:05:36,30.75,86.0,0.0,25.066,121.656
74DA38F20E9E,2026-08-05,10:05:39,28.0,100.0,20.0,24.648,121.151
74DA38F209EE,2026-08-05,10:05:47,30.0,100.0,0.0,23.026,121.33
74DA38F20A78,2026-08-05,10:05:53,31.86,100.0,1.0,22.904,121.124
74DA38F21136,2026-08-05,10:06:05,31.86,98.0,9.0,25.119,121.505
74DA38F20E6E,2026-08-05,10:06:06,28.11,100.0,0.0,24.41,120.902
74DA38F7C5A0,2026-08-05,10:06:16,31.86,94.0,0.0,25.107,121.518
74DA38ED0640,2026-08-05,10:06:30,28.75,100.0,4.0,23.154,121.266
74DA38F207DE,2026-08-05,10:06:32,31.0,100.0,15.0,22.603,120.34
74DA38F2113E,2026-08-05,10:06:32,-4.0,0.0,0.0,22.728,120.313
74DA38F20B88,2026-08-05,10:06:34,28.75,100.0,0.0,22.75,120.316
74DA38ED05EA,2026-08-05,10:06:36,31.61,98.0,7.0,23.394,121.357
74DA38ED0454,2026-08-05,10:06:42,31.36,100.0,17.0,24.053,121.599
74DA38F20B5C,2026-08-05,10:06:42,30.75,100.0,16.0,22.798,120.293
74DA38F21170,2026-08-05,10:06:49,32.61,66.0,3.0,22.779,121.088
74DA38F7C310,2026-08-05,10:06:49,32.5,100.0,10.0,25.09,121.464
74DA38F7C3BA,2026-08-05,10:06:50,-4.0,0.0,82.0,25.174,121.441
74DA38F7C514,2026-08-05,10:06:52,31.25,100.0,15.0,25.051,121.518
74DA38F7C42E,2026-08-05,10:07:06,31.25,100.0,0.0,24.969,121.514
74DA38F21204,2026-08-05,10:07:09,30.25,100.0,4.0,25.062,121.451
74DA38F209B2,2026-08-05,10:07:19,30.5,100.0,0.0,22.363,120.599
74DA38F7C3D6,2026-08-05,10:07:19,32.25,100.0,0.0,25.045,121.541
74DA38F209A8,2026-08-05,10:07:31,-4.0,0.0,0.0,22.401,120.577
74DA38F7C54E,2026-08-05,10:07:39,30.25,100.0,0.0,25.063,121.661
74DA38F7C592,2026-08-05,10:07:42,-4.0,0.0,0.0,25.224,121.637
74DA38ED04F2,2026-08-05,10:07:53,29.25,100.0,7.0,23.468,121.496
74DA38F7C4DE,2026-08-05,10:07:54,31.11,100.0,0.0,25.09,121.462
74DA38F7C430,2026-08-05,10:07:57,33.0,81.0,0.0,24.981,121.423
74DA38F7C59C,2026-08-05,10:08:15,31.61,78.0,27.0,25.103,121.487
74DA38F20F0A,2026-08-05,10:08:19,28.61,100.0,6.0,22.995,120.635
74DA38F21088,2026-08-05,10:08:19,31.61,100.0,0.0,25.068,121.588
74DA38F7C464,2026-08-05,10:08:21,27.75,30.0,0.0,25.006,121.413
74DA38F7C616,2026-08-05,10:08:26,32.36,100.0,0.0,25.031,121.563
74DA38F7C30C,2026-08-05,10:08:29,31.25,98.0,0.0,24.975,121.532
74DA38F7C610,2026-08-05,10:08:33,31.11,93.0,17.0,25.063,121.564
74DA38F21048,2026-08-05,10:08:43,29.75,100.0,17.0,22.595,120.341
74DA38ED06E0,2026-08-05,10:08:45,30.25,100.0,11.0,23.601,121.521
74DA38F20934,2026-08-05,10:08:48,30.36,77.0,6.0,23.002,121.29
74DA38F7C560,2026-08-05,10:08:48,31.11,-63.0,0.0,25.079,121.671
74DA38F2105C,2026-08-05,10:08:49,31.0,100.0,0.0,25.088,121.599
74DA38F7C600,2026-08-05,10:08:49,23.5,46.0,8.0,25.07,121.586
74DA38F7C5E6,2026-08-05,10:08:54,34.36,100.0,14.0,25.107,121.843
74DA38F20BF6,2026-08-05,10:09:07,28.86,100.0,11.0,22.582,120.368
74DA38F20D6C,2026-08-05,10:09:08,30.5,91.0,0.0,22.661,120.301
74DA38F20B26,2026-08-05,10:09:18,30.25,100.0,14.0,22.783,120.247
74DA38F7C41E,2026-08-05,10:09:18,30.86,81.0,0.0,25.054,121.517
74DA38F20D2E,2026-08-05,10:09:22,31.11,100.0,0.0,25.06,121.545
74DA38F21024,2026-08-05,10:09:25,29.75,100.0,0.0,24.93,121.036
74DA38F208E2,2026-08-05,10:09:26,30.11,100.0,21.0,24.688,121.766
74DA38F20D16,2026-08-05,10:09:36,31.61,100.0,16.0,25.062,121.526
74DA38F7C3B2,2026-08-05,10:09:43,32.25,65.0,8.0,24.929,121.378
74DA38F20B80,2026-08-05,10:09:48,30.61,100.0,0.0,22.599,120.35
74DA38F21054,2026-08-05,10:09:51,29.61,72.0,10.0,22.898,120.627
74DA38F7C47E,2026-08-05,10:09:54,32.0,100.0,19.0,25.053963,121.427681
74DA38ED059C,2026-08-05,10:10:00,31.5,87.0,15.0,23.706,121.412
74DA38F2104E,2026-08-05,10:10:01,28.0,100.0,12.0,23.108,120.7
74DA38F7C338,2026-08-05,10:10:04,31.0,100.0,13.0,25.011,121.458
74DA38F7C27E,2026-08-05,10:10:09,31.25,99.0,14.0,25.053,121.444
74DA38F7C3DC,2026-08-05,10:10:09,30.5,100.0,26.0,25.003,121.539
74DA38F20862,2026-08-05,10:10:13,29.5,100.0,5.0,23.101,121.176
74DA38F7C53C,2026-08-05,10:10:20,30.61,100.0,0.0,25.11,121.804
74DA38F20A30,2026-08-05,10:10:29,31.25,84.0,6.0,24.948,121.372
74DA38F20C26,2026-08-05,10:10:30,32.86,79.0,11.0,22.676,120.342
74DA38F7C5BE,2026-08-05,10:10:38,31.0,86.0,18.0,25.092,121.523
74DA38F209DE,2026-08-05,10:10:53,31.25,100.0,0.0,24.861,120.964
74DA38F7C532,2026-08-05,10:10:54,30.61,97.0,15.0,25.059,121.499
74DA38F7C39A,2026-08-05,10:10:55,31.5,100.0,0.0,25.002,121.414
74DA38F20B12,2026-08-05,10:10:57,28.36,69.0,8.0,22.91,120.716
74DA38F20D1A,2026-08-05,10:10:58,31.0,94.0,12.0,25.078,121.541
74DA38F7C366,2026-08-05,10:10:58,30.61,100.0,8.0,25.002,121.516
74DA38F20F1C,2026-08-05,10:11:03,30.11,100.0,35.0,25.062,121.451
74DA38F20EB2,2026-08-05,10:11:12,26.25,100.0,22.0,24.324,120.835
74DA38F20DE0,2026-08-05,10:11:14,29.86,100.0,0.0,22.589,120.328
74DA38F20D70,2026-08-05,10:11:15,30.5,95.0,0.0,23.05,121.164
74DA38F7C47C,2026-08-05,10:11:16,32.0,97.0,45.0,25.055,121.455
74DA38F7C3DE,2026-08-05,10:11:21,33.0,100.0,256.0,24.972,121.537
74DA38F210A2,2026-08-05,10:11:32,31.11,100.0,4.0,25.12,121.466
74DA38F7C480,2026-08-05,10:11:36,30.75,100.0,1.0,25.061,121.432
74DA38ED0630,2026-08-05,10:11:39,30.75,100.0,0.0,23.994,121.594
74DA38ED05B6,2026-08-05,10:11:42,30.86,98.0,9.0,23.43,121.348
74DA38F20C06,2026-08-05,10:11:42,31.86,65.0,15.0,24.874,121.02
74DA38F20E9E,2026-08-05,10:11:46,28.11,100.0,18.0,24.648,121.151
74DA38F209EE,2026-08-05,10:11:52,30.0,100.0,0.0,23.026,121.33
74DA38F7C506,2026-08-05,10:11:58,32.0,100.0,0.0,24.996,121.544
74DA38F20A78,2026-08-05,10:11:59,31.86,100.0,1.0,22.904,121.124
74DA38F7C5CE,2026-08-05,10:12:02,30.75,87.0,0.0,25.066,121.656
74DA38F20E6E,2026-08-05,10:12:09,28.11,100.0,0.0,24.41,120.902
74DA38ED0640,2026-08-05,10:12:36,28.75,100.0,4.0,23.154,121.266
74DA38F207DE,2026-08-05,10:12:36,31.0,100.0,15.0,22.603,120.34
74DA38ED05EA,2026-08-05,10:12:42,31.5,100.0,7.0,23.394,121.357
74DA38F7C5A0,2026-08-05,10:12:44,31.75,94.0,0.0,25.107,121.518
74DA38F20B5C,2026-08-05,10:12:48,30.61,100.0,16.0,22.798,120.293
74DA38ED0454,2026-08-05,10:12:49,31.36,100.0,18.0,24.053,121.599
74DA38F21170,2026-08-05,10:12:55,32.5,66.0,3.0,22.779,121.088
74DA38F7C310,2026-08-05,10:12:56,32.36,100.0,10.0,25.09,121.464
74DA38F7C514,2026-08-05,10:13:01,31.25,100.0,15.0,25.051,121.518
74DA38F20D1E,2026-08-05,10:13:07,31.11,100.0,23.0,25.048,121.573
74DA38F21204,2026-08-05,10:13:15,30.25,100.0,4.0,25.062,121.451
74DA38F7C570,2026-08-05,10:13:15,-4.0,0.0,0.0,25.239,121.63
74DA38F20B88,2026-08-05,10:13:17,28.75,100.0,1.0,22.75,120.316
74DA38F7C42E,2026-08-05,10:13:35,31.36,100.0,0.0,24.969,121.514
74DA38F209B2,2026-08-05,10:13:45,30.25,100.0,0.0,22.363,120.599
74DA38F2113E,2026-08-05,10:13:46,-4.0,0.0,0.0,22.728,120.313
74DA38F7C3D6,2026-08-05,10:13:46,32.36,100.0,0.0,25.045,121.541
74DA38F20B82,2026-08-05,10:13:53,-4.0,0.0,0.0,22.847,120.465
74DA38F7C4DE,2026-08-05,10:14:01,31.25,100.0,0.0,25.09,121.462
74DA38ED04F2,2026-08-05,10:14:02,29.25,100.0,7.0,23.468,121.496
74DA38F7C54E,2026-08-05,10:14:08,30.36,100.0,0.0,25.063,121.661
74DA38F20F0A,2026-08-05,10:14:25,28.5,100.0,6.0,22.995,120.635
74DA38F7C430,2026-08-05,10:14:25,32.86,81.0,0.0,24.981,121.423
74DA38F7C616,2026-08-05,10:14:32,32.0,100.0,0.0,25.031,121.563
74DA38F7C610,2026-08-05,10:14:39,31.0,93.0,17.0,25.063,121.564
74DA38F7C59C,2026-08-05,10:14:42,31.5,78.0,25.0,25.103,121.487
74DA38F21088,2026-08-05,10:14:48,31.36,100.0,0.0,25.068,121.588
74DA38F7C464,2026-08-05,10:14:48,27.75,30.0,0.0,25.006,121.413
74DA38ED06E0,2026-08-05,10:14:54,30.25,100.0,12.0,23.601,121.521
74DA38F7C600,2026-08-05,10:14:54,23.5,46.0,8.0,25.07,121.586
74DA38F7C63C,2026-08-05,10:14:58,-4.0,0.0,10.0,24.998,121.425
74DA38F20934,2026-08-05,10:14:59,30.25,77.0,6.0,23.002,121.29
74DA38F7C5E6,2026-08-05,10:15:01,34.36,100.0,9.0,25.107,121.843
74DA38F20BF6,2026-08-05,10:15:11,29.0,100.0,12.0,22.582,120.368
74DA38F21048,2026-08-05,10:15:11,29.75,100.0,17.0,22.595,120.341
74DA38F2105C,2026-08-05,10:15:14,30.86,100.0,0.0,25.088,121.599
74DA38F7C560,2026-08-05,10:15:15,30.86,-63.0,0.0,25.079,121.671
74DA38F208E2,2026-08-05,10:15:32,30.11,100.0,22.0,24.688,121.766
74DA38F7C3BA,2026-08-05,10:15:32,-4.0,0.0,88.0,25.174,121.441
74DA38F20D16,2026-08-05,10:15:42,31.61,100.0,17.0,25.062,121.526
74DA38F7C3B2,2026-08-05,10:15:48,32.25,65.0,8.0,24.929,121.378
74DA38F20D2E,2026-08-05,10:15:49,30.86,100.0,0.0,25.06,121.545
74DA38F21024,2026-08-05,10:15:52,29.75,100.0,0.0,24.93,121.036
74DA38F7C5AA,2026-08-05,10:15:52,30.5,100.0,5.0,25.0,121.479
74DA38F7C41E,2026-08-05,10:15:56,30.86,81.0,0.0,25.054,121.517
74DA38F7C47E,2026-08-05,10:16:01,32.0,100.0,19.0,25.053963,121.427681
74DA38F21054,2026-08-05,10:16:03,29.61,72.0,11.0,22.898,120.627
74DA38ED059C,2026-08-05,10:16:11,31.5,87.0,10.0,23.706,121.412
74DA38F7C338,2026-08-05,10:16:11,30.86,100.0,14.0,25.011,121.458
74DA38F7C27E,2026-08-05,10:16:17,31.36,100.0,15.0,25.053,121.444
74DA38F7C3DC,2026-08-05,10:16:17,30.75,100.0,25.0,25.003,121.539
74DA38F20B80,2026-08-05,10:16:20,30.5,100.0,0.0,22.599,120.35
74DA38F20862,2026-08-05,10:16:23,29.36,100.0,5.0,23.101,121.176
74DA38F20C26,2026-08-05,10:16:36,33.0,79.0,11.0,22.676,120.342
74DA38F7C5BE,2026-08-05,10:16:45,30.86,87.0,17.0,25.092,121.523
74DA38F7C53C,2026-08-05,10:16:47,30.61,100.0,0.0,25.11,121.804
74DA38F7C532,2026-08-05,10:17:02,30.5,100.0,16.0,25.059,121.499
74DA38F20B12,2026-08-05,10:17:04,28.5,69.0,7.0,22.91,120.716
74DA38F20A30,2026-08-05,10:17:05,31.11,85.0,12.0,24.948,121.372
74DA38F7C366,2026-08-05,10:17:05,30.5,100.0,8.0,25.002,121.516
74DA38F7C47C,2026-08-05,10:17:06,31.75,97.0,64.0,25.055,121.455
74DA38F209A8,2026-08-05,10:17:09,-4.0,0.0,0.0,22.401,120.577
74DA38F20F1C,2026-08-05,10:17:11,30.11,100.0,42.0,25.062,121.451
74DA38F7C3DE,2026-08-05,10:17:18,33.0,100.0,249.0,24.972,121.537
74DA38F209DE,2026-08-05,10:17:21,31.11,100.0,0.0,24.861,120.964
74DA38F20D70,2026-08-05,10:17:21,30.61,95.0,0.0,23.05,121.164
74DA38F7C592,2026-08-05,10:17:21,-4.0,0.0,0.0,25.224,121.637
74DA38F20EB2,2026-08-05,10:17:22,26.12,100.0,23.0,24.324,120.835
74DA38F7C39A,2026-08-05,10:17:22,31.36,100.0,0.0,25.002,121.414
74DA38F20D1A,2026-08-05,10:17:24,30.61,95.0,15.0,25.078,121.541
74DA38F7C4CC,2026-08-05,10:17:30,31.5,100.0,16.0,25.062,121.451
74DA38F210A2,2026-08-05,10:17:38,31.11,100.0,4.0,25.12,121.466
74DA38F20DE0,2026-08-05,10:17:42,29.86,100.0,0.0,22.589,120.328
74DA38ED05B6,2026-08-05,10:17:48,30.61,100.0,9.0,23.43,121.348
74DA38F20C06,2026-08-05,10:17:48,31.86,65.0,16.0,24.874,121.02
74DA38F20E9E,2026-08-05,10:17:54,28.0,100.0,19.0,24.648,121.151
74DA38F209EE,2026-08-05,10:17:57,29.86,100.0,0.0,23.026,121.33
74DA38F7C480,2026-08-05,10:18:02,30.61,100.0,1.0,25.061,121.432
74DA38F20A78,2026-08-05,10:18:05,31.61,100.0,1.0,22.904,121.124
74DA38ED0630,2026-08-05,10:18:08,30.61,100.0,0.0,23.994,121.594
74DA38F20E6E,2026-08-05,10:18:13,28.11,100.0,0.0,24.41,120.902
74DA38F7C260,2026-08-05,10:18:21,32.61,100.0,0.0,25.065,121.425
74DA38F7C506,2026-08-05,10:18:27,32.0,100.0,0.0,24.996,121.544
74DA38F7C5CE,2026-08-05,10:18:29,30.61,87.0,0.0,25.066,121.656
74DA38ED0640,2026-08-05,10:18:42,28.86,100.0,5.0,23.154,121.266
74DA38F207DE,2026-08-05,10:18:42,31.0,100.0,15.0,22.603,120.34
74DA38ED05EA,2026-08-05,10:18:47,31.5,100.0,7.0,23.394,121.357
74DA38F21136,2026-08-05,10:18:49,31.86,97.0,9.0,25.119,121.505
74DA38ED0454,2026-08-05,10:18:56,31.36,100.0,17.0,24.053,121.599
74DA38F20B5C,2026-08-05,10:18:57,30.75,100.0,17.0,22.798,120.293
74DA38F21170,2026-08-05,10:19:02,32.36,66.0,3.0,22.779,121.088
74DA38F7C310,2026-08-05,10:19:02,32.25,100.0,9.0,25.09,121.464
74DA38F7C5A0,2026-08-05,10:19:11,31.61,94.0,0.0,25.107,121.518
74DA38F7C514,2026-08-05,10:19:16,31.0,100.0,16.0,25.051,121.518
74DA38F21204,2026-08-05,10:19:25,30.25,100.0,2.0,25.062,121.451
74DA38F20D1E,2026-08-05,10:19:33,31.11,100.0,23.0,25.048,121.573
74DA38F20B88,2026-08-05,10:20:03,28.75,100.0,1.0,22.75,120.316
74DA38F7C42E,2026-08-05,10:20:07,31.11,100.0,0.0,24.969,121.514
74DA38F7C4DE,2026-08-05,10:20:08,31.0,100.0,0.0,25.09,121.462
74DA38F209B2,2026-08-05,10:20:12,30.0,100.0,0.0,22.363,120.599
74DA38F7C3D6,2026-08-05,10:20:12,32.0,100.0,0.0,25.045,121.541
74DA38ED04F2,2026-08-05,10:20:20,29.25,100.0,7.0,23.468,121.496
74DA38F20F0A,2026-08-05,10:20:31,28.36,100.0,5.0,22.995,120.635
74DA38F7C54E,2026-08-05,10:20:35,30.25,100.0,0.0,25.063,121.661
74DA38F7C616,2026-08-05,10:20:41,32.0,100.0,0.0,25.031,121.563
74DA38F7C610,2026-08-05,10:20:45,31.0,93.0,17.0,25.063,121.564
74DA38F7C430,2026-08-05,10:20:52,32.75,81.0,0.0,24.981,121.423
74DA38F7C600,2026-08-05,10:21:00,23.5,47.0,8.0,25.07,121.586
74DA38F2113E,2026-08-05,10:21:01,-4.0,0.0,0.0,22.728,120.313
74DA38ED06E0,2026-08-05,10:21:03,30.25,100.0,13.0,23.601,121.521
74DA38F7C5E6,2026-08-05,10:21:07,34.25,100.0,10.0,25.107,121.843
74DA38F7C59C,2026-08-05,10:21:10,31.36,78.0,26.0,25.103,121.487
74DA38F20934,2026-08-05,10:21:13,30.25,77.0,6.0,23.002,121.29
74DA38F21088,2026-08-05,10:21:15,31.36,100.0,0.0,25.068,121.588
74DA38F7C464,2026-08-05,10:21:16,27.62,30.0,0.0,25.006,121.413
74DA38F20BF6,2026-08-05,10:21:17,29.0,100.0,13.0,22.582,120.368
74DA38F208E2,2026-08-05,10:21:38,30.11,100.0,22.0,24.688,121.766
74DA38F21048,2026-08-05,10:21:39,29.75,100.0,18.0,22.595,120.341
74DA38F2105C,2026-08-05,10:21:41,30.86,100.0,0.0,25.088,121.599
74DA38F7C560,2026-08-05,10:21:43,30.86,-63.0,0.0,25.079,121.671
74DA38F20D6C,2026-08-05,10:21:45,30.5,92.0,0.0,22.661,120.301
74DA38F20D16,2026-08-05,10:21:49,31.5,100.0,17.0,25.062,121.526
74DA38F7C3B2,2026-08-05,10:21:54,32.25,65.0,8.0,24.929,121.378
74DA38F20B26,2026-08-05,10:22:07,30.25,100.0,13.0,22.783,120.247
74DA38F7C47E,2026-08-05,10:22:07,31.61,100.0,18.0,25.053963,121.427681
74DA38F21054,2026-08-05,10:22:10,29.61,72.0,11.0,22.898,120.627
74DA38F20D2E,2026-08-05,10:22:17,30.86,100.0,0.0,25.06,121.545
74DA38F21024,2026-08-05,10:22:19,29.75,100.0,0.0,24.93,121.036
74DA38F7C27E,2026-08-05,10:22:21,31.25,99.0,14.0,25.053,121.444
74DA38F7C338,2026-08-05,10:22:21,30.86,100.0,15.0,25.011,121.458
74DA38F7C3DC,2026-08-05,10:22:25,30.61,100.0,26.0,25.003,121.539
74DA38ED059C,2026-08-05,10:22:29,31.25,88.0,9.0,23.706,121.412
74DA38F20862,2026-08-05,10:22:29,29.36,100.0,4.0,23.101,121.176
74DA38F7C13A,2026-08-05,10:22:32,23.75,2.0,24.0,25.069,121.359
74DA38F7C41E,2026-08-05,10:22:40,30.75,81.0,0.0,25.054,121.517
74DA38F7C5AA,2026-08-05,10:22:44,30.36,100.0,6.0,25.0,121.479
74DA38F20C26,2026-08-05,10:22:45,33.0,79.0,12.0,22.676,120.342
74DA38F20B80,2026-08-05,10:22:46,30.25,100.0,0.0,22.599,120.35
74DA38F7C47C,2026-08-05,10:22:50,31.86,97.0,56.0,25.055,121.455
74DA38F7C5BE,2026-08-05,10:22:52,30.75,87.0,18.0,25.092,121.523
74DA38F7C570,2026-08-05,10:22:54,-4.0,0.0,0.0,25.239,121.63
74DA38F7C532,2026-08-05,10:23:07,30.5,98.0,16.0,25.059,121.499
74DA38F20B12,2026-08-05,10:23:10,28.5,69.0,7.0,22.91,120.716
74DA38F7C366,2026-08-05,10:23:10,30.5,100.0,8.0,25.002,121.516
74DA38F20FA4,2026-08-05,10:23:11,31.36,100.0,12.0,22.63,120.42
74DA38F7C53C,2026-08-05,10:23:14,30.25,100.0,0.0,25.11,121.804
74DA38F20F1C,2026-08-05,10:23:19,30.0,100.0,29.0,25.062,121.451
74DA38F20B82,2026-08-05,10:23:26,-4.0,0.0,0.0,22.847,120.465
74DA38F20D70,2026-08-05,10:23:28,30.61,94.0,0.0,23.05,121.164
74DA38F20EB2,2026-08-05,10:23:32,26.0,100.0,22.0,24.324,120.835
74DA38F7C4CC,2026-08-05,10:23:37,31.36,100.0,15.0,25.062,121.451
74DA38F210A2,2026-08-05,10:23:42,31.25,100.0,4.0,25.12,121.466
74DA38F209DE,2026-08-05,10:23:47,31.11,100.0,0.0,24.861,120.964
74DA38F7C39A,2026-08-05,10:23:50,31.36,100.0,0.0,25.002,121.414
74DA38F20D1A,2026-08-05,10:23:53,30.5,95.0,27.0,25.078,121.541
74DA38ED05B6,2026-08-05,10:23:54,30.36,100.0,8.0,23.43,121.348
74DA38F20C06,2026-08-05,10:23:54,31.86,66.0,16.0,24.874,121.02
74DA38F20E9E,2026-08-05,10:24:00,27.87,100.0,18.0,24.648,121.151
74DA38F209EE,2026-08-05,10:24:03,29.86,100.0,0.0,23.026,121.33
74DA38F20DE0,2026-08-05,10:24:10,30.0,100.0,0.0,22.589,120.328
74DA38F20A78,2026-08-05,10:24:11,31.5,100.0,2.0,22.904,121.124
74DA38F7C3BA,2026-08-05,10:24:13,-4.0,0.0,89.0,25.174,121.441
74DA38F20E6E,2026-08-05,10:24:15,28.11,100.0,0.0,24.41,120.902
74DA38F7C63C,2026-08-05,10:24:29,-4.0,0.0,11.0,24.998,121.425
74DA38F7C480,2026-08-05,10:24:30,30.5,100.0,0.0,25.061,121.432
74DA38ED0630,2026-08-05,10:24:36,30.61,100.0,0.0,23.994,121.594
74DA38F207DE,2026-08-05,10:24:47,31.0,100.0,16.0,22.603,120.34
74DA38ED0640,2026-08-05,10:24:48,29.0,100.0,4.0,23.154,121.266
74DA38ED05EA,2026-08-05,10:24:53,31.36,100.0,7.0,23.394,121.357
74DA38F7C506,2026-08-05,10:24:54,32.0,100.0,0.0,24.996,121.544
74DA38F7C5CE,2026-08-05,10:24:57,30.36,87.0,0.0,25.066,121.656
74DA38F20B5C,2026-08-05,10:25:02,30.61,100.0,17.0,22.798,120.293
74DA38ED0454,2026-08-05,10:25:03,31.36,100.0,17.0,24.053,121.599
74DA38F21136,2026-08-05,10:25:03,31.86,98.0,10.0,25.119,121.505
74DA38F2104E,2026-08-05,10:25:07,27.87,100.0,13.0,23.108,120.7
74DA38F21170,2026-08-05,10:25:08,32.11,66.0,3.0,22.779,121.088
74DA38F7C310,2026-08-05,10:25:08,32.11,100.0,10.0,25.09,121.464
74DA38F7C260,2026-08-05,10:25:15,32.5,100.0,0.0,25.065,121.425
74DA38F7C514,2026-08-05,10:25:24,30.86,100.0,17.0,25.051,121.518
74DA38F21204,2026-08-05,10:25:38,30.11,100.0,1.0,25.062,121.451
74DA38F7C5A0,2026-08-05,10:25:38,31.5,94.0,0.0,25.107,121.518
74DA38F20D1E,2026-08-05,10:25:42,31.0,100.0,23.0,25.048,121.573
74DA38F7C4DE,2026-08-05,10:26:15,30.75,100.0,0.0,25.09,121.462
74DA38ED04F2,2026-08-05,10:26:26,29.11,100.0,7.0,23.468,121.496
74DA38F20B88,2026-08-05,10:26:35,28.75,100.0,0.0,22.75,120.316
74DA38F7C42E,2026-08-05,10:26:36,30.75,100.0,0.0,24.969,121.514
74DA38F20F0A,2026-08-05,10:26:37,28.36,100.0,6.0,22.995,120.635
74DA38F209B2,2026-08-05,10:26:39,30.0,100.0,0.0,22.363,120.599
74DA38F7C3D6,2026-08-05,10:26:39,31.61,100.0,0.0,25.045,121.541
74DA38F7C616,2026-08-05,10:26:47,32.25,100.0,0.0,25.031,121.563
74DA38F209A8,2026-08-05,10:26:48,-4.0,0.0,0.0,22.401,120.577
74DA38F7C610,2026-08-05,10:26:52,30.86,93.0,17.0,25.063,121.564
74DA38F7C592,2026-08-05,10:27:00,-4.0,0.0,0.0,25.224,121.637
74DA38F7C54E,2026-08-05,10:27:02,30.0,100.0,0.0,25.063,121.661
74DA38F7C600,2026-08-05,10:27:05,23.5,47.0,8.0,25.07,121.586
74DA38ED06E0,2026-08-05,10:27:09,30.25,100.0,12.0,23.601,121.521
74DA38F7C5E6,2026-08-05,10:27:13,34.0,100.0,12.0,25.107,121.843
74DA38F20934,2026-08-05,10:27:19,30.25,77.0,6.0,23.002,121.29
74DA38F7C430,2026-08-05,10:27:20,32.75,81.0,0.0,24.981,121.423
74DA38F20BF6,2026-08-05,10:27:21,29.0,100.0,12.0,22.582,120.368
74DA38F7C59C,2026-08-05,10:27:37,31.36,78.0,25.0,25.103,121.487
74DA38F21088,2026-08-05,10:27:43,31.5,100.0,0.0,25.068,121.588
74DA38F7C464,2026-08-05,10:27:45,27.62,30.0,0.0,25.006,121.413
74DA38F208E2,2026-08-05,10:27:46,30.11,100.0,22.0,24.688,121.766
74DA38F20D16,2026-08-05,10:27:56,31.61,100.0,19.0,25.062,121.526
74DA38F7C3B2,2026-08-05,10:27:59,32.25,65.0,8.0,24.929,121.378
74DA38F2105C,2026-08-05,10:28:08,30.86,100.0,0.0,25.088,121.599
74DA38F21048,2026-08-05,10:28:09,29.75,100.0,18.0,22.595,120.341
74DA38F7C30C,2026-08-05,10:28:11,31.0,98.0,0.0,24.975,121.532
74DA38F7C560,2026-08-05,10:28:11,30.86,-63.0,0.0,25.079,121.671
74DA38F7C47E,2026-08-05,10:28:13,31.5,100.0,18.0,25.053963,121.427681
74DA38F2113E,2026-08-05,10:28:16,-4.0,0.0,0.0,22.728,120.313
74DA38F21054,2026-08-05,10:28:17,29.75,72.0,11.0,22.898,120.627
74DA38F7C27E,2026-08-05,10:28:27,31.25,99.0,15.0,25.053,121.444
74DA38F7C338,2026-08-05,10:28:28,30.86,100.0,15.0,25.011,121.458
74DA38F20D6C,2026-08-05,10:28:32,30.5,91.0,0.0,22.661,120.301
74DA38F7C3DC,2026-08-05,10:28:32,30.5,100.0,25.0,25.003,121.539
74DA38F20862,2026-08-05,10:28:35,29.5,100.0,5.0,23.101,121.176
74DA38F20B26,2026-08-05,10:28:39,30.25,100.0,16.0,22.783,120.247
74DA38ED059C,2026-08-05,10:28:43,31.36,89.0,9.0,23.706,121.412
74DA38F21024,2026-08-05,10:28:45,29.75,100.0,0.0,24.93,121.036
74DA38F20D2E,2026-08-05,10:28:46,30.75,100.0,0.0,25.06,121.545
74DA38F7C47C,2026-08-05,10:28:46,31.75,97.0,66.0,25.055,121.455
74DA38F20C26,2026-08-05,10:28:53,33.0,79.0,12.0,22.676,120.342
74DA38F7C5BE,2026-08-05,10:28:58,30.61,88.0,18.0,25.092,121.523
74DA38F7C13A,2026-08-05,10:29:04,23.62,2.0,12.0,25.069,121.359
74DA38F7C3DE,2026-08-05,10:29:11,32.86,100.0,251.0,24.972,121.537
74DA38F20B80,2026-08-05,10:29:12,30.25,100.0,0.0,22.599,120.35
74DA38F7C532,2026-08-05,10:29:14,30.5,99.0,17.0,25.059,121.499
74DA38F20B12,2026-08-05,10:29:15,28.61,69.0,8.0,22.91,120.716
74DA38F7C366,2026-08-05,10:29:15,30.5,100.0,8.0,25.002,121.516
74DA38F7C41E,2026-08-05,10:29:17,30.61,81.0,0.0,25.054,121.517
74DA38F20F1C,2026-08-05,10:29:25,30.0,100.0,28.0,25.062,121.451
74DA38F20D70,2026-08-05,10:29:36,30.75,94.0,0.0,23.05,121.164
74DA38F20EB2,2026-08-05,10:29:39,25.87,100.0,23.0,24.324,120.835
74DA38F7C53C,2026-08-05,10:29:40,30.11,100.0,0.0,25.11,121.804
74DA38F7C4CC,2026-08-05,10:29:45,31.36,100.0,16.0,25.062,121.451
74DA38F210A2,2026-08-05,10:29:47,31.25,100.0,4.0,25.12,121.466
74DA38F20FA4,2026-08-05,10:29:50,31.11,100.0,14.0,22.63,120.42
74DA38F7C5AA,2026-08-05,10:29:50,30.25,100.0,6.0,25.0,121.479
74DA38ED05B6,2026-08-05,10:30:01,30.11,100.0,9.0,23.43,121.348
74DA38F20C06,2026-08-05,10:30:01,31.86,66.0,16.0,24.874,121.02
74DA38F209EE,2026-08-05,10:30:08,29.86,100.0,0.0,23.026,121.33
74DA38F20E9E,2026-08-05,10:30:09,27.87,100.0,21.0,24.648,121.151
74DA38F209DE,2026-08-05,10:30:14,31.11,100.0,0.0,24.861,120.964
74DA38F20A78,2026-08-05,10:30:17,31.36,100.0,1.0,22.904,121.124
74DA38F20E6E,2026-08-05,10:30:18,28.0,100.0,0.0,24.41,120.902
74DA38F7C39A,2026-08-05,10:30:18,31.36,100.0,0.0,25.002,121.414
74DA38F20D1A,2026-08-05,10:30:23,30.5,94.0,41.0,25.078,121.541
74DA38F20A30,2026-08-05,10:30:36,31.0,86.0,2.0,24.948,121.372
74DA38F20DE0,2026-08-05,10:30:36,30.0,100.0,0.0,22.589,120.328
74DA38F207DE,2026-08-05,10:30:55,31.0,100.0,16.0,22.603,120.34
74DA38ED0640,2026-08-05,10:30:56,29.0,100.0,4.0,23.154,121.266
74DA38F7C480,2026-08-05,10:30:57,30.5,100.0,1.0,25.061,121.432
74DA38ED05EA,2026-08-05,10:30:58,31.36,100.0,7.0,23.394,121.357
74DA38ED0630,2026-08-05,10:31:04,30.61,100.0,0.0,23.994,121.594
74DA38F20B5C,2026-08-05,10:31:08,30.61,100.0,16.0,22.798,120.293
74DA38ED0454,2026-08-05,10:31:10,31.36,100.0,17.0,24.053,121.599
74DA38F7C310,2026-08-05,10:31:12,32.11,100.0,9.0,25.09,121.464
74DA38F2104E,2026-08-05,10:31:13,27.87,100.0,12.0,23.108,120.7
74DA38F21136,2026-08-05,10:31:14,31.75,98.0,9.0,25.119,121.505
74DA38F21170,2026-08-05,10:31:19,32.0,67.0,3.0,22.779,121.088
74DA38F7C5CE,2026-08-05,10:31:23,30.25,87.0,0.0,25.066,121.656
74DA38F7C506,2026-08-05,10:31:24,32.0,100.0,0.0,24.996,121.544
74DA38F7C514,2026-08-05,10:31:37,30.86,100.0,17.0,25.051,121.518
74DA38F7C260,2026-08-05,10:31:42,32.36,100.0,0.0,25.065,121.425
74DA38F21204,2026-08-05,10:31:47,30.11,100.0,2.0,25.062,121.451
74DA38F20D1E,2026-08-05,10:31:59,31.0,100.0,22.0,25.048,121.573
74DA38F7C5A0,2026-08-05,10:32:06,31.5,94.0,0.0,25.107,121.518
74DA38F7C4DE,2026-08-05,10:32:24,30.61,100.0,0.0,25.09,121.462
74DA38F7C570,2026-08-05,10:32:33,-4.0,0.0,0.0,25.239,121.63
74DA38ED04F2,2026-08-05,10:32:36,28.86,100.0,7.0,23.468,121.496
74DA38F20F0A,2026-08-05,10:32:43,28.36,100.0,6.0,22.995,120.635
74DA38F7C616,2026-08-05,10:32:53,32.25,100.0,0.0,25.031,121.563
74DA38F7C3BA,2026-08-05,10:32:55,-4.0,0.0,87.0,25.174,121.441
74DA38F7C610,2026-08-05,10:32:57,30.86,94.0,17.0,25.063,121.564
74DA38F20B82,2026-08-05,10:32:58,-4.0,0.0,0.0,22.847,120.465
74DA38F7C42E,2026-08-05,10:33:02,30.75,100.0,0.0,24.969,121.514
74DA38F20B88,2026-08-05,10:33:04,28.61,100.0,0.0,22.75,120.316
74DA38F209B2,2026-08-05,10:33:05,30.0,100.0,0.0,22.363,120.599
74DA38F7C3D6,2026-08-05,10:33:06,31.5,100.0,0.0,25.045,121.541
74DA38F7C600,2026-08-05,10:33:10,23.5,47.0,9.0,25.07,121.586
74DA38ED06E0,2026-08-05,10:33:17,30.25,100.0,13.0,23.601,121.521
74DA38F7C5E6,2026-08-05,10:33:18,33.61,100.0,11.0,25.107,121.843
74DA38F20934,2026-08-05,10:33:27,30.25,77.0,7.0,23.002,121.29
74DA38F20BF6,2026-08-05,10:33:27,29.0,100.0,12.0,22.582,120.368
74DA38F7C54E,2026-08-05,10:33:39,29.86,100.0,0.0,25.063,121.661
74DA38F7C430,2026-08-05,10:33:48,32.61,81.0,0.0,24.981,121.423
74DA38F208E2,2026-08-05,10:33:52,30.11,100.0,24.0,24.688,121.766
74DA38F20D16,2026-08-05,10:34:03,31.5,100.0,20.0,25.062,121.526
74DA38F7C63C,2026-08-05,10:34:03,-4.0,0.0,12.0,24.998,121.425
74DA38F7C3B2,2026-08-05,10:34:05,32.25,66.0,8.0,24.929,121.378
74DA38F7C59C,2026-08-05,10:34:06,31.36,78.0,30.0,25.103,121.487
74DA38F21088,2026-08-05,10:34:12,31.61,100.0,0.0,25.068,121.588
74DA38F7C464,2026-08-05,10:34:14,27.75,30.0,0.0,25.006,121.413
74DA38F7C47E,2026-08-05,10:34:19,31.36,100.0,18.0,25.053963,121.427681
74DA38F21054,2026-08-05,10:34:22,29.75,73.0,10.0,22.898,120.627
74DA38F7C30C,2026-08-05,10:34:32,31.0,99.0,0.0,24.975,121.532
74DA38F7C27E,2026-08-05,10:34:33,31.11,100.0,14.0,25.053,121.444
74DA38F2105C,2026-08-05,10:34:35,30.75,100.0,0.0,25.088,121.599
74DA38F21048,2026-08-05,10:34:37,29.75,100.0,18.0,22.595,120.341
74DA38F7C338,2026-08-05,10:34:37,30.86,100.0,16.0,25.011,121.458
74DA38F7C47C,2026-08-05,10:34:37,31.75,98.0,70.0,25.055,121.455
74DA38F7C560,2026-08-05,10:34:38,30.86,-63.0,0.0,25.079,121.671
74DA38F7C3DC,2026-08-05,10:34:39,30.5,100.0,26.0,25.003,121.539
74DA38F20862,2026-08-05,10:34:41,29.36,100.0,5.0,23.101,121.176
74DA38F20B26,2026-08-05,10:34:45,30.11,100.0,11.0,22.783,120.247
74DA38ED059C,2026-08-05,10:34:49,31.25,89.0,9.0,23.706,121.412
74DA38F20C26,2026-08-05,10:34:59,32.86,79.0,12.0,22.676,120.342
74DA38F7C5BE,2026-08-05,10:35:06,30.5,89.0,20.0,25.092,121.523
74DA38F7C3DE,2026-08-05,10:35:08,32.86,100.0,253.0,24.972,121.537
74DA38F20D6C,2026-08-05,10:35:10,30.5,91.0,0.0,22.661,120.301
74DA38F20D2E,2026-08-05,10:35:12,30.75,100.0,0.0,25.06,121.545
74DA38F21024,2026-08-05,10:35:12,29.75,100.0,0.0,24.93,121.036
74DA38F7C366,2026-08-05,10:35:21,30.5,100.0,8.0,25.002,121.516
74DA38F7C532,2026-08-05,10:35:21,30.5,99.0,17.0,25.059,121.499
74DA38F20B12,2026-08-05,10:35:22,28.5,70.0,8.0,22.91,120.716
74DA38F2113E,2026-08-05,10:35:30,-4.0,0.0,0.0,22.728,120.313
74DA38F20F1C,2026-08-05,10:35:32,30.0,100.0,30.0,25.062,121.451
74DA38F7C13A,2026-08-05,10:35:37,23.62,2.0,10.0,25.069,121.359
74DA38F20B80,2026-08-05,10:35:38,30.25,100.0,0.0,22.599,120.35
74DA38F20D70,2026-08-05,10:35:42,30.5,95.0,0.0,23.05,121.164
74DA38F20EB2,2026-08-05,10:35:50,25.62,100.0,23.0,24.324,120.835
74DA38F210A2,2026-08-05,10:35:52,31.25,100.0,4.0,25.12,121.466
74DA38F7C4CC,2026-08-05,10:35:52,31.25,100.0,15.0,25.062,121.451
74DA38F7C41E,2026-08-05,10:35:56,30.61,82.0,0.0,25.054,121.517
74DA38F7C53C,2026-08-05,10:36:07,30.11,100.0,0.0,25.11,121.804
74DA38F20C06,2026-08-05,10:36:08,31.75,66.0,16.0,24.874,121.02
74DA38ED05B6,2026-08-05,10:36:09,30.11,100.0,10.0,23.43,121.348
74DA38F209EE,2026-08-05,10:36:13,29.86,100.0,0.0,23.026,121.33
74DA38F20E9E,2026-08-05,10:36:20,27.87,100.0,22.0,24.648,121.151
74DA38F20E6E,2026-08-05,10:36:21,28.0,100.0,0.0,24.41,120.902
74DA38F20A78,2026-08-05,10:36:23,31.25,100.0,1.0,22.904,121.124
74DA38F209A8,2026-08-05,10:36:29,-4.0,0.0,0.0,22.401,120.577
74DA38F7C592,2026-08-05,10:36:40,-4.0,0.0,0.0,25.224,121.637
74DA38F209DE,2026-08-05,10:36:42,30.75,100.0,0.0,24.861,120.964
74DA38F7C39A,2026-08-05,10:36:44,31.25,100.0,0.0,25.002,121.414
74DA38F20D1A,2026-08-05,10:36:52,30.25,94.0,67.0,25.078,121.541
74DA38F207DE,2026-08-05,10:37:00,30.86,100.0,15.0,22.603,120.34
74DA38ED05EA,2026-08-05,10:37:03,31.25,100.0,8.0,23.394,121.357
74DA38ED0640,2026-08-05,10:37:04,28.86,100.0,5.0,23.154,121.266
74DA38F20DE0,2026-08-05,10:37:04,29.86,100.0,0.0,22.589,120.328
74DA38F20A30,2026-08-05,10:37:06,31.0,86.0,5.0,24.948,121.372
74DA38F20B5C,2026-08-05,10:37:12,30.61,100.0,14.0,22.798,120.293
74DA38ED0454,2026-08-05,10:37:17,31.36,100.0,18.0,24.053,121.599
74DA38F7C310,2026-08-05,10:37:18,32.0,100.0,10.0,25.09,121.464
74DA38F2104E,2026-08-05,10:37:19,27.87,100.0,12.0,23.108,120.7
74DA38F21170,2026-08-05,10:37:25,31.86,68.0,3.0,22.779,121.088
74DA38F7C480,2026-08-05,10:37:25,30.25,100.0,2.0,25.061,121.432
74DA38ED0630,2026-08-05,10:37:32,30.75,100.0,0.0,23.994,121.594
74DA38F7C514,2026-08-05,10:37:46,31.0,100.0,17.0,25.051,121.518
74DA38F21136,2026-08-05,10:37:49,31.75,98.0,10.0,25.119,121.505
74DA38F7C5CE,2026-08-05,10:37:50,30.25,87.0,0.0,25.066,121.656
74DA38F7C506,2026-08-05,10:37:53,32.0,100.0,0.0,24.996,121.544
74DA38F21204,2026-08-05,10:37:58,30.11,100.0,3.0,25.062,121.451
74DA38F7C260,2026-08-05,10:38:08,32.36,100.0,0.0,25.065,121.425
74DA38F20D1E,2026-08-05,10:38:25,31.0,100.0,23.0,25.048,121.573
74DA38F7C4DE,2026-08-05,10:38:30,30.5,100.0,0.0,25.09,121.462
74DA38F7C5A0,2026-08-05,10:38:33,31.25,95.0,0.0,25.107,121.518
74DA38ED04F2,2026-08-05,10:38:42,28.75,100.0,7.0,23.468,121.496
74DA38F20F0A,2026-08-05,10:38:49,28.36,100.0,6.0,22.995,120.635
74DA38F7C616,2026-08-05,10:38:59,32.25,100.0,0.0,25.031,121.563
74DA38F7C610,2026-08-05,10:39:04,30.75,94.0,19.0,25.063,121.564
74DA38F7C600,2026-08-05,10:39:16,23.5,47.0,9.0,25.07,121.586
74DA38ED06E0,2026-08-05,10:39:23,30.11,100.0,16.0,23.601,121.521
74DA38F7C42E,2026-08-05,10:39:30,31.0,100.0,0.0,24.969,121.514
74DA38F20934,2026-08-05,10:39:32,30.25,77.0,6.0,23.002,121.29
74DA38F209B2,2026-08-05,10:39:32,30.0,100.0,0.0,22.363,120.599
74DA38F20BF6,2026-08-05,10:39:32,29.11,100.0,12.0,22.582,120.368
74DA38F7C5E6,2026-08-05,10:39:32,33.36,100.0,8.0,25.107,121.843
74DA38F20B88,2026-08-05,10:39:33,28.61,100.0,0.0,22.75,120.316
74DA38F7C3D6,2026-08-05,10:39:33,31.5,100.0,0.0,25.045,121.541
74DA38F208E2,2026-08-05,10:39:58,30.11,100.0,24.0,24.688,121.766
74DA38F7C54E,2026-08-05,10:40:06,29.61,100.0,0.0,25.063,121.661
74DA38F20D16,2026-08-05,10:40:09,31.5,100.0,21.0,25.062,121.526
74DA38F7C3B2,2026-08-05,10:40:11,32.25,66.0,8.0,24.929,121.378
74DA38F7C430,2026-08-05,10:40:16,32.5,82.0,0.0,24.981,121.423
74DA38F7C47E,2026-08-05,10:40:25,31.25,100.0,19.0,25.053963,121.427681
74DA38F7C47C,2026-08-05,10:40:27,31.75,99.0,63.0,25.055,121.455
74DA38F21054,2026-08-05,10:40:28,29.75,73.0,10.0,22.898,120.627
74DA38F7C59C,2026-08-05,10:40:35,31.25,79.0,32.0,25.103,121.487
74DA38F7C27E,2026-08-05,10:40:39,31.11,100.0,15.0,25.053,121.444
74DA38F21088,2026-08-05,10:40:40,31.5,100.0,0.0,25.068,121.588
74DA38F7C464,2026-08-05,10:40:41,27.62,30.0,0.0,25.006,121.413
74DA38F7C338,2026-08-05,10:40:44,30.86,100.0,16.0,25.011,121.458
74DA38F7C30C,2026-08-05,10:40:45,30.75,99.0,0.0,24.975,121.532
74DA38F7C3DC,2026-08-05,10:40:47,30.36,100.0,25.0,25.003,121.539
74DA38F20862,2026-08-05,10:40:48,29.36,100.0,5.0,23.101,121.176
74DA38F20B26,2026-08-05,10:40:53,30.25,100.0,13.0,22.783,120.247
74DA38F2105C,2026-08-05,10:41:02,30.75,100.0,0.0,25.088,121.599
74DA38ED059C,2026-08-05,10:41:04,31.0,90.0,9.0,23.706,121.412
74DA38F20C26,2026-08-05,10:41:06,32.86,79.0,11.0,22.676,120.342
74DA38F21048,2026-08-05,10:41:06,29.75,100.0,17.0,22.595,120.341
74DA38F7C3DE,2026-08-05,10:41:06,32.75,100.0,253.0,24.972,121.537
74DA38F7C560,2026-08-05,10:41:06,30.86,-63.0,0.0,25.079,121.671
74DA38F7C5BE,2026-08-05,10:41:12,30.36,90.0,20.0,25.092,121.523
74DA38F7C366,2026-08-05,10:41:27,30.36,100.0,8.0,25.002,121.516
74DA38F20B12,2026-08-05,10:41:28,28.5,70.0,8.0,22.91,120.716
74DA38F7C532,2026-08-05,10:41:29,30.5,99.0,19.0,25.059,121.499
74DA38F7C3BA,2026-08-05,10:41:37,-4.0,0.0,87.0,25.174,121.441
74DA38F20F1C,2026-08-05,10:41:39,30.0,100.0,22.0,25.062,121.451
74DA38F21024,2026-08-05,10:41:40,29.61,100.0,0.0,24.93,121.036
74DA38F20D2E,2026-08-05,10:41:43,30.75,100.0,1.0,25.06,121.545
74DA38F20D70,2026-08-05,10:41:47,30.36,95.0,0.0,23.05,121.164
74DA38F210A2,2026-08-05,10:41:57,31.11,100.0,4.0,25.12,121.466
74DA38F7C4CC,2026-08-05,10:41:59,31.11,100.0,16.0,25.062,121.451
74DA38F20EB2,2026-08-05,10:42:01,25.62,100.0,28.0,24.324,120.835
74DA38F20B80,2026-08-05,10:42:04,30.25,100.0,0.0,22.599,120.35
74DA38F20D6C,2026-08-05,10:42:05,30.36,91.0,0.0,22.661,120.301
74DA38F7C13A,2026-08-05,10:42:11,23.5,1.0,11.0,25.069,121.359
74DA38F7C570,2026-08-05,10:42:12,-4.0,0.0,0.0,25.239,121.63
74DA38F20C06,2026-08-05,10:42:13,31.75,67.0,17.0,24.874,121.02
74DA38ED05B6,2026-08-05,10:42:16,30.0,100.0,11.0,23.43,121.348
74DA38F209EE,2026-08-05,10:42:18,29.75,100.0,0.0,23.026,121.33
74DA38F20E6E,2026-08-05,10:42:24,28.0,100.0,0.0,24.41,120.902
74DA38F20E9E,2026-08-05,10:42:29,27.87,100.0,21.0,24.648,121.151
74DA38F20A78,2026-08-05,10:42:30,31.11,100.0,1.0,22.904,121.124
74DA38F20B82,2026-08-05,10:42:30,-4.0,0.0,0.0,22.847,120.465
74DA38F20FA4,2026-08-05,10:42:32,30.75,100.0,13.0,22.63,120.42
74DA38F7C41E,2026-08-05,10:42:34,30.5,82.0,0.0,25.054,121.517
74DA38F7C53C,2026-08-05,10:42:34,30.25,100.0,0.0,25.11,121.804
74DA38F2113E,2026-08-05,10:42:44,-4.0,0.0,0.0,22.728,120.313
74DA38F207DE,2026-08-05,10:43:06,30.86,100.0,16.0,22.603,120.34
74DA38ED05EA,2026-08-05,10:43:08,31.25,100.0,7.0,23.394,121.357
74DA38F209DE,2026-08-05,10:43:08,30.75,100.0,0.0,24.861,120.964
74DA38ED0640,2026-08-05,10:43:11,28.86,100.0,5.0,23.154,121.266
74DA38F7C39A,2026-08-05,10:43:12,31.25,100.0,0.0,25.002,121.414
74DA38ED0454,2026-08-05,10:43:22,31.36,100.0,18.0,24.053,121.599
74DA38F7C310,2026-08-05,10:43:22,31.75,100.0,10.0,25.09,121.464
74DA38F20D1A,2026-08-05,10:43:23,30.36,94.0,48.0,25.078,121.541
74DA38F20B5C,2026-08-05,10:43:24,30.5,100.0,14.0,22.798,120.293
74DA38F2104E,2026-08-05,10:43:24,28.0,100.0,12.0,23.108,120.7
74DA38F20DE0,2026-08-05,10:43:32,29.86,100.0,0.0,22.589,120.328
74DA38F21170,2026-08-05,10:43:33,31.61,69.0,6.0,22.779,121.088
74DA38F7C63C,2026-08-05,10:43:35,-4.0,0.0,11.0,24.998,121.425
74DA38F20A30,2026-08-05,10:43:36,30.86,87.0,2.0,24.948,121.372
74DA38F7C480,2026-08-05,10:43:52,30.25,100.0,1.0,25.061,121.432
74DA38F7C5AA,2026-08-05,10:43:53,30.25,100.0,3.0,25.0,121.479
74DA38ED0630,2026-08-05,10:44:00,30.75,100.0,0.0,23.994,121.594
74DA38F21204,2026-08-05,10:44:07,30.11,100.0,3.0,25.062,121.451
74DA38F7C5CE,2026-08-05,10:44:18,30.11,87.0,0.0,25.066,121.656
74DA38F7C506,2026-08-05,10:44:23,31.86,100.0,0.0,24.996,121.544
74DA38ED04F2,2026-08-05,10:44:49,28.61,100.0,7.0,23.468,121.496
74DA38F7C260,2026-08-05,10:44:49,32.25,100.0,0.0,25.065,121.425
74DA38F20F0A,2026-08-05,10:44:55,28.25,100.0,7.0,22.995,120.635
74DA38F7C5A0,2026-08-05,10:45:01,31.25,96.0,0.0,25.107,121.518
74DA38F7C616,2026-08-05,10:45:06,32.11,100.0,0.0,25.031,121.563
74DA38F7C610,2026-08-05,10:45:10,30.75,95.0,18.0,25.063,121.564
74DA38F7C600,2026-08-05,10:45:21,23.37,47.0,9.0,25.07,121.586
74DA38F20BF6,2026-08-05,10:45:37,29.25,100.0,13.0,22.582,120.368
74DA38F7C5E6,2026-08-05,10:45:38,33.11,100.0,8.0,25.107,121.843
74DA38F20934,2026-08-05,10:45:42,30.25,77.0,7.0,23.002,121.29
74DA38F7C42E,2026-08-05,10:45:58,30.75,100.0,0.0,24.969,121.514
74DA38F209B2,2026-08-05,10:45:59,30.0,100.0,0.0,22.363,120.599
74DA38F7C3D6,2026-08-05,10:46:00,31.5,100.0,0.0,25.045,121.541
74DA38F208E2,2026-08-05,10:46:03,30.0,100.0,22.0,24.688,121.766
74DA38F20B88,2026-08-05,10:46:03,28.75,100.0,0.0,22.75,120.316
74DA38F209A8,2026-08-05,10:46:09,-4.0,0.0,0.0,22.401,120.577
74DA38F7C47C,2026-08-05,10:46:14,31.61,99.0,59.0,25.055,121.455
74DA38F7C3B2,2026-08-05,10:46:16,32.25,66.0,9.0,24.929,121.378
74DA38F20D16,2026-08-05,10:46:17,31.5,100.0,21.0,25.062,121.526
74DA38F7C592,2026-08-05,10:46:18,-4.0,0.0,0.0,25.224,121.637
74DA38F7C47E,2026-08-05,10:46:31,31.25,100.0,20.0,25.053963,121.427681
74DA38F7C54E,2026-08-05,10:46:32,29.61,100.0,0.0,25.063,121.661
74DA38F21054,2026-08-05,10:46:33,29.75,73.0,10.0,22.898,120.627
74DA38F7C430,2026-08-05,10:46:42,32.5,82.0,0.0,24.981,121.423
74DA38F7C27E,2026-08-05,10:46:45,31.11,100.0,16.0,25.053,121.444
74DA38F7C338,2026-08-05,10:46:53,30.86,100.0,17.0,25.011,121.458
74DA38F20862,2026-08-05,10:46:54,29.0,100.0,5.0,23.101,121.176
74DA38F7C3DC,2026-08-05,10:46:55,30.5,100.0,25.0,25.003,121.539
74DA38F20B26,2026-08-05,10:46:58,30.25,100.0,11.0,22.783,120.247
74DA38F7C3DE,2026-08-05,10:47:04,32.61,100.0,275.0,24.972,121.537
74DA38F7C59C,2026-08-05,10:47:04,31.11,79.0,32.0,25.103,121.487
74DA38F7C30C,2026-08-05,10:47:07,30.75,99.0,0.0,24.975,121.532
74DA38F21088,2026-08-05,10:47:08,31.5,100.0,0.0,25.068,121.588
74DA38F7C464,2026-08-05,10:47:09,27.62,30.0,0.0,25.006,121.413
74DA38F20C26,2026-08-05,10:47:12,32.75,80.0,12.0,22.676,120.342
74DA38ED059C,2026-08-05,10:47:14,31.0,91.0,9.0,23.706,121.412
74DA38F7C5BE,2026-08-05,10:47:19,30.36,90.0,21.0,25.092,121.523
74DA38F2105C,2026-08-05,10:47:29,30.75,100.0,0.0,25.088,121.599
74DA38F7C366,2026-08-05,10:47:33,30.25,100.0,9.0,25.002,121.516
74DA38F7C560,2026-08-05,10:47:34,30.75,-63.0,0.0,25.079,121.671
74DA38F20B12,2026-08-05,10:47:35,28.5,70.0,8.0,22.91,120.716
74DA38F21048,2026-08-05,10:47:36,29.75,100.0,18.0,22.595,120.341
74DA38F7C532,2026-08-05,10:47:36,30.5,98.0,19.0,25.059,121.499
74DA38F20F1C,2026-08-05,10:47:44,30.0,100.0,14.0,25.062,121.451
74DA38F20D70,2026-08-05,10:47:54,30.36,94.0,0.0,23.05,121.164
74DA38F210A2,2026-08-05,10:48:03,31.0,100.0,4.0,25.12,121.466
74DA38F21024,2026-08-05,10:48:05,29.61,100.0,0.0,24.93,121.036
74DA38F7C4CC,2026-08-05,10:48:05,31.11,100.0,15.0,25.062,121.451
74DA38F20D2E,2026-08-05,10:48:12,30.61,100.0,1.0,25.06,121.545
74DA38F20EB2,2026-08-05,10:48:13,25.62,100.0,33.0,24.324,120.835
74DA38F20C06,2026-08-05,10:48:21,31.75,67.0,16.0,24.874,121.02
74DA38ED05B6,2026-08-05,10:48:22,30.0,100.0,10.0,23.43,121.348
74DA38F209EE,2026-08-05,10:48:23,29.86,100.0,0.0,23.026,121.33
74DA38F20E6E,2026-08-05,10:48:27,28.0,100.0,0.0,24.41,120.902
74DA38F20B80,2026-08-05,10:48:30,30.25,100.0,0.0,22.599,120.35
74DA38F20A78,2026-08-05,10:48:35,31.11,100.0,2.0,22.904,121.124
74DA38F20E9E,2026-08-05,10:48:37,27.87,100.0,20.0,24.648,121.151
74DA38F7C13A,2026-08-05,10:48:44,23.5,0.0,13.0,25.069,121.359
74DA38F20FA4,2026-08-05,10:48:45,30.75,100.0,13.0,22.63,120.42
74DA38F7C53C,2026-08-05,10:49:01,30.11,100.0,0.0,25.11,121.804
74DA38F207DE,2026-08-05,10:49:11,30.86,100.0,15.0,22.603,120.34
74DA38ED05EA,2026-08-05,10:49:13,31.11,100.0,8.0,23.394,121.357
74DA38ED0640,2026-08-05,10:49:22,29.0,100.0,11.0,23.154,121.266
74DA38F7C41E,2026-08-05,10:49:23,30.5,83.0,0.0,25.054,121.517
74DA38F7C310,2026-08-05,10:49:27,31.61,100.0,10.0,25.09,121.464
74DA38ED0454,2026-08-05,10:49:28,31.36,100.0,18.0,24.053,121.599
74DA38F2104E,2026-08-05,10:49:29,27.87,100.0,12.0,23.108,120.7
74DA38F20B5C,2026-08-05,10:49:32,30.5,100.0,14.0,22.798,120.293
74DA38F7C566,2026-08-05,10:49:33,33.25,100.0,0.0,25.051,121.448
74DA38F209DE,2026-08-05,10:49:36,30.86,100.0,0.0,24.861,120.964
74DA38F7C39A,2026-08-05,10:49:39,31.25,100.0,0.0,25.002,121.414
74DA38F21170,2026-08-05,10:49:40,31.36,71.0,9.0,22.779,121.088
74DA38F20D1A,2026-08-05,10:49:54,30.36,95.0,60.0,25.078,121.541
74DA38F20DE0,2026-08-05,10:49:59,30.0,100.0,0.0,22.589,120.328
74DA38F2113E,2026-08-05,10:50:00,-4.0,0.0,0.0,22.728,120.313
74DA38F20A30,2026-08-05,10:50:04,30.86,88.0,5.0,24.948,121.372
74DA38F21204,2026-08-05,10:50:16,30.0,100.0,6.0,25.062,121.451
74DA38F7C3BA,2026-08-05,10:50:19,-4.0,0.0,88.0,25.174,121.441
74DA38F7C480,2026-08-05,10:50:20,30.25,100.0,0.0,25.061,121.432
74DA38ED0630,2026-08-05,10:50:32,30.75,100.0,0.0,23.994,121.594
74DA38F7C514,2026-08-05,10:50:33,31.11,100.0,18.0,25.051,121.518
74DA38F7C5CE,2026-08-05,10:50:45,30.11,87.0,0.0,25.066,121.656
74DA38F7C506,2026-08-05,10:50:49,31.86,100.0,0.0,24.996,121.544
74DA38ED04F2,2026-08-05,10:50:56,28.61,100.0,8.0,23.468,121.496
74DA38F20F0A,2026-08-05,10:51:02,28.36,100.0,7.0,22.995,120.635
74DA38F7C610,2026-08-05,10:51:16,30.75,95.0,18.0,25.063,121.564
74DA38F7C260,2026-08-05,10:51:17,32.11,100.0,0.0,25.065,121.425
74DA38F7C616,2026-08-05,10:51:20,31.86,100.0,0.0,25.031,121.563
74DA38F7C600,2026-08-05,10:51:27,23.5,47.0,9.0,25.07,121.586
74DA38F7C5A0,2026-08-05,10:51:28,31.11,96.0,0.0,25.107,121.518
74DA38F20BF6,2026-08-05,10:51:42,29.25,100.0,14.0,22.582,120.368
74DA38F7C5E6,2026-08-05,10:51:44,33.0,100.0,8.0,25.107,121.843
74DA38F20D6C,2026-08-05,10:51:50,30.36,91.0,0.0,22.661,120.301
74DA38ED06E0,2026-08-05,10:51:51,30.25,100.0,14.0,23.601,121.521
74DA38F7C570,2026-08-05,10:51:51,-4.0,0.0,0.0,25.239,121.63
74DA38F7C47C,2026-08-05,10:51:56,31.5,99.0,46.0,25.055,121.455
74DA38F20934,2026-08-05,10:51:58,30.11,77.0,6.0,23.002,121.29
74DA38F20B82,2026-08-05,10:52:02,-4.0,0.0,0.0,22.847,120.465
74DA38F208E2,2026-08-05,10:52:08,30.0,100.0,25.0,24.688,121.766
74DA38F20D16,2026-08-05,10:52:22,31.36,100.0,23.0,25.062,121.526
74DA38F7C3B2,2026-08-05,10:52:22,32.25,66.0,8.0,24.929,121.378
74DA38F7C42E,2026-08-05,10:52:24,30.61,100.0,0.0,24.969,121.514
74DA38F209B2,2026-08-05,10:52:25,30.0,100.0,0.0,22.363,120.599
74DA38F7C3D6,2026-08-05,10:52:27,31.5,100.0,0.0,25.045,121.541
74DA38F21054,2026-08-05,10:52:38,29.75,73.0,10.0,22.898,120.627
74DA38F7C47E,2026-08-05,10:52:39,31.25,100.0,23.0,25.053963,121.427681
74DA38F20B88,2026-08-05,10:52:47,28.61,100.0,0.0,22.75,120.316
74DA38F7C27E,2026-08-05,10:52:50,31.11,100.0,17.0,25.053,121.444
74DA38F20862,2026-08-05,10:53:00,29.0,100.0,5.0,23.101,121.176
74DA38F7C338,2026-08-05,10:53:01,30.86,100.0,17.0,25.011,121.458
74DA38F7C3DE,2026-08-05,10:53:01,32.61,100.0,260.0,24.972,121.537
74DA38F7C54E,2026-08-05,10:53:01,29.5,100.0,0.0,25.063,121.661
74DA38F7C3DC,2026-08-05,10:53:02,30.5,100.0,26.0,25.003,121.539
74DA38F20B26,2026-08-05,10:53:04,30.36,100.0,13.0,22.783,120.247
74DA38F7C63C,2026-08-05,10:53:08,-4.0,0.0,12.0,24.998,121.425
74DA38F7C430,2026-08-05,10:53:10,32.5,82.0,0.0,24.981,121.423
74DA38F20C26,2026-08-05,10:53:18,32.61,81.0,11.0,22.676,120.342
74DA38F7C30C,2026-08-05,10:53:26,30.75,99.0,0.0,24.975,121.532
74DA38F7C5BE,2026-08-05,10:53:26,30.5,90.0,21.0,25.092,121.523
74DA38F7C59C,2026-08-05,10:53:34,31.0,79.0,36.0,25.103,121.487
74DA38F21088,2026-08-05,10:53:36,31.5,100.0,0.0,25.068,121.588
74DA38F7C464,2026-08-05,10:53:36,27.62,30.0,0.0,25.006,121.413
74DA38F7C366,2026-08-05,10:53:38,30.25,100.0,8.0,25.002,121.516
74DA38ED059C,2026-08-05,10:53:41,30.86,92.0,9.0,23.706,121.412
74DA38F20B12,2026-08-05,10:53:41,28.5,71.0,8.0,22.91,120.716
74DA38F7C532,2026-08-05,10:53:41,30.5,100.0,19.0,25.059,121.499
74DA38F20F1C,2026-08-05,10:53:50,30.0,100.0,14.0,25.062,121.451
74DA38F2105C,2026-08-05,10:53:56,30.61,100.0,0.0,25.088,121.599
74DA38F20D70,2026-08-05,10:54:00,30.5,93.0,0.0,23.05,121.164
74DA38F7C560,2026-08-05,10:54:01,30.61,-63.0,0.0,25.079,121.671
74DA38F21048,2026-08-05,10:54:04,29.75,100.0,18.0,22.595,120.341
74DA38F210A2,2026-08-05,10:54:07,31.11,100.0,4.0,25.12,121.466
74DA38F7C4CC,2026-08-05,10:54:11,31.11,100.0,16.0,25.062,121.451
74DA38F20EB2,2026-08-05,10:54:27,25.5,100.0,30.0,24.324,120.835
74DA38ED05B6,2026-08-05,10:54:28,29.86,100.0,11.0,23.43,121.348
74DA38F209EE,2026-08-05,10:54:28,29.86,100.0,0.0,23.026,121.33
74DA38F20C06,2026-08-05,10:54:28,31.75,67.0,16.0,24.874,121.02
74DA38F20E6E,2026-08-05,10:54:31,27.87,100.0,0.0,24.41,120.902
74DA38F21024,2026-08-05,10:54:33,29.5,100.0,0.0,24.93,121.036
74DA38F20D2E,2026-08-05,10:54:39,30.61,100.0,0.0,25.06,121.545
74DA38F20A78,2026-08-05,10:54:41,31.11,100.0,2.0,22.904,121.124
74DA38F20E9E,2026-08-05,10:54:43,27.87,100.0,18.0,24.648,121.151
74DA38F20FA4,2026-08-05,10:54:56,30.61,100.0,14.0,22.63,120.42
74DA38F20B80,2026-08-05,10:54:58,30.11,100.0,0.0,22.599,120.35
74DA38F207DE,2026-08-05,10:55:17,30.86,100.0,15.0,22.603,120.34
74DA38ED05EA,2026-08-05,10:55:19,31.11,100.0,8.0,23.394,121.357
74DA38F7C53C,2026-08-05,10:55:27,30.11,100.0,0.0,25.11,121.804
74DA38ED0640,2026-08-05,10:55:32,28.75,100.0,10.0,23.154,121.266
74DA38F7C310,2026-08-05,10:55:32,31.36,100.0,10.0,25.09,121.464
74DA38ED0454,2026-08-05,10:55:36,31.36,100.0,18.0,24.053,121.599
74DA38F20B5C,2026-08-05,10:55:46,30.5,100.0,16.0,22.798,120.293
74DA38F21170,2026-08-05,10:55:46,31.36,70.0,9.0,22.779,121.088
74DA38F209A8,2026-08-05,10:55:48,-4.0,0.0,0.0,22.401,120.577
74DA38F7C592,2026-08-05,10:55:57,-4.0,0.0,0.0,25.224,121.637
74DA38F7C41E,2026-08-05,10:56:02,30.5,83.0,0.0,25.054,121.517
74DA38F209DE,2026-08-05,10:56:04,30.86,100.0,0.0,24.861,120.964
74DA38F7C39A,2026-08-05,10:56:07,31.25,100.0,0.0,25.002,121.414
74DA38F20D1A,2026-08-05,10:56:23,30.36,95.0,46.0,25.078,121.541
74DA38F20DE0,2026-08-05,10:56:26,29.61,100.0,0.0,22.589,120.328
74DA38F21204,2026-08-05,10:56:30,29.86,100.0,4.0,25.062,121.451
74DA38F20A30,2026-08-05,10:56:33,30.86,87.0,7.0,24.948,121.372
74DA38F21136,2026-08-05,10:56:37,31.5,100.0,11.0,25.119,121.505
74DA38F7C514,2026-08-05,10:56:42,31.0,100.0,19.0,25.051,121.518
74DA38F7C480,2026-08-05,10:56:47,30.36,100.0,0.0,25.061,121.432
74DA38ED0630,2026-08-05,10:57:02,30.75,100.0,0.0,23.994,121.594
74DA38ED04F2,2026-08-05,10:57:03,28.5,100.0,8.0,23.468,121.496
74DA38F20F0A,2026-08-05,10:57:08,28.36,100.0,8.0,22.995,120.635
74DA38F20D1E,2026-08-05,10:57:09,30.75,100.0,22.0,25.048,121.573
74DA38F7C5CE,2026-08-05,10:57:11,30.25,88.0,0.0,25.066,121.656
74DA38F2113E,2026-08-05,10:57:15,-4.0,0.0,0.0,22.728,120.313
74DA38F7C506,2026-08-05,10:57:20,31.75,100.0,0.0,24.996,121.544
74DA38F7C610,2026-08-05,10:57:22,30.75,96.0,18.0,25.063,121.564
74DA38F7C616,2026-08-05,10:57:27,31.75,100.0,0.0,25.031,121.563
74DA38F7C600,2026-08-05,10:57:32,23.5,47.0,10.0,25.07,121.586
74DA38F7C5AA,2026-08-05,10:57:35,30.25,100.0,4.0,25.0,121.479
74DA38F7C47C,2026-08-05,10:57:42,31.5,100.0,49.0,25.055,121.455
74DA38F7C260,2026-08-05,10:57:44,32.0,100.0,0.0,25.065,121.425
74DA38F20BF6,2026-08-05,10:57:48,29.25,100.0,14.0,22.582,120.368
74DA38F7C5E6,2026-08-05,10:57:50,32.75,100.0,8.0,25.107,121.843
74DA38F7C5A0,2026-08-05,10:57:57,31.11,97.0,0.0,25.107,121.518
74DA38ED06E0,2026-08-05,10:57:58,30.25,100.0,13.0,23.601,121.521
74DA38F20934,2026-08-05,10:58:05,30.11,78.0,6.0,23.002,121.29
74DA38F7C4DE,2026-08-05,10:58:11,30.11,100.0,0.0,25.09,121.462
74DA38F208E2,2026-08-05,10:58:16,30.0,100.0,26.0,24.688,121.766
74DA38F20D6C,2026-08-05,10:58:20,30.36,91.0,0.0,22.661,120.301
74DA38F7C3B2,2026-08-05,10:58:27,32.25,66.0,8.0,24.929,121.378
74DA38F20D16,2026-08-05,10:58:29,31.36,100.0,23.0,25.062,121.526
74DA38F7C13A,2026-08-05,10:58:42,23.37,0.0,9.0,25.069,121.359
74DA38F21054,2026-08-05,10:58:44,29.75,73.0,10.0,22.898,120.627
74DA38F7C47E,2026-08-05,10:58:46,31.25,100.0,23.0,25.053963,121.427681
74DA38F209B2,2026-08-05,10:58:52,30.0,100.0,0.0,22.363,120.599
74DA38F7C3D6,2026-08-05,10:58:53,31.5,100.0,0.0,25.045,121.541
74DA38F7C42E,2026-08-05,10:58:54,30.75,100.0,0.0,24.969,121.514
74DA38F7C3DE,2026-08-05,10:58:58,32.5,100.0,262.0,24.972,121.537
74DA38F7C27E,2026-08-05,10:59:00,31.11,100.0,18.0,25.053,121.444
74DA38F7C3BA,2026-08-05,10:59:01,-4.0,0.0,91.0,25.174,121.441
74DA38F20862,2026-08-05,10:59:08,29.11,100.0,6.0,23.101,121.176
74DA38F7C3DC,2026-08-05,10:59:10,30.5,100.0,25.0,25.003,121.539
74DA38F20B26,2026-08-05,10:59:11,30.36,100.0,15.0,22.783,120.247
74DA38F7C338,2026-08-05,10:59:12,30.86,100.0,16.0,25.011,121.458
74DA38F20B88,2026-08-05,10:59:17,28.61,100.0,0.0,22.75,120.316
74DA38F20C26,2026-08-05,10:59:24,32.5,81.0,12.0,22.676,120.342
74DA38F7C54E,2026-08-05,10:59:27,29.36,100.0,0.0,25.063,121.661
74DA38F7C5BE,2026-08-05,10:59:33,30.61,90.0,20.0,25.092,121.523
74DA38F7C430,2026-08-05,10:59:38,32.36,83.0,0.0,24.981,121.423
74DA38F7C366,2026-08-05,10:59:44,30.25,100.0,8.0,25.002,121.516
74DA38F20B12,2026-08-05,10:59:46,28.5,71.0,7.0,22.91,120.716
74DA38F7C532,2026-08-05,10:59:46,30.5,99.0,19.0,25.059,121.499
74DA38F20F1C,2026-08-05,10:59:56,29.86,100.0,13.0,25.062,121.451
74DA38F7C464,2026-08-05,11:00:03,27.5,30.0,0.0,25.006,121.413
74DA38F21088,2026-08-05,11:00:04,31.5,100.0,0.0,25.068,121.588
74DA38F7C59C,2026-08-05,11:00:05,31.0,79.0,34.0,25.103,121.487
74DA38ED059C,2026-08-05,11:00:08,30.61,93.0,10.0,23.706,121.412
74DA38F20D70,2026-08-05,11:00:08,30.61,94.0,0.0,23.05,121.164
74DA38F210A2,2026-08-05,11:00:12,30.86,100.0,4.0,25.12,121.466
74DA38F7C4CC,2026-08-05,11:00:17,31.0,100.0,15.0,25.062,121.451
74DA38F2105C,2026-08-05,11:00:23,30.61,100.0,0.0,25.088,121.599
74DA38F7C560,2026-08-05,11:00:28,30.75,-63.0,0.0,25.079,121.671
74DA38F21048,2026-08-05,11:00:32,29.61,100.0,18.0,22.595,120.341
74DA38F209EE,2026-08-05,11:00:33,29.86,100.0,0.0,23.026,121.33
74DA38F20C06,2026-08-05,11:00:34,31.61,67.0,16.0,24.874,121.02
74DA38F20E6E,2026-08-05,11:00:34,27.75,100.0,0.0,24.41,120.902
74DA38ED05B6,2026-08-05,11:00:35,29.86,100.0,11.0,23.43,121.348
74DA38F20EB2,2026-08-05,11:00:38,25.37,100.0,27.0,24.324,120.835
74DA38F20A78,2026-08-05,11:00:47,31.0,100.0,2.0,22.904,121.124
74DA38F20E9E,2026-08-05,11:00:52,27.75,100.0,18.0,24.648,121.151
74DA38F21024,2026-08-05,11:01:01,29.5,100.0,0.0,24.93,121.036
74DA38F20D2E,2026-08-05,11:01:07,30.61,100.0,0.0,25.06,121.545
74DA38F207DE,2026-08-05,11:01:22,30.86,100.0,16.0,22.603,120.34
74DA38ED05EA,2026-08-05,11:01:24,31.0,100.0,8.0,23.394,121.357
74DA38F20B80,2026-08-05,11:01:26,30.11,100.0,0.0,22.599,120.35
74DA38F7C570,2026-08-05,11:01:30,-4.0,0.0,0.0,25.239,121.63
74DA38F20B82,2026-08-05,11:01:34,-4.0,0.0,0.0,22.847,120.465
74DA38F7C310,2026-08-05,11:01:37,31.25,100.0,11.0,25.09,121.464
74DA38ED0640,2026-08-05,11:01:40,28.5,100.0,9.0,23.154,121.266
74DA38ED0454,2026-08-05,11:01:42,31.36,100.0,18.0,24.053,121.599
74DA38F20B5C,2026-08-05,11:01:52,30.5,100.0,14.0,22.798,120.293
74DA38F21170,2026-08-05,11:01:52,31.25,71.0,8.0,22.779,121.088
74DA38F7C53C,2026-08-05,11:01:55,30.25,100.0,0.0,25.11,121.804
74DA38F209DE,2026-08-05,11:02:30,30.86,100.0,0.0,24.861,120.964
74DA38F7C39A,2026-08-05,11:02:35,31.25,100.0,0.0,25.002,121.414
74DA38F7C41E,2026-08-05,11:02:38,30.5,84.0,0.0,25.054,121.517
74DA38F7C63C,2026-08-05,11:02:40,-4.0,0.0,12.0,24.998,121.425
74DA38F21204,2026-08-05,11:02:41,29.86,100.0,4.0,25.062,121.451
74DA38F7C514,2026-08-05,11:02:50,31.0,100.0,18.0,25.051,121.518
74DA38F20D1A,2026-08-05,11:02:54,30.25,95.0,40.0,25.078,121.541
74DA38F20DE0,2026-08-05,11:02:56,29.86,100.0,0.0,22.589,120.328
74DA38F2104E,2026-08-05,11:02:59,27.75,100.0,12.0,23.108,120.7
74DA38F20A30,2026-08-05,11:03:03,30.86,88.0,8.0,24.948,121.372
74DA38ED04F2,2026-08-05,11:03:09,28.5,100.0,8.0,23.468,121.496
74DA38F20F0A,2026-08-05,11:03:14,28.5,100.0,8.0,22.995,120.635
74DA38F7C480,2026-08-05,11:03:14,30.36,100.0,0.0,25.061,121.432
74DA38F20D1E,2026-08-05,11:03:30,30.61,100.0,22.0,25.048,121.573
74DA38F7C610,2026-08-05,11:03:31,30.75,96.0,19.0,25.063,121.564
74DA38ED0630,2026-08-05,11:03:32,30.75,100.0,0.0,23.994,121.594
74DA38F7C47C,2026-08-05,11:03:32,31.5,100.0,61.0,25.055,121.455
74DA38F7C616,2026-08-05,11:03:36,31.61,100.0,0.0,25.031,121.563
74DA38F7C600,2026-08-05,11:03:38,23.5,47.0,10.0,25.07,121.586
74DA38F7C5CE,2026-08-05,11:03:39,30.25,88.0,0.0,25.066,121.656
74DA38F20BF6,2026-08-05,11:03:53,29.25,100.0,14.0,22.582,120.368
74DA38F7C506,2026-08-05,11:03:53,31.86,100.0,0.0,24.996,121.544
74DA38F7C5E6,2026-08-05,11:03:55,32.61,100.0,8.0,25.107,121.843
74DA38F20934,2026-08-05,11:04:10,30.11,78.0,6.0,23.002,121.29
74DA38F7C260,2026-08-05,11:04:11,31.86,100.0,0.0,25.065,121.425
74DA38F7C5AA,2026-08-05,11:04:16,30.25,100.0,2.0,25.0,121.479
74DA38F208E2,2026-08-05,11:04:23,30.0,100.0,23.0,24.688,121.766
74DA38F7C5A0,2026-08-05,11:04:23,31.11,97.0,0.0,25.107,121.518
74DA38F2113E,2026-08-05,11:04:29,-4.0,0.0,0.0,22.728,120.313
74DA38F7C4DE,2026-08-05,11:04:31,30.11,100.0,0.0,25.09,121.462
74DA38F7C3B2,2026-08-05,11:04:32,32.25,66.0,9.0,24.929,121.378
74DA38F20D16,2026-08-05,11:04:36,31.36,100.0,23.0,25.062,121.526
74DA38F21054,2026-08-05,11:04:49,29.75,73.0,10.0,22.898,120.627
74DA38F20D6C,2026-08-05,11:04:51,30.36,91.0,0.0,22.661,120.301
74DA38F7C47E,2026-08-05,11:04:52,31.5,100.0,24.0,25.053963,121.427681
74DA38F7C3DE,2026-08-05,11:04:56,32.5,100.0,266.0,24.972,121.537
74DA38F7C27E,2026-08-05,11:05:07,31.11,100.0,19.0,25.053,121.444
74DA38F7C13A,2026-08-05,11:05:13,23.37,0.0,7.0,25.069,121.359
74DA38F20862,2026-08-05,11:05:14,29.11,100.0,6.0,23.101,121.176
74DA38F7C3DC,2026-08-05,11:05:17,30.36,100.0,26.0,25.003,121.539
74DA38F209B2,2026-08-05,11:05:19,30.11,100.0,0.0,22.363,120.599
74DA38F7C338,2026-08-05,11:05:19,30.86,100.0,17.0,25.011,121.458
74DA38F7C3D6,2026-08-05,11:05:19,31.36,100.0,0.0,25.045,121.541
74DA38F20B26,2026-08-05,11:05:22,30.11,100.0,16.0,22.783,120.247
74DA38F7C42E,2026-08-05,11:05:25,30.61,100.0,0.0,24.969,121.514
74DA38F209A8,2026-08-05,11:05:28,-4.0,0.0,0.0,22.401,120.577
74DA38F20C26,2026-08-05,11:05:33,32.36,81.0,13.0,22.676,120.342
74DA38F7C592,2026-08-05,11:05:37,-4.0,0.0,0.0,25.224,121.637
74DA38F7C5BE,2026-08-05,11:05:41,30.61,90.0,22.0,25.092,121.523
74DA38F20B88,2026-08-05,11:05:44,28.61,100.0,0.0,22.75,120.316
74DA38F7C366,2026-08-05,11:05:50,30.11,100.0,8.0,25.002,121.516
74DA38F7C532,2026-08-05,11:05:53,30.5,100.0,18.0,25.059,121.499
74DA38F20B12,2026-08-05,11:05:54,28.61,71.0,8.0,22.91,120.716
74DA38F7C54E,2026-08-05,11:05:54,29.25,100.0,0.0,25.063,121.661
74DA38F20F1C,2026-08-05,11:06:03,29.86,100.0,14.0,25.062,121.451
74DA38F7C430,2026-08-05,11:06:05,32.25,83.0,0.0,24.981,121.423
74DA38F20D70,2026-08-05,11:06:13,30.36,95.0,0.0,23.05,121.164
74DA38F210A2,2026-08-05,11:06:17,30.86,100.0,4.0,25.12,121.466
74DA38F7C4CC,2026-08-05,11:06:23,31.0,100.0,16.0,25.062,121.451
74DA38F21088,2026-08-05,11:06:32,31.5,100.0,0.0,25.068,121.588
74DA38F7C464,2026-08-05,11:06:32,27.5,30.0,0.0,25.006,121.413
74DA38F7C59C,2026-08-05,11:06:33,30.86,79.0,34.0,25.103,121.487
74DA38F20E6E,2026-08-05,11:06:37,27.75,100.0,0.0,24.41,120.902
74DA38F209EE,2026-08-05,11:06:38,29.86,100.0,0.0,23.026,121.33
74DA38ED059C,2026-08-05,11:06:40,30.25,95.0,10.0,23.706,121.412
74DA38ED05B6,2026-08-05,11:06:41,29.86,100.0,12.0,23.43,121.348
74DA38F20C06,2026-08-05,11:06:41,31.61,67.0,16.0,24.874,121.02
74DA38F20EB2,2026-08-05,11:06:46,25.37,100.0,26.0,24.324,120.835
74DA38F2105C,2026-08-05,11:06:50,30.61,100.0,0.0,25.088,121.599
74DA38F20A78,2026-08-05,11:06:54,31.0,100.0,2.0,22.904,121.124
74DA38F7C560,2026-08-05,11:06:56,30.75,-63.0,0.0,25.079,121.671
74DA38F20E9E,2026-08-05,11:06:58,27.75,100.0,19.0,24.648,121.151
74DA38F21048,2026-08-05,11:07:00,29.61,100.0,19.0,22.595,120.341
74DA38F21024,2026-08-05,11:07:27,29.5,100.0,0.0,24.93,121.036
74DA38F207DE,2026-08-05,11:07:28,30.75,100.0,16.0,22.603,120.34
74DA38ED05EA,2026-08-05,11:07:30,31.0,100.0,8.0,23.394,121.357
74DA38F20D2E,2026-08-05,11:07:35,30.61,100.0,0.0,25.06,121.545
74DA38F7C310,2026-08-05,11:07:43,31.25,100.0,11.0,25.09,121.464
74DA38F7C3BA,2026-08-05,11:07:43,-4.0,0.0,91.0,25.174,121.441
74DA38ED0454,2026-08-05,11:07:48,31.5,100.0,18.0,24.053,121.599
74DA38ED0640,2026-08-05,11:07:49,28.5,100.0,11.0,23.154,121.266
74DA38F21170,2026-08-05,11:07:58,31.11,72.0,8.0,22.779,121.088
74DA38F20B5C,2026-08-05,11:07:59,30.5,100.0,14.0,22.798,120.293
74DA38F20B80,2026-08-05,11:08:15,30.11,100.0,0.0,22.599,120.35
74DA38F7C53C,2026-08-05,11:08:21,30.11,100.0,0.0,25.11,121.804
74DA38F20FA4,2026-08-05,11:08:30,30.5,100.0,14.0,22.63,120.42
74DA38F21204,2026-08-05,11:08:50,29.86,100.0,3.0,25.062,121.451
74DA38F209DE,2026-08-05,11:08:57,30.86,100.0,0.0,24.861,120.964
74DA38F7C514,2026-08-05,11:08:59,31.0,100.0,18.0,25.051,121.518
74DA38F7C39A,2026-08-05,11:09:03,31.11,100.0,0.0,25.002,121.414
74DA38F2104E,2026-08-05,11:09:05,27.75,100.0,13.0,23.108,120.7
74DA38F7C41E,2026-08-05,11:09:13,30.36,84.0,0.0,25.054,121.517
74DA38F21136,2026-08-05,11:09:15,31.5,100.0,12.0,25.119,121.505
74DA38F20F0A,2026-08-05,11:09:20,28.5,100.0,8.0,22.995,120.635
74DA38F7C47C,2026-08-05,11:09:20,31.25,100.0,47.0,25.055,121.455
74DA38ED04F2,2026-08-05,11:09:21,28.61,100.0,8.0,23.468,121.496
74DA38F20D1A,2026-08-05,11:09:24,30.11,97.0,47.0,25.078,121.541
74DA38F20DE0,2026-08-05,11:09:26,29.86,100.0,1.0,22.589,120.328
74DA38F20A30,2026-08-05,11:09:32,30.75,88.0,10.0,24.948,121.372
74DA38F20D1E,2026-08-05,11:09:36,30.61,100.0,22.0,25.048,121.573
74DA38F7C610,2026-08-05,11:09:39,30.61,97.0,19.0,25.063,121.564
74DA38F7C480,2026-08-05,11:09:42,30.25,100.0,0.0,25.061,121.432
74DA38F7C616,2026-08-05,11:09:42,31.5,100.0,0.0,25.031,121.563
74DA38F7C600,2026-08-05,11:09:43,23.5,47.0,10.0,25.07,121.586
74DA38F20BF6,2026-08-05,11:09:59,29.25,100.0,14.0,22.582,120.368
74DA38F7C5E6,2026-08-05,11:10:01,32.61,100.0,8.0,25.107,121.843
74DA38ED0630,2026-08-05,11:10:02,30.86,100.0,0.0,23.994,121.594
74DA38F7C5CE,2026-08-05,11:10:05,30.25,88.0,0.0,25.066,121.656
74DA38ED06E0,2026-08-05,11:10:22,30.11,100.0,13.0,23.601,121.521
74DA38F7C506,2026-08-05,11:10:28,31.86,100.0,0.0,24.996,121.544
74DA38F208E2,2026-08-05,11:10:30,29.75,100.0,24.0,24.688,121.766
74DA38F7C3B2,2026-08-05,11:10:38,32.25,66.0,9.0,24.929,121.378
74DA38F7C4DE,2026-08-05,11:10:39,30.25,100.0,0.0,25.09,121.462
74DA38F20934,2026-08-05,11:10:40,30.11,78.0,7.0,23.002,121.29
74DA38F20D16,2026-08-05,11:10:43,31.25,100.0,22.0,25.062,121.526
74DA38F7C260,2026-08-05,11:10:43,31.86,100.0,0.0,25.065,121.425
74DA38F7C5A0,2026-08-05,11:10:51,31.0,97.0,0.0,25.107,121.518
74DA38F7C3DE,2026-08-05,11:10:54,32.36,100.0,256.0,24.972,121.537
74DA38F21054,2026-08-05,11:10:56,29.75,72.0,10.0,22.898,120.627
74DA38F7C47E,2026-08-05,11:11:00,31.36,100.0,24.0,25.053963,121.427681
74DA38F7C5AA,2026-08-05,11:11:04,30.0,100.0,5.0,25.0,121.479
74DA38F20B82,2026-08-05,11:11:06,-4.0,0.0,0.0,22.847,120.465
74DA38F7C570,2026-08-05,11:11:09,-4.0,0.0,0.0,25.239,121.63
74DA38F7C27E,2026-08-05,11:11:13,31.0,100.0,18.0,25.053,121.444
74DA38F20862,2026-08-05,11:11:20,28.86,100.0,7.0,23.101,121.176
74DA38F7C3DC,2026-08-05,11:11:25,30.25,100.0,27.0,25.003,121.539
74DA38F7C338,2026-08-05,11:11:36,30.86,100.0,15.0,25.011,121.458
74DA38F20C26,2026-08-05,11:11:39,32.36,81.0,12.0,22.676,120.342
74DA38F20B26,2026-08-05,11:11:41,30.11,100.0,11.0,22.783,120.247
74DA38F7C13A,2026-08-05,11:11:43,23.25,-2.0,5.0,25.069,121.359
74DA38F209B2,2026-08-05,11:11:45,30.25,100.0,0.0,22.363,120.599
74DA38F2113E,2026-08-05,11:11:45,-4.0,0.0,0.0,22.728,120.313
74DA38F7C3D6,2026-08-05,11:11:47,31.25,100.0,0.0,25.045,121.541
74DA38F7C5BE,2026-08-05,11:11:47,30.5,91.0,21.0,25.092,121.523
74DA38F7C366,2026-08-05,11:11:55,30.36,100.0,8.0,25.002,121.516
74DA38F20B12,2026-08-05,11:12:01,28.61,72.0,7.0,22.91,120.716
74DA38F7C42E,2026-08-05,11:12:03,30.75,100.0,0.0,24.969,121.514
74DA38F7C532,2026-08-05,11:12:03,30.5,100.0,18.0,25.059,121.499
74DA38F20F1C,2026-08-05,11:12:09,29.86,100.0,14.0,25.062,121.451
74DA38F20B88,2026-08-05,11:12:12,28.5,100.0,0.0,22.75,120.316
74DA38F7C63C,2026-08-05,11:12:13,-4.0,0.0,12.0,24.998,121.425
74DA38F20D70,2026-08-05,11:12:19,30.36,95.0,0.0,23.05,121.164
74DA38F7C54E,2026-08-05,11:12:20,29.25,100.0,0.0,25.063,121.661
74DA38F210A2,2026-08-05,11:12:22,30.75,100.0,5.0,25.12,121.466
74DA38F7C430,2026-08-05,11:12:33,32.25,83.0,0.0,24.981,121.423
74DA38F7C4CC,2026-08-05,11:12:33,31.0,100.0,17.0,25.062,121.451
74DA38F20E6E,2026-08-05,11:12:38,27.75,100.0,0.0,24.41,120.902
74DA38F209EE,2026-08-05,11:12:42,29.86,100.0,0.0,23.026,121.33
74DA38F20C06,2026-08-05,11:12:47,31.75,67.0,16.0,24.874,121.02
74DA38ED05B6,2026-08-05,11:12:49,29.75,100.0,12.0,23.43,121.348
74DA38F20EB2,2026-08-05,11:12:56,25.37,100.0,26.0,24.324,120.835
74DA38F20A78,2026-08-05,11:12:59,30.86,100.0,2.0,22.904,121.124
74DA38F21088,2026-08-05,11:13:00,31.36,100.0,0.0,25.068,121.588
74DA38F7C464,2026-08-05,11:13:02,27.37,30.0,0.0,25.006,121.413
74DA38F7C59C,2026-08-05,11:13:05,30.75,80.0,34.0,25.103,121.487
74DA38F20E9E,2026-08-05,11:13:06,27.75,100.0,19.0,24.648,121.151
74DA38F2105C,2026-08-05,11:13:17,30.61,100.0,0.0,25.088,121.599
74DA38F7C560,2026-08-05,11:13:24,31.11,-63.0,0.0,25.079,121.671
74DA38F21048,2026-08-05,11:13:27,29.61,100.0,18.0,22.595,120.341
74DA38F207DE,2026-08-05,11:13:34,30.75,100.0,15.0,22.603,120.34
74DA38ED05EA,2026-08-05,11:13:35,30.86,100.0,8.0,23.394,121.357
74DA38F7C310,2026-08-05,11:13:49,31.36,100.0,11.0,25.09,121.464
74DA38ED0454,2026-08-05,11:13:53,31.61,100.0,18.0,24.053,121.599
74DA38F21024,2026-08-05,11:13:54,29.5,100.0,0.0,24.93,121.036
74DA38ED0640,2026-08-05,11:13:58,28.61,100.0,12.0,23.154,121.266
74DA38F20D2E,2026-08-05,11:14:02,30.61,100.0,0.0,25.06,121.545
74DA38F7C30C,2026-08-05,11:14:04,30.86,98.0,0.0,24.975,121.532
74DA38F20B5C,2026-08-05,11:14:06,30.5,100.0,15.0,22.798,120.293
74DA38F21170,2026-08-05,11:14:20,31.11,72.0,9.0,22.779,121.088
74DA38F20B80,2026-08-05,11:14:42,30.11,100.0,0.0,22.599,120.35
74DA38F20FA4,2026-08-05,11:14:42,30.36,100.0,14.0,22.63,120.42
74DA38F7C53C,2026-08-05,11:14:47,30.0,100.0,0.0,25.11,121.804
74DA38F21204,2026-08-05,11:15:06,29.86,100.0,3.0,25.062,121.451
74DA38F7C514,2026-08-05,11:15:06,30.86,100.0,18.0,25.051,121.518
74DA38F209A8,2026-08-05,11:15:07,-4.0,0.0,0.0,22.401,120.577
74DA38F7C47C,2026-08-05,11:15:13,31.36,100.0,66.0,25.055,121.455
74DA38F7C592,2026-08-05,11:15:14,-4.0,0.0,0.0,25.224,121.637
74DA38F21136,2026-08-05,11:15:23,31.25,100.0,12.0,25.119,121.505
74DA38F209DE,2026-08-05,11:15:25,30.5,100.0,0.0,24.861,120.964
74DA38F20F0A,2026-08-05,11:15:26,28.5,100.0,8.0,22.995,120.635
74DA38ED04F2,2026-08-05,11:15:29,28.5,100.0,8.0,23.468,121.496
74DA38F7C39A,2026-08-05,11:15:29,31.0,100.0,0.0,25.002,121.414
74DA38F20D1E,2026-08-05,11:15:44,30.61,100.0,22.0,25.048,121.573
74DA38F7C610,2026-08-05,11:15:46,30.61,97.0,20.0,25.063,121.564
74DA38F7C600,2026-08-05,11:15:48,23.5,47.0,10.0,25.07,121.586
74DA38F20D1A,2026-08-05,11:15:52,30.11,97.0,6.0,25.078,121.541
74DA38F7C41E,2026-08-05,11:15:52,30.36,84.0,0.0,25.054,121.517
74DA38F20DE0,2026-08-05,11:15:55,29.75,100.0,0.0,22.589,120.328
74DA38F7C616,2026-08-05,11:15:57,31.75,100.0,0.0,25.031,121.563
74DA38F20A30,2026-08-05,11:16:01,30.75,88.0,4.0,24.948,121.372
74DA38F20BF6,2026-08-05,11:16:03,29.36,100.0,13.0,22.582,120.368
74DA38F7C5E6,2026-08-05,11:16:07,32.5,100.0,10.0,25.107,121.843
74DA38F7C480,2026-08-05,11:16:09,30.36,100.0,0.0,25.061,121.432
74DA38F7C3BA,2026-08-05,11:16:26,-4.0,0.0,91.0,25.174,121.441
74DA38ED06E0,2026-08-05,11:16:29,30.0,100.0,12.0,23.601,121.521
74DA38ED0630,2026-08-05,11:16:30,30.86,100.0,0.0,23.994,121.594
74DA38F7C5CE,2026-08-05,11:16:32,30.25,89.0,0.0,25.066,121.656
74DA38F208E2,2026-08-05,11:16:35,29.75,100.0,24.0,24.688,121.766
74DA38F7C3B2,2026-08-05,11:16:44,32.25,66.0,9.0,24.929,121.378
74DA38F20934,2026-08-05,11:16:48,30.0,78.0,7.0,23.002,121.29
74DA38F7C4DE,2026-08-05,11:16:49,30.25,100.0,0.0,25.09,121.462
74DA38F7C3DE,2026-08-05,11:16:51,32.25,100.0,260.0,24.972,121.537
74DA38F20D16,2026-08-05,11:16:52,31.25,100.0,22.0,25.062,121.526
74DA38F7C506,2026-08-05,11:16:57,31.86,100.0,0.0,24.996,121.544
74DA38F21054,2026-08-05,11:17:03,29.75,73.0,10.0,22.898,120.627
74DA38F7C47E,2026-08-05,11:17:07,31.25,100.0,24.0,25.053963,121.427681
74DA38F7C260,2026-08-05,11:17:13,31.75,100.0,0.0,25.065,121.425
74DA38F7C5A0,2026-08-05,11:17:19,30.86,98.0,0.0,25.107,121.518
74DA38F7C27E,2026-08-05,11:17:20,30.86,100.0,18.0,25.053,121.444
74DA38F20862,2026-08-05,11:17:26,28.86,100.0,9.0,23.101,121.176
74DA38F7C3DC,2026-08-05,11:17:32,30.0,100.0,25.0,25.003,121.539
74DA38F20C26,2026-08-05,11:17:45,32.5,81.0,15.0,22.676,120.342
74DA38F20B26,2026-08-05,11:17:50,30.11,100.0,15.0,22.783,120.247
74DA38F7C5BE,2026-08-05,11:17:54,30.5,91.0,21.0,25.092,121.523
74DA38F20D6C,2026-08-05,11:17:56,30.25,92.0,0.0,22.661,120.301
74DA38F7C5AA,2026-08-05,11:17:57,29.86,100.0,6.0,25.0,121.479
74DA38F7C366,2026-08-05,11:18:01,30.36,100.0,8.0,25.002,121.516
74DA38F20B12,2026-08-05,11:18:09,28.75,71.0,6.0,22.91,120.716
74DA38F7C532,2026-08-05,11:18:11,30.5,100.0,19.0,25.059,121.499
74DA38F209B2,2026-08-05,11:18:12,30.25,100.0,0.0,22.363,120.599
74DA38F7C3D6,2026-08-05,11:18:13,31.11,100.0,0.0,25.045,121.541
74DA38F20F1C,2026-08-05,11:18:14,29.75,100.0,13.0,25.062,121.451
74DA38F7C13A,2026-08-05,11:18:17,23.12,-3.0,4.0,25.069,121.359
74DA38F20D70,2026-08-05,11:18:26,30.5,94.0,0.0,23.05,121.164
74DA38F210A2,2026-08-05,11:18:29,30.61,100.0,5.0,25.12,121.466
74DA38F7C42E,2026-08-05,11:18:31,30.86,100.0,0.0,24.969,121.514
74DA38F7C4CC,2026-08-05,11:18:39,30.86,100.0,16.0,25.062,121.451
74DA38F20E6E,2026-08-05,11:18:41,27.75,100.0,0.0,24.41,120.902
74DA38F20B88,2026-08-05,11:18:45,28.5,100.0,0.0,22.75,120.316
74DA38F209EE,2026-08-05,11:18:47,29.75,100.0,0.0,23.026,121.33
74DA38F7C54E,2026-08-05,11:18:47,29.11,100.0,0.0,25.063,121.661
74DA38ED05B6,2026-08-05,11:18:54,29.61,100.0,13.0,23.43,121.348
74DA38F20C06,2026-08-05,11:18:55,31.75,67.0,17.0,24.874,121.02
74DA38F2113E,2026-08-05,11:18:59,-4.0,0.0,0.0,22.728,120.313
74DA38F7C430,2026-08-05,11:19:01,32.25,83.0,0.0,24.981,121.423
74DA38F20A78,2026-08-05,11:19:05,30.86,100.0,1.0,22.904,121.124
74DA38F20EB2,2026-08-05,11:19:06,25.37,100.0,25.0,24.324,120.835
74DA38ED059C,2026-08-05,11:19:12,30.11,97.0,10.0,23.706,121.412
74DA38F20E9E,2026-08-05,11:19:15,27.75,100.0,19.0,24.648,121.151
74DA38F21088,2026-08-05,11:19:27,31.36,100.0,0.0,25.068,121.588
74DA38F7C464,2026-08-05,11:19:30,27.25,30.0,1.0,25.006,121.413
74DA38F7C59C,2026-08-05,11:19:37,30.61,80.0,31.0,25.103,121.487
74DA38F207DE,2026-08-05,11:19:39,30.61,100.0,14.0,22.603,120.34
74DA38ED05EA,2026-08-05,11:19:40,30.75,100.0,9.0,23.394,121.357
74DA38F2105C,2026-08-05,11:19:45,30.5,100.0,0.0,25.088,121.599
74DA38F7C560,2026-08-05,11:19:51,31.11,-63.0,0.0,25.079,121.671
74DA38F7C310,2026-08-05,11:19:54,31.36,100.0,11.0,25.09,121.464
74DA38F21048,2026-08-05,11:19:55,29.61,100.0,16.0,22.595,120.341
74DA38ED0454,2026-08-05,11:19:59,31.61,100.0,17.0,24.053,121.599
74DA38ED0640,2026-08-05,11:20:06,28.61,100.0,11.0,23.154,121.266
74DA38F20B5C,2026-08-05,11:20:13,30.36,100.0,17.0,22.798,120.293
74DA38F21024,2026-08-05,11:20:21,29.5,100.0,0.0,24.93,121.036
74DA38F21170,2026-08-05,11:20:25,31.0,71.0,7.0,22.779,121.088
74DA38F20D2E,2026-08-05,11:20:30,30.5,100.0,0.0,25.06,121.545
74DA38F20B82,2026-08-05,11:20:38,-4.0,0.0,0.0,22.847,120.465
74DA38F7C570,2026-08-05,11:20:48,-4.0,0.0,0.0,25.239,121.63
74DA38F7C47C,2026-08-05,11:21:00,31.36,100.0,56.0,25.055,121.455
74DA38F20B80,2026-08-05,11:21:10,30.11,100.0,0.0,22.599,120.35
74DA38F7C53C,2026-08-05,11:21:15,29.86,100.0,0.0,25.11,121.804
74DA38F7C514,2026-08-05,11:21:16,30.75,100.0,18.0,25.051,121.518
74DA38F21204,2026-08-05,11:21:17,29.86,100.0,3.0,25.062,121.451
74DA38F20F0A,2026-08-05,11:21:32,28.36,100.0,7.0,22.995,120.635
74DA38ED04F2,2026-08-05,11:21:37,28.36,100.0,8.0,23.468,121.496
74DA38F7C63C,2026-08-05,11:21:44,-4.0,0.0,12.0,24.998,121.425
74DA38F209DE,2026-08-05,11:21:51,30.61,100.0,0.0,24.861,120.964
74DA38F20D1E,2026-08-05,11:21:53,30.5,100.0,23.0,25.048,121.573
74DA38F7C610,2026-08-05,11:21:54,30.61,98.0,19.0,25.063,121.564
74DA38F7C600,2026-08-05,11:21:55,23.5,47.0,11.0,25.07,121.586
74DA38F7C39A,2026-08-05,11:21:58,31.0,100.0,0.0,25.002,121.414
74DA38F20BF6,2026-08-05,11:22:08,29.36,100.0,13.0,22.582,120.368
74DA38F7C5E6,2026-08-05,11:22:14,32.5,100.0,11.0,25.107,121.843
74DA38F20D1A,2026-08-05,11:22:20,30.11,97.0,2.0,25.078,121.541
74DA38F20DE0,2026-08-05,11:22:22,29.75,100.0,0.0,22.589,120.328
74DA38F7C616,2026-08-05,11:22:22,31.75,100.0,0.0,25.031,121.563
74DA38F7C41E,2026-08-05,11:22:30,30.25,85.0,0.0,25.054,121.517
74DA38ED06E0,2026-08-05,11:22:35,30.11,100.0,12.0,23.601,121.521
74DA38F20A30,2026-08-05,11:22:35,30.61,88.0,5.0,24.948,121.372
74DA38F7C480,2026-08-05,11:22:36,30.25,100.0,0.0,25.061,121.432
74DA38F208E2,2026-08-05,11:22:42,29.75,100.0,24.0,24.688,121.766
74DA38F7C3B2,2026-08-05,11:22:50,32.25,66.0,9.0,24.929,121.378
74DA38F7C3DE,2026-08-05,11:22:50,32.36,100.0,272.0,24.972,121.537
74DA38ED0630,2026-08-05,11:22:58,30.75,100.0,0.0,23.994,121.594
74DA38F20D16,2026-08-05,11:22:58,31.25,100.0,21.0,25.062,121.526
74DA38F7C4DE,2026-08-05,11:22:58,30.11,100.0,0.0,25.09,121.462
74DA38F20934,2026-08-05,11:23:00,30.0,78.0,7.0,23.002,121.29
74DA38F7C5CE,2026-08-05,11:23:00,30.11,89.0,0.0,25.066,121.656
74DA38F21054,2026-08-05,11:23:09,29.75,73.0,10.0,22.898,120.627
74DA38F7C47E,2026-08-05,11:23:14,31.25,100.0,24.0,25.053963,121.427681
74DA38F7C27E,2026-08-05,11:23:25,30.86,100.0,18.0,25.053,121.444
74DA38F7C506,2026-08-05,11:23:26,31.86,100.0,0.0,24.996,121.544
74DA38F20862,2026-08-05,11:23:32,28.86,100.0,6.0,23.101,121.176
74DA38F7C3DC,2026-08-05,11:23:40,29.75,100.0,26.0,25.003,121.539
74DA38F7C5A0,2026-08-05,11:23:45,30.86,98.0,0.0,25.107,121.518
74DA38F20C26,2026-08-05,11:23:52,32.5,81.0,15.0,22.676,120.342
74DA38F7C260,2026-08-05,11:23:54,31.75,100.0,0.0,25.065,121.425
74DA38F7C5BE,2026-08-05,11:24:01,30.61,92.0,22.0,25.092,121.523
74DA38F7C366,2026-08-05,11:24:06,30.25,100.0,8.0,25.002,121.516
74DA38F20B12,2026-08-05,11:24:16,28.86,71.0,6.0,22.91,120.716
74DA38F20F1C,2026-08-05,11:24:21,29.75,100.0,13.0,25.062,121.451
74DA38F7C532,2026-08-05,11:24:22,30.5,100.0,19.0,25.059,121.499
74DA38F20D6C,2026-08-05,11:24:23,30.36,91.0,0.0,22.661,120.301
74DA38F20D70,2026-08-05,11:24:31,30.61,93.0,0.0,23.05,121.164
74DA38F210A2,2026-08-05,11:24:34,30.61,100.0,5.0,25.12,121.466
74DA38F7C5AA,2026-08-05,11:24:34,29.86,100.0,4.0,25.0,121.479
74DA38F209B2,2026-08-05,11:24:39,30.25,100.0,0.0,22.363,120.599
74DA38F7C3D6,2026-08-05,11:24:40,31.25,100.0,0.0,25.045,121.541
74DA38F20E6E,2026-08-05,11:24:43,27.62,100.0,0.0,24.41,120.902
74DA38F209A8,2026-08-05,11:24:45,-4.0,0.0,0.0,22.401,120.577
74DA38F7C338,2026-08-05,11:24:45,30.86,100.0,15.0,25.011,121.458
74DA38F7C4CC,2026-08-05,11:24:47,31.0,100.0,16.0,25.062,121.451
74DA38F7C13A,2026-08-05,11:24:50,23.0,-3.0,10.0,25.069,121.359
74DA38F209EE,2026-08-05,11:24:52,29.61,100.0,0.0,23.026,121.33
74DA38F7C592,2026-08-05,11:24:54,-4.0,0.0,0.0,25.224,121.637
74DA38ED05B6,2026-08-05,11:25:00,29.61,100.0,13.0,23.43,121.348
74DA38F20C06,2026-08-05,11:25:01,31.75,68.0,17.0,24.874,121.02
74DA38F7C42E,2026-08-05,11:25:01,30.61,100.0,0.0,24.969,121.514
74DA38F7C3BA,2026-08-05,11:25:09,-4.0,0.0,89.0,25.174,121.441
74DA38F20A78,2026-08-05,11:25:12,30.61,100.0,2.0,22.904,121.124
74DA38F7C54E,2026-08-05,11:25:12,29.25,100.0,0.0,25.063,121.661
74DA38F20B88,2026-08-05,11:25:13,28.36,100.0,0.0,22.75,120.316
74DA38F20EB2,2026-08-05,11:25:16,25.37,100.0,23.0,24.324,120.835
74DA38F20E9E,2026-08-05,11:25:22,27.75,100.0,18.0,24.648,121.151
74DA38F7C430,2026-08-05,11:25:27,32.25,83.0,0.0,24.981,121.423
74DA38ED059C,2026-08-05,11:25:32,30.5,96.0,10.0,23.706,121.412
74DA38F207DE,2026-08-05,11:25:44,30.61,100.0,14.0,22.603,120.34
74DA38ED05EA,2026-08-05,11:25:45,30.75,100.0,8.0,23.394,121.357
74DA38F21088,2026-08-05,11:25:56,31.36,100.0,0.0,25.068,121.588
74DA38F7C310,2026-08-05,11:25:58,31.36,100.0,11.0,25.09,121.464
74DA38F7C464,2026-08-05,11:26:01,27.0,30.0,1.0,25.006,121.413
74DA38F7C59C,2026-08-05,11:26:04,30.61,81.0,32.0,25.103,121.487
74DA38ED0454,2026-08-05,11:26:06,31.61,100.0,18.0,24.053,121.599
74DA38F2105C,2026-08-05,11:26:12,30.5,100.0,0.0,25.088,121.599
74DA38ED0640,2026-08-05,11:26:14,28.36,100.0,6.0,23.154,121.266
74DA38F2113E,2026-08-05,11:26:15,-4.0,0.0,0.0,22.728,120.313
74DA38F20B5C,2026-08-05,11:26:19,30.36,100.0,16.0,22.798,120.293
74DA38F7C560,2026-08-05,11:26:19,31.0,-63.0,0.0,25.079,121.671
74DA38F21048,2026-08-05,11:26:22,29.61,100.0,17.0,22.595,120.341
74DA38F21170,2026-08-05,11:26:30,30.86,73.0,7.0,22.779,121.088
74DA38F2104E,2026-08-05,11:26:35,27.87,100.0,12.0,23.108,120.7
74DA38F21024,2026-08-05,11:26:48,29.5,100.0,0.0,24.93,121.036
74DA38F7C47C,2026-08-05,11:26:55,31.11,100.0,73.0,25.055,121.455
74DA38F20D2E,2026-08-05,11:26:58,30.5,100.0,0.0,25.06,121.545
74DA38F21204,2026-08-05,11:27:26,29.86,100.0,2.0,25.062,121.451
74DA38F7C514,2026-08-05,11:27:29,30.61,100.0,17.0,25.051,121.518
74DA38F20FA4,2026-08-05,11:27:35,30.36,100.0,13.0,22.63,120.42
74DA38F20F0A,2026-08-05,11:27:38,28.36,100.0,7.0,22.995,120.635
74DA38F20B80,2026-08-05,11:27:41,30.11,100.0,0.0,22.599,120.35
74DA38F7C53C,2026-08-05,11:27:41,29.61,100.0,0.0,25.11,121.804
74DA38ED04F2,2026-08-05,11:27:44,28.5,100.0,9.0,23.468,121.496
74DA38F21136,2026-08-05,11:27:57,31.0,100.0,14.0,25.119,121.505
74DA38F7C610,2026-08-05,11:28:00,30.61,98.0,18.0,25.063,121.564
74DA38F7C600,2026-08-05,11:28:01,23.37,47.0,10.0,25.07,121.586
74DA38F20BF6,2026-08-05,11:28:13,29.36,100.0,14.0,22.582,120.368
74DA38F209DE,2026-08-05,11:28:19,30.75,100.0,0.0,24.861,120.964
74DA38F7C5E6,2026-08-05,11:28:21,32.36,100.0,13.0,25.107,121.843
74DA38F7C39A,2026-08-05,11:28:26,31.0,100.0,0.0,25.002,121.414
74DA38F7C616,2026-08-05,11:28:35,31.5,100.0,0.0,25.031,121.563
74DA38ED06E0,2026-08-05,11:28:41,30.0,100.0,13.0,23.601,121.521
74DA38F7C3DE,2026-08-05,11:28:46,32.11,100.0,251.0,24.972,121.537
74DA38F208E2,2026-08-05,11:28:49,29.75,100.0,23.0,24.688,121.766
74DA38F20D1A,2026-08-05,11:28:49,30.0,98.0,6.0,25.078,121.541
74DA38F20DE0,2026-08-05,11:28:49,29.5,100.0,0.0,22.589,120.328
74DA38F7C3B2,2026-08-05,11:28:56,32.25,66.0,9.0,24.929,121.378
74DA38F20A30,2026-08-05,11:29:03,30.61,88.0,9.0,24.948,121.372
74DA38F7C480,2026-08-05,11:29:04,30.0,100.0,1.0,25.061,121.432
74DA38F7C4DE,2026-08-05,11:29:04,30.0,100.0,0.0,25.09,121.462
74DA38F20D16,2026-08-05,11:29:06,31.25,100.0,20.0,25.062,121.526
74DA38F7C41E,2026-08-05,11:29:09,30.36,85.0,0.0,25.054,121.517
74DA38F21054,2026-08-05,11:29:14,29.75,73.0,9.0,22.898,120.627
74DA38F20934,2026-08-05,11:29:19,30.0,78.0,7.0,23.002,121.29
74DA38F7C47E,2026-08-05,11:29:22,30.86,100.0,23.0,25.053963,121.427681
74DA38ED0630,2026-08-05,11:29:25,30.75,100.0,0.0,23.994,121.594
74DA38F7C5CE,2026-08-05,11:29:26,30.11,89.0,0.0,25.066,121.656
74DA38F7C27E,2026-08-05,11:29:31,30.75,100.0,18.0,25.053,121.444
74DA38F20862,2026-08-05,11:29:37,28.75,100.0,7.0,23.101,121.176
74DA38F7C3DC,2026-08-05,11:29:47,29.61,100.0,24.0,25.003,121.539
74DA38F7C506,2026-08-05,11:29:53,31.75,100.0,0.0,24.996,121.544
74DA38F20C26,2026-08-05,11:30:00,32.36,81.0,13.0,22.676,120.342
74DA38F7C5BE,2026-08-05,11:30:09,30.61,92.0,21.0,25.092,121.523
74DA38F20B82,2026-08-05,11:30:10,-4.0,0.0,0.0,22.847,120.465
74DA38F7C366,2026-08-05,11:30:12,30.36,100.0,8.0,25.002,121.516
74DA38F7C5A0,2026-08-05,11:30:13,30.86,99.0,0.0,25.107,121.518
74DA38F20B12,2026-08-05,11:30:24,29.0,71.0,6.0,22.91,120.716
74DA38F7C260,2026-08-05,11:30:24,31.86,100.0,0.0,25.065,121.425
74DA38F20F1C,2026-08-05,11:30:26,29.61,100.0,13.0,25.062,121.451
74DA38F7C570,2026-08-05,11:30:28,-4.0,0.0,0.0,25.239,121.63
74DA38F7C532,2026-08-05,11:30:30,30.5,100.0,19.0,25.059,121.499
74DA38F20D70,2026-08-05,11:30:38,30.61,93.0,0.0,23.05,121.164
74DA38F210A2,2026-08-05,11:30:40,30.36,100.0,5.0,25.12,121.466
74DA38F20B26,2026-08-05,11:30:46,30.11,100.0,12.0,22.783,120.247
74DA38F20E6E,2026-08-05,11:30:46,27.5,100.0,0.0,24.41,120.902
74DA38F7C338,2026-08-05,11:30:52,30.75,100.0,16.0,25.011,121.458
74DA38F7C4CC,2026-08-05,11:30:55,30.86,100.0,16.0,25.062,121.451
74DA38F209EE,2026-08-05,11:30:58,29.5,100.0,0.0,23.026,121.33
74DA38F209B2,2026-08-05,11:31:05,30.25,100.0,0.0,22.363,120.599
74DA38ED05B6,2026-08-05,11:31:07,29.5,100.0,14.0,23.43,121.348
74DA38F20C06,2026-08-05,11:31:07,31.75,68.0,18.0,24.874,121.02
74DA38F7C3D6,2026-08-05,11:31:07,31.36,100.0,0.0,25.045,121.541
74DA38F7C63C,2026-08-05,11:31:17,-4.0,0.0,11.0,24.998,121.425
74DA38F20A78,2026-08-05,11:31:18,30.5,100.0,2.0,22.904,121.124
74DA38F7C13A,2026-08-05,11:31:24,23.0,-4.0,10.0,25.069,121.359
74DA38F20EB2,2026-08-05,11:31:25,25.25,100.0,24.0,24.324,120.835
74DA38F7C566,2026-08-05,11:31:25,33.0,100.0,0.0,25.051,121.448
74DA38F7C42E,2026-08-05,11:31:29,30.75,100.0,0.0,24.969,121.514
74DA38F20E9E,2026-08-05,11:31:30,27.62,100.0,19.0,24.648,121.151
74DA38F7C5AA,2026-08-05,11:31:31,29.75,100.0,5.0,25.0,121.479
74DA38F7C54E,2026-08-05,11:31:39,29.11,100.0,0.0,25.063,121.661
74DA38F20B88,2026-08-05,11:31:42,28.36,100.0,0.0,22.75,120.316
74DA38ED05EA,2026-08-05,11:31:50,30.61,100.0,8.0,23.394,121.357
74DA38F207DE,2026-08-05,11:31:50,30.61,100.0,15.0,22.603,120.34
74DA38F7C430,2026-08-05,11:31:56,32.11,83.0,0.0,24.981,121.423
74DA38F7C310,2026-08-05,11:32:05,31.25,100.0,11.0,25.09,121.464
74DA38ED0454,2026-08-05,11:32:12,31.61,100.0,19.0,24.053,121.599
74DA38ED0640,2026-08-05,11:32:22,28.11,100.0,9.0,23.154,121.266
74DA38F21088,2026-08-05,11:32:24,31.36,100.0,0.0,25.068,121.588
74DA38F7C464,2026-08-05,11:32:30,27.0,30.0,0.0,25.006,121.413
74DA38F20B5C,2026-08-05,11:32:33,30.36,100.0,15.0,22.798,120.293
74DA38F7C59C,2026-08-05,11:32:33,30.5,82.0,31.0,25.103,121.487
74DA38F21170,2026-08-05,11:32:36,30.75,73.0,6.0,22.779,121.088
74DA38F2105C,2026-08-05,11:32:40,30.5,100.0,0.0,25.088,121.599
74DA38F7C560,2026-08-05,11:32:46,31.0,-62.0,0.0,25.079,121.671
74DA38F7C47C,2026-08-05,11:32:49,31.11,100.0,82.0,25.055,121.455
74DA38F21048,2026-08-05,11:32:51,29.61,100.0,18.0,22.595,120.341
74DA38F21024,2026-08-05,11:33:16,29.5,100.0,0.0,24.93,121.036
74DA38F20D2E,2026-08-05,11:33:25,30.5,100.0,0.0,25.06,121.545
74DA38F2113E,2026-08-05,11:33:31,-4.0,0.0,0.0,22.728,120.313
74DA38F21204,2026-08-05,11:33:35,29.86,100.0,2.0,25.062,121.451
74DA38F7C514,2026-08-05,11:33:36,30.61,100.0,17.0,25.051,121.518
74DA38F7C30C,2026-08-05,11:33:38,30.75,99.0,0.0,24.975,121.532
74DA38F20F0A,2026-08-05,11:33:44,28.36,100.0,7.0,22.995,120.635
74DA38ED04F2,2026-08-05,11:33:51,28.5,100.0,9.0,23.468,121.496
74DA38F7C3BA,2026-08-05,11:33:52,-4.0,0.0,90.0,25.174,121.441
74DA38F7C600,2026-08-05,11:34:06,23.37,47.0,11.0,25.07,121.586
74DA38F7C610,2026-08-05,11:34:07,30.61,99.0,19.0,25.063,121.564
74DA38F7C53C,2026-08-05,11:34:08,29.75,100.0,0.0,25.11,121.804
74DA38F20B80,2026-08-05,11:34:11,30.11,100.0,0.0,22.599,120.35
74DA38F20BF6,2026-08-05,11:34:18,29.36,100.0,14.0,22.582,120.368
74DA38F20D1E,2026-08-05,11:34:19,30.36,100.0,22.0,25.048,121.573
74DA38F209A8,2026-08-05,11:34:24,-4.0,0.0,0.0,22.401,120.577
74DA38F7C5E6,2026-08-05,11:34:28,32.36,100.0,11.0,25.107,121.843
74DA38F7C592,2026-08-05,11:34:34,-4.0,0.0,0.0,25.224,121.637
74DA38F7C3DE,2026-08-05,11:34:43,32.11,100.0,273.0,24.972,121.537
74DA38F209DE,2026-08-05,11:34:46,30.75,100.0,0.0,24.861,120.964
74DA38ED06E0,2026-08-05,11:34:47,30.0,100.0,13.0,23.601,121.521
74DA38F7C616,2026-08-05,11:34:49,31.36,100.0,0.0,25.031,121.563
74DA38F7C39A,2026-08-05,11:34:53,31.0,100.0,0.0,25.002,121.414
74DA38F208E2,2026-08-05,11:34:56,29.75,100.0,24.0,24.688,121.766
74DA38F7C3B2,2026-08-05,11:35:02,32.25,67.0,9.0,24.929,121.378
74DA38F20D16,2026-08-05,11:35:13,31.25,100.0,20.0,25.062,121.526
74DA38F7C4DE,2026-08-05,11:35:14,30.11,100.0,0.0,25.09,121.462
74DA38F20D1A,2026-08-05,11:35:16,30.0,98.0,0.0,25.078,121.541
74DA38F20DE0,2026-08-05,11:35:17,29.36,100.0,0.0,22.589,120.328
74DA38F21054,2026-08-05,11:35:19,29.75,73.0,9.0,22.898,120.627
74DA38F20934,2026-08-05,11:35:27,30.0,78.0,7.0,23.002,121.29
74DA38F7C47E,2026-08-05,11:35:30,30.61,100.0,24.0,25.053963,121.427681
74DA38F7C480,2026-08-05,11:35:31,30.0,100.0,0.0,25.061,121.432
74DA38F20A30,2026-08-05,11:35:33,30.61,88.0,12.0,24.948,121.372
74DA38F7C27E,2026-08-05,11:35:39,30.75,100.0,18.0,25.053,121.444
74DA38F20862,2026-08-05,11:35:44,28.86,100.0,7.0,23.101,121.176
74DA38F7C41E,2026-08-05,11:35:46,30.36,86.0,0.0,25.054,121.517
74DA38F7C3DC,2026-08-05,11:35:53,29.75,100.0,26.0,25.003,121.539
74DA38ED0630,2026-08-05,11:35:54,30.75,100.0,0.0,23.994,121.594
74DA38F7C5CE,2026-08-05,11:35:54,30.11,89.0,0.0,25.066,121.656
74DA38F20C26,2026-08-05,11:36:09,32.36,81.0,16.0,22.676,120.342
74DA38F7C5BE,2026-08-05,11:36:16,30.61,92.0,22.0,25.092,121.523
74DA38F7C366,2026-08-05,11:36:19,30.25,100.0,8.0,25.002,121.516
74DA38F7C506,2026-08-05,11:36:21,31.61,100.0,0.0,24.996,121.544
74DA38F20B12,2026-08-05,11:36:30,29.0,71.0,6.0,22.91,120.716
74DA38F20F1C,2026-08-05,11:36:33,29.61,100.0,14.0,25.062,121.451
74DA38F7C5A0,2026-08-05,11:36:40,31.0,99.0,0.0,25.107,121.518
74DA38F7C532,2026-08-05,11:36:41,30.5,100.0,19.0,25.059,121.499
74DA38F20D70,2026-08-05,11:36:44,30.36,94.0,0.0,23.05,121.164
74DA38F210A2,2026-08-05,11:36:45,30.36,100.0,5.0,25.12,121.466
74DA38F20E6E,2026-08-05,11:36:49,27.37,100.0,0.0,24.41,120.902
74DA38F7C260,2026-08-05,11:36:52,31.86,100.0,0.0,25.065,121.425
74DA38F20B26,2026-08-05,11:36:55,30.11,100.0,11.0,22.783,120.247
74DA38F209EE,2026-08-05,11:37:03,29.36,100.0,0.0,23.026,121.33
74DA38F7C338,2026-08-05,11:37:03,30.75,100.0,16.0,25.011,121.458
74DA38F7C4CC,2026-08-05,11:37:03,30.75,100.0,16.0,25.062,121.451
74DA38ED05B6,2026-08-05,11:37:13,29.36,100.0,14.0,23.43,121.348
74DA38F20C06,2026-08-05,11:37:14,31.75,68.0,19.0,24.874,121.02
74DA38F20A78,2026-08-05,11:37:23,30.36,100.0,2.0,22.904,121.124
74DA38F209B2,2026-08-05,11:37:33,30.25,100.0,0.0,22.363,120.599
74DA38F7C3D6,2026-08-05,11:37:33,31.36,100.0,0.0,25.045,121.541
74DA38F20EB2,2026-08-05,11:37:35,25.37,100.0,23.0,24.324,120.835
74DA38F20E9E,2026-08-05,11:37:36,27.62,100.0,17.0,24.648,121.151
74DA38ED05EA,2026-08-05,11:37:56,30.61,100.0,9.0,23.394,121.357
74DA38F207DE,2026-08-05,11:37:56,30.61,100.0,15.0,22.603,120.34
74DA38F7C13A,2026-08-05,11:37:56,23.0,-3.0,12.0,25.069,121.359
74DA38F7C42E,2026-08-05,11:37:56,30.61,100.0,0.0,24.969,121.514
74DA38F20B88,2026-08-05,11:38:09,28.25,100.0,1.0,22.75,120.316
74DA38F7C310,2026-08-05,11:38:10,31.36,100.0,11.0,25.09,121.464
74DA38F7C54E,2026-08-05,11:38:10,29.11,100.0,0.0,25.063,121.661
74DA38ED059C,2026-08-05,11:38:14,30.36,96.0,11.0,23.706,121.412
74DA38F7C5AA,2026-08-05,11:38:14,29.61,100.0,5.0,25.0,121.479
74DA38ED0454,2026-08-05,11:38:19,31.61,100.0,18.0,24.053,121.599
74DA38F7C430,2026-08-05,11:38:24,32.0,83.0,0.0,24.981,121.423
74DA38ED0640,2026-08-05,11:38:29,28.11,100.0,7.0,23.154,121.266
74DA38F20B5C,2026-08-05,11:38:40,30.36,100.0,14.0,22.798,120.293
74DA38F21170,2026-08-05,11:38:46,30.61,73.0,5.0,22.779,121.088
74DA38F7C47C,2026-08-05,11:38:46,31.0,100.0,74.0,25.055,121.455
74DA38F21088,2026-08-05,11:38:51,31.25,100.0,0.0,25.068,121.588
74DA38F7C464,2026-08-05,11:38:59,27.0,30.0,1.0,25.006,121.413
74DA38F7C59C,2026-08-05,11:39:03,30.5,82.0,31.0,25.103,121.487
74DA38F2105C,2026-08-05,11:39:07,30.5,100.0,0.0,25.088,121.599
74DA38F7C560,2026-08-05,11:39:14,30.86,-63.0,0.0,25.079,121.671
74DA38F21048,2026-08-05,11:39:21,29.61,100.0,16.0,22.595,120.341
74DA38F2104E,2026-08-05,11:39:30,27.87,100.0,11.0,23.108,120.7
74DA38F20B82,2026-08-05,11:39:42,-4.0,0.0,0.0,22.847,120.465
74DA38F21204,2026-08-05,11:39:42,29.75,100.0,2.0,25.062,121.451
74DA38F21024,2026-08-05,11:39:43,29.36,100.0,0.0,24.93,121.036
74DA38F7C514,2026-08-05,11:39:45,30.61,100.0,18.0,25.051,121.518
74DA38F20F0A,2026-08-05,11:39:50,28.36,100.0,7.0,22.995,120.635
74DA38F20D2E,2026-08-05,11:39:53,30.5,100.0,0.0,25.06,121.545
74DA38ED04F2,2026-08-05,11:40:00,28.36,100.0,9.0,23.468,121.496
74DA38F7C570,2026-08-05,11:40:07,-4.0,0.0,0.0,25.239,121.63
74DA38F7C600,2026-08-05,11:40:11,23.37,45.0,11.0,25.07,121.586
74DA38F7C610,2026-08-05,11:40:15,30.61,99.0,19.0,25.063,121.564
74DA38F20BF6,2026-08-05,11:40:23,29.36,100.0,14.0,22.582,120.368
74DA38F20D1E,2026-08-05,11:40:26,30.36,100.0,22.0,25.048,121.573
74DA38F7C5E6,2026-08-05,11:40:33,32.25,100.0,12.0,25.107,121.843
74DA38F7C53C,2026-08-05,11:40:35,29.75,100.0,0.0,25.11,121.804
74DA38F20B80,2026-08-05,11:40:41,30.11,100.0,0.0,22.599,120.35
74DA38F7C3DE,2026-08-05,11:40:41,32.0,100.0,267.0,24.972,121.537
74DA38F21136,2026-08-05,11:40:44,31.0,100.0,13.0,25.119,121.505
74DA38F2113E,2026-08-05,11:40:46,-4.0,0.0,0.0,22.728,120.313
74DA38F7C63C,2026-08-05,11:40:48,-4.0,0.0,12.0,24.998,121.425
74DA38ED06E0,2026-08-05,11:40:54,30.0,100.0,13.0,23.601,121.521
74DA38F7C616,2026-08-05,11:40:56,31.5,100.0,0.0,25.031,121.563
74DA38F208E2,2026-08-05,11:41:03,29.75,100.0,23.0,24.688,121.766
74DA38F7C3B2,2026-08-05,11:41:09,32.25,67.0,10.0,24.929,121.378
74DA38F209DE,2026-08-05,11:41:13,30.61,100.0,0.0,24.861,120.964
74DA38F20D16,2026-08-05,11:41:18,31.11,100.0,20.0,25.062,121.526
74DA38F7C39A,2026-08-05,11:41:20,31.0,100.0,0.0,25.002,121.414
74DA38F21054,2026-08-05,11:41:25,29.75,73.0,10.0,22.898,120.627
74DA38F20934,2026-08-05,11:41:38,30.0,78.0,7.0,23.002,121.29
74DA38F7C47E,2026-08-05,11:41:38,30.5,100.0,23.0,25.053963,121.427681
74DA38F20D1A,2026-08-05,11:41:44,30.11,98.0,0.0,25.078,121.541
74DA38F7C27E,2026-08-05,11:41:46,30.75,100.0,18.0,25.053,121.444
74DA38F20DE0,2026-08-05,11:41:48,29.5,100.0,1.0,22.589,120.328
74DA38F20862,2026-08-05,11:41:51,28.86,100.0,8.0,23.101,121.176
74DA38F7C4DE,2026-08-05,11:41:58,30.25,100.0,0.0,25.09,121.462
74DA38F7C3DC,2026-08-05,11:41:59,29.86,100.0,24.0,25.003,121.539
74DA38F7C480,2026-08-05,11:41:59,30.0,100.0,0.0,25.061,121.432
74DA38F20A30,2026-08-05,11:42:04,30.61,88.0,8.0,24.948,121.372
74DA38F20C26,2026-08-05,11:42:16,32.36,81.0,16.0,22.676,120.342
74DA38ED0630,2026-08-05,11:42:21,30.86,100.0,0.0,23.994,121.594
74DA38F7C5CE,2026-08-05,11:42:22,30.0,90.0,1.0,25.066,121.656
74DA38F7C5BE,2026-08-05,11:42:23,30.5,92.0,21.0,25.092,121.523
74DA38F7C41E,2026-08-05,11:42:24,30.25,86.0,0.0,25.054,121.517
74DA38F7C366,2026-08-05,11:42:25,30.11,100.0,8.0,25.002,121.516
74DA38F7C3BA,2026-08-05,11:42:35,-4.0,0.0,90.0,25.174,121.441
74DA38F20B12,2026-08-05,11:42:36,29.0,71.0,6.0,22.91,120.716
74DA38F7C30C,2026-08-05,11:42:40,30.61,99.0,0.0,24.975,121.532
74DA38F20F1C,2026-08-05,11:42:41,29.61,100.0,14.0,25.062,121.451
74DA38F20D70,2026-08-05,11:42:49,30.11,94.0,0.0,23.05,121.164
74DA38F7C532,2026-08-05,11:42:49,30.36,100.0,18.0,25.059,121.499
74DA38F210A2,2026-08-05,11:42:50,30.25,100.0,5.0,25.12,121.466
74DA38F20E6E,2026-08-05,11:42:51,27.5,100.0,0.0,24.41,120.902
74DA38F7C506,2026-08-05,11:42:58,31.61,100.0,0.0,24.996,121.544
74DA38F20B26,2026-08-05,11:43:04,30.25,100.0,17.0,22.783,120.247
74DA38F7C5A0,2026-08-05,11:43:07,30.86,99.0,0.0,25.107,121.518
74DA38F209EE,2026-08-05,11:43:08,29.36,100.0,0.0,23.026,121.33
74DA38F7C4CC,2026-08-05,11:43:09,30.86,100.0,16.0,25.062,121.451
74DA38F7C338,2026-08-05,11:43:12,30.75,100.0,16.0,25.011,121.458
74DA38ED05B6,2026-08-05,11:43:20,29.11,100.0,13.0,23.43,121.348
74DA38F7C260,2026-08-05,11:43:20,31.86,100.0,0.0,25.065,121.425
74DA38F20C06,2026-08-05,11:43:22,31.75,68.0,18.0,24.874,121.02
74DA38F20A78,2026-08-05,11:43:29,30.25,100.0,2.0,22.904,121.124
74DA38F20E9E,2026-08-05,11:43:42,27.5,100.0,15.0,24.648,121.151
74DA38F20EB2,2026-08-05,11:43:44,25.25,100.0,24.0,24.324,120.835
74DA38F7C3D6,2026-08-05,11:44:00,31.36,100.0,0.0,25.045,121.541
74DA38ED05EA,2026-08-05,11:44:01,30.5,100.0,10.0,23.394,121.357
74DA38F207DE,2026-08-05,11:44:01,30.5,100.0,15.0,22.603,120.34
74DA38F209B2,2026-08-05,11:44:01,30.11,100.0,0.0,22.363,120.599
74DA38F209A8,2026-08-05,11:44:03,-4.0,0.0,0.0,22.401,120.577
74DA38F7C592,2026-08-05,11:44:13,-4.0,0.0,0.0,25.224,121.637
74DA38F7C310,2026-08-05,11:44:15,31.36,100.0,11.0,25.09,121.464
74DA38F7C42E,2026-08-05,11:44:22,30.5,100.0,0.0,24.969,121.514
74DA38ED0454,2026-08-05,11:44:24,31.61,100.0,18.0,24.053,121.599
74DA38F7C13A,2026-08-05,11:44:30,23.0,-3.0,9.0,25.069,121.359
74DA38ED059C,2026-08-05,11:44:31,30.25,97.0,10.0,23.706,121.412
74DA38ED0640,2026-08-05,11:44:35,28.11,100.0,6.0,23.154,121.266
74DA38F7C54E,2026-08-05,11:44:37,29.0,100.0,0.0,25.063,121.661
74DA38F20B88,2026-08-05,11:44:40,28.25,100.0,0.0,22.75,120.316
74DA38F7C47C,2026-08-05,11:44:40,31.0,100.0,63.0,25.055,121.455
74DA38F20B5C,2026-08-05,11:44:49,30.36,100.0,14.0,22.798,120.293
74DA38F7C430,2026-08-05,11:44:52,32.0,84.0,0.0,24.981,121.423
74DA38F21170,2026-08-05,11:44:56,30.25,73.0,7.0,22.779,121.088
74DA38F21088,2026-08-05,11:45:19,31.25,100.0,0.0,25.068,121.588
74DA38F7C464,2026-08-05,11:45:29,27.0,30.0,1.0,25.006,121.413
74DA38F7C59C,2026-08-05,11:45:31,30.36,82.0,31.0,25.103,121.487
74DA38F2105C,2026-08-05,11:45:34,30.5,100.0,0.0,25.088,121.599
74DA38F2104E,2026-08-05,11:45:37,27.87,100.0,12.0,23.108,120.7
74DA38F7C560,2026-08-05,11:45:42,30.75,-62.0,0.0,25.079,121.671
74DA38F21048,2026-08-05,11:45:50,29.61,100.0,18.0,22.595,120.341
74DA38F21204,2026-08-05,11:45:51,29.75,100.0,2.0,25.062,121.451
74DA38F7C514,2026-08-05,11:45:52,30.61,100.0,18.0,25.051,121.518
74DA38F20F0A,2026-08-05,11:45:55,28.25,100.0,8.0,22.995,120.635
74DA38ED04F2,2026-08-05,11:46:07,28.36,100.0,9.0,23.468,121.496
74DA38F21024,2026-08-05,11:46:11,29.5,100.0,0.0,24.93,121.036
74DA38F7C600,2026-08-05,11:46:18,23.25,46.0,11.0,25.07,121.586
74DA38F20D2E,2026-08-05,11:46:22,30.5,100.0,0.0,25.06,121.545
74DA38F7C610,2026-08-05,11:46:22,30.5,100.0,20.0,25.063,121.564
74DA38F20BF6,2026-08-05,11:46:28,29.36,100.0,14.0,22.582,120.368
74DA38F20D1E,2026-08-05,11:46:33,30.11,100.0,21.0,25.048,121.573
74DA38F7C3DE,2026-08-05,11:46:39,31.86,100.0,285.0,24.972,121.537
74DA38F7C566,2026-08-05,11:46:40,32.86,100.0,0.0,25.051,121.448
74DA38F7C5E6,2026-08-05,11:46:40,32.25,100.0,11.0,25.107,121.843
74DA38F20D6C,2026-08-05,11:46:47,30.11,92.0,0.0,22.661,120.301
74DA38ED06E0,2026-08-05,11:47:00,29.86,100.0,13.0,23.601,121.521
74DA38F21136,2026-08-05,11:47:01,31.0,100.0,15.0,25.119,121.505
74DA38F7C53C,2026-08-05,11:47:03,29.75,100.0,0.0,25.11,121.804
74DA38F20B80,2026-08-05,11:47:07,30.0,100.0,0.0,22.599,120.35
74DA38F7C616,2026-08-05,11:47:07,31.5,100.0,0.0,25.031,121.563
74DA38F208E2,2026-08-05,11:47:08,29.75,100.0,23.0,24.688,121.766
74DA38F7C3B2,2026-08-05,11:47:14,32.25,67.0,9.0,24.929,121.378
74DA38F20FA4,2026-08-05,11:47:17,30.11,100.0,13.0,22.63,120.42
74DA38F20D16,2026-08-05,11:47:25,31.25,100.0,20.0,25.062,121.526
74DA38F21054,2026-08-05,11:47:31,29.75,73.0,9.0,22.898,120.627
74DA38F209DE,2026-08-05,11:47:40,30.61,100.0,0.0,24.861,120.964
74DA38F7C47E,2026-08-05,11:47:46,30.61,100.0,26.0,25.053963,121.427681
74DA38F7C39A,2026-08-05,11:47:49,31.0,100.0,0.0,25.002,121.414
74DA38F7C27E,2026-08-05,11:47:52,30.75,100.0,18.0,25.053,121.444
74DA38F20862,2026-08-05,11:47:58,28.86,100.0,8.0,23.101,121.176
74DA38F2113E,2026-08-05,11:48:02,-4.0,0.0,0.0,22.728,120.313
74DA38F7C3DC,2026-08-05,11:48:06,29.75,100.0,24.0,25.003,121.539
74DA38F20934,2026-08-05,11:48:12,30.0,78.0,7.0,23.002,121.29
74DA38F20D1A,2026-08-05,11:48:12,30.0,98.0,0.0,25.078,121.541
74DA38F20DE0,2026-08-05,11:48:16,29.5,100.0,0.0,22.589,120.328
74DA38F20C26,2026-08-05,11:48:22,32.36,80.0,12.0,22.676,120.342
74DA38F7C480,2026-08-05,11:48:27,30.0,100.0,2.0,25.061,121.432
74DA38F7C5BE,2026-08-05,11:48:30,30.5,93.0,21.0,25.092,121.523
74DA38F7C366,2026-08-05,11:48:32,30.0,100.0,8.0,25.002,121.516
74DA38F20B12,2026-08-05,11:48:42,29.0,71.0,6.0,22.91,120.716
74DA38F20F1C,2026-08-05,11:48:47,29.61,100.0,13.0,25.062,121.451
74DA38F7C5CE,2026-08-05,11:48:48,29.75,90.0,1.0,25.066,121.656
74DA38ED0630,2026-08-05,11:48:50,31.0,100.0,0.0,23.994,121.594
74DA38F210A2,2026-08-05,11:48:54,30.25,100.0,6.0,25.12,121.466
74DA38F20D70,2026-08-05,11:48:57,30.0,94.0,0.0,23.05,121.164
74DA38F7C41E,2026-08-05,11:49:01,30.25,86.0,0.0,25.054,121.517
74DA38F7C532,2026-08-05,11:49:03,30.5,100.0,19.0,25.059,121.499
74DA38F20B26,2026-08-05,11:49:12,30.25,100.0,15.0,22.783,120.247
74DA38F209EE,2026-08-05,11:49:13,29.36,100.0,0.0,23.026,121.33
74DA38F20B82,2026-08-05,11:49:14,-4.0,0.0,0.0,22.847,120.465
74DA38F7C4CC,2026-08-05,11:49:17,30.86,100.0,16.0,25.062,121.451
74DA38F7C338,2026-08-05,11:49:18,30.86,100.0,16.0,25.011,121.458
74DA38ED05B6,2026-08-05,11:49:27,29.11,100.0,13.0,23.43,121.348
74DA38F20C06,2026-08-05,11:49:30,31.75,69.0,19.0,24.874,121.02
74DA38F7C506,2026-08-05,11:49:30,31.75,100.0,0.0,24.996,121.544
74DA38F7C5A0,2026-08-05,11:49:35,31.0,99.0,0.0,25.107,121.518
74DA38F20A78,2026-08-05,11:49:36,29.86,100.0,3.0,22.904,121.124
74DA38F7C570,2026-08-05,11:49:46,-4.0,0.0,0.0,25.239,121.63
74DA38F20E9E,2026-08-05,11:49:49,27.5,100.0,17.0,24.648,121.151
74DA38F7C260,2026-08-05,11:49:50,31.75,100.0,0.0,25.065,121.425
74DA38F20EB2,2026-08-05,11:49:55,25.25,100.0,24.0,24.324,120.835
74DA38F207DE,2026-08-05,11:50:06,30.61,100.0,15.0,22.603,120.34
74DA38ED05EA,2026-08-05,11:50:08,30.5,100.0,10.0,23.394,121.357
74DA38F7C63C,2026-08-05,11:50:20,-4.0,0.0,12.0,24.998,121.425
74DA38F7C310,2026-08-05,11:50:21,31.36,100.0,11.0,25.09,121.464
74DA38F7C3D6,2026-08-05,11:50:27,31.11,100.0,0.0,25.045,121.541
74DA38F209B2,2026-08-05,11:50:28,30.11,100.0,0.0,22.363,120.599
74DA38ED0454,2026-08-05,11:50:30,31.61,100.0,18.0,24.053,121.599
74DA38F7C47C,2026-08-05,11:50:32,30.86,100.0,62.0,25.055,121.455
74DA38ED0640,2026-08-05,11:50:44,28.0,100.0,8.0,23.154,121.266
74DA38F7C42E,2026-08-05,11:50:50,30.36,100.0,0.0,24.969,121.514
74DA38F20B5C,2026-08-05,11:50:56,30.36,100.0,14.0,22.798,120.293
74DA38F7C13A,2026-08-05,11:51:02,22.87,-4.0,8.0,25.069,121.359
74DA38F7C54E,2026-08-05,11:51:03,29.0,100.0,0.0,25.063,121.661
74DA38F21170,2026-08-05,11:51:05,30.0,74.0,6.0,22.779,121.088
74DA38F20B88,2026-08-05,11:51:07,28.36,100.0,0.0,22.75,120.316
74DA38F7C3BA,2026-08-05,11:51:19,-4.0,0.0,93.0,25.174,121.441
74DA38F7C430,2026-08-05,11:51:19,32.0,84.0,0.0,24.981,121.423
74DA38F2104E,2026-08-05,11:51:42,27.87,100.0,12.0,23.108,120.7
74DA38F21088,2026-08-05,11:51:49,31.25,100.0,0.0,25.068,121.588
74DA38F7C464,2026-08-05,11:51:56,27.0,30.0,0.0,25.006,121.413
74DA38F21204,2026-08-05,11:51:59,29.75,100.0,2.0,25.062,121.451
74DA38F7C59C,2026-08-05,11:51:59,30.5,82.0,30.0,25.103,121.487
74DA38F20F0A,2026-08-05,11:52:01,28.36,100.0,8.0,22.995,120.635
74DA38F2105C,2026-08-05,11:52:01,30.36,100.0,0.0,25.088,121.599
74DA38F7C514,2026-08-05,11:52:01,30.61,100.0,18.0,25.051,121.518
74DA38F7C560,2026-08-05,11:52:08,30.86,-62.0,0.0,25.079,121.671
74DA38ED04F2,2026-08-05,11:52:17,28.36,100.0,9.0,23.468,121.496
74DA38F21048,2026-08-05,11:52:18,29.61,100.0,17.0,22.595,120.341
74DA38F7C600,2026-08-05,11:52:24,23.37,47.0,11.0,25.07,121.586
74DA38F7C610,2026-08-05,11:52:29,30.5,100.0,19.0,25.063,121.564
74DA38F20BF6,2026-08-05,11:52:33,29.36,100.0,15.0,22.582,120.368
74DA38F7C3DE,2026-08-05,11:52:37,31.86,100.0,282.0,24.972,121.537
74DA38F21024,2026-08-05,11:52:38,29.5,100.0,0.0,24.93,121.036
74DA38F20D1E,2026-08-05,11:52:44,30.11,100.0,22.0,25.048,121.573
74DA38F7C5E6,2026-08-05,11:52:46,32.25,100.0,10.0,25.107,121.843
74DA38F20D2E,2026-08-05,11:52:49,30.36,100.0,0.0,25.06,121.545
74DA38ED06E0,2026-08-05,11:53:09,29.86,100.0,12.0,23.601,121.521
74DA38F7C616,2026-08-05,11:53:13,31.36,100.0,0.0,25.031,121.563
74DA38F208E2,2026-08-05,11:53:15,29.75,100.0,23.0,24.688,121.766
74DA38F20D6C,2026-08-05,11:53:15,30.11,92.0,0.0,22.661,120.301
74DA38F7C3B2,2026-08-05,11:53:21,32.25,67.0,10.0,24.929,121.378
74DA38F7C53C,2026-08-05,11:53:31,29.75,100.0,0.0,25.11,121.804
74DA38F20D16,2026-08-05,11:53:32,31.11,100.0,21.0,25.062,121.526
74DA38F21054,2026-08-05,11:53:35,29.75,73.0,10.0,22.898,120.627
74DA38F21136,2026-08-05,11:53:39,30.86,100.0,14.0,25.119,121.505
74DA38F209A8,2026-08-05,11:53:41,-4.0,0.0,0.0,22.401,120.577
74DA38F20B80,2026-08-05,11:53:43,30.0,100.0,0.0,22.599,120.35
74DA38F7C592,2026-08-05,11:53:50,-4.0,0.0,0.0,25.224,121.637
74DA38F7C47E,2026-08-05,11:53:55,30.61,100.0,27.0,25.053963,121.427681
74DA38F20FA4,2026-08-05,11:53:57,30.11,100.0,13.0,22.63,120.42
74DA38F7C27E,2026-08-05,11:53:57,30.61,100.0,18.0,25.053,121.444
74DA38F20862,2026-08-05,11:54:05,28.86,100.0,10.0,23.101,121.176
74DA38F209DE,2026-08-05,11:54:08,30.61,100.0,0.0,24.861,120.964
74DA38F7C3DC,2026-08-05,11:54:13,29.75,100.0,24.0,25.003,121.539
74DA38F7C39A,2026-08-05,11:54:15,30.86,100.0,0.0,25.002,121.414
74DA38F20C26,2026-08-05,11:54:29,32.25,80.0,12.0,22.676,120.342
74DA38F7C366,2026-08-05,11:54:37,30.0,100.0,8.0,25.002,121.516
74DA38F7C5BE,2026-08-05,11:54:37,30.5,93.0,22.0,25.092,121.523
74DA38F20D1A,2026-08-05,11:54:41,30.11,99.0,2.0,25.078,121.541
74DA38F20DE0,2026-08-05,11:54:43,29.5,100.0,0.0,22.589,120.328
74DA38F20B12,2026-08-05,11:54:49,29.0,71.0,6.0,22.91,120.716
74DA38F7C480,2026-08-05,11:54:54,29.61,100.0,3.0,25.061,121.432
74DA38F210A2,2026-08-05,11:55:00,30.25,100.0,6.0,25.12,121.466
74DA38F20D70,2026-08-05,11:55:05,30.0,93.0,0.0,23.05,121.164
74DA38F20F1C,2026-08-05,11:55:09,29.75,100.0,13.0,25.062,121.451
74DA38F20E6E,2026-08-05,11:55:11,27.62,100.0,0.0,24.41,120.902
74DA38F7C532,2026-08-05,11:55:12,30.5,100.0,19.0,25.059,121.499
74DA38F7C5CE,2026-08-05,11:55:15,29.75,91.0,0.0,25.066,121.656
74DA38F7C4DE,2026-08-05,11:55:16,30.0,100.0,0.0,25.09,121.462
74DA38F2113E,2026-08-05,11:55:17,-4.0,0.0,0.0,22.728,120.313
74DA38F209EE,2026-08-05,11:55:18,29.36,100.0,0.0,23.026,121.33
74DA38ED0630,2026-08-05,11:55:19,31.0,100.0,0.0,23.994,121.594
74DA38F20B26,2026-08-05,11:55:20,30.25,100.0,15.0,22.783,120.247
74DA38F7C4CC,2026-08-05,11:55:24,30.75,100.0,16.0,25.062,121.451
74DA38F7C338,2026-08-05,11:55:25,30.86,100.0,16.0,25.011,121.458
74DA38F20A30,2026-08-05,11:55:32,30.5,88.0,2.0,24.948,121.372
74DA38ED05B6,2026-08-05,11:55:33,29.0,100.0,14.0,23.43,121.348
74DA38F20C06,2026-08-05,11:55:35,31.75,69.0,19.0,24.874,121.02
74DA38F20A78,2026-08-05,11:55:41,30.11,100.0,3.0,22.904,121.124
74DA38F7C41E,2026-08-05,11:55:41,30.11,86.0,0.0,25.054,121.517
74DA38F7C506,2026-08-05,11:55:55,31.61,100.0,0.0,24.996,121.544
74DA38F20E9E,2026-08-05,11:55:56,27.5,100.0,16.0,24.648,121.151
74DA38F7C5A0,2026-08-05,11:56:03,31.0,100.0,0.0,25.107,121.518
74DA38F20EB2,2026-08-05,11:56:04,25.12,100.0,23.0,24.324,120.835
74DA38F207DE,2026-08-05,11:56:11,30.61,100.0,15.0,22.603,120.34
74DA38ED05EA,2026-08-05,11:56:13,30.36,100.0,10.0,23.394,121.357
74DA38F7C47C,2026-08-05,11:56:26,30.61,100.0,75.0,25.055,121.455
74DA38F7C310,2026-08-05,11:56:27,31.11,100.0,11.0,25.09,121.464
74DA38ED0454,2026-08-05,11:56:36,31.61,100.0,18.0,24.053,121.599
74DA38ED0640,2026-08-05,11:56:50,27.75,100.0,5.0,23.154,121.266
74DA38F7C3D6,2026-08-05,11:56:53,31.0,100.0,0.0,25.045,121.541
74DA38F209B2,2026-08-05,11:56:55,29.86,100.0,0.0,22.363,120.599
74DA38F20B5C,2026-08-05,11:57:02,30.36,100.0,15.0,22.798,120.293
74DA38F21170,2026-08-05,11:57:10,29.86,75.0,6.0,22.779,121.088
74DA38F7C42E,2026-08-05,11:57:18,30.36,100.0,0.0,24.969,121.514
74DA38F7C54E,2026-08-05,11:57:28,29.0,100.0,0.0,25.063,121.661
74DA38ED059C,2026-08-05,11:57:32,29.86,99.0,11.0,23.706,121.412
74DA38F20B88,2026-08-05,11:57:34,28.36,100.0,0.0,22.75,120.316
74DA38F7C13A,2026-08-05,11:57:34,22.87,-4.0,11.0,25.069,121.359
74DA38F2104E,2026-08-05,11:57:47,28.0,100.0,12.0,23.108,120.7
74DA38F7C430,2026-08-05,11:57:47,32.0,84.0,0.0,24.981,121.423
74DA38F21204,2026-08-05,11:58:06,29.75,100.0,2.0,25.062,121.451
74DA38F20F0A,2026-08-05,11:58:07,28.36,100.0,8.0,22.995,120.635
74DA38F7C514,2026-08-05,11:58:12,30.61,100.0,19.0,25.051,121.518
74DA38F21088,2026-08-05,11:58:16,31.25,100.0,0.0,25.068,121.588
74DA38F7C464,2026-08-05,11:58:24,27.0,30.0,0.0,25.006,121.413
74DA38ED04F2,2026-08-05,11:58:26,28.25,100.0,8.0,23.468,121.496
74DA38F7C59C,2026-08-05,11:58:27,30.36,83.0,31.0,25.103,121.487
74DA38F2105C,2026-08-05,11:58:29,30.36,100.0,0.0,25.088,121.599
74DA38F7C600,2026-08-05,11:58:30,23.37,47.0,11.0,25.07,121.586
74DA38F7C560,2026-08-05,11:58:36,30.86,-62.0,0.0,25.079,121.671
74DA38F7C3DE,2026-08-05,11:58:37,31.86,100.0,272.0,24.972,121.537
74DA38F20BF6,2026-08-05,11:58:38,29.5,100.0,14.0,22.582,120.368
74DA38F7C610,2026-08-05,11:58:38,30.5,100.0,20.0,25.063,121.564
74DA38F20B82,2026-08-05,11:58:46,-4.0,0.0,0.0,22.847,120.465
74DA38F21048,2026-08-05,11:58:46,29.61,100.0,18.0,22.595,120.341
74DA38F7C5E6,2026-08-05,11:58:53,32.11,100.0,11.0,25.107,121.843
74DA38F21024,2026-08-05,11:59:06,29.5,100.0,0.0,24.93,121.036
74DA38ED06E0,2026-08-05,11:59:14,29.86,99.0,12.0,23.601,121.521
74DA38F20D2E,2026-08-05,11:59:17,30.36,100.0,0.0,25.06,121.545
74DA38F208E2,2026-08-05,11:59:21,29.75,100.0,22.0,24.688,121.766
74DA38F7C616,2026-08-05,11:59:21,31.25,100.0,0.0,25.031,121.563
74DA38F7C570,2026-08-05,11:59:25,-4.0,0.0,0.0,25.239,121.63
74DA38F7C3B2,2026-08-05,11:59:27,32.36,67.0,10.0,24.929,121.378
74DA38F20D16,2026-08-05,11:59:41,31.11,100.0,20.0,25.062,121.526
74DA38F20D6C,2026-08-05,11:59:41,30.0,92.0,0.0,22.661,120.301
74DA38F21054,2026-08-05,11:59:41,29.75,73.0,9.0,22.898,120.627
74DA38F7C63C,2026-08-05,11:59:52,-4.0,0.0,12.0,24.998,121.425
74DA38F21136,2026-08-05,11:59:55,30.75,100.0,13.0,25.119,121.505
74DA38F7C53C,2026-08-05,11:59:59,29.75,100.0,0.0,25.11,121.804
74DA38F7C47E,2026-08-05,12:00:01,30.75,100.0,26.0,25.053963,121.427681
74DA38F7C3BA,2026-08-05,12:00:02,-4.0,0.0,93.0,25.174,121.441
74DA38F7C27E,2026-08-05,12:00:04,30.61,100.0,19.0,25.053,121.444
74DA38F20B80,2026-08-05,12:00:09,30.0,100.0,0.0,22.599,120.35
74DA38F20862,2026-08-05,12:00:13,28.86,100.0,9.0,23.101,121.176
74DA38F7C3DC,2026-08-05,12:00:19,29.75,100.0,22.0,25.003,121.539
74DA38F209DE,2026-08-05,12:00:34,30.61,100.0,0.0,24.861,120.964
74DA38F20C26,2026-08-05,12:00:35,32.25,80.0,12.0,22.676,120.342
74DA38F7C366,2026-08-05,12:00:43,30.11,100.0,8.0,25.002,121.516
74DA38F7C39A,2026-08-05,12:00:43,30.86,100.0,0.0,25.002,121.414
74DA38F7C5BE,2026-08-05,12:00:46,30.61,93.0,21.0,25.092,121.523
74DA38F20B12,2026-08-05,12:00:54,29.0,72.0,6.0,22.91,120.716
74DA38F20934,2026-08-05,12:01:00,30.0,78.0,7.0,23.002,121.29
74DA38F210A2,2026-08-05,12:01:07,30.36,100.0,6.0,25.12,121.466
74DA38F20D1A,2026-08-05,12:01:08,30.11,99.0,0.0,25.078,121.541
74DA38F20DE0,2026-08-05,12:01:10,29.5,100.0,0.0,22.589,120.328
74DA38F20F1C,2026-08-05,12:01:14,29.75,100.0,13.0,25.062,121.451
74DA38F20D70,2026-08-05,12:01:16,29.86,94.0,0.0,23.05,121.164
74DA38F7C532,2026-08-05,12:01:19,30.5,100.0,19.0,25.059,121.499
74DA38F209EE,2026-08-05,12:01:22,29.36,100.0,0.0,23.026,121.33
74DA38F7C480,2026-08-05,12:01:22,29.61,100.0,2.0,25.061,121.432
74DA38F7C4CC,2026-08-05,12:01:31,30.61,100.0,16.0,25.062,121.451
74DA38F7C338,2026-08-05,12:01:32,30.86,100.0,16.0,25.011,121.458
74DA38F7C4DE,2026-08-05,12:01:32,30.11,100.0,0.0,25.09,121.462
74DA38ED05B6,2026-08-05,12:01:39,29.0,100.0,14.0,23.43,121.348
74DA38F20C06,2026-08-05,12:01:41,31.75,69.0,19.0,24.874,121.02
74DA38F7C5CE,2026-08-05,12:01:44,29.61,91.0,1.0,25.066,121.656
74DA38ED0630,2026-08-05,12:01:45,31.0,100.0,0.0,23.994,121.594
74DA38F20A78,2026-08-05,12:01:47,30.0,100.0,3.0,22.904,121.124
74DA38F20B26,2026-08-05,12:01:55,30.11,100.0,17.0,22.783,120.247
74DA38F20E9E,2026-08-05,12:02:02,27.5,100.0,15.0,24.648,121.151
74DA38F20A30,2026-08-05,12:02:04,30.36,88.0,0.0,24.948,121.372
74DA38F20EB2,2026-08-05,12:02:15,25.12,100.0,24.0,24.324,120.835
74DA38F207DE,2026-08-05,12:02:17,30.5,100.0,14.0,22.603,120.34
74DA38F7C41E,2026-08-05,12:02:17,30.11,87.0,0.0,25.054,121.517
74DA38ED05EA,2026-08-05,12:02:18,30.25,100.0,10.0,23.394,121.357
74DA38F7C47C,2026-08-05,12:02:18,30.61,100.0,71.0,25.055,121.455
74DA38F7C506,2026-08-05,12:02:26,31.5,100.0,0.0,24.996,121.544
74DA38F7C5A0,2026-08-05,12:02:30,31.0,100.0,0.0,25.107,121.518
74DA38F7C310,2026-08-05,12:02:32,31.25,100.0,11.0,25.09,121.464
74DA38F2113E,2026-08-05,12:02:34,-4.0,0.0,0.0,22.728,120.313
74DA38F7C30C,2026-08-05,12:02:41,30.61,99.0,0.0,24.975,121.532
74DA38ED0454,2026-08-05,12:02:42,31.5,100.0,18.0,24.053,121.599
74DA38F7C260,2026-08-05,12:02:59,31.75,100.0,0.0,25.065,121.425
74DA38ED0640,2026-08-05,12:03:04,27.62,100.0,14.0,23.154,121.266
74DA38F20B5C,2026-08-05,12:03:07,30.36,100.0,15.0,22.798,120.293
74DA38F21170,2026-08-05,12:03:15,29.86,75.0,5.0,22.779,121.088
74DA38F209A8,2026-08-05,12:03:20,-4.0,0.0,0.0,22.401,120.577
74DA38F7C3D6,2026-08-05,12:03:20,31.11,100.0,0.0,25.045,121.541
74DA38F209B2,2026-08-05,12:03:21,29.61,100.0,0.0,22.363,120.599
74DA38F7C592,2026-08-05,12:03:29,-4.0,0.0,0.0,25.224,121.637
74DA38ED059C,2026-08-05,12:03:47,29.86,100.0,11.0,23.706,121.412
74DA38F7C42E,2026-08-05,12:03:48,30.5,100.0,0.0,24.969,121.514
74DA38F7C566,2026-08-05,12:03:51,32.5,100.0,0.0,25.051,121.448
74DA38F7C54E,2026-08-05,12:03:54,28.86,100.0,0.0,25.063,121.661
74DA38F20B88,2026-08-05,12:04:02,28.36,100.0,0.0,22.75,120.316
74DA38F7C13A,2026-08-05,12:04:04,22.87,-3.0,7.0,25.069,121.359
74DA38F21204,2026-08-05,12:04:12,29.75,100.0,3.0,25.062,121.451
74DA38F7C430,2026-08-05,12:04:14,32.0,84.0,0.0,24.981,121.423
74DA38F20F0A,2026-08-05,12:04:16,28.36,100.0,9.0,22.995,120.635
74DA38F7C514,2026-08-05,12:04:21,30.61,100.0,19.0,25.051,121.518
74DA38ED04F2,2026-08-05,12:04:34,28.25,100.0,9.0,23.468,121.496
74DA38F7C3DE,2026-08-05,12:04:36,31.86,100.0,275.0,24.972,121.537
74DA38F7C600,2026-08-05,12:04:36,23.37,47.0,11.0,25.07,121.586
74DA38F20BF6,2026-08-05,12:04:42,29.5,100.0,14.0,22.582,120.368
74DA38F21088,2026-08-05,12:04:45,31.11,100.0,0.0,25.068,121.588
74DA38F7C610,2026-08-05,12:04:45,30.5,100.0,20.0,25.063,121.564
74DA38F7C464,2026-08-05,12:04:52,26.87,29.0,1.0,25.006,121.413
74DA38F7C59C,2026-08-05,12:04:54,30.36,83.0,32.0,25.103,121.487
74DA38F2105C,2026-08-05,12:04:56,30.36,100.0,0.0,25.088,121.599
74DA38F7C5E6,2026-08-05,12:05:01,32.11,100.0,11.0,25.107,121.843
74DA38F7C560,2026-08-05,12:05:04,31.0,-62.0,0.0,25.079,121.671
74DA38F20D1E,2026-08-05,12:05:10,30.25,100.0,22.0,25.048,121.573
74DA38F21048,2026-08-05,12:05:15,29.5,100.0,18.0,22.595,120.341
74DA38ED06E0,2026-08-05,12:05:22,29.75,100.0,12.0,23.601,121.521
74DA38F208E2,2026-08-05,12:05:27,29.75,100.0,20.0,24.688,121.766
74DA38F7C616,2026-08-05,12:05:30,31.25,100.0,0.0,25.031,121.563
74DA38F7C3B2,2026-08-05,12:05:32,32.25,67.0,9.0,24.929,121.378
74DA38F21024,2026-08-05,12:05:33,29.36,100.0,0.0,24.93,121.036
74DA38F20D2E,2026-08-05,12:05:45,30.36,100.0,0.0,25.06,121.545
74DA38F21054,2026-08-05,12:05:47,29.75,73.0,10.0,22.898,120.627
74DA38F20D16,2026-08-05,12:05:48,31.0,100.0,20.0,25.062,121.526
74DA38F20D6C,2026-08-05,12:06:11,30.0,92.0,0.0,22.661,120.301
74DA38F7C47E,2026-08-05,12:06:11,30.61,100.0,27.0,25.053963,121.427681
74DA38F7C27E,2026-08-05,12:06:13,30.61,100.0,20.0,25.053,121.444
74DA38F21136,2026-08-05,12:06:17,30.61,100.0,13.0,25.119,121.505
74DA38F20862,2026-08-05,12:06:21,28.86,100.0,8.0,23.101,121.176
74DA38F7C3DC,2026-08-05,12:06:25,29.86,100.0,24.0,25.003,121.539
74DA38F7C53C,2026-08-05,12:06:26,29.36,100.0,0.0,25.11,121.804
74DA38F20B80,2026-08-05,12:06:37,30.0,100.0,0.0,22.599,120.35
74DA38F20C26,2026-08-05,12:06:42,32.25,81.0,11.0,22.676,120.342
74DA38F7C5AA,2026-08-05,12:06:45,29.75,100.0,2.0,25.0,121.479
74DA38F7C366,2026-08-05,12:06:48,30.11,100.0,8.0,25.002,121.516
74DA38F7C5BE,2026-08-05,12:06:55,30.61,93.0,21.0,25.092,121.523
74DA38F20B12,2026-08-05,12:07:00,29.0,72.0,6.0,22.91,120.716
74DA38F209DE,2026-08-05,12:07:02,30.36,100.0,1.0,24.861,120.964
74DA38F20FA4,2026-08-05,12:07:04,30.11,100.0,14.0,22.63,120.42
74DA38F20934,2026-08-05,12:07:11,30.0,78.0,7.0,23.002,121.29
74DA38F7C39A,2026-08-05,12:07:12,30.86,100.0,0.0,25.002,121.414
74DA38F210A2,2026-08-05,12:07:13,30.36,100.0,5.0,25.12,121.466
74DA38F20F1C,2026-08-05,12:07:19,29.75,100.0,13.0,25.062,121.451
74DA38F20D70,2026-08-05,12:07:21,29.86,94.0,0.0,23.05,121.164
74DA38F7C532,2026-08-05,12:07:26,30.36,100.0,19.0,25.059,121.499
74DA38F209EE,2026-08-05,12:07:27,29.25,100.0,0.0,23.026,121.33
74DA38F20E6E,2026-08-05,12:07:31,27.5,100.0,0.0,24.41,120.902
74DA38F20D1A,2026-08-05,12:07:37,30.11,100.0,0.0,25.078,121.541
74DA38F7C4CC,2026-08-05,12:07:37,30.5,100.0,15.0,25.062,121.451
74DA38F20DE0,2026-08-05,12:07:38,29.61,100.0,0.0,22.589,120.328
74DA38F7C338,2026-08-05,12:07:40,30.86,100.0,15.0,25.011,121.458
74DA38F7C4DE,2026-08-05,12:07:40,30.11,100.0,0.0,25.09,121.462
74DA38ED05B6,2026-08-05,12:07:45,29.0,100.0,13.0,23.43,121.348
74DA38F20C06,2026-08-05,12:07:49,31.75,69.0,19.0,24.874,121.02
74DA38F7C480,2026-08-05,12:07:51,29.61,100.0,2.0,25.061,121.432
74DA38F20A78,2026-08-05,12:07:53,30.0,100.0,3.0,22.904,121.124
74DA38F20B26,2026-08-05,12:08:09,30.11,100.0,11.0,22.783,120.247
74DA38F20E9E,2026-08-05,12:08:10,27.5,100.0,17.0,24.648,121.151
74DA38F7C5CE,2026-08-05,12:08:11,29.61,91.0,0.0,25.066,121.656
74DA38F7C47C,2026-08-05,12:08:12,30.75,100.0,76.0,25.055,121.455
74DA38ED0630,2026-08-05,12:08:16,31.0,100.0,0.0,23.994,121.594
74DA38F20B82,2026-08-05,12:08:19,-4.0,0.0,0.0,22.847,120.465
74DA38F207DE,2026-08-05,12:08:22,30.5,100.0,15.0,22.603,120.34
74DA38ED05EA,2026-08-05,12:08:23,30.11,100.0,10.0,23.394,121.357
74DA38F20EB2,2026-08-05,12:08:25,25.12,100.0,23.0,24.324,120.835
74DA38F20A30,2026-08-05,12:08:36,30.5,88.0,0.0,24.948,121.372
74DA38F7C310,2026-08-05,12:08:37,31.36,100.0,12.0,25.09,121.464
74DA38F7C3BA,2026-08-05,12:08:45,-4.0,0.0,93.0,25.174,121.441
74DA38ED0454,2026-08-05,12:08:48,31.36,100.0,19.0,24.053,121.599
74DA38F7C41E,2026-08-05,12:08:52,30.11,87.0,0.0,25.054,121.517
74DA38F7C506,2026-08-05,12:08:56,31.36,100.0,0.0,24.996,121.544
74DA38F7C5A0,2026-08-05,12:08:58,31.0,100.0,0.0,25.107,121.518
74DA38F7C570,2026-08-05,12:09:05,-4.0,0.0,0.0,25.239,121.63
74DA38F20B5C,2026-08-05,12:09:15,30.25,100.0,21.0,22.798,120.293
74DA38ED0640,2026-08-05,12:09:16,27.62,100.0,12.0,23.154,121.266
74DA38F21170,2026-08-05,12:09:20,29.75,75.0,5.0,22.779,121.088
74DA38F7C63C,2026-08-05,12:09:24,-4.0,0.0,12.0,24.998,121.425
74DA38F7C260,2026-08-05,12:09:26,31.86,100.0,0.0,25.065,121.425
74DA38F7C3D6,2026-08-05,12:09:47,31.11,100.0,0.0,25.045,121.541
74DA38F209B2,2026-08-05,12:09:48,29.61,100.0,0.0,22.363,120.599
74DA38F2113E,2026-08-05,12:09:49,-4.0,0.0,0.0,22.728,120.313
74DA38F7C42E,2026-08-05,12:10:15,30.61,100.0,0.0,24.969,121.514
74DA38ED059C,2026-08-05,12:10:17,30.0,99.0,11.0,23.706,121.412
74DA38F21204,2026-08-05,12:10:18,29.61,100.0,3.0,25.062,121.451
74DA38F7C566,2026-08-05,12:10:18,32.5,100.0,0.0,25.051,121.448
74DA38F20F0A,2026-08-05,12:10:22,28.36,100.0,8.0,22.995,120.635
74DA38F7C54E,2026-08-05,12:10:27,29.0,100.0,0.0,25.063,121.661
74DA38F7C514,2026-08-05,12:10:28,30.5,100.0,18.0,25.051,121.518
74DA38F20B88,2026-08-05,12:10:29,28.25,100.0,0.0,22.75,120.316
74DA38F7C3DE,2026-08-05,12:10:34,32.0,100.0,266.0,24.972,121.537
74DA38F7C13A,2026-08-05,12:10:37,22.75,-4.0,7.0,25.069,121.359
74DA38F7C600,2026-08-05,12:10:41,23.37,47.0,11.0,25.07,121.586
74DA38F7C430,2026-08-05,12:10:42,31.86,85.0,0.0,24.981,121.423
74DA38ED04F2,2026-08-05,12:10:43,28.11,100.0,9.0,23.468,121.496
74DA38F20BF6,2026-08-05,12:10:47,29.5,100.0,14.0,22.582,120.368
74DA38F7C610,2026-08-05,12:10:52,30.5,100.0,20.0,25.063,121.564
74DA38F7C5E6,2026-08-05,12:11:08,32.0,100.0,12.0,25.107,121.843
74DA38F21088,2026-08-05,12:11:14,31.0,100.0,0.0,25.068,121.588
74DA38F20D1E,2026-08-05,12:11:20,30.25,100.0,23.0,25.048,121.573
74DA38F2105C,2026-08-05,12:11:23,30.36,100.0,0.0,25.088,121.599
74DA38F7C59C,2026-08-05,12:11:23,30.36,83.0,30.0,25.103,121.487
74DA38F7C464,2026-08-05,12:11:27,26.75,30.0,1.0,25.006,121.413
74DA38ED06E0,2026-08-05,12:11:29,29.75,100.0,12.0,23.601,121.521
74DA38F7C560,2026-08-05,12:11:32,30.86,-63.0,0.0,25.079,121.671
74DA38F208E2,2026-08-05,12:11:34,29.75,100.0,23.0,24.688,121.766
74DA38F7C616,2026-08-05,12:11:36,31.11,100.0,0.0,25.031,121.563
74DA38F7C3B2,2026-08-05,12:11:38,32.25,67.0,9.0,24.929,121.378
74DA38F21048,2026-08-05,12:11:42,29.5,100.0,17.0,22.595,120.341
74DA38F21054,2026-08-05,12:11:52,29.75,74.0,10.0,22.898,120.627
74DA38F20D16,2026-08-05,12:11:57,31.0,100.0,21.0,25.062,121.526
74DA38F21024,2026-08-05,12:12:00,29.5,100.0,0.0,24.93,121.036
74DA38F20D2E,2026-08-05,12:12:12,30.5,100.0,0.0,25.06,121.545
74DA38F7C27E,2026-08-05,12:12:18,30.61,100.0,18.0,25.053,121.444
74DA38F7C47E,2026-08-05,12:12:18,30.36,100.0,25.0,25.053963,121.427681
74DA38F21136,2026-08-05,12:12:26,30.61,100.0,13.0,25.119,121.505
74DA38F20862,2026-08-05,12:12:28,28.75,100.0,11.0,23.101,121.176
74DA38F7C3DC,2026-08-05,12:12:33,29.75,100.0,24.0,25.003,121.539
74DA38F20D6C,2026-08-05,12:12:46,30.0,92.0,0.0,22.661,120.301
74DA38F20C26,2026-08-05,12:12:48,32.36,81.0,13.0,22.676,120.342
74DA38F7C366,2026-08-05,12:12:53,30.0,100.0,8.0,25.002,121.516
74DA38F7C53C,2026-08-05,12:12:54,29.25,100.0,0.0,25.11,121.804
74DA38F209A8,2026-08-05,12:12:59,-4.0,0.0,0.0,22.401,120.577
74DA38F7C5BE,2026-08-05,12:13:01,30.5,93.0,22.0,25.092,121.523
74DA38F20B80,2026-08-05,12:13:05,30.11,100.0,0.0,22.599,120.35
74DA38F20B12,2026-08-05,12:13:06,28.86,73.0,6.0,22.91,120.716
74DA38F7C592,2026-08-05,12:13:08,-4.0,0.0,0.0,25.224,121.637
74DA38F20FA4,2026-08-05,12:13:13,30.11,100.0,15.0,22.63,120.42
74DA38F210A2,2026-08-05,12:13:19,30.36,100.0,6.0,25.12,121.466
74DA38F20934,2026-08-05,12:13:20,29.86,78.0,7.0,23.002,121.29
74DA38F7C5AA,2026-08-05,12:13:28,29.86,100.0,1.0,25.0,121.479
74DA38F20D70,2026-08-05,12:13:29,30.11,94.0,0.0,23.05,121.164
74DA38F20F1C,2026-08-05,12:13:29,29.61,100.0,23.0,25.062,121.451
74DA38F209DE,2026-08-05,12:13:31,30.25,100.0,1.0,24.861,120.964
74DA38F209EE,2026-08-05,12:13:33,29.11,100.0,0.0,23.026,121.33
74DA38F7C532,2026-08-05,12:13:36,30.25,100.0,19.0,25.059,121.499
74DA38F7C39A,2026-08-05,12:13:38,30.86,100.0,0.0,25.002,121.414
74DA38F7C4CC,2026-08-05,12:13:45,30.5,100.0,17.0,25.062,121.451
74DA38F7C338,2026-08-05,12:13:47,30.86,100.0,16.0,25.011,121.458
74DA38ED05B6,2026-08-05,12:13:52,28.86,100.0,15.0,23.43,121.348
74DA38F20C06,2026-08-05,12:13:56,31.75,69.0,19.0,24.874,121.02
74DA38F20A78,2026-08-05,12:13:59,30.0,100.0,3.0,22.904,121.124
74DA38F7C4DE,2026-08-05,12:14:01,30.0,100.0,0.0,25.09,121.462
74DA38F20D1A,2026-08-05,12:14:05,30.0,100.0,0.0,25.078,121.541
74DA38F20DE0,2026-08-05,12:14:05,29.86,100.0,0.0,22.589,120.328
74DA38F7C47C,2026-08-05,12:14:06,30.61,100.0,85.0,25.055,121.455
74DA38F20E9E,2026-08-05,12:14:15,27.5,100.0,16.0,24.648,121.151
74DA38F7C480,2026-08-05,12:14:18,29.5,100.0,2.0,25.061,121.432
74DA38F20B26,2026-08-05,12:14:23,30.11,100.0,13.0,22.783,120.247
74DA38ED05EA,2026-08-05,12:14:28,30.0,100.0,9.0,23.394,121.357
74DA38F207DE,2026-08-05,12:14:28,30.5,100.0,15.0,22.603,120.34
74DA38F20EB2,2026-08-05,12:14:34,25.0,100.0,23.0,24.324,120.835
74DA38F7C5CE,2026-08-05,12:14:38,29.75,91.0,0.0,25.066,121.656
74DA38F7C310,2026-08-05,12:14:42,31.25,100.0,11.0,25.09,121.464
74DA38ED0630,2026-08-05,12:14:44,30.86,100.0,0.0,23.994,121.594
74DA38ED0454,2026-08-05,12:14:54,31.36,100.0,18.0,24.053,121.599
74DA38F2104E,2026-08-05,12:15:11,28.11,100.0,16.0,23.108,120.7
74DA38F20A30,2026-08-05,12:15:12,30.36,88.0,0.0,24.948,121.372
74DA38ED0640,2026-08-05,12:15:24,27.5,100.0,9.0,23.154,121.266
74DA38F21170,2026-08-05,12:15:26,29.75,75.0,6.0,22.779,121.088
74DA38F7C5A0,2026-08-05,12:15:26,31.0,100.0,0.0,25.107,121.518
74DA38F7C41E,2026-08-05,12:15:27,30.11,87.0,0.0,25.054,121.517
74DA38F7C506,2026-08-05,12:15:27,31.25,100.0,0.0,24.996,121.544
74DA38F20B5C,2026-08-05,12:15:47,30.36,100.0,17.0,22.798,120.293
74DA38F7C260,2026-08-05,12:15:55,31.86,100.0,0.0,25.065,121.425
74DA38F7C3D6,2026-08-05,12:16:13,31.0,100.0,0.0,25.045,121.541
74DA38F209B2,2026-08-05,12:16:15,29.5,100.0,0.0,22.363,120.599
74DA38F21204,2026-08-05,12:16:25,29.61,100.0,2.0,25.062,121.451
74DA38ED059C,2026-08-05,12:16:26,30.0,98.0,11.0,23.706,121.412
74DA38F20F0A,2026-08-05,12:16:28,28.25,100.0,7.0,22.995,120.635
74DA38F7C3DE,2026-08-05,12:16:32,32.0,100.0,285.0,24.972,121.537
74DA38F7C514,2026-08-05,12:16:37,30.5,100.0,18.0,25.051,121.518
74DA38F7C42E,2026-08-05,12:16:44,30.5,100.0,0.0,24.969,121.514
74DA38F7C600,2026-08-05,12:16:46,23.37,47.0,12.0,25.07,121.586
74DA38ED04F2,2026-08-05,12:16:50,28.25,100.0,10.0,23.468,121.496
74DA38F20BF6,2026-08-05,12:16:51,29.5,100.0,15.0,22.582,120.368
74DA38F20B88,2026-08-05,12:16:57,28.25,100.0,0.0,22.75,120.316
74DA38F7C54E,2026-08-05,12:17:00,29.0,100.0,0.0,25.063,121.661
74DA38F7C610,2026-08-05,12:17:00,30.5,100.0,20.0,25.063,121.564
74DA38F2113E,2026-08-05,12:17:04,-4.0,0.0,0.0,22.728,120.313
74DA38F7C13A,2026-08-05,12:17:10,22.62,-5.0,5.0,25.069,121.359
74DA38F7C430,2026-08-05,12:17:10,31.86,85.0,0.0,24.981,121.423
74DA38F7C5E6,2026-08-05,12:17:15,32.0,100.0,11.0,25.107,121.843
74DA38F20D1E,2026-08-05,12:17:27,30.25,100.0,22.0,25.048,121.573
74DA38F7C3BA,2026-08-05,12:17:30,-4.0,0.0,97.0,25.174,121.441
74DA38F208E2,2026-08-05,12:17:40,29.75,100.0,23.0,24.688,121.766
74DA38F21088,2026-08-05,12:17:41,31.11,100.0,0.0,25.068,121.588
74DA38F7C616,2026-08-05,12:17:42,31.11,100.0,0.0,25.031,121.563
74DA38F7C3B2,2026-08-05,12:17:44,32.25,67.0,10.0,24.929,121.378
74DA38ED06E0,2026-08-05,12:17:46,29.75,100.0,12.0,23.601,121.521
74DA38F20B82,2026-08-05,12:17:50,-4.0,0.0,0.0,22.847,120.465
74DA38F2105C,2026-08-05,12:17:50,30.36,100.0,0.0,25.088,121.599
74DA38F7C59C,2026-08-05,12:17:52,30.36,82.0,28.0,25.103,121.487
74DA38F7C464,2026-08-05,12:17:55,27.0,30.0,0.0,25.006,121.413
74DA38F21054,2026-08-05,12:17:57,29.75,74.0,10.0,22.898,120.627
74DA38F7C560,2026-08-05,12:17:59,30.86,-63.0,0.0,25.079,121.671
74DA38F20D16,2026-08-05,12:18:03,31.0,100.0,20.0,25.062,121.526
74DA38F21048,2026-08-05,12:18:13,29.5,100.0,16.0,22.595,120.341
74DA38F7C27E,2026-08-05,12:18:24,30.61,100.0,19.0,25.053,121.444
74DA38F7C47E,2026-08-05,12:18:25,30.36,100.0,27.0,25.053963,121.427681
74DA38F21024,2026-08-05,12:18:28,29.5,100.0,0.0,24.93,121.036
74DA38F21136,2026-08-05,12:18:35,30.61,100.0,12.0,25.119,121.505
74DA38F20862,2026-08-05,12:18:36,28.61,100.0,11.0,23.101,121.176
74DA38F20D2E,2026-08-05,12:18:40,30.5,100.0,0.0,25.06,121.545
74DA38F7C3DC,2026-08-05,12:18:41,29.75,100.0,24.0,25.003,121.539
74DA38F7C570,2026-08-05,12:18:45,-4.0,0.0,0.0,25.239,121.63
74DA38F20C26,2026-08-05,12:18:56,32.5,81.0,13.0,22.676,120.342
74DA38F7C63C,2026-08-05,12:18:56,-4.0,0.0,12.0,24.998,121.425
74DA38F7C366,2026-08-05,12:18:58,29.86,100.0,8.0,25.002,121.516
74DA38F7C5BE,2026-08-05,12:19:09,30.5,93.0,23.0,25.092,121.523
74DA38F20B12,2026-08-05,12:19:12,28.86,73.0,6.0,22.91,120.716
74DA38F20D6C,2026-08-05,12:19:21,30.11,92.0,0.0,22.661,120.301
74DA38F7C53C,2026-08-05,12:19:21,29.25,100.0,0.0,25.11,121.804
74DA38F210A2,2026-08-05,12:19:24,30.5,100.0,6.0,25.12,121.466
74DA38F20FA4,2026-08-05,12:19:25,30.25,100.0,14.0,22.63,120.42
74DA38F20934,2026-08-05,12:19:28,29.86,78.0,7.0,23.002,121.29
74DA38F20B80,2026-08-05,12:19:36,30.11,100.0,0.0,22.599,120.35
74DA38F209EE,2026-08-05,12:19:38,29.11,100.0,0.0,23.026,121.33
74DA38F20D70,2026-08-05,12:19:38,30.36,94.0,0.0,23.05,121.164
74DA38F20F1C,2026-08-05,12:19:41,29.75,100.0,32.0,25.062,121.451
74DA38F7C532,2026-08-05,12:19:42,30.11,100.0,19.0,25.059,121.499
74DA38F7C4CC,2026-08-05,12:19:52,30.61,100.0,16.0,25.062,121.451
74DA38F7C338,2026-08-05,12:19:54,30.86,100.0,16.0,25.011,121.458
74DA38ED05B6,2026-08-05,12:19:58,28.75,100.0,13.0,23.43,121.348
74DA38F209DE,2026-08-05,12:19:58,30.36,100.0,0.0,24.861,120.964
74DA38F7C47C,2026-08-05,12:20:01,30.61,100.0,74.0,25.055,121.455
74DA38F20C06,2026-08-05,12:20:03,31.75,70.0,19.0,24.874,121.02
74DA38F20A78,2026-08-05,12:20:05,30.0,100.0,3.0,22.904,121.124
74DA38F7C39A,2026-08-05,12:20:07,30.86,100.0,0.0,25.002,121.414
74DA38F7C4DE,2026-08-05,12:20:13,30.0,100.0,0.0,25.09,121.462
74DA38F20E9E,2026-08-05,12:20:21,27.5,100.0,15.0,24.648,121.151
74DA38F7C5AA,2026-08-05,12:20:29,29.86,100.0,3.0,25.0,121.479
74DA38F20B26,2026-08-05,12:20:32,30.11,100.0,12.0,22.783,120.247
74DA38F20D1A,2026-08-05,12:20:32,29.86,100.0,0.0,25.078,121.541
74DA38ED05EA,2026-08-05,12:20:33,30.11,100.0,10.0,23.394,121.357
74DA38F207DE,2026-08-05,12:20:33,30.61,100.0,14.0,22.603,120.34
74DA38F20DE0,2026-08-05,12:20:33,29.86,100.0,0.0,22.589,120.328
74DA38F20EB2,2026-08-05,12:20:40,25.12,100.0,23.0,24.324,120.835
74DA38F7C480,2026-08-05,12:20:46,29.5,100.0,2.0,25.061,121.432
74DA38F7C310,2026-08-05,12:20:47,31.25,100.0,11.0,25.09,121.464
74DA38ED0454,2026-08-05,12:21:00,31.36,100.0,18.0,24.053,121.599
74DA38F7C5CE,2026-08-05,12:21:05,29.75,90.0,0.0,25.066,121.656
74DA38ED0630,2026-08-05,12:21:13,30.86,100.0,0.0,23.994,121.594
74DA38F2104E,2026-08-05,12:21:17,28.25,100.0,12.0,23.108,120.7
74DA38F21170,2026-08-05,12:21:32,29.61,76.0,4.0,22.779,121.088
74DA38ED0640,2026-08-05,12:21:33,27.5,100.0,11.0,23.154,121.266
74DA38F20A30,2026-08-05,12:21:40,30.36,88.0,0.0,24.948,121.372
74DA38F7C5A0,2026-08-05,12:21:52,31.0,100.0,0.0,25.107,121.518
74DA38F20B5C,2026-08-05,12:21:53,30.36,100.0,14.0,22.798,120.293
74DA38F7C506,2026-08-05,12:21:55,31.11,100.0,0.0,24.996,121.544
74DA38F7C41E,2026-08-05,12:22:04,30.11,87.0,0.0,25.054,121.517
74DA38F7C260,2026-08-05,12:22:23,31.86,100.0,0.0,25.065,121.425
74DA38F7C3DE,2026-08-05,12:22:30,32.0,100.0,284.0,24.972,121.537
74DA38F20F0A,2026-08-05,12:22:34,28.25,100.0,7.0,22.995,120.635
74DA38F209A8,2026-08-05,12:22:36,-4.0,0.0,0.0,22.401,120.577
74DA38ED059C,2026-08-05,12:22:40,30.11,98.0,10.0,23.706,121.412
74DA38F7C3D6,2026-08-05,12:22:40,31.11,100.0,0.0,25.045,121.541
74DA38F21204,2026-08-05,12:22:41,29.5,100.0,2.0,25.062,121.451
74DA38F209B2,2026-08-05,12:22:43,29.36,100.0,1.0,22.363,120.599
74DA38F7C514,2026-08-05,12:22:46,30.5,100.0,19.0,25.051,121.518
74DA38F7C592,2026-08-05,12:22:48,-4.0,0.0,0.0,25.224,121.637
74DA38F7C600,2026-08-05,12:22:52,23.37,47.0,11.0,25.07,121.586
74DA38F20BF6,2026-08-05,12:22:58,29.5,100.0,14.0,22.582,120.368
74DA38ED04F2,2026-08-05,12:23:01,28.11,100.0,10.0,23.468,121.496
74DA38F7C610,2026-08-05,12:23:07,30.5,100.0,20.0,25.063,121.564
74DA38F7C5E6,2026-08-05,12:23:22,32.0,100.0,11.0,25.107,121.843
74DA38F20B88,2026-08-05,12:23:27,28.25,100.0,0.0,22.75,120.316
74DA38F7C54E,2026-08-05,12:23:28,29.11,100.0,0.0,25.063,121.661
74DA38F20D1E,2026-08-05,12:23:35,30.25,100.0,23.0,25.048,121.573
74DA38F7C430,2026-08-05,12:23:38,31.86,85.0,0.0,24.981,121.423
74DA38F7C13A,2026-08-05,12:23:41,22.62,-5.0,6.0,25.069,121.359
74DA38F208E2,2026-08-05,12:23:47,29.61,100.0,24.0,24.688,121.766
74DA38F7C3B2,2026-08-05,12:23:50,32.25,67.0,9.0,24.929,121.378
74DA38F7C616,2026-08-05,12:23:50,31.11,100.0,0.0,25.031,121.563
74DA38ED06E0,2026-08-05,12:23:52,29.75,100.0,12.0,23.601,121.521
74DA38F21054,2026-08-05,12:24:04,29.75,74.0,9.0,22.898,120.627
74DA38F21088,2026-08-05,12:24:09,31.0,100.0,0.0,25.068,121.588
74DA38F20D16,2026-08-05,12:24:11,31.0,100.0,21.0,25.062,121.526
74DA38F2105C,2026-08-05,12:24:19,30.36,100.0,0.0,25.088,121.599
74DA38F2113E,2026-08-05,12:24:20,-4.0,0.0,0.0,22.728,120.313
74DA38F7C59C,2026-08-05,12:24:23,30.5,82.0,30.0,25.103,121.487
74DA38F7C464,2026-08-05,12:24:25,27.0,30.0,0.0,25.006,121.413
74DA38F7C560,2026-08-05,12:24:27,31.11,-63.0,0.0,25.079,121.671
74DA38F7C27E,2026-08-05,12:24:31,30.61,100.0,21.0,25.053,121.444
74DA38F7C47E,2026-08-05,12:24:32,30.36,100.0,26.0,25.053963,121.427681
74DA38F21048,2026-08-05,12:24:40,29.5,100.0,17.0,22.595,120.341
74DA38F20862,2026-08-05,12:24:43,28.61,100.0,9.0,23.101,121.176
74DA38F7C3DC,2026-08-05,12:24:48,29.75,100.0,24.0,25.003,121.539
74DA38F21024,2026-08-05,12:24:54,29.5,100.0,0.0,24.93,121.036
74DA38F20C26,2026-08-05,12:25:05,32.75,81.0,13.0,22.676,120.342
74DA38F7C366,2026-08-05,12:25:05,30.0,100.0,8.0,25.002,121.516
74DA38F21136,2026-08-05,12:25:07,30.75,100.0,12.0,25.119,121.505
74DA38F20D2E,2026-08-05,12:25:09,30.5,100.0,0.0,25.06,121.545
74DA38F7C5BE,2026-08-05,12:25:15,30.36,94.0,22.0,25.092,121.523
74DA38F20B12,2026-08-05,12:25:19,28.86,73.0,6.0,22.91,120.716
74DA38F210A2,2026-08-05,12:25:29,30.36,100.0,6.0,25.12,121.466
74DA38F209EE,2026-08-05,12:25:43,29.25,100.0,0.0,23.026,121.33
74DA38F20D70,2026-08-05,12:25:44,30.36,93.0,0.0,23.05,121.164
74DA38F20FA4,2026-08-05,12:25:45,30.36,100.0,15.0,22.63,120.42
74DA38F7C532,2026-08-05,12:25:48,30.0,100.0,19.0,25.059,121.499
74DA38F7C53C,2026-08-05,12:25:48,29.25,100.0,0.0,25.11,121.804
74DA38F20D6C,2026-08-05,12:25:50,30.11,92.0,0.0,22.661,120.301
74DA38F20F1C,2026-08-05,12:25:51,29.61,100.0,23.0,25.062,121.451
74DA38F7C47C,2026-08-05,12:25:55,30.61,100.0,85.0,25.055,121.455
74DA38F7C4CC,2026-08-05,12:25:59,30.5,100.0,18.0,25.062,121.451
74DA38ED05B6,2026-08-05,12:26:04,28.86,100.0,12.0,23.43,121.348
74DA38F20B80,2026-08-05,12:26:04,30.0,100.0,0.0,22.599,120.35
74DA38F7C338,2026-08-05,12:26:05,30.75,100.0,16.0,25.011,121.458
74DA38F20C06,2026-08-05,12:26:10,31.75,70.0,19.0,24.874,121.02
74DA38F20A78,2026-08-05,12:26:11,30.0,100.0,3.0,22.904,121.124
74DA38F7C3BA,2026-08-05,12:26:12,-4.0,0.0,95.0,25.174,121.441
74DA38F7C4DE,2026-08-05,12:26:21,30.0,100.0,0.0,25.09,121.462
74DA38F209DE,2026-08-05,12:26:25,30.36,100.0,0.0,24.861,120.964
74DA38F20E9E,2026-08-05,12:26:27,27.62,100.0,16.0,24.648,121.151
74DA38F7C39A,2026-08-05,12:26:34,30.75,100.0,0.0,25.002,121.414
74DA38ED05EA,2026-08-05,12:26:38,30.11,100.0,11.0,23.394,121.357
74DA38F207DE,2026-08-05,12:26:38,30.61,100.0,15.0,22.603,120.34
74DA38F20B26,2026-08-05,12:26:43,30.11,100.0,12.0,22.783,120.247
74DA38F20EB2,2026-08-05,12:26:49,25.12,100.0,23.0,24.324,120.835
74DA38F7C310,2026-08-05,12:26:52,31.25,100.0,10.0,25.09,121.464
74DA38F20D1A,2026-08-05,12:27:01,29.86,100.0,0.0,25.078,121.541
74DA38F20DE0,2026-08-05,12:27:01,29.61,100.0,0.0,22.589,120.328
74DA38ED0454,2026-08-05,12:27:06,31.36,100.0,18.0,24.053,121.599
74DA38F7C480,2026-08-05,12:27:14,29.75,100.0,0.0,25.061,121.432
74DA38F20B82,2026-08-05,12:27:23,-4.0,0.0,0.0,22.847,120.465
74DA38F2104E,2026-08-05,12:27:23,28.11,100.0,12.0,23.108,120.7
74DA38F7C5CE,2026-08-05,12:27:32,29.86,90.0,0.0,25.066,121.656
74DA38F21170,2026-08-05,12:27:38,29.61,76.0,5.0,22.779,121.088
74DA38ED0640,2026-08-05,12:27:40,27.37,100.0,6.0,23.154,121.266
74DA38ED0630,2026-08-05,12:27:42,30.75,100.0,0.0,23.994,121.594
74DA38F20B5C,2026-08-05,12:28:09,30.25,100.0,15.0,22.798,120.293
74DA38F7C5A0,2026-08-05,12:28:20,31.0,100.0,0.0,25.107,121.518
74DA38F7C570,2026-08-05,12:28:23,-4.0,0.0,0.0,25.239,121.63
74DA38F7C63C,2026-08-05,12:28:27,-4.0,0.0,13.0,24.998,121.425
74DA38F7C3DE,2026-08-05,12:28:28,31.86,100.0,272.0,24.972,121.537
74DA38F7C506,2026-08-05,12:28:35,30.75,100.0,0.0,24.996,121.544
74DA38F20F0A,2026-08-05,12:28:41,28.25,100.0,7.0,22.995,120.635
74DA38F7C260,2026-08-05,12:28:52,31.86,100.0,0.0,25.065,121.425
74DA38F21204,2026-08-05,12:28:53,29.36,100.0,2.0,25.062,121.451
74DA38F7C514,2026-08-05,12:28:54,30.5,100.0,18.0,25.051,121.518
74DA38ED059C,2026-08-05,12:28:56,30.0,99.0,11.0,23.706,121.412
74DA38F7C600,2026-08-05,12:28:57,23.37,47.0,12.0,25.07,121.586
74DA38F20BF6,2026-08-05,12:29:03,29.5,100.0,14.0,22.582,120.368
74DA38F7C3D6,2026-08-05,12:29:07,31.25,100.0,0.0,25.045,121.541
74DA38ED04F2,2026-08-05,12:29:08,28.11,100.0,10.0,23.468,121.496
74DA38F209B2,2026-08-05,12:29:10,29.0,100.0,0.0,22.363,120.599
74DA38F7C610,2026-08-05,12:29:16,30.5,100.0,20.0,25.063,121.564
74DA38F7C5E6,2026-08-05,12:29:30,31.86,100.0,9.0,25.107,121.843
74DA38F208E2,2026-08-05,12:29:56,29.61,100.0,24.0,24.688,121.766
74DA38F7C3B2,2026-08-05,12:29:56,32.25,67.0,9.0,24.929,121.378
74DA38ED06E0,2026-08-05,12:29:57,29.75,100.0,12.0,23.601,121.521
74DA38F20B88,2026-08-05,12:29:57,28.25,100.0,0.0,22.75,120.316
74DA38F7C54E,2026-08-05,12:29:57,29.0,100.0,0.0,25.063,121.661
74DA38F7C616,2026-08-05,12:29:57,31.11,100.0,0.0,25.031,121.563
74DA38F7C42E,2026-08-05,12:29:58,30.36,100.0,0.0,24.969,121.514
74DA38F7C430,2026-08-05,12:30:04,31.86,85.0,0.0,24.981,121.423
74DA38F21054,2026-08-05,12:30:09,29.75,74.0,10.0,22.898,120.627
74DA38F7C13A,2026-08-05,12:30:16,22.62,-4.0,5.0,25.069,121.359
74DA38F20D16,2026-08-05,12:30:18,31.0,100.0,21.0,25.062,121.526
74DA38F21088,2026-08-05,12:30:38,31.0,100.0,0.0,25.068,121.588
74DA38F7C27E,2026-08-05,12:30:38,30.61,100.0,20.0,25.053,121.444
74DA38F7C47E,2026-08-05,12:30:40,30.5,100.0,27.0,25.053963,121.427681
74DA38F2105C,2026-08-05,12:30:47,30.25,100.0,0.0,25.088,121.599
74DA38F20862,2026-08-05,12:30:51,28.61,100.0,13.0,23.101,121.176
74DA38F7C59C,2026-08-05,12:30:51,30.5,82.0,28.0,25.103,121.487
74DA38F7C464,2026-08-05,12:30:53,26.87,29.0,0.0,25.006,121.413
74DA38F7C560,2026-08-05,12:30:54,31.25,-63.0,0.0,25.079,121.671
74DA38F7C3DC,2026-08-05,12:30:57,29.75,100.0,24.0,25.003,121.539
74DA38F20C26,2026-08-05,12:31:11,32.61,81.0,14.0,22.676,120.342
74DA38F21048,2026-08-05,12:31:11,29.61,100.0,18.0,22.595,120.341
74DA38F7C366,2026-08-05,12:31:11,30.11,100.0,8.0,25.002,121.516
74DA38F21024,2026-08-05,12:31:20,29.5,100.0,0.0,24.93,121.036
74DA38F7C5BE,2026-08-05,12:31:21,30.36,94.0,24.0,25.092,121.523
74DA38F20B12,2026-08-05,12:31:26,28.86,73.0,6.0,22.91,120.716
74DA38F210A2,2026-08-05,12:31:34,30.5,100.0,5.0,25.12,121.466
74DA38F20D2E,2026-08-05,12:31:35,30.5,100.0,0.0,25.06,121.545
74DA38F2113E,2026-08-05,12:31:36,-4.0,0.0,0.0,22.728,120.313
74DA38F7C47C,2026-08-05,12:31:48,30.75,100.0,109.0,25.055,121.455
74DA38F209EE,2026-08-05,12:31:49,29.11,100.0,0.0,23.026,121.33
74DA38F20D70,2026-08-05,12:31:49,30.5,93.0,0.0,23.05,121.164
74DA38F20FA4,2026-08-05,12:31:55,30.11,100.0,15.0,22.63,120.42
74DA38F7C532,2026-08-05,12:31:57,30.0,100.0,18.0,25.059,121.499
74DA38F20F1C,2026-08-05,12:31:59,29.61,100.0,26.0,25.062,121.451
74DA38F7C4CC,2026-08-05,12:32:07,30.61,100.0,16.0,25.062,121.451
74DA38ED05B6,2026-08-05,12:32:10,29.0,100.0,12.0,23.43,121.348
74DA38F209A8,2026-08-05,12:32:14,-4.0,0.0,0.0,22.401,120.577
74DA38F7C338,2026-08-05,12:32:14,30.75,100.0,15.0,25.011,121.458
74DA38F20934,2026-08-05,12:32:15,29.86,78.0,7.0,23.002,121.29
74DA38F7C53C,2026-08-05,12:32:15,29.25,100.0,0.0,25.11,121.804
74DA38F20A78,2026-08-05,12:32:17,29.86,100.0,3.0,22.904,121.124
74DA38F20D6C,2026-08-05,12:32:17,30.11,92.0,0.0,22.661,120.301
74DA38F20C06,2026-08-05,12:32:18,31.75,70.0,21.0,24.874,121.02
74DA38F7C566,2026-08-05,12:32:24,32.75,100.0,1.0,25.051,121.448
74DA38F7C592,2026-08-05,12:32:27,-4.0,0.0,0.0,25.224,121.637
74DA38F7C4DE,2026-08-05,12:32:28,30.0,100.0,0.0,25.09,121.462
74DA38F20B80,2026-08-05,12:32:34,30.0,100.0,0.0,22.599,120.35
74DA38F20E9E,2026-08-05,12:32:37,27.5,100.0,20.0,24.648,121.151
74DA38F207DE,2026-08-05,12:32:42,30.61,100.0,14.0,22.603,120.34
74DA38ED05EA,2026-08-05,12:32:44,30.11,100.0,11.0,23.394,121.357
74DA38F209DE,2026-08-05,12:32:53,30.5,100.0,0.0,24.861,120.964
74DA38F20B26,2026-08-05,12:32:57,30.25,100.0,13.0,22.783,120.247
74DA38F7C310,2026-08-05,12:32:57,31.25,100.0,11.0,25.09,121.464
74DA38F20EB2,2026-08-05,12:33:00,25.25,100.0,24.0,24.324,120.835
74DA38F7C39A,2026-08-05,12:33:01,30.61,100.0,0.0,25.002,121.414
74DA38ED0454,2026-08-05,12:33:12,31.5,100.0,19.0,24.053,121.599
74DA38F20D1A,2026-08-05,12:33:28,30.0,100.0,0.0,25.078,121.541
74DA38F20DE0,2026-08-05,12:33:28,29.75,100.0,0.0,22.589,120.328
74DA38F2104E,2026-08-05,12:33:29,28.0,100.0,12.0,23.108,120.7
74DA38F7C480,2026-08-05,12:33:41,29.86,100.0,0.0,25.061,121.432
74DA38ED0640,2026-08-05,12:33:47,27.25,100.0,6.0,23.154,121.266
74DA38F21170,2026-08-05,12:33:47,29.61,76.0,5.0,22.779,121.088
74DA38F7C5CE,2026-08-05,12:34:00,30.0,90.0,0.0,25.066,121.656
74DA38F7C5AA,2026-08-05,12:34:05,30.0,100.0,2.0,25.0,121.479
74DA38ED0630,2026-08-05,12:34:11,30.75,100.0,0.0,23.994,121.594
74DA38F20B5C,2026-08-05,12:34:16,30.36,100.0,15.0,22.798,120.293
74DA38F7C3DE,2026-08-05,12:34:26,31.86,100.0,288.0,24.972,121.537
74DA38F20F0A,2026-08-05,12:34:47,28.11,100.0,7.0,22.995,120.635
74DA38F7C5A0,2026-08-05,12:34:49,30.86,100.0,0.0,25.107,121.518
74DA38F7C3BA,2026-08-05,12:34:55,-4.0,0.0,96.0,25.174,121.441
74DA38F21204,2026-08-05,12:35:02,29.36,100.0,1.0,25.062,121.451
74DA38F7C600,2026-08-05,12:35:03,23.37,48.0,12.0,25.07,121.586
74DA38F7C506,2026-08-05,12:35:06,30.36,100.0,1.0,24.996,121.544
74DA38F20BF6,2026-08-05,12:35:07,29.5,100.0,14.0,22.582,120.368
74DA38ED059C,2026-08-05,12:35:08,30.11,99.0,10.0,23.706,121.412
74DA38F7C514,2026-08-05,12:35:09,30.5,100.0,18.0,25.051,121.518
74DA38ED04F2,2026-08-05,12:35:15,28.11,100.0,10.0,23.468,121.496
74DA38F20A30,2026-08-05,12:35:17,30.36,89.0,0.0,24.948,121.372
74DA38F7C41E,2026-08-05,12:35:17,30.11,88.0,0.0,25.054,121.517
74DA38F7C260,2026-08-05,12:35:19,31.86,100.0,0.0,25.065,121.425
74DA38F7C610,2026-08-05,12:35:25,30.5,100.0,20.0,25.063,121.564
74DA38F7C3D6,2026-08-05,12:35:33,31.25,100.0,0.0,25.045,121.541
74DA38F209B2,2026-08-05,12:35:37,29.11,100.0,0.0,22.363,120.599
74DA38F7C5E6,2026-08-05,12:35:39,31.86,100.0,9.0,25.107,121.843
74DA38F20D1E,2026-08-05,12:35:58,30.11,100.0,22.0,25.048,121.573
74DA38F208E2,2026-08-05,12:36:02,29.61,100.0,23.0,24.688,121.766
74DA38F7C3B2,2026-08-05,12:36:02,32.25,67.0,10.0,24.929,121.378
74DA38ED06E0,2026-08-05,12:36:04,29.75,100.0,12.0,23.601,121.521
74DA38F7C616,2026-08-05,12:36:04,31.11,100.0,0.0,25.031,121.563
74DA38F21054,2026-08-05,12:36:15,29.75,74.0,10.0,22.898,120.627
74DA38F20D16,2026-08-05,12:36:25,31.0,100.0,20.0,25.062,121.526
74DA38F7C42E,2026-08-05,12:36:27,30.11,100.0,0.0,24.969,121.514
74DA38F20B88,2026-08-05,12:36:32,28.36,100.0,0.0,22.75,120.316
74DA38F7C430,2026-08-05,12:36:32,31.86,85.0,0.0,24.981,121.423
74DA38F7C54E,2026-08-05,12:36:38,29.11,100.0,0.0,25.063,121.661
74DA38F7C27E,2026-08-05,12:36:45,30.75,100.0,22.0,25.053,121.444
74DA38F7C13A,2026-08-05,12:36:48,22.75,-5.0,6.0,25.069,121.359
74DA38F20B82,2026-08-05,12:36:55,-4.0,0.0,0.0,22.847,120.465
74DA38F7C47E,2026-08-05,12:36:55,30.5,100.0,28.0,25.053963,121.427681
74DA38F20862,2026-08-05,12:37:00,28.5,100.0,22.0,23.101,121.176
74DA38F7C3DC,2026-08-05,12:37:04,29.75,100.0,23.0,25.003,121.539
74DA38F21088,2026-08-05,12:37:06,30.86,100.0,0.0,25.068,121.588
74DA38F2105C,2026-08-05,12:37:14,30.25,100.0,0.0,25.088,121.599
74DA38F20C26,2026-08-05,12:37:18,32.61,81.0,16.0,22.676,120.342
74DA38F7C366,2026-08-05,12:37:19,30.25,100.0,8.0,25.002,121.516
74DA38F7C464,2026-08-05,12:37:19,26.75,30.0,1.0,25.006,121.413
74DA38F7C59C,2026-08-05,12:37:21,30.5,82.0,29.0,25.103,121.487
74DA38F7C560,2026-08-05,12:37:22,31.36,-62.0,0.0,25.079,121.671
74DA38F7C5BE,2026-08-05,12:37:28,30.25,95.0,24.0,25.092,121.523
74DA38F21136,2026-08-05,12:37:30,30.86,100.0,11.0,25.119,121.505
74DA38F20B12,2026-08-05,12:37:32,28.86,73.0,6.0,22.91,120.716
74DA38F210A2,2026-08-05,12:37:39,30.36,100.0,4.0,25.12,121.466
74DA38F21048,2026-08-05,12:37:40,29.5,100.0,16.0,22.595,120.341
74DA38F7C47C,2026-08-05,12:37:40,30.75,100.0,99.0,25.055,121.455
74DA38F21024,2026-08-05,12:37:48,29.5,100.0,0.0,24.93,121.036
74DA38F209EE,2026-08-05,12:37:54,29.11,100.0,0.0,23.026,121.33
74DA38F20D70,2026-08-05,12:37:55,30.61,94.0,0.0,23.05,121.164
74DA38F7C63C,2026-08-05,12:37:59,-4.0,0.0,13.0,24.998,121.425
74DA38F20D2E,2026-08-05,12:38:03,30.5,100.0,0.0,25.06,121.545
74DA38F20FA4,2026-08-05,12:38:03,30.0,100.0,15.0,22.63,120.42
74DA38F7C570,2026-08-05,12:38:03,-4.0,0.0,0.0,25.239,121.63
74DA38F20F1C,2026-08-05,12:38:04,29.61,100.0,14.0,25.062,121.451
74DA38F7C532,2026-08-05,12:38:04,30.0,100.0,19.0,25.059,121.499
74DA38F7C4CC,2026-08-05,12:38:14,30.5,100.0,16.0,25.062,121.451
74DA38ED05B6,2026-08-05,12:38:16,29.0,100.0,12.0,23.43,121.348
74DA38F20A78,2026-08-05,12:38:23,30.0,100.0,3.0,22.904,121.124
74DA38F20C06,2026-08-05,12:38:25,31.75,70.0,20.0,24.874,121.02
74DA38F20934,2026-08-05,12:38:26,29.86,78.0,7.0,23.002,121.29
74DA38F7C4DE,2026-08-05,12:38:36,30.11,100.0,0.0,25.09,121.462
74DA38F7C53C,2026-08-05,12:38:41,29.25,100.0,0.0,25.11,121.804
74DA38F20E9E,2026-08-05,12:38:43,27.5,100.0,15.0,24.648,121.151
74DA38F20E6E,2026-08-05,12:38:44,27.12,100.0,0.0,24.41,120.902
74DA38F7C338,2026-08-05,12:38:45,30.75,100.0,15.0,25.011,121.458
74DA38F207DE,2026-08-05,12:38:48,30.61,100.0,14.0,22.603,120.34
74DA38ED05EA,2026-08-05,12:38:50,30.11,100.0,11.0,23.394,121.357
74DA38F2113E,2026-08-05,12:38:51,-4.0,0.0,0.0,22.728,120.313
74DA38F7C310,2026-08-05,12:39:03,31.36,100.0,11.0,25.09,121.464
74DA38F20B26,2026-08-05,12:39:05,30.36,100.0,13.0,22.783,120.247
74DA38F20EB2,2026-08-05,12:39:09,25.37,100.0,23.0,24.324,120.835
74DA38F20B80,2026-08-05,12:39:17,29.86,100.0,0.0,22.599,120.35
74DA38ED0454,2026-08-05,12:39:19,31.61,100.0,18.0,24.053,121.599
74DA38F209DE,2026-08-05,12:39:20,30.61,100.0,0.0,24.861,120.964
74DA38F7C39A,2026-08-05,12:39:29,30.61,100.0,0.0,25.002,121.414
74DA38ED0640,2026-08-05,12:39:54,27.12,100.0,6.0,23.154,121.266
74DA38F20D1A,2026-08-05,12:39:56,30.0,100.0,0.0,25.078,121.541
74DA38F20DE0,2026-08-05,12:39:56,29.61,100.0,0.0,22.589,120.328
74DA38F21170,2026-08-05,12:39:57,29.75,76.0,5.0,22.779,121.088
74DA38F7C480,2026-08-05,12:40:09,29.86,100.0,0.0,25.061,121.432
74DA38F20B5C,2026-08-05,12:40:21,30.36,100.0,14.0,22.798,120.293
74DA38F7C3DE,2026-08-05,12:40:24,31.86,100.0,278.0,24.972,121.537
74DA38F7C5CE,2026-08-05,12:40:28,30.0,91.0,0.0,25.066,121.656
74DA38ED0630,2026-08-05,12:40:39,30.75,100.0,0.0,23.994,121.594
74DA38F7C5AA,2026-08-05,12:40:41,29.86,100.0,3.0,25.0,121.479
74DA38F20F0A,2026-08-05,12:40:54,28.11,100.0,8.0,22.995,120.635
74DA38F7C600,2026-08-05,12:41:09,23.37,47.0,12.0,25.07,121.586
74DA38F20BF6,2026-08-05,12:41:12,29.61,100.0,14.0,22.582,120.368
74DA38F21204,2026-08-05,12:41:12,29.25,100.0,2.0,25.062,121.451
74DA38F7C5A0,2026-08-05,12:41:16,31.0,100.0,0.0,25.107,121.518
74DA38ED059C,2026-08-05,12:41:20,30.0,100.0,11.0,23.706,121.412
74DA38F7C514,2026-08-05,12:41:21,30.5,100.0,19.0,25.051,121.518
74DA38ED04F2,2026-08-05,12:41:24,28.25,100.0,9.0,23.468,121.496
74DA38F7C506,2026-08-05,12:41:33,30.36,100.0,0.0,24.996,121.544
74DA38F7C610,2026-08-05,12:41:33,30.5,100.0,20.0,25.063,121.564
74DA38F20A30,2026-08-05,12:41:44,30.36,89.0,0.0,24.948,121.372
74DA38F7C260,2026-08-05,12:41:46,31.75,100.0,0.0,25.065,121.425
74DA38F7C5E6,2026-08-05,12:41:48,31.86,100.0,10.0,25.107,121.843
74DA38F7C41E,2026-08-05,12:41:54,30.11,88.0,0.0,25.054,121.517
74DA38F209A8,2026-08-05,12:41:56,-4.0,0.0,2.0,22.401,120.577
74DA38F7C3D6,2026-08-05,12:42:00,31.11,100.0,0.0,25.045,121.541
74DA38F209B2,2026-08-05,12:42:03,29.0,100.0,0.0,22.363,120.599
74DA38F20D1E,2026-08-05,12:42:06,30.11,100.0,21.0,25.048,121.573
74DA38F7C592,2026-08-05,12:42:06,-4.0,0.0,0.0,25.224,121.637
74DA38F7C3B2,2026-08-05,12:42:08,32.25,67.0,9.0,24.929,121.378
74DA38F208E2,2026-08-05,12:42:10,29.75,100.0,23.0,24.688,121.766
74DA38ED06E0,2026-08-05,12:42:11,29.61,100.0,13.0,23.601,121.521
74DA38F21054,2026-08-05,12:42:22,29.75,74.0,10.0,22.898,120.627
74DA38F20D16,2026-08-05,12:42:32,31.0,100.0,20.0,25.062,121.526
74DA38F7C27E,2026-08-05,12:42:51,30.75,100.0,20.0,25.053,121.444
74DA38F7C42E,2026-08-05,12:42:55,30.0,100.0,0.0,24.969,121.514
74DA38F20B88,2026-08-05,12:42:59,28.5,100.0,0.0,22.75,120.316
74DA38F7C430,2026-08-05,12:42:59,31.86,85.0,0.0,24.981,121.423
74DA38F7C47E,2026-08-05,12:43:03,30.5,100.0,27.0,25.053963,121.427681
74DA38F7C54E,2026-08-05,12:43:04,29.25,100.0,0.0,25.063,121.661
74DA38F20862,2026-08-05,12:43:08,28.5,100.0,25.0,23.101,121.176
74DA38F7C30C,2026-08-05,12:43:11,30.86,97.0,0.0,24.975,121.532
74DA38F7C3DC,2026-08-05,12:43:11,29.86,100.0,24.0,25.003,121.539
74DA38F20C26,2026-08-05,12:43:25,32.5,80.0,14.0,22.676,120.342
74DA38F7C13A,2026-08-05,12:43:26,22.62,-4.0,9.0,25.069,121.359
74DA38F7C366,2026-08-05,12:43:30,30.25,100.0,8.0,25.002,121.516
74DA38F21088,2026-08-05,12:43:34,31.0,100.0,0.0,25.068,121.588
74DA38F7C5BE,2026-08-05,12:43:36,30.25,96.0,24.0,25.092,121.523
74DA38F7C3BA,2026-08-05,12:43:38,-4.0,0.0,97.0,25.174,121.441
74DA38F20B12,2026-08-05,12:43:39,29.0,73.0,6.0,22.91,120.716
74DA38F2105C,2026-08-05,12:43:41,30.11,100.0,0.0,25.088,121.599
74DA38F210A2,2026-08-05,12:43:45,30.5,100.0,4.0,25.12,121.466
74DA38F21136,2026-08-05,12:43:47,30.86,100.0,10.0,25.119,121.505
74DA38F7C560,2026-08-05,12:43:49,31.0,-62.0,0.0,25.079,121.671
74DA38F7C59C,2026-08-05,12:43:49,30.5,82.0,29.0,25.103,121.487
74DA38F7C464,2026-08-05,12:43:55,26.75,29.0,0.0,25.006,121.413
74DA38F209EE,2026-08-05,12:43:58,29.11,100.0,0.0,23.026,121.33
74DA38F20D70,2026-08-05,12:44:01,30.75,94.0,0.0,23.05,121.164
74DA38F21048,2026-08-05,12:44:08,29.5,100.0,15.0,22.595,120.341
74DA38F20F1C,2026-08-05,12:44:11,29.61,100.0,14.0,25.062,121.451
74DA38F20FA4,2026-08-05,12:44:14,30.0,100.0,14.0,22.63,120.42
74DA38F21024,2026-08-05,12:44:14,29.5,100.0,0.0,24.93,121.036
74DA38F7C532,2026-08-05,12:44:15,30.0,100.0,20.0,25.059,121.499
74DA38ED05B6,2026-08-05,12:44:22,29.0,100.0,12.0,23.43,121.348
74DA38F7C4CC,2026-08-05,12:44:23,30.5,100.0,16.0,25.062,121.451
74DA38F20A78,2026-08-05,12:44:29,29.75,100.0,3.0,22.904,121.124
74DA38F20D2E,2026-08-05,12:44:31,30.61,100.0,0.0,25.06,121.545
74DA38F20C06,2026-08-05,12:44:34,31.75,70.0,21.0,24.874,121.02
74DA38F7C4DE,2026-08-05,12:44:45,30.36,100.0,0.0,25.09,121.462
74DA38F20E9E,2026-08-05,12:44:49,27.5,100.0,14.0,24.648,121.151
74DA38F7C338,2026-08-05,12:44:52,30.61,100.0,16.0,25.011,121.458
74DA38F207DE,2026-08-05,12:44:54,30.61,100.0,15.0,22.603,120.34
74DA38ED05EA,2026-08-05,12:44:56,30.0,100.0,11.0,23.394,121.357
74DA38F7C310,2026-08-05,12:45:08,31.36,100.0,12.0,25.09,121.464
74DA38F7C53C,2026-08-05,12:45:09,29.11,100.0,0.0,25.11,121.804
74DA38F20B26,2026-08-05,12:45:14,30.36,100.0,14.0,22.783,120.247
74DA38F20EB2,2026-08-05,12:45:18,25.5,100.0,22.0,24.324,120.835
74DA38ED0454,2026-08-05,12:45:24,31.5,100.0,19.0,24.053,121.599
74DA38F20D6C,2026-08-05,12:45:31,30.25,92.0,0.0,22.661,120.301
74DA38F20B80,2026-08-05,12:45:43,29.86,100.0,0.0,22.599,120.35
74DA38F209DE,2026-08-05,12:45:47,30.61,100.0,0.0,24.861,120.964
74DA38F7C39A,2026-08-05,12:45:57,30.61,100.0,0.0,25.002,121.414
74DA38ED0640,2026-08-05,12:46:00,27.12,100.0,6.0,23.154,121.266
74DA38F21170,2026-08-05,12:46:03,29.75,77.0,5.0,22.779,121.088
74DA38F2113E,2026-08-05,12:46:05,-4.0,0.0,0.0,22.728,120.313
74DA38F7C3DE,2026-08-05,12:46:22,31.86,100.0,261.0,24.972,121.537
74DA38F20DE0,2026-08-05,12:46:24,29.25,100.0,0.0,22.589,120.328
74DA38F20D1A,2026-08-05,12:46:25,30.0,100.0,0.0,25.078,121.541
74DA38F20B82,2026-08-05,12:46:27,-4.0,0.0,0.0,22.847,120.465
74DA38F20B5C,2026-08-05,12:46:28,30.25,100.0,15.0,22.798,120.293
74DA38F7C480,2026-08-05,12:46:37,30.0,100.0,0.0,25.061,121.432
74DA38F7C5CE,2026-08-05,12:46:55,30.0,91.0,0.0,25.066,121.656
74DA38F20F0A,2026-08-05,12:47:00,28.11,100.0,6.0,22.995,120.635
74DA38ED0630,2026-08-05,12:47:07,30.5,100.0,0.0,23.994,121.594
74DA38F7C5AA,2026-08-05,12:47:08,29.5,100.0,2.0,25.0,121.479
74DA38F7C600,2026-08-05,12:47:15,23.37,47.0,12.0,25.07,121.586
74DA38F20BF6,2026-08-05,12:47:17,29.61,100.0,14.0,22.582,120.368
74DA38F21204,2026-08-05,12:47:22,29.25,100.0,2.0,25.062,121.451
74DA38ED04F2,2026-08-05,12:47:30,28.25,100.0,9.0,23.468,121.496
74DA38F7C63C,2026-08-05,12:47:30,-4.0,0.0,12.0,24.998,121.425
74DA38F7C514,2026-08-05,12:47:32,30.61,100.0,19.0,25.051,121.518
74DA38F7C570,2026-08-05,12:47:40,-4.0,0.0,0.0,25.239,121.63
74DA38F7C610,2026-08-05,12:47:40,30.5,100.0,20.0,25.063,121.564
74DA38F7C5A0,2026-08-05,12:47:44,31.0,100.0,0.0,25.107,121.518
74DA38F7C5E6,2026-08-05,12:47:56,31.75,100.0,12.0,25.107,121.843
74DA38F2104E,2026-08-05,12:48:04,27.87,100.0,12.0,23.108,120.7
74DA38F7C506,2026-08-05,12:48:09,30.36,100.0,0.0,24.996,121.544
74DA38F20D1E,2026-08-05,12:48:13,29.86,100.0,22.0,25.048,121.573
74DA38F7C260,2026-08-05,12:48:13,31.75,100.0,0.0,25.065,121.425
74DA38F20A30,2026-08-05,12:48:14,30.25,89.0,4.0,24.948,121.372
74DA38F7C3B2,2026-08-05,12:48:15,32.25,67.0,10.0,24.929,121.378
74DA38F208E2,2026-08-05,12:48:17,29.61,100.0,22.0,24.688,121.766
74DA38ED06E0,2026-08-05,12:48:18,29.61,100.0,13.0,23.601,121.521
74DA38F7C3D6,2026-08-05,12:48:27,31.11,100.0,0.0,25.045,121.541
74DA38F21054,2026-08-05,12:48:28,29.75,74.0,10.0,22.898,120.627
74DA38F209B2,2026-08-05,12:48:30,28.75,100.0,0.0,22.363,120.599
74DA38F7C41E,2026-08-05,12:48:35,30.25,88.0,0.0,25.054,121.517
74DA38F20D16,2026-08-05,12:48:38,31.0,100.0,20.0,25.062,121.526
74DA38F7C27E,2026-08-05,12:48:57,30.75,100.0,18.0,25.053,121.444
74DA38F7C47E,2026-08-05,12:49:12,30.61,100.0,25.0,25.053963,121.427681
74DA38F20862,2026-08-05,12:49:15,28.61,100.0,21.0,23.101,121.176
74DA38F7C3DC,2026-08-05,12:49:19,29.86,100.0,23.0,25.003,121.539
74DA38F7C42E,2026-08-05,12:49:23,30.0,100.0,0.0,24.969,121.514
74DA38F7C430,2026-08-05,12:49:27,31.86,85.0,0.0,24.981,121.423
74DA38F7C47C,2026-08-05,12:49:30,30.75,100.0,92.0,25.055,121.455
74DA38F7C54E,2026-08-05,12:49:31,29.0,100.0,0.0,25.063,121.661
74DA38F20B88,2026-08-05,12:49:32,28.5,100.0,0.0,22.75,120.316
74DA38F20C26,2026-08-05,12:49:32,32.25,80.0,13.0,22.676,120.342
74DA38F7C366,2026-08-05,12:49:36,30.11,100.0,8.0,25.002,121.516
74DA38F7C5BE,2026-08-05,12:49:44,30.25,97.0,23.0,25.092,121.523
74DA38F20B12,2026-08-05,12:49:45,29.0,73.0,6.0,22.91,120.716
74DA38F210A2,2026-08-05,12:49:50,30.61,100.0,4.0,25.12,121.466
74DA38F21136,2026-08-05,12:49:55,31.0,100.0,10.0,25.119,121.505
74DA38F7C13A,2026-08-05,12:50:00,22.75,-3.0,8.0,25.069,121.359
74DA38F21088,2026-08-05,12:50:03,31.0,100.0,1.0,25.068,121.588
74DA38F209EE,2026-08-05,12:50:04,29.11,100.0,0.0,23.026,121.33
74DA38F20D70,2026-08-05,12:50:07,30.75,94.0,0.0,23.05,121.164
74DA38F2105C,2026-08-05,12:50:08,30.25,100.0,0.0,25.088,121.599
74DA38F7C560,2026-08-05,12:50:16,30.61,-62.0,0.0,25.079,121.671
74DA38F20F1C,2026-08-05,12:50:17,29.61,100.0,14.0,25.062,121.451
74DA38F7C59C,2026-08-05,12:50:20,30.61,82.0,30.0,25.103,121.487
74DA38F7C464,2026-08-05,12:50:21,26.75,30.0,0.0,25.006,121.413
74DA38F7C532,2026-08-05,12:50:23,30.0,100.0,19.0,25.059,121.499
74DA38F20FA4,2026-08-05,12:50:24,30.0,100.0,15.0,22.63,120.42
74DA38ED05B6,2026-08-05,12:50:29,29.11,100.0,12.0,23.43,121.348
74DA38F7C4CC,2026-08-05,12:50:31,30.5,100.0,16.0,25.062,121.451
74DA38F20A78,2026-08-05,12:50:36,29.75,100.0,3.0,22.904,121.124
74DA38F21048,2026-08-05,12:50:36,29.5,100.0,15.0,22.595,120.341
74DA38F20C06,2026-08-05,12:50:40,31.75,70.0,20.0,24.874,121.02
74DA38F21024,2026-08-05,12:50:41,29.5,100.0,0.0,24.93,121.036
74DA38F20E9E,2026-08-05,12:50:55,27.5,100.0,16.0,24.648,121.151
74DA38F7C4DE,2026-08-05,12:50:56,30.36,100.0,0.0,25.09,121.462
74DA38F20D2E,2026-08-05,12:50:58,30.5,100.0,0.0,25.06,121.545
74DA38F7C338,2026-08-05,12:50:58,30.75,100.0,16.0,25.011,121.458
74DA38ED05EA,2026-08-05,12:51:02,30.0,100.0,12.0,23.394,121.357
74DA38F207DE,2026-08-05,12:51:02,30.5,100.0,15.0,22.603,120.34
74DA38F7C310,2026-08-05,12:51:12,31.36,100.0,12.0,25.09,121.464
74DA38F20934,2026-08-05,12:51:13,29.86,79.0,7.0,23.002,121.29
74DA38F20EB2,2026-08-05,12:51:28,25.62,100.0,23.0,24.324,120.835
74DA38F20B26,2026-08-05,12:51:34,30.36,100.0,11.0,22.783,120.247
74DA38ED0454,2026-08-05,12:51:36,31.36,100.0,19.0,24.053,121.599
74DA38F7C53C,2026-08-05,12:51:37,29.11,100.0,0.0,25.11,121.804
74DA38F209A8,2026-08-05,12:51:38,-4.0,0.0,3.0,22.401,120.577
74DA38F7C592,2026-08-05,12:51:43,-4.0,0.0,0.0,25.224,121.637
74DA38ED0640,2026-08-05,12:52:08,27.0,100.0,6.0,23.154,121.266
74DA38F20B80,2026-08-05,12:52:10,29.86,100.0,0.0,22.599,120.35
74DA38F21170,2026-08-05,12:52:11,29.75,77.0,4.0,22.779,121.088
74DA38F209DE,2026-08-05,12:52:15,30.61,100.0,0.0,24.861,120.964
74DA38F7C3DE,2026-08-05,12:52:20,31.75,100.0,265.0,24.972,121.537
74DA38F7C3BA,2026-08-05,12:52:21,-4.0,0.0,98.0,25.174,121.441
74DA38F7C39A,2026-08-05,12:52:23,30.5,100.0,0.0,25.002,121.414
74DA38F20B5C,2026-08-05,12:52:37,30.25,100.0,14.0,22.798,120.293
74DA38F20DE0,2026-08-05,12:52:51,29.36,100.0,0.0,22.589,120.328
74DA38F20D1A,2026-08-05,12:52:52,29.86,100.0,0.0,25.078,121.541
74DA38F7C480,2026-08-05,12:53:04,30.0,100.0,0.0,25.061,121.432
74DA38F20F0A,2026-08-05,12:53:06,28.11,100.0,6.0,22.995,120.635
74DA38F2113E,2026-08-05,12:53:19,-4.0,0.0,0.0,22.728,120.313
74DA38F7C600,2026-08-05,12:53:21,23.37,47.0,12.0,25.07,121.586
74DA38F20BF6,2026-08-05,12:53:22,29.61,100.0,14.0,22.582,120.368
74DA38F7C5CE,2026-08-05,12:53:22,30.0,91.0,0.0,25.066,121.656
74DA38F21204,2026-08-05,12:53:32,29.25,100.0,2.0,25.062,121.451
74DA38ED0630,2026-08-05,12:53:34,30.36,100.0,0.0,23.994,121.594
74DA38F7C5AA,2026-08-05,12:53:36,29.5,100.0,2.0,25.0,121.479
74DA38ED04F2,2026-08-05,12:53:38,28.11,100.0,9.0,23.468,121.496
74DA38F7C514,2026-08-05,12:53:42,30.36,100.0,18.0,25.051,121.518
74DA38F7C610,2026-08-05,12:53:49,30.36,100.0,21.0,25.063,121.564
74DA38F7C5E6,2026-08-05,12:54:06,31.75,100.0,10.0,25.107,121.843
74DA38ED059C,2026-08-05,12:54:07,30.11,98.0,11.0,23.706,121.412
74DA38F7C5A0,2026-08-05,12:54:12,30.86,100.0,0.0,25.107,121.518
74DA38F7C3B2,2026-08-05,12:54:21,32.36,67.0,10.0,24.929,121.378
74DA38F208E2,2026-08-05,12:54:22,29.5,100.0,20.0,24.688,121.766
74DA38F20D1E,2026-08-05,12:54:22,30.0,100.0,22.0,25.048,121.573
74DA38ED06E0,2026-08-05,12:54:26,29.61,100.0,12.0,23.601,121.521
74DA38F21054,2026-08-05,12:54:33,29.75,74.0,11.0,22.898,120.627
74DA38F7C506,2026-08-05,12:54:37,30.25,100.0,0.0,24.996,121.544
74DA38F7C260,2026-08-05,12:54:40,31.75,100.0,0.0,25.065,121.425
74DA38F20A30,2026-08-05,12:54:41,30.11,89.0,2.0,24.948,121.372
74DA38F20D16,2026-08-05,12:54:45,30.86,100.0,20.0,25.062,121.526
74DA38F7C3D6,2026-08-05,12:54:53,31.0,100.0,0.0,25.045,121.541
74DA38F209B2,2026-08-05,12:54:57,28.61,100.0,0.0,22.363,120.599
74DA38F7C27E,2026-08-05,12:55:04,30.75,100.0,18.0,25.053,121.444
74DA38F7C41E,2026-08-05,12:55:11,30.25,88.0,0.0,25.054,121.517
74DA38F7C47E,2026-08-05,12:55:18,30.86,100.0,25.0,25.053963,121.427681
74DA38F7C47C,2026-08-05,12:55:22,30.86,100.0,72.0,25.055,121.455
74DA38F20862,2026-08-05,12:55:23,28.5,100.0,30.0,23.101,121.176
74DA38F7C3DC,2026-08-05,12:55:25,29.61,100.0,22.0,25.003,121.539
74DA38F7C616,2026-08-05,12:55:38,30.75,100.0,0.0,25.031,121.563
74DA38F20C26,2026-08-05,12:55:40,32.25,80.0,12.0,22.676,120.342
74DA38F7C366,2026-08-05,12:55:42,30.25,100.0,8.0,25.002,121.516
74DA38F7C5BE,2026-08-05,12:55:49,30.11,98.0,24.0,25.092,121.523
74DA38F20B12,2026-08-05,12:55:50,29.11,73.0,6.0,22.91,120.716
74DA38F7C42E,2026-08-05,12:55:50,29.86,100.0,0.0,24.969,121.514
74DA38F7C566,2026-08-05,12:55:50,32.61,100.0,0.0,25.051,121.448
74DA38F210A2,2026-08-05,12:55:55,30.5,100.0,4.0,25.12,121.466
74DA38F7C430,2026-08-05,12:55:55,31.86,85.0,0.0,24.981,121.423
74DA38F7C54E,2026-08-05,12:55:56,29.0,100.0,0.0,25.063,121.661
74DA38F20B82,2026-08-05,12:55:59,-4.0,0.0,0.0,22.847,120.465
74DA38F20B88,2026-08-05,12:56:00,28.5,100.0,0.0,22.75,120.316
74DA38F209EE,2026-08-05,12:56:10,29.11,100.0,0.0,23.026,121.33
74DA38F20D70,2026-08-05,12:56:12,30.75,94.0,0.0,23.05,121.164
74DA38F21136,2026-08-05,12:56:14,30.75,100.0,11.0,25.119,121.505
74DA38F20F1C,2026-08-05,12:56:25,29.61,100.0,15.0,25.062,121.451
74DA38F21088,2026-08-05,12:56:31,30.86,100.0,0.0,25.068,121.588
74DA38F7C532,2026-08-05,12:56:31,30.11,100.0,20.0,25.059,121.499
74DA38F7C13A,2026-08-05,12:56:32,22.62,-4.0,5.0,25.069,121.359
74DA38F2105C,2026-08-05,12:56:35,30.25,100.0,0.0,25.088,121.599
74DA38ED05B6,2026-08-05,12:56:36,29.11,100.0,11.0,23.43,121.348
74DA38F7C4CC,2026-08-05,12:56:38,30.5,100.0,15.0,25.062,121.451
74DA38F20A78,2026-08-05,12:56:43,29.61,100.0,3.0,22.904,121.124
74DA38F20FA4,2026-08-05,12:56:44,30.0,100.0,15.0,22.63,120.42
74DA38F7C560,2026-08-05,12:56:45,30.5,-62.0,0.0,25.079,121.671
74DA38F20C06,2026-08-05,12:56:47,31.75,71.0,20.0,24.874,121.02
74DA38F7C59C,2026-08-05,12:56:48,30.61,83.0,30.0,25.103,121.487
74DA38F7C464,2026-08-05,12:56:55,26.87,29.0,0.0,25.006,121.413
74DA38F20E9E,2026-08-05,12:57:01,27.5,100.0,15.0,24.648,121.151
74DA38F7C63C,2026-08-05,12:57:01,-4.0,0.0,12.0,24.998,121.425
74DA38F21048,2026-08-05,12:57:04,29.5,100.0,16.0,22.595,120.341
74DA38F7C4DE,2026-08-05,12:57:04,30.25,100.0,0.0,25.09,121.462
74DA38F7C338,2026-08-05,12:57:07,30.61,100.0,15.0,25.011,121.458
74DA38ED05EA,2026-08-05,12:57:08,30.0,100.0,11.0,23.394,121.357
74DA38F207DE,2026-08-05,12:57:08,30.36,100.0,14.0,22.603,120.34
74DA38F21024,2026-08-05,12:57:08,29.5,100.0,0.0,24.93,121.036
74DA38F7C310,2026-08-05,12:57:18,31.36,100.0,12.0,25.09,121.464
74DA38F7C570,2026-08-05,12:57:20,-4.0,0.0,0.0,25.239,121.63
74DA38F20934,2026-08-05,12:57:23,29.86,79.0,7.0,23.002,121.29
74DA38F20D2E,2026-08-05,12:57:26,30.5,100.0,0.0,25.06,121.545
74DA38F20EB2,2026-08-05,12:57:38,25.75,100.0,22.0,24.324,120.835
74DA38ED0454,2026-08-05,12:57:42,31.5,100.0,18.0,24.053,121.599
74DA38F7C53C,2026-08-05,12:58:03,29.0,100.0,0.0,25.11,121.804
74DA38ED0640,2026-08-05,12:58:15,26.87,100.0,5.0,23.154,121.266
74DA38F7C3DE,2026-08-05,12:58:17,31.61,100.0,272.0,24.972,121.537
74DA38F21170,2026-08-05,12:58:18,29.86,76.0,5.0,22.779,121.088
74DA38F20B80,2026-08-05,12:58:36,30.11,100.0,0.0,22.599,120.35
74DA38F209DE,2026-08-05,12:58:42,30.61,100.0,0.0,24.861,120.964
74DA38F20B5C,2026-08-05,12:58:42,30.25,100.0,16.0,22.798,120.293
74DA38F7C39A,2026-08-05,12:58:55,30.5,100.0,1.0,25.002,121.414
74DA38F20F0A,2026-08-05,12:59:11,28.0,100.0,6.0,22.995,120.635
74DA38F20D1A,2026-08-05,12:59:20,29.86,100.0,0.0,25.078,121.541
74DA38F20DE0,2026-08-05,12:59:20,29.61,100.0,0.0,22.589,120.328
74DA38F7C600,2026-08-05,12:59:26,23.37,47.0,12.0,25.07,121.586
74DA38F20BF6,2026-08-05,12:59:27,29.61,100.0,14.0,22.582,120.368
74DA38F7C480,2026-08-05,12:59:31,29.75,100.0,0.0,25.061,121.432
74DA38F21204,2026-08-05,12:59:38,29.25,100.0,2.0,25.062,121.451
74DA38ED04F2,2026-08-05,12:59:47,28.0,100.0,9.0,23.468,121.496
74DA38F7C514,2026-08-05,12:59:48,30.5,100.0,17.0,25.051,121.518
74DA38F7C5CE,2026-08-05,12:59:49,29.86,92.0,0.0,25.066,121.656
74DA38F7C610,2026-08-05,12:59:55,30.5,100.0,19.0,25.063,121.564
74DA38ED0630,2026-08-05,13:00:01,30.5,100.0,0.0,23.994,121.594
74DA38F7C5AA,2026-08-05,13:00:04,29.5,100.0,1.0,25.0,121.479
74DA38F7C5E6,2026-08-05,13:00:12,31.75,100.0,8.0,25.107,121.843
74DA38F2104E,2026-08-05,13:00:26,27.87,100.0,12.0,23.108,120.7
74DA38F7C3B2,2026-08-05,13:00:26,32.25,67.0,9.0,24.929,121.378
74DA38F208E2,2026-08-05,13:00:27,29.36,100.0,19.0,24.688,121.766
74DA38ED059C,2026-08-05,13:00:29,29.86,100.0,11.0,23.706,121.412
74DA38F2113E,2026-08-05,13:00:33,-4.0,0.0,0.0,22.728,120.313
74DA38F21054,2026-08-05,13:00:39,29.75,74.0,10.0,22.898,120.627
74DA38F7C5A0,2026-08-05,13:00:39,30.86,100.0,0.0,25.107,121.518
74DA38ED06E0,2026-08-05,13:00:43,29.61,100.0,12.0,23.601,121.521
74DA38F20D16,2026-08-05,13:00:51,30.86,100.0,20.0,25.062,121.526
74DA38F7C3BA,2026-08-05,13:01:04,-4.0,0.0,100.0,25.174,121.441
74DA38F7C27E,2026-08-05,13:01:09,30.75,100.0,18.0,25.053,121.444
74DA38F20A30,2026-08-05,13:01:12,30.25,89.0,0.0,24.948,121.372
74DA38F7C506,2026-08-05,13:01:13,30.25,100.0,0.0,24.996,121.544
74DA38F209A8,2026-08-05,13:01:16,-4.0,0.0,1.0,22.401,120.577
74DA38F7C47C,2026-08-05,13:01:16,30.86,100.0,84.0,25.055,121.455
74DA38F7C3D6,2026-08-05,13:01:20,31.0,100.0,0.0,25.045,121.541
74DA38F7C592,2026-08-05,13:01:20,-4.0,0.0,0.0,25.224,121.637
74DA38F209B2,2026-08-05,13:01:23,28.61,100.0,0.0,22.363,120.599
74DA38F7C47E,2026-08-05,13:01:25,31.0,100.0,26.0,25.053963,121.427681
74DA38F20862,2026-08-05,13:01:31,28.36,100.0,29.0,23.101,121.176
74DA38F7C3DC,2026-08-05,13:01:31,29.61,100.0,22.0,25.003,121.539
74DA38F7C41E,2026-08-05,13:01:46,30.11,87.0,0.0,25.054,121.517
74DA38F20C26,2026-08-05,13:01:47,32.25,80.0,13.0,22.676,120.342
74DA38F7C366,2026-08-05,13:01:47,30.0,100.0,8.0,25.002,121.516
74DA38F7C616,2026-08-05,13:01:50,30.61,100.0,0.0,25.031,121.563
74DA38F7C5BE,2026-08-05,13:01:56,30.25,98.0,23.0,25.092,121.523
74DA38F20B12,2026-08-05,13:01:59,29.11,73.0,5.0,22.91,120.716
74DA38F210A2,2026-08-05,13:02:01,30.5,100.0,4.0,25.12,121.466
74DA38F209EE,2026-08-05,13:02:16,29.11,100.0,0.0,23.026,121.33
74DA38F7C42E,2026-08-05,13:02:16,29.75,100.0,0.0,24.969,121.514
74DA38F20D70,2026-08-05,13:02:18,30.75,95.0,0.0,23.05,121.164
74DA38F7C430,2026-08-05,13:02:22,31.86,85.0,0.0,24.981,121.423
74DA38F7C54E,2026-08-05,13:02:22,28.86,100.0,0.0,25.063,121.661
74DA38F20B88,2026-08-05,13:02:31,28.36,100.0,0.0,22.75,120.316
74DA38F20F1C,2026-08-05,13:02:32,29.75,100.0,16.0,25.062,121.451
74DA38F7C532,2026-08-05,13:02:39,30.25,100.0,20.0,25.059,121.499
74DA38ED05B6,2026-08-05,13:02:42,29.0,100.0,11.0,23.43,121.348
74DA38F7C4CC,2026-08-05,13:02:45,30.5,100.0,14.0,25.062,121.451
74DA38F20A78,2026-08-05,13:02:50,29.75,100.0,4.0,22.904,121.124
74DA38F20C06,2026-08-05,13:02:54,31.75,70.0,19.0,24.874,121.02
74DA38F21088,2026-08-05,13:02:59,30.86,100.0,0.0,25.068,121.588
74DA38F20FA4,2026-08-05,13:03:00,30.0,100.0,16.0,22.63,120.42
74DA38F2105C,2026-08-05,13:03:02,30.11,100.0,0.0,25.088,121.599
74DA38F7C13A,2026-08-05,13:03:03,22.62,-4.0,5.0,25.069,121.359
74DA38F20E9E,2026-08-05,13:03:08,27.37,100.0,17.0,24.648,121.151
74DA38F7C4DE,2026-08-05,13:03:12,30.36,100.0,0.0,25.09,121.462
74DA38ED05EA,2026-08-05,13:03:13,30.0,100.0,10.0,23.394,121.357
74DA38F7C560,2026-08-05,13:03:13,30.25,-62.0,0.0,25.079,121.671
74DA38F207DE,2026-08-05,13:03:14,30.36,100.0,14.0,22.603,120.34
74DA38F7C338,2026-08-05,13:03:15,30.61,100.0,16.0,25.011,121.458
74DA38F7C59C,2026-08-05,13:03:19,30.61,83.0,32.0,25.103,121.487
74DA38F7C310,2026-08-05,13:03:23,31.36,100.0,12.0,25.09,121.464
74DA38F7C464,2026-08-05,13:03:23,26.87,30.0,0.0,25.006,121.413
74DA38F20934,2026-08-05,13:03:29,29.86,78.0,7.0,23.002,121.29
74DA38F21048,2026-08-05,13:03:31,29.5,100.0,14.0,22.595,120.341
74DA38F21024,2026-08-05,13:03:34,29.5,100.0,0.0,24.93,121.036
74DA38ED0454,2026-08-05,13:03:49,31.36,100.0,19.0,24.053,121.599
74DA38F20EB2,2026-08-05,13:03:49,26.0,100.0,22.0,24.324,120.835
74DA38F20D2E,2026-08-05,13:03:54,30.5,100.0,0.0,25.06,121.545
74DA38F7C3DE,2026-08-05,13:04:14,31.5,100.0,269.0,24.972,121.537
74DA38ED0640,2026-08-05,13:04:21,26.87,100.0,4.0,23.154,121.266
74DA38F21170,2026-08-05,13:04:24,29.86,75.0,6.0,22.779,121.088
74DA38F7C53C,2026-08-05,13:04:29,28.86,100.0,0.0,25.11,121.804
74DA38F20B26,2026-08-05,13:04:31,30.36,100.0,16.0,22.783,120.247
74DA38F20B5C,2026-08-05,13:04:48,30.25,100.0,16.0,22.798,120.293
74DA38F20B80,2026-08-05,13:05:03,30.0,100.0,0.0,22.599,120.35
74DA38F209DE,2026-08-05,13:05:09,30.61,100.0,0.0,24.861,120.964
74DA38F20F0A,2026-08-05,13:05:17,28.0,100.0,6.0,22.995,120.635
74DA38F20D6C,2026-08-05,13:05:19,30.0,92.0,0.0,22.661,120.301
74DA38F7C39A,2026-08-05,13:05:23,30.61,100.0,0.0,25.002,121.414
74DA38F20B82,2026-08-05,13:05:31,-4.0,0.0,0.0,22.847,120.465
74DA38F7C600,2026-08-05,13:05:32,23.37,48.0,12.0,25.07,121.586
74DA38F20BF6,2026-08-05,13:05:33,29.61,100.0,14.0,22.582,120.368
74DA38F21204,2026-08-05,13:05:45,29.11,100.0,2.0,25.062,121.451
74DA38F20DE0,2026-08-05,13:05:47,29.5,100.0,0.0,22.589,120.328
74DA38F20D1A,2026-08-05,13:05:48,29.86,100.0,0.0,25.078,121.541
74DA38ED04F2,2026-08-05,13:05:53,28.0,100.0,10.0,23.468,121.496
74DA38F7C514,2026-08-05,13:05:58,30.36,100.0,18.0,25.051,121.518
74DA38F7C480,2026-08-05,13:06:00,29.86,100.0,0.0,25.061,121.432
74DA38F7C610,2026-08-05,13:06:03,30.5,100.0,20.0,25.063,121.564
74DA38F7C5CE,2026-08-05,13:06:15,29.75,92.0,0.0,25.066,121.656
74DA38F7C5E6,2026-08-05,13:06:18,31.75,100.0,8.0,25.107,121.843
74DA38ED0630,2026-08-05,13:06:29,30.5,100.0,0.0,23.994,121.594
74DA38F7C3B2,2026-08-05,13:06:31,32.36,67.0,10.0,24.929,121.378
74DA38F2104E,2026-08-05,13:06:32,27.87,100.0,12.0,23.108,120.7
74DA38F7C5AA,2026-08-05,13:06:32,29.5,100.0,4.0,25.0,121.479
74DA38F7C63C,2026-08-05,13:06:33,-4.0,0.0,12.0,24.998,121.425
74DA38F208E2,2026-08-05,13:06:34,29.36,100.0,21.0,24.688,121.766
74DA38F20D1E,2026-08-05,13:06:48,30.11,100.0,22.0,25.048,121.573
74DA38ED06E0,2026-08-05,13:06:49,29.61,100.0,12.0,23.601,121.521
74DA38F21054,2026-08-05,13:06:50,29.75,74.0,10.0,22.898,120.627
74DA38F20D16,2026-08-05,13:06:59,30.75,100.0,21.0,25.062,121.526
74DA38ED059C,2026-08-05,13:07:00,29.86,100.0,11.0,23.706,121.412
74DA38F7C570,2026-08-05,13:07:00,-4.0,0.0,0.0,25.239,121.63
74DA38F7C5A0,2026-08-05,13:07:06,30.75,100.0,0.0,25.107,121.518
74DA38F7C47C,2026-08-05,13:07:10,30.75,100.0,97.0,25.055,121.455
74DA38F7C27E,2026-08-05,13:07:15,30.75,100.0,18.0,25.053,121.444
74DA38F7C47E,2026-08-05,13:07:33,31.0,100.0,24.0,25.053963,121.427681
74DA38F7C3DC,2026-08-05,13:07:36,29.61,100.0,22.0,25.003,121.539
74DA38F20862,2026-08-05,13:07:39,28.36,100.0,23.0,23.101,121.176
74DA38F7C506,2026-08-05,13:07:40,30.11,100.0,0.0,24.996,121.544
74DA38F20A30,2026-08-05,13:07:41,30.25,89.0,0.0,24.948,121.372
74DA38F7C3D6,2026-08-05,13:07:47,30.86,100.0,0.0,25.045,121.541
74DA38F2113E,2026-08-05,13:07:48,-4.0,0.0,0.0,22.728,120.313
74DA38F209B2,2026-08-05,13:07:50,28.61,100.0,0.0,22.363,120.599
74DA38F20C26,2026-08-05,13:07:54,32.25,79.0,13.0,22.676,120.342
74DA38F7C260,2026-08-05,13:07:56,31.75,100.0,0.0,25.065,121.425
74DA38F7C366,2026-08-05,13:07:56,29.61,100.0,8.0,25.002,121.516
74DA38F7C616,2026-08-05,13:08:02,30.75,100.0,0.0,25.031,121.563
74DA38F7C5BE,2026-08-05,13:08:03,30.11,97.0,22.0,25.092,121.523
74DA38F210A2,2026-08-05,13:08:06,30.5,100.0,4.0,25.12,121.466
74DA38F20B12,2026-08-05,13:08:15,29.11,73.0,6.0,22.91,120.716
74DA38F209EE,2026-08-05,13:08:21,29.11,100.0,0.0,23.026,121.33
74DA38F20D70,2026-08-05,13:08:24,30.86,93.0,0.0,23.05,121.164
74DA38F7C41E,2026-08-05,13:08:24,30.25,87.0,0.0,25.054,121.517
74DA38F20F1C,2026-08-05,13:08:39,29.75,100.0,15.0,25.062,121.451
74DA38F7C532,2026-08-05,13:08:45,30.0,100.0,19.0,25.059,121.499
74DA38ED05B6,2026-08-05,13:08:47,28.86,100.0,13.0,23.43,121.348
74DA38F7C54E,2026-08-05,13:08:48,29.0,100.0,0.0,25.063,121.661
74DA38F21136,2026-08-05,13:08:50,30.75,100.0,11.0,25.119,121.505
74DA38F7C430,2026-08-05,13:08:51,31.86,85.0,0.0,24.981,121.423
74DA38F7C42E,2026-08-05,13:08:52,29.5,100.0,0.0,24.969,121.514
74DA38F20A78,2026-08-05,13:08:55,29.61,100.0,3.0,22.904,121.124
74DA38F20C06,2026-08-05,13:09:01,31.75,70.0,20.0,24.874,121.02
74DA38F7C4CC,2026-08-05,13:09:02,30.5,100.0,14.0,25.062,121.451
74DA38F20B88,2026-08-05,13:09:03,28.25,100.0,0.0,22.75,120.316
74DA38F20E9E,2026-08-05,13:09:15,27.37,100.0,17.0,24.648,121.151
74DA38F7C4DE,2026-08-05,13:09:17,30.5,100.0,0.0,25.09,121.462
74DA38ED05EA,2026-08-05,13:09:18,30.0,100.0,11.0,23.394,121.357
74DA38F207DE,2026-08-05,13:09:19,30.36,100.0,14.0,22.603,120.34
74DA38F7C338,2026-08-05,13:09:22,30.61,100.0,16.0,25.011,121.458
74DA38F20FA4,2026-08-05,13:09:24,29.86,100.0,14.0,22.63,120.42
74DA38F21088,2026-08-05,13:09:28,30.75,100.0,0.0,25.068,121.588
74DA38F7C310,2026-08-05,13:09:28,31.36,100.0,12.0,25.09,121.464
74DA38F2105C,2026-08-05,13:09:29,30.25,100.0,0.0,25.088,121.599
74DA38F7C13A,2026-08-05,13:09:35,22.62,-3.0,6.0,25.069,121.359
74DA38F20934,2026-08-05,13:09:37,29.86,78.0,7.0,23.002,121.29
74DA38F7C560,2026-08-05,13:09:40,30.25,-62.0,0.0,25.079,121.671
74DA38F7C59C,2026-08-05,13:09:50,30.5,83.0,30.0,25.103,121.487
74DA38F7C464,2026-08-05,13:09:51,27.0,30.0,0.0,25.006,121.413
74DA38F7C3BA,2026-08-05,13:09:52,-4.0,0.0,100.0,25.174,121.441
74DA38ED0454,2026-08-05,13:09:54,31.36,100.0,19.0,24.053,121.599
74DA38F20EB2,2026-08-05,13:09:58,26.12,100.0,22.0,24.324,120.835
74DA38F21048,2026-08-05,13:09:59,29.5,100.0,15.0,22.595,120.341
74DA38F21024,2026-08-05,13:10:01,29.36,100.0,0.0,24.93,121.036
74DA38F7C3DE,2026-08-05,13:10:13,31.36,100.0,259.0,24.972,121.537
74DA38F20D2E,2026-08-05,13:10:21,30.5,100.0,0.0,25.06,121.545
74DA38ED0640,2026-08-05,13:10:26,26.75,100.0,5.0,23.154,121.266
74DA38F21170,2026-08-05,13:10:31,30.0,75.0,5.0,22.779,121.088
74DA38F20B26,2026-08-05,13:10:49,30.36,100.0,15.0,22.783,120.247
74DA38F209A8,2026-08-05,13:10:55,-4.0,0.0,0.0,22.401,120.577
74DA38F20B5C,2026-08-05,13:10:55,30.25,100.0,17.0,22.798,120.293
74DA38F7C53C,2026-08-05,13:10:57,29.0,100.0,0.0,25.11,121.804
74DA38F7C592,2026-08-05,13:10:59,-4.0,0.0,0.0,25.224,121.637
74DA38F7C30C,2026-08-05,13:11:11,30.86,95.0,0.0,24.975,121.532
74DA38F20F0A,2026-08-05,13:11:23,28.0,100.0,7.0,22.995,120.635
74DA38F20B80,2026-08-05,13:11:33,30.0,100.0,0.0,22.599,120.35
74DA38F209DE,2026-08-05,13:11:37,30.61,100.0,0.0,24.861,120.964
74DA38F20BF6,2026-08-05,13:11:37,29.61,100.0,14.0,22.582,120.368
74DA38F7C600,2026-08-05,13:11:38,23.37,47.0,13.0,25.07,121.586
74DA38F7C39A,2026-08-05,13:11:50,30.61,100.0,0.0,25.002,121.414
74DA38F20D6C,2026-08-05,13:11:53,30.11,92.0,0.0,22.661,120.301
74DA38F21204,2026-08-05,13:11:55,29.11,100.0,2.0,25.062,121.451
74DA38ED04F2,2026-08-05,13:11:59,28.0,100.0,10.0,23.468,121.496
74DA38F7C610,2026-08-05,13:12:13,30.5,100.0,22.0,25.063,121.564
74DA38F7C514,2026-08-05,13:12:14,30.5,100.0,18.0,25.051,121.518
74DA38F20D1A,2026-08-05,13:12:16,29.61,100.0,0.0,25.078,121.541
74DA38F20DE0,2026-08-05,13:12:16,29.5,100.0,0.0,22.589,120.328
74DA38F7C5E6,2026-08-05,13:12:23,31.61,100.0,7.0,25.107,121.843
74DA38F7C480,2026-08-05,13:12:27,30.0,100.0,0.0,25.061,121.432
74DA38F7C3B2,2026-08-05,13:12:38,32.36,67.0,10.0,24.929,121.378
74DA38F2104E,2026-08-05,13:12:39,27.87,100.0,13.0,23.108,120.7
74DA38F208E2,2026-08-05,13:12:40,29.25,100.0,19.0,24.688,121.766
74DA38F7C5CE,2026-08-05,13:12:43,29.86,92.0,0.0,25.066,121.656
74DA38F21054,2026-08-05,13:12:55,29.75,74.0,10.0,22.898,120.627
74DA38ED0630,2026-08-05,13:12:56,30.61,100.0,0.0,23.994,121.594
74DA38ED06E0,2026-08-05,13:12:56,29.61,100.0,13.0,23.601,121.521
74DA38F20D1E,2026-08-05,13:12:57,30.0,100.0,22.0,25.048,121.573
74DA38F7C5AA,2026-08-05,13:12:59,29.5,100.0,2.0,25.0,121.479
74DA38F7C47C,2026-08-05,13:13:04,31.0,100.0,77.0,25.055,121.455
74DA38F20D16,2026-08-05,13:13:07,30.75,100.0,21.0,25.062,121.526
74DA38ED059C,2026-08-05,13:13:15,29.61,100.0,11.0,23.706,121.412
74DA38F7C27E,2026-08-05,13:13:21,30.61,100.0,17.0,25.053,121.444
74DA38F7C5A0,2026-08-05,13:13:34,30.75,100.0,0.0,25.107,121.518
74DA38F7C47E,2026-08-05,13:13:42,31.0,100.0,23.0,25.053963,121.427681
74DA38F7C3DC,2026-08-05,13:13:44,29.75,100.0,22.0,25.003,121.539
74DA38F20862,2026-08-05,13:13:49,28.36,100.0,22.0,23.101,121.176
74DA38F20C26,2026-08-05,13:14:00,32.11,80.0,12.0,22.676,120.342
74DA38F7C366,2026-08-05,13:14:03,29.61,100.0,7.0,25.002,121.516
74DA38F7C506,2026-08-05,13:14:09,30.11,100.0,0.0,24.996,121.544
74DA38F7C616,2026-08-05,13:14:09,30.61,100.0,0.0,25.031,121.563
74DA38F7C5BE,2026-08-05,13:14:10,30.11,98.0,22.0,25.092,121.523
74DA38F210A2,2026-08-05,13:14:12,30.25,100.0,4.0,25.12,121.466
74DA38F7C3D6,2026-08-05,13:14:14,31.0,100.0,0.0,25.045,121.541
74DA38F20A30,2026-08-05,13:14:16,30.25,89.0,0.0,24.948,121.372
74DA38F209B2,2026-08-05,13:14:17,28.5,100.0,0.0,22.363,120.599
74DA38F20B12,2026-08-05,13:14:25,29.11,73.0,5.0,22.91,120.716
74DA38F209EE,2026-08-05,13:14:27,29.11,100.0,0.0,23.026,121.33
74DA38F7C260,2026-08-05,13:14:28,31.75,100.0,0.0,25.065,121.425
74DA38F20D70,2026-08-05,13:14:29,30.61,93.0,0.0,23.05,121.164
74DA38F20F1C,2026-08-05,13:14:45,29.75,100.0,16.0,25.062,121.451
74DA38F7C532,2026-08-05,13:14:50,30.0,100.0,19.0,25.059,121.499
74DA38ED05B6,2026-08-05,13:14:53,28.75,100.0,12.0,23.43,121.348
74DA38F20A78,2026-08-05,13:15:01,29.61,100.0,3.0,22.904,121.124
74DA38F21136,2026-08-05,13:15:02,30.61,100.0,12.0,25.119,121.505
74DA38F20B82,2026-08-05,13:15:03,-4.0,0.0,0.0,22.847,120.465
74DA38F2113E,2026-08-05,13:15:04,-4.0,0.0,0.0,22.728,120.313
74DA38F7C41E,2026-08-05,13:15:07,30.25,87.0,0.0,25.054,121.517
74DA38F20C06,2026-08-05,13:15:08,31.75,70.0,20.0,24.874,121.02
74DA38F7C4CC,2026-08-05,13:15:08,30.36,100.0,13.0,25.062,121.451
74DA38F7C54E,2026-08-05,13:15:14,28.86,100.0,0.0,25.063,121.661
74DA38F7C430,2026-08-05,13:15:18,31.86,84.0,0.0,24.981,121.423
74DA38F7C42E,2026-08-05,13:15:20,29.36,100.0,0.0,24.969,121.514
74DA38F20E9E,2026-08-05,13:15:22,27.37,100.0,16.0,24.648,121.151
74DA38ED05EA,2026-08-05,13:15:23,30.0,100.0,11.0,23.394,121.357
74DA38F207DE,2026-08-05,13:15:23,30.36,100.0,14.0,22.603,120.34
74DA38F7C4DE,2026-08-05,13:15:25,30.36,100.0,0.0,25.09,121.462
74DA38F7C338,2026-08-05,13:15:29,30.61,100.0,16.0,25.011,121.458
74DA38F7C310,2026-08-05,13:15:34,31.36,100.0,12.0,25.09,121.464
74DA38F20B88,2026-08-05,13:15:47,28.25,100.0,0.0,22.75,120.316
74DA38F20934,2026-08-05,13:15:48,29.86,78.0,7.0,23.002,121.29
74DA38F2105C,2026-08-05,13:15:55,30.11,100.0,0.0,25.088,121.599
74DA38F21088,2026-08-05,13:15:56,30.86,100.0,0.0,25.068,121.588
74DA38ED0454,2026-08-05,13:16:00,31.36,100.0,20.0,24.053,121.599
74DA38F7C63C,2026-08-05,13:16:04,-4.0,0.0,12.0,24.998,121.425
74DA38F20EB2,2026-08-05,13:16:06,26.25,100.0,22.0,24.324,120.835
74DA38F7C13A,2026-08-05,13:16:06,22.62,-3.0,5.0,25.069,121.359
74DA38F7C560,2026-08-05,13:16:08,30.5,-62.0,0.0,25.079,121.671
74DA38F7C3DE,2026-08-05,13:16:10,31.5,100.0,274.0,24.972,121.537
74DA38F7C464,2026-08-05,13:16:19,27.12,30.0,0.0,25.006,121.413
74DA38F7C59C,2026-08-05,13:16:19,30.61,82.0,29.0,25.103,121.487
74DA38F21048,2026-08-05,13:16:28,29.5,100.0,15.0,22.595,120.341
74DA38F21024,2026-08-05,13:16:29,29.36,100.0,0.0,24.93,121.036
74DA38ED0640,2026-08-05,13:16:32,26.75,100.0,5.0,23.154,121.266
74DA38F21170,2026-08-05,13:16:37,30.0,74.0,6.0,22.779,121.088
74DA38F7C570,2026-08-05,13:16:38,-4.0,0.0,0.0,25.239,121.63
74DA38F20D2E,2026-08-05,13:16:49,30.36,100.0,0.0,25.06,121.545
74DA38F20B26,2026-08-05,13:16:57,30.25,100.0,17.0,22.783,120.247
74DA38F20B5C,2026-08-05,13:17:01,30.25,100.0,14.0,22.798,120.293
74DA38F7C53C,2026-08-05,13:17:24,29.0,100.0,0.0,25.11,121.804
74DA38F20F0A,2026-08-05,13:17:29,28.0,100.0,7.0,22.995,120.635
74DA38F7C30C,2026-08-05,13:17:31,30.75,95.0,0.0,24.975,121.532
74DA38F20BF6,2026-08-05,13:17:42,29.61,100.0,14.0,22.582,120.368
74DA38F7C600,2026-08-05,13:17:43,23.25,46.0,12.0,25.07,121.586
74DA38F209DE,2026-08-05,13:18:03,31.0,100.0,0.0,24.861,120.964
74DA38F21204,2026-08-05,13:18:04,29.11,100.0,2.0,25.062,121.451
74DA38ED04F2,2026-08-05,13:18:06,28.11,100.0,10.0,23.468,121.496
74DA38F7C39A,2026-08-05,13:18:18,30.5,100.0,0.0,25.002,121.414
74DA38F20D6C,2026-08-05,13:18:20,30.25,92.0,0.0,22.661,120.301
74DA38F7C514,2026-08-05,13:18:22,30.5,100.0,18.0,25.051,121.518
74DA38F7C610,2026-08-05,13:18:22,30.5,100.0,20.0,25.063,121.564
74DA38F7C5E6,2026-08-05,13:18:28,31.61,100.0,7.0,25.107,121.843
74DA38F20B80,2026-08-05,13:18:30,30.0,100.0,0.0,22.599,120.35
74DA38F7C3BA,2026-08-05,13:18:35,-4.0,0.0,99.0,25.174,121.441
74DA38F7C3B2,2026-08-05,13:18:43,32.36,68.0,10.0,24.929,121.378
74DA38F20D1A,2026-08-05,13:18:44,29.61,100.0,0.0,25.078,121.541
74DA38F208E2,2026-08-05,13:18:46,29.11,100.0,20.0,24.688,121.766
74DA38F20DE0,2026-08-05,13:18:47,29.61,100.0,1.0,22.589,120.328
74DA38F7C480,2026-08-05,13:18:55,30.0,100.0,0.0,25.061,121.432
74DA38F7C47C,2026-08-05,13:18:57,31.0,100.0,74.0,25.055,121.455
74DA38F21054,2026-08-05,13:19:01,29.75,74.0,10.0,22.898,120.627
74DA38ED06E0,2026-08-05,13:19:03,29.75,100.0,12.0,23.601,121.521
74DA38F20D1E,2026-08-05,13:19:04,30.11,100.0,22.0,25.048,121.573
74DA38F7C5CE,2026-08-05,13:19:10,29.86,92.0,0.0,25.066,121.656
74DA38F20D16,2026-08-05,13:19:12,30.86,100.0,20.0,25.062,121.526
74DA38ED0630,2026-08-05,13:19:23,30.61,100.0,0.0,23.994,121.594
74DA38F7C27E,2026-08-05,13:19:27,30.75,100.0,18.0,25.053,121.444
74DA38F7C5AA,2026-08-05,13:19:28,29.61,100.0,2.0,25.0,121.479
74DA38ED059C,2026-08-05,13:19:37,29.61,100.0,10.0,23.706,121.412
74DA38F7C47E,2026-08-05,13:19:48,31.0,100.0,23.0,25.053963,121.427681
74DA38F7C3DC,2026-08-05,13:19:51,29.86,100.0,21.0,25.003,121.539
74DA38F20862,2026-08-05,13:19:59,28.25,100.0,22.0,23.101,121.176
74DA38F7C5A0,2026-08-05,13:20:01,30.75,100.0,0.0,25.107,121.518
74DA38F7C366,2026-08-05,13:20:08,29.5,100.0,8.0,25.002,121.516
74DA38F20C26,2026-08-05,13:20:10,32.11,80.0,12.0,22.676,120.342
74DA38F7C5BE,2026-08-05,13:20:15,30.11,97.0,22.0,25.092,121.523
74DA38F210A2,2026-08-05,13:20:16,30.25,100.0,4.0,25.12,121.466
74DA38F7C616,2026-08-05,13:20:16,30.5,100.0,0.0,25.031,121.563
74DA38F209A8,2026-08-05,13:20:32,-4.0,0.0,0.0,22.401,120.577
74DA38F209EE,2026-08-05,13:20:32,29.0,100.0,0.0,23.026,121.33
74DA38F20B12,2026-08-05,13:20:32,29.25,73.0,5.0,22.91,120.716
74DA38F20D70,2026-08-05,13:20:34,30.75,94.0,0.0,23.05,121.164
74DA38F7C592,2026-08-05,13:20:37,-4.0,0.0,0.0,25.224,121.637
74DA38F7C506,2026-08-05,13:20:39,30.25,100.0,0.0,24.996,121.544
74DA38F7C3D6,2026-08-05,13:20:41,31.0,100.0,0.0,25.045,121.541
74DA38F209B2,2026-08-05,13:20:44,28.36,100.0,0.0,22.363,120.599
74DA38F20F1C,2026-08-05,13:20:51,29.61,100.0,15.0,25.062,121.451
74DA38F20A30,2026-08-05,13:20:52,30.11,89.0,0.0,24.948,121.372
74DA38ED05B6,2026-08-05,13:20:58,28.75,100.0,12.0,23.43,121.348
74DA38F7C260,2026-08-05,13:20:58,31.75,100.0,0.0,25.065,121.425
74DA38F7C532,2026-08-05,13:20:58,30.11,100.0,19.0,25.059,121.499
74DA38F20A78,2026-08-05,13:21:07,29.5,100.0,3.0,22.904,121.124
74DA38F20C06,2026-08-05,13:21:17,31.75,70.0,21.0,24.874,121.02
74DA38F7C4CC,2026-08-05,13:21:17,30.5,100.0,15.0,25.062,121.451
74DA38F21136,2026-08-05,13:21:22,30.36,100.0,13.0,25.119,121.505
74DA38F207DE,2026-08-05,13:21:28,30.36,100.0,15.0,22.603,120.34
74DA38ED05EA,2026-08-05,13:21:29,30.0,100.0,12.0,23.394,121.357
74DA38F20E9E,2026-08-05,13:21:29,27.37,100.0,17.0,24.648,121.151
74DA38F7C338,2026-08-05,13:21:34,30.61,100.0,15.0,25.011,121.458
74DA38F7C310,2026-08-05,13:21:39,31.36,100.0,12.0,25.09,121.464
74DA38F7C54E,2026-08-05,13:21:39,28.86,100.0,0.0,25.063,121.661
74DA38F7C430,2026-08-05,13:21:45,31.86,84.0,0.0,24.981,121.423
74DA38F7C4DE,2026-08-05,13:21:46,30.25,100.0,0.0,25.09,121.462
74DA38F7C42E,2026-08-05,13:21:49,29.61,100.0,0.0,24.969,121.514
74DA38F7C41E,2026-08-05,13:22:01,30.25,87.0,0.0,25.054,121.517
74DA38F20934,2026-08-05,13:22:03,29.86,78.0,7.0,23.002,121.29
74DA38ED0454,2026-08-05,13:22:06,31.36,100.0,20.0,24.053,121.599
74DA38F7C3DE,2026-08-05,13:22:07,31.61,100.0,258.0,24.972,121.537
74DA38F20EB2,2026-08-05,13:22:15,26.37,100.0,22.0,24.324,120.835
74DA38F20B88,2026-08-05,13:22:18,28.5,100.0,0.0,22.75,120.316
74DA38F2113E,2026-08-05,13:22:19,-4.0,0.0,0.0,22.728,120.313
74DA38F2105C,2026-08-05,13:22:22,30.11,100.0,0.0,25.088,121.599
74DA38F21088,2026-08-05,13:22:24,30.86,100.0,0.0,25.068,121.588
74DA38F7C13A,2026-08-05,13:22:36,22.62,-5.0,4.0,25.069,121.359
74DA38F7C560,2026-08-05,13:22:36,30.86,-62.0,0.0,25.079,121.671
74DA38ED0640,2026-08-05,13:22:38,27.0,100.0,5.0,23.154,121.266
74DA38F21170,2026-08-05,13:22:42,30.11,74.0,6.0,22.779,121.088
74DA38F7C464,2026-08-05,13:22:46,27.12,30.0,0.0,25.006,121.413
74DA38F7C59C,2026-08-05,13:22:47,30.61,83.0,31.0,25.103,121.487
74DA38F21024,2026-08-05,13:22:55,29.36,100.0,0.0,24.93,121.036
74DA38F21048,2026-08-05,13:22:57,29.5,100.0,16.0,22.595,120.341
74DA38F20B5C,2026-08-05,13:23:07,30.11,100.0,14.0,22.798,120.293
74DA38F20D2E,2026-08-05,13:23:18,30.5,100.0,0.0,25.06,121.545
74DA38F20B26,2026-08-05,13:23:24,30.11,100.0,18.0,22.783,120.247
74DA38F20F0A,2026-08-05,13:23:35,28.0,100.0,7.0,22.995,120.635
74DA38F7C30C,2026-08-05,13:23:39,30.75,96.0,0.0,24.975,121.532
74DA38F20BF6,2026-08-05,13:23:47,29.61,100.0,15.0,22.582,120.368
74DA38F7C600,2026-08-05,13:23:48,23.12,47.0,12.0,25.07,121.586
74DA38F7C53C,2026-08-05,13:23:51,29.0,100.0,0.0,25.11,121.804
74DA38F21204,2026-08-05,13:24:13,29.0,100.0,1.0,25.062,121.451
74DA38ED04F2,2026-08-05,13:24:16,28.11,100.0,9.0,23.468,121.496
74DA38F7C610,2026-08-05,13:24:30,30.5,100.0,20.0,25.063,121.564
74DA38F209DE,2026-08-05,13:24:31,31.0,100.0,0.0,24.861,120.964
74DA38F7C514,2026-08-05,13:24:32,30.5,100.0,17.0,25.051,121.518
74DA38F7C5E6,2026-08-05,13:24:33,31.61,100.0,7.0,25.107,121.843
74DA38F20B82,2026-08-05,13:24:35,-4.0,0.0,0.0,22.847,120.465
74DA38F7C39A,2026-08-05,13:24:45,30.5,100.0,0.0,25.002,121.414
74DA38F7C3B2,2026-08-05,13:24:48,32.36,68.0,9.0,24.929,121.378
74DA38F208E2,2026-08-05,13:24:52,29.11,100.0,20.0,24.688,121.766
74DA38F7C47C,2026-08-05,13:24:52,31.0,100.0,83.0,25.055,121.455
74DA38F20D6C,2026-08-05,13:24:54,30.25,92.0,0.0,22.661,120.301
74DA38F21054,2026-08-05,13:25:06,29.75,74.0,10.0,22.898,120.627
74DA38ED06E0,2026-08-05,13:25:09,29.61,100.0,12.0,23.601,121.521
74DA38F20D1E,2026-08-05,13:25:12,30.25,100.0,22.0,25.048,121.573
74DA38F20D1A,2026-08-05,13:25:13,29.75,100.0,0.0,25.078,121.541
74DA38F20DE0,2026-08-05,13:25:14,29.5,100.0,0.0,22.589,120.328
74DA38F20D16,2026-08-05,13:25:19,30.86,100.0,20.0,25.062,121.526
74DA38F7C480,2026-08-05,13:25:23,29.86,100.0,0.0,25.061,121.432
74DA38F20B80,2026-08-05,13:25:24,30.11,100.0,0.0,22.599,120.35
74DA38F7C27E,2026-08-05,13:25:34,30.75,100.0,17.0,25.053,121.444
74DA38F7C63C,2026-08-05,13:25:37,-4.0,0.0,12.0,24.998,121.425
74DA38F7C5CE,2026-08-05,13:25:39,29.75,91.0,0.0,25.066,121.656
74DA38ED0630,2026-08-05,13:25:51,30.75,100.0,0.0,23.994,121.594
74DA38ED059C,2026-08-05,13:25:53,29.5,100.0,11.0,23.706,121.412
74DA38F7C5AA,2026-08-05,13:25:55,29.5,100.0,3.0,25.0,121.479
74DA38F7C3DC,2026-08-05,13:25:57,29.86,100.0,21.0,25.003,121.539
74DA38F7C47E,2026-08-05,13:25:57,31.0,100.0,23.0,25.053963,121.427681
74DA38F20862,2026-08-05,13:26:07,28.25,100.0,22.0,23.101,121.176
74DA38F20C26,2026-08-05,13:26:15,32.11,79.0,10.0,22.676,120.342
74DA38F7C366,2026-08-05,13:26:15,29.5,100.0,8.0,25.002,121.516
74DA38F7C570,2026-08-05,13:26:18,-4.0,0.0,0.0,25.239,121.63
74DA38F210A2,2026-08-05,13:26:22,30.36,100.0,6.0,25.12,121.466
74DA38F7C5BE,2026-08-05,13:26:23,30.11,97.0,22.0,25.092,121.523
74DA38F7C616,2026-08-05,13:26:28,30.61,100.0,0.0,25.031,121.563
74DA38F7C5A0,2026-08-05,13:26:29,30.61,100.0,0.0,25.107,121.518
74DA38F209EE,2026-08-05,13:26:37,29.11,100.0,0.0,23.026,121.33
74DA38F20B12,2026-08-05,13:26:38,29.25,73.0,5.0,22.91,120.716
74DA38F20D70,2026-08-05,13:26:40,30.61,93.0,0.0,23.05,121.164
74DA38F20F1C,2026-08-05,13:26:57,29.61,100.0,16.0,25.062,121.451
74DA38ED05B6,2026-08-05,13:27:05,28.61,100.0,13.0,23.43,121.348
74DA38F7C506,2026-08-05,13:27:06,30.11,100.0,0.0,24.996,121.544
74DA38F7C532,2026-08-05,13:27:07,30.11,100.0,19.0,25.059,121.499
74DA38F7C3D6,2026-08-05,13:27:08,31.11,100.0,0.0,25.045,121.541
74DA38F209B2,2026-08-05,13:27:11,28.25,100.0,0.0,22.363,120.599
74DA38F20A78,2026-08-05,13:27:13,29.25,100.0,3.0,22.904,121.124
74DA38F7C3BA,2026-08-05,13:27:18,-4.0,0.0,92.0,25.174,121.441
74DA38F20A30,2026-08-05,13:27:20,30.11,89.0,0.0,24.948,121.372
74DA38F7C260,2026-08-05,13:27:24,31.75,100.0,0.0,25.065,121.425
74DA38F20C06,2026-08-05,13:27:25,31.75,70.0,20.0,24.874,121.02
74DA38F7C4CC,2026-08-05,13:27:25,30.36,100.0,14.0,25.062,121.451
74DA38F207DE,2026-08-05,13:27:33,30.36,100.0,14.0,22.603,120.34
74DA38ED05EA,2026-08-05,13:27:34,29.86,100.0,11.0,23.394,121.357
74DA38F21136,2026-08-05,13:27:34,30.25,100.0,14.0,25.119,121.505
74DA38F20E9E,2026-08-05,13:27:35,27.25,100.0,16.0,24.648,121.151
74DA38F7C338,2026-08-05,13:27:41,30.61,100.0,15.0,25.011,121.458
74DA38F7C310,2026-08-05,13:27:43,31.11,100.0,11.0,25.09,121.464
74DA38F7C4DE,2026-08-05,13:27:56,30.0,100.0,0.0,25.09,121.462
74DA38F7C3DE,2026-08-05,13:28:04,31.61,100.0,281.0,24.972,121.537
74DA38F7C54E,2026-08-05,13:28:05,28.86,100.0,0.0,25.063,121.661
74DA38F7C566,2026-08-05,13:28:09,32.5,100.0,0.0,25.051,121.448
74DA38F20934,2026-08-05,13:28:12,29.86,78.0,7.0,23.002,121.29
74DA38F7C430,2026-08-05,13:28:13,31.86,84.0,0.0,24.981,121.423
74DA38ED0454,2026-08-05,13:28:14,31.5,100.0,21.0,24.053,121.599
74DA38F7C42E,2026-08-05,13:28:19,29.61,100.0,0.0,24.969,121.514
74DA38F20EB2,2026-08-05,13:28:25,26.5,100.0,22.0,24.324,120.835
74DA38F7C41E,2026-08-05,13:28:36,30.25,87.0,0.0,25.054,121.517
74DA38F20FA4,2026-08-05,13:28:41,30.0,100.0,14.0,22.63,120.42
74DA38ED0640,2026-08-05,13:28:45,27.0,100.0,5.0,23.154,121.266
74DA38F20B88,2026-08-05,13:28:48,28.5,100.0,0.0,22.75,120.316
74DA38F2105C,2026-08-05,13:28:49,30.11,100.0,0.0,25.088,121.599
74DA38F21170,2026-08-05,13:28:50,30.11,73.0,7.0,22.779,121.088
74DA38F21088,2026-08-05,13:28:52,30.75,100.0,0.0,25.068,121.588
74DA38F7C560,2026-08-05,13:29:03,31.0,-62.0,0.0,25.079,121.671
74DA38F7C13A,2026-08-05,13:29:05,22.5,-14.0,2.0,25.069,121.359
74DA38F7C464,2026-08-05,13:29:14,27.12,30.0,0.0,25.006,121.413
74DA38F7C59C,2026-08-05,13:29:16,30.61,82.0,29.0,25.103,121.487
74DA38F20B5C,2026-08-05,13:29:19,30.25,100.0,15.0,22.798,120.293
74DA38F21024,2026-08-05,13:29:22,29.36,100.0,0.0,24.93,121.036
74DA38F21048,2026-08-05,13:29:24,29.5,100.0,17.0,22.595,120.341
74DA38F2113E,2026-08-05,13:29:39,-4.0,0.0,0.0,22.728,120.313
74DA38F20B26,2026-08-05,13:29:42,30.11,100.0,17.0,22.783,120.247
74DA38F20F0A,2026-08-05,13:29:43,27.87,100.0,7.0,22.995,120.635
74DA38F20D2E,2026-08-05,13:29:45,30.5,100.0,0.0,25.06,121.545
74DA38F7C30C,2026-08-05,13:29:46,30.75,96.0,0.0,24.975,121.532
74DA38F20BF6,2026-08-05,13:29:52,29.61,100.0,15.0,22.582,120.368
74DA38F7C600,2026-08-05,13:29:54,23.25,47.0,14.0,25.07,121.586
74DA38F209A8,2026-08-05,13:30:13,-4.0,0.0,0.0,22.401,120.577
74DA38F7C53C,2026-08-05,13:30:18,29.0,100.0,0.0,25.11,121.804
74DA38F7C592,2026-08-05,13:30:18,-4.0,0.0,0.0,25.224,121.637
74DA38ED04F2,2026-08-05,13:30:22,28.11,100.0,9.0,23.468,121.496
74DA38F21204,2026-08-05,13:30:24,29.11,100.0,1.0,25.062,121.451
74DA38F7C610,2026-08-05,13:30:38,30.5,100.0,21.0,25.063,121.564
74DA38F7C5E6,2026-08-05,13:30:39,31.61,100.0,7.0,25.107,121.843
74DA38F7C514,2026-08-05,13:30:41,30.61,100.0,18.0,25.051,121.518
74DA38F7C47C,2026-08-05,13:30:48,30.75,100.0,90.0,25.055,121.455
74DA38F7C3B2,2026-08-05,13:30:54,32.36,68.0,10.0,24.929,121.378
74DA38F208E2,2026-08-05,13:30:58,29.11,100.0,19.0,24.688,121.766
74DA38F209DE,2026-08-05,13:30:59,31.0,100.0,0.0,24.861,120.964
74DA38F21054,2026-08-05,13:31:12,29.75,74.0,10.0,22.898,120.627
74DA38F7C39A,2026-08-05,13:31:13,30.5,100.0,0.0,25.002,121.414
74DA38ED06E0,2026-08-05,13:31:17,29.5,100.0,12.0,23.601,121.521
74DA38F20D1E,2026-08-05,13:31:21,30.25,100.0,22.0,25.048,121.573
74DA38F20D6C,2026-08-05,13:31:27,30.36,91.0,0.0,22.661,120.301
74DA38F20D16,2026-08-05,13:31:28,31.0,100.0,21.0,25.062,121.526
74DA38F7C27E,2026-08-05,13:31:40,30.75,100.0,16.0,25.053,121.444
74DA38F20D1A,2026-08-05,13:31:41,29.86,100.0,0.0,25.078,121.541
74DA38F20DE0,2026-08-05,13:31:42,29.61,100.0,0.0,22.589,120.328
74DA38F7C480,2026-08-05,13:31:50,30.11,100.0,0.0,25.061,121.432
74DA38F20B80,2026-08-05,13:31:51,30.25,100.0,0.0,22.599,120.35
74DA38ED059C,2026-08-05,13:32:02,29.11,100.0,12.0,23.706,121.412
74DA38F7C3DC,2026-08-05,13:32:05,30.0,100.0,23.0,25.003,121.539
74DA38F7C47E,2026-08-05,13:32:06,31.0,100.0,22.0,25.053963,121.427681
74DA38F7C5CE,2026-08-05,13:32:08,29.75,91.0,0.0,25.066,121.656
74DA38F20862,2026-08-05,13:32:16,28.36,100.0,17.0,23.101,121.176
74DA38ED0630,2026-08-05,13:32:17,30.75,100.0,0.0,23.994,121.594
74DA38F7C366,2026-08-05,13:32:19,29.61,100.0,8.0,25.002,121.516
74DA38F20C26,2026-08-05,13:32:22,32.0,80.0,10.0,22.676,120.342
74DA38F7C5AA,2026-08-05,13:32:22,29.61,100.0,1.0,25.0,121.479
74DA38F210A2,2026-08-05,13:32:27,30.25,100.0,6.0,25.12,121.466
74DA38F7C5BE,2026-08-05,13:32:30,30.11,97.0,22.0,25.092,121.523
74DA38F7C616,2026-08-05,13:32:34,30.75,100.0,0.0,25.031,121.563
74DA38F209EE,2026-08-05,13:32:42,29.0,100.0,0.0,23.026,121.33
74DA38F20B12,2026-08-05,13:32:45,29.25,73.0,5.0,22.91,120.716
74DA38F20D70,2026-08-05,13:32:48,30.5,93.0,0.0,23.05,121.164
74DA38F7C5A0,2026-08-05,13:32:56,30.61,100.0,0.0,25.107,121.518
74DA38F20F1C,2026-08-05,13:33:03,29.61,100.0,16.0,25.062,121.451
74DA38ED05B6,2026-08-05,13:33:10,28.61,100.0,13.0,23.43,121.348
74DA38F7C532,2026-08-05,13:33:18,30.0,100.0,19.0,25.059,121.499
74DA38F20A78,2026-08-05,13:33:20,29.11,100.0,4.0,22.904,121.124
74DA38F7C4CC,2026-08-05,13:33:31,30.36,100.0,14.0,25.062,121.451
74DA38F20C06,2026-08-05,13:33:32,31.75,70.0,20.0,24.874,121.02
74DA38F7C3D6,2026-08-05,13:33:34,31.0,100.0,0.0,25.045,121.541
74DA38F7C506,2026-08-05,13:33:37,29.86,100.0,0.0,24.996,121.544
74DA38ED05EA,2026-08-05,13:33:39,29.86,100.0,11.0,23.394,121.357
74DA38F207DE,2026-08-05,13:33:39,30.25,100.0,16.0,22.603,120.34
74DA38F209B2,2026-08-05,13:33:39,28.25,100.0,0.0,22.363,120.599
74DA38F20E9E,2026-08-05,13:33:40,27.37,100.0,15.0,24.648,121.151
74DA38F7C310,2026-08-05,13:33:48,31.11,100.0,11.0,25.09,121.464
74DA38F20A30,2026-08-05,13:33:49,30.11,88.0,0.0,24.948,121.372
74DA38F7C260,2026-08-05,13:33:52,31.75,100.0,0.0,25.065,121.425
74DA38F7C338,2026-08-05,13:33:53,30.61,100.0,15.0,25.011,121.458
74DA38F7C3DE,2026-08-05,13:34:02,31.75,100.0,260.0,24.972,121.537
74DA38F7C4DE,2026-08-05,13:34:02,30.0,100.0,0.0,25.09,121.462
74DA38F21136,2026-08-05,13:34:04,30.36,100.0,13.0,25.119,121.505
74DA38F20B82,2026-08-05,13:34:07,-4.0,0.0,0.0,22.847,120.465
74DA38ED0454,2026-08-05,13:34:21,31.5,100.0,20.0,24.053,121.599
74DA38F20934,2026-08-05,13:34:28,29.86,78.0,7.0,23.002,121.29
74DA38F7C54E,2026-08-05,13:34:32,28.86,100.0,0.0,25.063,121.661
74DA38F20EB2,2026-08-05,13:34:34,26.62,100.0,21.0,24.324,120.835
74DA38F7C566,2026-08-05,13:34:38,32.5,100.0,0.0,25.051,121.448
74DA38F7C430,2026-08-05,13:34:41,31.86,84.0,0.0,24.981,121.423
74DA38F7C42E,2026-08-05,13:34:48,29.5,100.0,0.0,24.969,121.514
74DA38ED0640,2026-08-05,13:34:51,26.87,100.0,5.0,23.154,121.266
74DA38F20FA4,2026-08-05,13:34:58,30.0,100.0,16.0,22.63,120.42
74DA38F21170,2026-08-05,13:35:07,30.0,73.0,7.0,22.779,121.088
74DA38F7C63C,2026-08-05,13:35:07,-4.0,0.0,13.0,24.998,121.425
74DA38F7C41E,2026-08-05,13:35:12,30.25,87.0,0.0,25.054,121.517
74DA38F2105C,2026-08-05,13:35:16,30.11,100.0,0.0,25.088,121.599
74DA38F21088,2026-08-05,13:35:20,30.86,100.0,0.0,25.068,121.588
74DA38F20B88,2026-08-05,13:35:21,28.75,100.0,0.0,22.75,120.316
74DA38F20B5C,2026-08-05,13:35:24,30.25,100.0,15.0,22.798,120.293
74DA38F7C560,2026-08-05,13:35:31,31.11,-62.0,0.0,25.079,121.671
74DA38F7C13A,2026-08-05,13:35:34,22.5,-16.0,0.0,25.069,121.359
74DA38F7C464,2026-08-05,13:35:42,27.12,30.0,0.0,25.006,121.413
74DA38F7C59C,2026-08-05,13:35:46,30.75,83.0,30.0,25.103,121.487
74DA38F20B26,2026-08-05,13:35:49,30.11,100.0,14.0,22.783,120.247
74DA38F20F0A,2026-08-05,13:35:49,27.87,100.0,7.0,22.995,120.635
74DA38F21024,2026-08-05,13:35:50,29.5,100.0,0.0,24.93,121.036
74DA38F21048,2026-08-05,13:35:53,29.36,100.0,18.0,22.595,120.341
74DA38F7C30C,2026-08-05,13:35:54,30.5,96.0,0.0,24.975,121.532
74DA38F20BF6,2026-08-05,13:35:57,29.61,100.0,15.0,22.582,120.368
74DA38F7C570,2026-08-05,13:35:59,-4.0,0.0,0.0,25.239,121.63
74DA38F7C600,2026-08-05,13:36:00,23.25,48.0,13.0,25.07,121.586
74DA38F7C3BA,2026-08-05,13:36:01,-4.0,0.0,91.0,25.174,121.441
74DA38F20D2E,2026-08-05,13:36:13,30.36,100.0,0.0,25.06,121.545
74DA38ED04F2,2026-08-05,13:36:31,28.25,100.0,9.0,23.468,121.496
74DA38F21204,2026-08-05,13:36:32,29.0,100.0,2.0,25.062,121.451
74DA38F7C47C,2026-08-05,13:36:41,30.75,100.0,99.0,25.055,121.455
74DA38F7C53C,2026-08-05,13:36:44,28.75,100.0,0.0,25.11,121.804
74DA38F7C5E6,2026-08-05,13:36:45,31.61,100.0,7.0,25.107,121.843
74DA38F7C514,2026-08-05,13:36:49,30.25,100.0,17.0,25.051,121.518
74DA38F7C610,2026-08-05,13:36:49,30.5,100.0,21.0,25.063,121.564
74DA38F2113E,2026-08-05,13:36:54,-4.0,0.0,0.0,22.728,120.313
74DA38F7C3B2,2026-08-05,13:37:00,32.36,68.0,10.0,24.929,121.378
74DA38F208E2,2026-08-05,13:37:04,29.11,100.0,18.0,24.688,121.766
74DA38F21054,2026-08-05,13:37:17,29.75,74.0,10.0,22.898,120.627
74DA38ED06E0,2026-08-05,13:37:23,29.5,100.0,12.0,23.601,121.521
74DA38F209DE,2026-08-05,13:37:25,31.11,100.0,0.0,24.861,120.964
74DA38F20D1E,2026-08-05,13:37:29,30.36,100.0,22.0,25.048,121.573
74DA38F20D16,2026-08-05,13:37:35,31.0,100.0,22.0,25.062,121.526
74DA38F7C39A,2026-08-05,13:37:41,30.5,100.0,0.0,25.002,121.414
74DA38F7C27E,2026-08-05,13:37:47,30.75,100.0,17.0,25.053,121.444
74DA38F20D1A,2026-08-05,13:38:09,29.75,100.0,0.0,25.078,121.541
74DA38F20DE0,2026-08-05,13:38:11,29.61,100.0,0.0,22.589,120.328
74DA38F2104E,2026-08-05,13:38:11,27.87,100.0,13.0,23.108,120.7
74DA38F7C3DC,2026-08-05,13:38:11,29.86,100.0,21.0,25.003,121.539
74DA38F7C47E,2026-08-05,13:38:13,31.0,100.0,22.0,25.053963,121.427681
74DA38F7C480,2026-08-05,13:38:17,30.11,100.0,0.0,25.061,121.432
74DA38F20B80,2026-08-05,13:38:20,30.25,100.0,0.0,22.599,120.35
74DA38F20862,2026-08-05,13:38:25,28.36,100.0,17.0,23.101,121.176
74DA38F7C366,2026-08-05,13:38:26,29.75,100.0,7.0,25.002,121.516
74DA38ED059C,2026-08-05,13:38:28,29.11,100.0,11.0,23.706,121.412
74DA38F20C26,2026-08-05,13:38:29,32.0,80.0,11.0,22.676,120.342
74DA38F210A2,2026-08-05,13:38:32,30.25,100.0,5.0,25.12,121.466
74DA38F7C5BE,2026-08-05,13:38:36,30.11,96.0,22.0,25.092,121.523
74DA38F7C5CE,2026-08-05,13:38:37,29.61,91.0,0.0,25.066,121.656
74DA38F7C616,2026-08-05,13:38:42,30.61,100.0,0.0,25.031,121.563
74DA38ED0630,2026-08-05,13:38:45,30.75,100.0,0.0,23.994,121.594
74DA38F209EE,2026-08-05,13:38:47,29.0,100.0,0.0,23.026,121.33
74DA38F7C5AA,2026-08-05,13:38:50,29.5,100.0,2.0,25.0,121.479
74DA38F20B12,2026-08-05,13:38:52,29.11,73.0,5.0,22.91,120.716
74DA38F20D70,2026-08-05,13:38:54,30.5,93.0,0.0,23.05,121.164
74DA38F20F1C,2026-08-05,13:39:11,29.61,100.0,16.0,25.062,121.451
74DA38ED05B6,2026-08-05,13:39:17,28.36,100.0,13.0,23.43,121.348
74DA38F7C5A0,2026-08-05,13:39:23,30.61,100.0,0.0,25.107,121.518
74DA38F7C532,2026-08-05,13:39:24,30.11,100.0,18.0,25.059,121.499
74DA38F20A78,2026-08-05,13:39:26,29.0,100.0,4.0,22.904,121.124
74DA38F7C4CC,2026-08-05,13:39:37,30.36,100.0,13.0,25.062,121.451
74DA38F20C06,2026-08-05,13:39:38,31.75,70.0,21.0,24.874,121.02
74DA38ED05EA,2026-08-05,13:39:46,29.86,100.0,11.0,23.394,121.357
74DA38F207DE,2026-08-05,13:39:47,30.36,100.0,16.0,22.603,120.34
74DA38F20E9E,2026-08-05,13:39:48,27.25,100.0,16.0,24.648,121.151
74DA38F209A8,2026-08-05,13:39:50,-4.0,0.0,0.0,22.401,120.577
74DA38F7C310,2026-08-05,13:39:54,31.0,100.0,11.0,25.09,121.464
74DA38F7C592,2026-08-05,13:39:57,-4.0,0.0,0.0,25.224,121.637
74DA38F7C3DE,2026-08-05,13:39:59,31.75,100.0,263.0,24.972,121.537
74DA38F7C3D6,2026-08-05,13:40:01,30.86,100.0,0.0,25.045,121.541
74DA38F209B2,2026-08-05,13:40:05,28.11,100.0,0.0,22.363,120.599
74DA38F7C506,2026-08-05,13:40:15,30.0,100.0,0.0,24.996,121.544
74DA38F21136,2026-08-05,13:40:19,30.36,100.0,13.0,25.119,121.505
74DA38F7C4DE,2026-08-05,13:40:19,29.86,100.0,0.0,25.09,121.462
74DA38F7C260,2026-08-05,13:40:21,31.75,100.0,0.0,25.065,121.425
74DA38F20A30,2026-08-05,13:40:24,30.11,88.0,0.0,24.948,121.372
74DA38ED0454,2026-08-05,13:40:29,31.5,100.0,21.0,24.053,121.599
74DA38F20934,2026-08-05,13:40:41,29.86,78.0,6.0,23.002,121.29
74DA38F20EB2,2026-08-05,13:40:46,26.62,100.0,20.0,24.324,120.835
74DA38ED0640,2026-08-05,13:40:58,26.75,100.0,5.0,23.154,121.266
74DA38F7C54E,2026-08-05,13:40:59,28.75,100.0,0.0,25.063,121.661
74DA38F7C430,2026-08-05,13:41:11,31.86,84.0,0.0,24.981,121.423
74DA38F21170,2026-08-05,13:41:13,30.0,73.0,5.0,22.779,121.088
74DA38F20FA4,2026-08-05,13:41:14,29.61,100.0,15.0,22.63,120.42
74DA38F7C42E,2026-08-05,13:41:17,29.5,100.0,0.0,24.969,121.514
74DA38F20B5C,2026-08-05,13:41:29,30.25,100.0,15.0,22.798,120.293
74DA38F2105C,2026-08-05,13:41:43,30.11,100.0,0.0,25.088,121.599
74DA38F7C41E,2026-08-05,13:41:48,30.11,87.0,0.0,25.054,121.517
74DA38F21088,2026-08-05,13:41:49,30.75,100.0,0.0,25.068,121.588
74DA38F20B88,2026-08-05,13:41:50,28.75,100.0,0.0,22.75,120.316
74DA38F20F0A,2026-08-05,13:41:55,27.87,100.0,7.0,22.995,120.635
74DA38F7C560,2026-08-05,13:41:59,31.0,-62.0,0.0,25.079,121.671
74DA38F20BF6,2026-08-05,13:42:01,29.75,100.0,14.0,22.582,120.368
74DA38F7C13A,2026-08-05,13:42:01,22.5,-15.0,0.0,25.069,121.359
74DA38F20B26,2026-08-05,13:42:03,30.11,100.0,15.0,22.783,120.247
74DA38F7C30C,2026-08-05,13:42:03,30.5,97.0,0.0,24.975,121.532
74DA38F7C600,2026-08-05,13:42:08,23.25,47.0,13.0,25.07,121.586
74DA38F7C464,2026-08-05,13:42:10,27.12,30.0,0.0,25.006,121.413
74DA38F7C59C,2026-08-05,13:42:14,30.75,82.0,30.0,25.103,121.487
74DA38F21024,2026-08-05,13:42:16,29.5,100.0,0.0,24.93,121.036
74DA38F21048,2026-08-05,13:42:22,29.5,100.0,17.0,22.595,120.341
74DA38F7C47C,2026-08-05,13:42:34,30.86,100.0,103.0,25.055,121.455
74DA38ED04F2,2026-08-05,13:42:38,28.11,100.0,9.0,23.468,121.496
74DA38F20D2E,2026-08-05,13:42:41,30.36,100.0,0.0,25.06,121.545
74DA38F21204,2026-08-05,13:42:42,29.0,100.0,1.0,25.062,121.451
74DA38F7C5E6,2026-08-05,13:42:50,31.61,100.0,7.0,25.107,121.843
74DA38F7C610,2026-08-05,13:42:56,30.5,100.0,20.0,25.063,121.564
74DA38F7C514,2026-08-05,13:42:57,30.25,100.0,17.0,25.051,121.518
74DA38F7C3B2,2026-08-05,13:43:05,32.36,68.0,9.0,24.929,121.378
74DA38F208E2,2026-08-05,13:43:09,29.11,100.0,18.0,24.688,121.766
74DA38F7C53C,2026-08-05,13:43:11,28.61,100.0,0.0,25.11,121.804
74DA38F21054,2026-08-05,13:43:22,29.75,75.0,11.0,22.898,120.627
74DA38ED06E0,2026-08-05,13:43:30,29.5,100.0,12.0,23.601,121.521
74DA38F20D1E,2026-08-05,13:43:38,30.25,100.0,22.0,25.048,121.573
74DA38F20B82,2026-08-05,13:43:39,-4.0,0.0,0.0,22.847,120.465
74DA38F20D16,2026-08-05,13:43:41,30.86,100.0,20.0,25.062,121.526
74DA38F209DE,2026-08-05,13:43:53,31.25,100.0,0.0,24.861,120.964
74DA38F7C27E,2026-08-05,13:43:53,30.75,100.0,17.0,25.053,121.444
74DA38F7C39A,2026-08-05,13:44:07,30.5,100.0,0.0,25.002,121.414
74DA38F2113E,2026-08-05,13:44:12,-4.0,0.0,0.0,22.728,120.313
74DA38F7C3DC,2026-08-05,13:44:15,30.0,100.0,19.0,25.003,121.539
74DA38F2104E,2026-08-05,13:44:18,27.87,100.0,14.0,23.108,120.7
74DA38F7C47E,2026-08-05,13:44:20,31.0,100.0,23.0,25.053963,121.427681
74DA38F7C366,2026-08-05,13:44:31,29.75,100.0,7.0,25.002,121.516
74DA38F20862,2026-08-05,13:44:33,28.11,100.0,17.0,23.101,121.176
74DA38F20C26,2026-08-05,13:44:36,32.0,81.0,17.0,22.676,120.342
74DA38F20D1A,2026-08-05,13:44:37,29.75,100.0,0.0,25.078,121.541
74DA38ED059C,2026-08-05,13:44:38,29.25,100.0,11.0,23.706,121.412
74DA38F7C63C,2026-08-05,13:44:38,-4.0,0.0,12.0,24.998,121.425
74DA38F20DE0,2026-08-05,13:44:39,29.75,100.0,0.0,22.589,120.328
74DA38F210A2,2026-08-05,13:44:39,30.25,100.0,5.0,25.12,121.466
74DA38F7C5BE,2026-08-05,13:44:43,30.11,96.0,21.0,25.092,121.523
74DA38F7C3BA,2026-08-05,13:44:44,-4.0,0.0,90.0,25.174,121.441
74DA38F7C480,2026-08-05,13:44:45,30.25,100.0,0.0,25.061,121.432
74DA38F7C616,2026-08-05,13:44:49,30.5,100.0,0.0,25.031,121.563
74DA38F209EE,2026-08-05,13:44:53,29.0,100.0,0.0,23.026,121.33
74DA38F20B80,2026-08-05,13:44:55,30.25,100.0,0.0,22.599,120.35
74DA38F20B12,2026-08-05,13:44:57,29.11,74.0,5.0,22.91,120.716
74DA38F20D70,2026-08-05,13:45:02,30.5,93.0,0.0,23.05,121.164
74DA38F7C5CE,2026-08-05,13:45:05,29.75,91.0,0.0,25.066,121.656
74DA38ED0630,2026-08-05,13:45:13,30.75,100.0,0.0,23.994,121.594
74DA38F20F1C,2026-08-05,13:45:17,29.5,100.0,15.0,25.062,121.451
74DA38F7C5AA,2026-08-05,13:45:17,29.5,100.0,2.0,25.0,121.479
74DA38ED05B6,2026-08-05,13:45:23,28.25,100.0,12.0,23.43,121.348
74DA38F20A78,2026-08-05,13:45:31,29.0,100.0,3.0,22.904,121.124
74DA38F7C532,2026-08-05,13:45:32,30.11,100.0,19.0,25.059,121.499
74DA38F7C570,2026-08-05,13:45:38,-4.0,0.0,0.0,25.239,121.63
74DA38F7C4CC,2026-08-05,13:45:44,30.5,100.0,13.0,25.062,121.451
74DA38F20C06,2026-08-05,13:45:47,31.75,70.0,21.0,24.874,121.02
74DA38ED05EA,2026-08-05,13:45:51,29.86,100.0,12.0,23.394,121.357
74DA38F7C5A0,2026-08-05,13:45:51,30.61,100.0,0.0,25.107,121.518
74DA38F207DE,2026-08-05,13:45:52,30.5,100.0,16.0,22.603,120.34
74DA38F20E9E,2026-08-05,13:45:57,27.25,100.0,18.0,24.648,121.151
74DA38F7C310,2026-08-05,13:45:58,31.11,100.0,11.0,25.09,121.464
74DA38F7C3DE,2026-08-05,13:45:58,31.75,100.0,269.0,24.972,121.537
74DA38F7C3D6,2026-08-05,13:46:28,31.0,100.0,0.0,25.045,121.541
74DA38F7C4DE,2026-08-05,13:46:30,29.86,100.0,0.0,25.09,121.462
74DA38F209B2,2026-08-05,13:46:32,28.11,100.0,0.0,22.363,120.599
74DA38ED0454,2026-08-05,13:46:35,31.61,100.0,20.0,24.053,121.599
74DA38F21136,2026-08-05,13:46:40,30.36,100.0,11.0,25.119,121.505
74DA38F7C338,2026-08-05,13:46:41,30.5,100.0,15.0,25.011,121.458
74DA38F7C506,2026-08-05,13:46:45,29.86,100.0,0.0,24.996,121.544
74DA38F20934,2026-08-05,13:46:51,29.86,78.0,6.0,23.002,121.29
74DA38F20EB2,2026-08-05,13:46:53,26.62,100.0,20.0,24.324,120.835
74DA38F7C260,2026-08-05,13:46:53,31.61,100.0,0.0,25.065,121.425
74DA38F20A30,2026-08-05,13:47:00,30.11,88.0,0.0,24.948,121.372
74DA38ED0640,2026-08-05,13:47:04,26.5,100.0,5.0,23.154,121.266
74DA38F20FA4,2026-08-05,13:47:23,29.75,100.0,15.0,22.63,120.42
74DA38F21170,2026-08-05,13:47:28,29.75,73.0,6.0,22.779,121.088
74DA38F7C54E,2026-08-05,13:47:28,28.75,100.0,0.0,25.063,121.661
74DA38F20B5C,2026-08-05,13:47:35,30.25,100.0,15.0,22.798,120.293
74DA38F7C430,2026-08-05,13:47:39,31.86,84.0,0.0,24.981,121.423
74DA38F7C42E,2026-08-05,13:47:46,29.36,100.0,0.0,24.969,121.514
74DA38F20F0A,2026-08-05,13:48:01,27.75,100.0,7.0,22.995,120.635
74DA38F20BF6,2026-08-05,13:48:06,29.75,100.0,15.0,22.582,120.368
74DA38F2105C,2026-08-05,13:48:10,30.11,100.0,0.0,25.088,121.599
74DA38F7C30C,2026-08-05,13:48:10,30.5,97.0,0.0,24.975,121.532
74DA38F7C600,2026-08-05,13:48:13,23.25,47.0,13.0,25.07,121.586
74DA38F21088,2026-08-05,13:48:17,30.86,100.0,0.0,25.068,121.588
74DA38F20B88,2026-08-05,13:48:20,28.75,100.0,0.0,22.75,120.316
74DA38F7C560,2026-08-05,13:48:25,31.0,-62.0,0.0,25.079,121.671
74DA38F20B26,2026-08-05,13:48:26,30.11,100.0,13.0,22.783,120.247
74DA38F7C47C,2026-08-05,13:48:27,30.86,100.0,91.0,25.055,121.455
74DA38F7C13A,2026-08-05,13:48:29,22.5,-32.0,0.0,25.069,121.359
74DA38F7C41E,2026-08-05,13:48:30,30.11,87.0,0.0,25.054,121.517
74DA38F7C464,2026-08-05,13:48:37,27.0,30.0,0.0,25.006,121.413
74DA38F7C59C,2026-08-05,13:48:42,30.61,82.0,29.0,25.103,121.487
74DA38F21024,2026-08-05,13:48:43,29.36,100.0,0.0,24.93,121.036
74DA38ED04F2,2026-08-05,13:48:44,28.25,100.0,10.0,23.468,121.496
74DA38F21204,2026-08-05,13:48:49,29.0,100.0,2.0,25.062,121.451
74DA38F21048,2026-08-05,13:48:50,29.5,100.0,16.0,22.595,120.341
74DA38F7C5E6,2026-08-05,13:48:55,31.5,100.0,6.0,25.107,121.843
74DA38F20D6C,2026-08-05,13:48:56,30.11,91.0,0.0,22.661,120.301
74DA38F7C610,2026-08-05,13:49:03,30.5,100.0,19.0,25.063,121.564
74DA38F7C514,2026-08-05,13:49:04,30.0,100.0,17.0,25.051,121.518
74DA38F20D2E,2026-08-05,13:49:08,30.36,100.0,0.0,25.06,121.545
74DA38F7C3B2,2026-08-05,13:49:11,32.36,68.0,9.0,24.929,121.378
74DA38F208E2,2026-08-05,13:49:16,29.11,100.0,18.0,24.688,121.766
74DA38F209A8,2026-08-05,13:49:28,-4.0,0.0,0.0,22.401,120.577
74DA38F20FFE,2026-08-05,13:49:28,30.61,100.0,10.0,22.894,120.298
74DA38F21054,2026-08-05,13:49:28,29.75,75.0,10.0,22.898,120.627
74DA38F7C592,2026-08-05,13:49:35,-4.0,0.0,0.0,25.224,121.637
74DA38ED06E0,2026-08-05,13:49:37,29.5,100.0,13.0,23.601,121.521
74DA38F7C53C,2026-08-05,13:49:38,28.61,100.0,0.0,25.11,121.804
74DA38F20D16,2026-08-05,13:49:46,30.86,100.0,20.0,25.062,121.526
74DA38F20D1E,2026-08-05,13:49:46,30.11,100.0,22.0,25.048,121.573
74DA38F7C27E,2026-08-05,13:49:58,30.61,100.0,17.0,25.053,121.444
74DA38F209DE,2026-08-05,13:50:21,31.25,100.0,0.0,24.861,120.964
74DA38F7C3DC,2026-08-05,13:50:22,29.86,100.0,21.0,25.003,121.539
74DA38F2104E,2026-08-05,13:50:24,27.87,100.0,13.0,23.108,120.7
74DA38F7C47E,2026-08-05,13:50:26,31.11,100.0,22.0,25.053963,121.427681
74DA38F7C39A,2026-08-05,13:50:35,30.5,100.0,0.0,25.002,121.414
74DA38F7C366,2026-08-05,13:50:36,29.61,100.0,7.0,25.002,121.516
74DA38F20862,2026-08-05,13:50:44,28.11,100.0,17.0,23.101,121.176
74DA38F20C26,2026-08-05,13:50:44,32.0,81.0,15.0,22.676,120.342
74DA38F210A2,2026-08-05,13:50:44,30.11,100.0,5.0,25.12,121.466
74DA38ED059C,2026-08-05,13:50:47,29.36,100.0,11.0,23.706,121.412
74DA38F7C5BE,2026-08-05,13:50:49,30.11,95.0,20.0,25.092,121.523
74DA38F209EE,2026-08-05,13:50:58,29.0,100.0,0.0,23.026,121.33
74DA38F20D1A,2026-08-05,13:51:05,29.75,100.0,0.0,25.078,121.541
74DA38F20DE0,2026-08-05,13:51:06,29.75,100.0,0.0,22.589,120.328
74DA38F20B12,2026-08-05,13:51:07,29.0,74.0,5.0,22.91,120.716
74DA38F20D70,2026-08-05,13:51:07,30.5,94.0,0.0,23.05,121.164
74DA38F7C480,2026-08-05,13:51:12,30.25,100.0,0.0,25.061,121.432
74DA38F20B80,2026-08-05,13:51:21,30.25,100.0,0.0,22.599,120.35
74DA38F20F1C,2026-08-05,13:51:23,29.5,100.0,15.0,25.062,121.451
74DA38F2113E,2026-08-05,13:51:27,-4.0,0.0,0.0,22.728,120.313
74DA38ED05B6,2026-08-05,13:51:31,28.36,100.0,12.0,23.43,121.348
74DA38F7C5CE,2026-08-05,13:51:32,29.75,92.0,0.0,25.066,121.656
74DA38F20A78,2026-08-05,13:51:37,28.86,100.0,3.0,22.904,121.124
74DA38F7C532,2026-08-05,13:51:39,30.0,100.0,18.0,25.059,121.499
74DA38ED0630,2026-08-05,13:51:40,30.75,100.0,0.0,23.994,121.594
74DA38F7C5AA,2026-08-05,13:51:47,29.25,100.0,4.0,25.0,121.479
74DA38F7C4CC,2026-08-05,13:51:50,30.5,100.0,14.0,25.062,121.451
74DA38F20C06,2026-08-05,13:51:54,31.75,70.0,20.0,24.874,121.02
74DA38F7C3DE,2026-08-05,13:51:55,31.75,100.0,269.0,24.972,121.537
74DA38F7C566,2026-08-05,13:51:55,32.36,100.0,0.0,25.051,121.448
74DA38ED05EA,2026-08-05,13:51:56,29.75,100.0,11.0,23.394,121.357
74DA38F207DE,2026-08-05,13:51:58,30.5,100.0,16.0,22.603,120.34
74DA38F20E9E,2026-08-05,13:52:03,27.25,100.0,16.0,24.648,121.151
74DA38F7C310,2026-08-05,13:52:03,31.11,100.0,11.0,25.09,121.464
74DA38F7C5A0,2026-08-05,13:52:19,30.5,100.0,0.0,25.107,121.518
74DA38F7C4DE,2026-08-05,13:52:40,30.0,100.0,0.0,25.09,121.462
74DA38ED0454,2026-08-05,13:52:42,31.5,100.0,21.0,24.053,121.599
74DA38F7C338,2026-08-05,13:52:47,30.5,100.0,14.0,25.011,121.458
74DA38F21136,2026-08-05,13:52:50,30.61,100.0,12.0,25.119,121.505
74DA38F7C3D6,2026-08-05,13:52:54,30.86,100.0,0.0,25.045,121.541
74DA38F209B2,2026-08-05,13:52:59,28.0,100.0,0.0,22.363,120.599
74DA38F20EB2,2026-08-05,13:53:01,26.62,100.0,21.0,24.324,120.835
74DA38F20934,2026-08-05,13:53:04,29.86,78.0,7.0,23.002,121.29
74DA38ED0640,2026-08-05,13:53:12,26.5,100.0,4.0,23.154,121.266
74DA38F20B82,2026-08-05,13:53:12,-4.0,0.0,0.0,22.847,120.465
74DA38F7C506,2026-08-05,13:53:13,29.61,100.0,0.0,24.996,121.544
74DA38F20A30,2026-08-05,13:53:27,30.11,88.0,0.0,24.948,121.372
74DA38F7C3BA,2026-08-05,13:53:27,-4.0,0.0,94.0,25.174,121.441
74DA38F20FA4,2026-08-05,13:53:32,29.61,100.0,14.0,22.63,120.42
74DA38F7C260,2026-08-05,13:53:34,31.75,100.0,0.0,25.065,121.425
74DA38F21170,2026-08-05,13:53:35,29.61,73.0,7.0,22.779,121.088
74DA38F20B5C,2026-08-05,13:53:39,30.25,100.0,14.0,22.798,120.293
74DA38F20E6E,2026-08-05,13:53:53,27.12,100.0,0.0,24.41,120.902
74DA38F7C54E,2026-08-05,13:53:56,28.61,100.0,0.0,25.063,121.661
74DA38F7C430,2026-08-05,13:54:06,31.86,84.0,0.0,24.981,121.423
74DA38F20F0A,2026-08-05,13:54:08,27.75,100.0,7.0,22.995,120.635
74DA38F20BF6,2026-08-05,13:54:11,29.75,100.0,14.0,22.582,120.368
74DA38F7C63C,2026-08-05,13:54:11,-4.0,0.0,11.0,24.998,121.425
74DA38F7C42E,2026-08-05,13:54:16,29.61,100.0,0.0,24.969,121.514
74DA38F7C600,2026-08-05,13:54:18,23.25,48.0,13.0,25.07,121.586
74DA38F7C30C,2026-08-05,13:54:19,30.36,97.0,0.0,24.975,121.532
74DA38F7C47C,2026-08-05,13:54:19,30.75,100.0,99.0,25.055,121.455
74DA38F20B26,2026-08-05,13:54:35,30.11,100.0,14.0,22.783,120.247
74DA38F2105C,2026-08-05,13:54:36,30.11,100.0,0.0,25.088,121.599
74DA38F21088,2026-08-05,13:54:45,30.86,100.0,0.0,25.068,121.588
74DA38F20B88,2026-08-05,13:54:48,28.75,100.0,0.0,22.75,120.316
74DA38ED04F2,2026-08-05,13:54:53,28.25,100.0,10.0,23.468,121.496
74DA38F7C560,2026-08-05,13:54:53,30.75,-62.0,0.0,25.079,121.671
74DA38F7C13A,2026-08-05,13:54:57,22.5,-36.0,0.0,25.069,121.359
74DA38F7C5E6,2026-08-05,13:55:00,31.61,100.0,7.0,25.107,121.843
74DA38F21204,2026-08-05,13:55:03,29.0,100.0,1.0,25.062,121.451
74DA38F7C464,2026-08-05,13:55:05,26.87,30.0,0.0,25.006,121.413
74DA38F7C41E,2026-08-05,13:55:06,30.11,87.0,0.0,25.054,121.517
74DA38F21024,2026-08-05,13:55:10,29.36,100.0,0.0,24.93,121.036
74DA38F7C59C,2026-08-05,13:55:11,30.61,81.0,28.0,25.103,121.487
74DA38F7C610,2026-08-05,13:55:11,30.5,100.0,20.0,25.063,121.564
74DA38F7C514,2026-08-05,13:55:12,30.0,100.0,18.0,25.051,121.518
74DA38F7C3B2,2026-08-05,13:55:16,32.36,68.0,10.0,24.929,121.378
74DA38F21048,2026-08-05,13:55:17,29.61,100.0,18.0,22.595,120.341
74DA38F7C570,2026-08-05,13:55:19,-4.0,0.0,0.0,25.239,121.63
74DA38F208E2,2026-08-05,13:55:22,29.11,100.0,17.0,24.688,121.766
74DA38F20D6C,2026-08-05,13:55:24,30.11,91.0,0.0,22.661,120.301
74DA38F21054,2026-08-05,13:55:34,29.75,75.0,10.0,22.898,120.627
74DA38F20D2E,2026-08-05,13:55:36,30.25,100.0,0.0,25.06,121.545
74DA38F20D16,2026-08-05,13:55:53,30.86,100.0,21.0,25.062,121.526
74DA38F20D1E,2026-08-05,13:55:54,30.11,100.0,23.0,25.048,121.573
74DA38F20FFE,2026-08-05,13:55:56,30.36,100.0,10.0,22.894,120.298
74DA38ED06E0,2026-08-05,13:56:00,29.36,100.0,13.0,23.601,121.521
74DA38F7C27E,2026-08-05,13:56:03,30.61,100.0,16.0,25.053,121.444
74DA38F7C53C,2026-08-05,13:56:04,28.75,100.0,0.0,25.11,121.804
74DA38F7C3DC,2026-08-05,13:56:27,29.75,100.0,19.0,25.003,121.539
74DA38F2104E,2026-08-05,13:56:30,27.87,100.0,13.0,23.108,120.7
74DA38F7C47E,2026-08-05,13:56:33,30.86,100.0,21.0,25.053963,121.427681
74DA38F7C366,2026-08-05,13:56:42,29.5,100.0,7.0,25.002,121.516
74DA38F209DE,2026-08-05,13:56:47,31.36,100.0,0.0,24.861,120.964
74DA38F20C26,2026-08-05,13:56:50,32.11,81.0,12.0,22.676,120.342
74DA38F20862,2026-08-05,13:56:55,28.0,100.0,19.0,23.101,121.176
74DA38F7C5BE,2026-08-05,13:56:56,30.11,94.0,18.0,25.092,121.523
74DA38F209EE,2026-08-05,13:57:02,29.0,100.0,0.0,23.026,121.33
74DA38F7C39A,2026-08-05,13:57:03,30.5,100.0,0.0,25.002,121.414
74DA38ED059C,2026-08-05,13:57:10,29.36,100.0,10.0,23.706,121.412
74DA38F20D70,2026-08-05,13:57:12,30.61,93.0,0.0,23.05,121.164
74DA38F20B12,2026-08-05,13:57:15,29.0,74.0,5.0,22.91,120.716
74DA38F20F1C,2026-08-05,13:57:28,29.5,100.0,15.0,25.062,121.451
74DA38F7C616,2026-08-05,13:57:33,30.36,100.0,0.0,25.031,121.563
74DA38F20D1A,2026-08-05,13:57:34,29.86,100.0,0.0,25.078,121.541
74DA38F20DE0,2026-08-05,13:57:34,29.61,100.0,0.0,22.589,120.328
74DA38ED05B6,2026-08-05,13:57:37,28.61,100.0,12.0,23.43,121.348
74DA38F7C480,2026-08-05,13:57:40,30.36,100.0,0.0,25.061,121.432
74DA38F20A78,2026-08-05,13:57:43,29.0,100.0,3.0,22.904,121.124
74DA38F7C532,2026-08-05,13:57:46,30.0,100.0,17.0,25.059,121.499
74DA38F20B80,2026-08-05,13:57:48,30.25,100.0,0.0,22.599,120.35
74DA38F7C3DE,2026-08-05,13:57:53,31.75,100.0,271.0,24.972,121.537
74DA38F7C4CC,2026-08-05,13:57:57,30.36,100.0,14.0,25.062,121.451
74DA38F7C5CE,2026-08-05,13:57:59,29.86,92.0,0.0,25.066,121.656
74DA38ED05EA,2026-08-05,13:58:02,29.75,100.0,11.0,23.394,121.357
74DA38F20C06,2026-08-05,13:58:02,31.75,70.0,22.0,24.874,121.02
74DA38F207DE,2026-08-05,13:58:03,30.5,100.0,16.0,22.603,120.34
74DA38ED0630,2026-08-05,13:58:07,30.75,100.0,0.0,23.994,121.594
74DA38F7C310,2026-08-05,13:58:09,31.25,100.0,11.0,25.09,121.464
74DA38F20E9E,2026-08-05,13:58:11,27.25,100.0,15.0,24.648,121.151
74DA38F7C5AA,2026-08-05,13:58:16,29.36,100.0,1.0,25.0,121.479
74DA38F7C566,2026-08-05,13:58:32,32.36,100.0,0.0,25.051,121.448
74DA38F2113E,2026-08-05,13:58:42,-4.0,0.0,0.0,22.728,120.313
74DA38F7C5A0,2026-08-05,13:58:45,30.5,100.0,0.0,25.107,121.518
74DA38ED0454,2026-08-05,13:58:49,31.36,100.0,22.0,24.053,121.599
74DA38F7C338,2026-08-05,13:58:53,30.61,100.0,14.0,25.011,121.458
74DA38F7C4DE,2026-08-05,13:59:02,30.11,100.0,0.0,25.09,121.462
74DA38F209A8,2026-08-05,13:59:06,-4.0,0.0,0.0,22.401,120.577
74DA38F20EB2,2026-08-05,13:59:12,26.75,100.0,20.0,24.324,120.835
74DA38F7C592,2026-08-05,13:59:12,-4.0,0.0,0.0,25.224,121.637
74DA38F20934,2026-08-05,13:59:13,29.86,78.0,7.0,23.002,121.29
74DA38ED0640,2026-08-05,13:59:19,26.5,100.0,5.0,23.154,121.266
74DA38F7C3D6,2026-08-05,13:59:22,31.0,100.0,0.0,25.045,121.541
74DA38F209B2,2026-08-05,13:59:26,27.87,100.0,0.0,22.363,120.599
74DA38F7C506,2026-08-05,13:59:42,29.75,100.0,0.0,24.996,121.544
74DA38F20B5C,2026-08-05,13:59:45,30.25,100.0,15.0,22.798,120.293
74DA38F20FA4,2026-08-05,13:59:49,29.61,100.0,14.0,22.63,120.42
74DA38F20A30,2026-08-05,13:59:57,30.0,88.0,0.0,24.948,121.372
74DA38F21170,2026-08-05,13:59:59,29.36,74.0,7.0,22.779,121.088
74DA38F20F0A,2026-08-05,14:00:14,27.75,100.0,7.0,22.995,120.635
74DA38F7C47C,2026-08-05,14:00:14,30.86,100.0,79.0,25.055,121.455
74DA38F20BF6,2026-08-05,14:00:16,29.75,100.0,13.0,22.582,120.368
74DA38F7C54E,2026-08-05,14:00:24,28.75,100.0,0.0,25.063,121.661
74DA38F7C30C,2026-08-05,14:00:25,30.36,97.0,0.0,24.975,121.532
74DA38F7C600,2026-08-05,14:00:25,23.25,48.0,13.0,25.07,121.586
74DA38F7C430,2026-08-05,14:00:35,31.86,84.0,0.0,24.981,121.423
74DA38F7C42E,2026-08-05,14:00:44,29.75,100.0,0.0,24.969,121.514
74DA38ED04F2,2026-08-05,14:00:58,28.11,100.0,10.0,23.468,121.496
74DA38F2105C,2026-08-05,14:01:04,30.11,100.0,0.0,25.088,121.599
74DA38F7C5E6,2026-08-05,14:01:06,31.5,100.0,6.0,25.107,121.843
74DA38F21088,2026-08-05,14:01:13,30.75,100.0,0.0,25.068,121.588
74DA38F21204,2026-08-05,14:01:14,29.0,100.0,1.0,25.062,121.451
74DA38F20B88,2026-08-05,14:01:18,28.75,100.0,0.0,22.75,120.316
74DA38F7C610,2026-08-05,14:01:19,30.36,100.0,19.0,25.063,121.564
74DA38F7C560,2026-08-05,14:01:21,30.36,-62.0,0.0,25.079,121.671
74DA38F7C3B2,2026-08-05,14:01:22,32.36,68.0,9.0,24.929,121.378
74DA38F7C13A,2026-08-05,14:01:24,22.5,-33.0,0.0,25.069,121.359
74DA38F7C514,2026-08-05,14:01:25,30.25,100.0,17.0,25.051,121.518
74DA38F208E2,2026-08-05,14:01:29,29.0,100.0,18.0,24.688,121.766
74DA38F7C464,2026-08-05,14:01:32,26.87,30.0,0.0,25.006,121.413
74DA38F21024,2026-08-05,14:01:36,29.36,100.0,0.0,24.93,121.036
74DA38F21054,2026-08-05,14:01:40,29.75,75.0,10.0,22.898,120.627
74DA38F7C59C,2026-08-05,14:01:40,30.75,81.0,29.0,25.103,121.487
74DA38F7C41E,2026-08-05,14:01:42,30.11,87.0,0.0,25.054,121.517
74DA38F21048,2026-08-05,14:01:46,29.61,100.0,17.0,22.595,120.341
74DA38F20D6C,2026-08-05,14:01:51,30.11,91.0,0.0,22.661,120.301
74DA38F20D16,2026-08-05,14:01:58,30.86,100.0,19.0,25.062,121.526
74DA38F20D1E,2026-08-05,14:02:01,30.11,100.0,22.0,25.048,121.573
74DA38F20D2E,2026-08-05,14:02:04,30.25,100.0,0.0,25.06,121.545
74DA38F20FFE,2026-08-05,14:02:05,30.36,100.0,10.0,22.894,120.298
74DA38F7C27E,2026-08-05,14:02:09,30.75,100.0,16.0,25.053,121.444
74DA38F7C3BA,2026-08-05,14:02:09,-4.0,0.0,91.0,25.174,121.441
74DA38ED06E0,2026-08-05,14:02:19,29.5,100.0,12.0,23.601,121.521
74DA38F7C53C,2026-08-05,14:02:31,28.5,100.0,0.0,25.11,121.804
74DA38F7C3DC,2026-08-05,14:02:35,29.75,100.0,20.0,25.003,121.539
74DA38F2104E,2026-08-05,14:02:38,27.87,100.0,14.0,23.108,120.7
74DA38F7C47E,2026-08-05,14:02:39,30.75,100.0,21.0,25.053963,121.427681
74DA38F20B82,2026-08-05,14:02:44,-4.0,0.0,0.0,22.847,120.465
74DA38F7C366,2026-08-05,14:02:50,29.61,100.0,7.0,25.002,121.516
74DA38F20C26,2026-08-05,14:02:56,32.11,81.0,15.0,22.676,120.342
74DA38F7C5BE,2026-08-05,14:03:02,30.0,95.0,19.0,25.092,121.523
74DA38F20862,2026-08-05,14:03:05,28.11,100.0,21.0,23.101,121.176
74DA38F209EE,2026-08-05,14:03:08,29.0,100.0,0.0,23.026,121.33
74DA38F210A2,2026-08-05,14:03:09,30.11,100.0,5.0,25.12,121.466
74DA38F209DE,2026-08-05,14:03:14,31.36,100.0,0.0,24.861,120.964
74DA38F20D70,2026-08-05,14:03:17,30.5,93.0,0.0,23.05,121.164
74DA38ED059C,2026-08-05,14:03:20,29.36,100.0,10.0,23.706,121.412
74DA38F20B12,2026-08-05,14:03:22,29.0,74.0,5.0,22.91,120.716
74DA38F7C39A,2026-08-05,14:03:30,30.36,100.0,0.0,25.002,121.414
74DA38F20F1C,2026-08-05,14:03:35,29.5,100.0,16.0,25.062,121.451
74DA38F7C616,2026-08-05,14:03:39,30.5,100.0,0.0,25.031,121.563
74DA38ED05B6,2026-08-05,14:03:42,28.5,100.0,11.0,23.43,121.348
74DA38F7C63C,2026-08-05,14:03:43,-4.0,0.0,11.0,24.998,121.425
74DA38F20A78,2026-08-05,14:03:51,28.86,100.0,4.0,22.904,121.124
74DA38F7C3DE,2026-08-05,14:03:51,31.75,100.0,273.0,24.972,121.537
74DA38F7C532,2026-08-05,14:03:55,30.0,100.0,18.0,25.059,121.499
74DA38F20D1A,2026-08-05,14:04:01,29.86,100.0,0.0,25.078,121.541
74DA38F20DE0,2026-08-05,14:04:01,29.5,100.0,0.0,22.589,120.328
74DA38F7C4CC,2026-08-05,14:04:03,30.36,100.0,13.0,25.062,121.451
74DA38ED05EA,2026-08-05,14:04:08,29.75,100.0,11.0,23.394,121.357
74DA38F7C480,2026-08-05,14:04:08,30.5,100.0,0.0,25.061,121.432
74DA38F207DE,2026-08-05,14:04:10,30.5,100.0,16.0,22.603,120.34
74DA38F20C06,2026-08-05,14:04:11,31.75,70.0,21.0,24.874,121.02
74DA38F20B80,2026-08-05,14:04:14,30.5,100.0,0.0,22.599,120.35
74DA38F7C310,2026-08-05,14:04:14,31.11,100.0,12.0,25.09,121.464
74DA38F20E9E,2026-08-05,14:04:19,27.25,100.0,15.0,24.648,121.151
74DA38F7C5CE,2026-08-05,14:04:27,29.86,92.0,0.0,25.066,121.656
74DA38ED0630,2026-08-05,14:04:35,30.75,100.0,0.0,23.994,121.594
74DA38F7C5AA,2026-08-05,14:04:43,29.5,100.0,1.0,25.0,121.479
74DA38ED0454,2026-08-05,14:04:55,31.36,100.0,22.0,24.053,121.599
74DA38F7C570,2026-08-05,14:04:58,-4.0,0.0,0.0,25.239,121.63
74DA38F7C338,2026-08-05,14:05:11,30.61,100.0,13.0,25.011,121.458
74DA38F7C5A0,2026-08-05,14:05:13,30.5,100.0,0.0,25.107,121.518
74DA38F7C4DE,2026-08-05,14:05:18,30.25,100.0,0.0,25.09,121.462
74DA38F20934,2026-08-05,14:05:21,29.86,78.0,7.0,23.002,121.29
74DA38ED0640,2026-08-05,14:05:26,26.62,100.0,5.0,23.154,121.266
74DA38F20EB2,2026-08-05,14:05:27,27.0,100.0,20.0,24.324,120.835
74DA38F7C3D6,2026-08-05,14:05:49,31.11,100.0,0.0,25.045,121.541
74DA38F20B5C,2026-08-05,14:05:52,30.25,100.0,16.0,22.798,120.293
74DA38F209B2,2026-08-05,14:05:53,27.87,100.0,0.0,22.363,120.599
74DA38F20FA4,2026-08-05,14:05:55,29.61,100.0,14.0,22.63,120.42
74DA38F2113E,2026-08-05,14:05:56,-4.0,0.0,0.0,22.728,120.313
74DA38F7C47C,2026-08-05,14:06:08,30.86,100.0,82.0,25.055,121.455
74DA38F7C506,2026-08-05,14:06:15,29.86,100.0,0.0,24.996,121.544
74DA38F20F0A,2026-08-05,14:06:20,27.75,100.0,6.0,22.995,120.635
74DA38F20BF6,2026-08-05,14:06:21,29.75,100.0,14.0,22.582,120.368
74DA38F21170,2026-08-05,14:06:26,29.25,74.0,6.0,22.779,121.088
74DA38F20A30,2026-08-05,14:06:30,30.0,88.0,0.0,24.948,121.372
74DA38F7C30C,2026-08-05,14:06:32,30.25,98.0,0.0,24.975,121.532
74DA38F7C600,2026-08-05,14:06:32,23.25,48.0,14.0,25.07,121.586
74DA38F7C54E,2026-08-05,14:06:49,28.75,100.0,0.0,25.063,121.661
74DA38F7C260,2026-08-05,14:06:58,31.61,100.0,0.0,25.065,121.425
74DA38F7C430,2026-08-05,14:07:02,31.86,84.0,0.0,24.981,121.423
74DA38ED04F2,2026-08-05,14:07:05,28.25,100.0,10.0,23.468,121.496
74DA38F7C5E6,2026-08-05,14:07:11,31.5,100.0,6.0,25.107,121.843
74DA38F7C42E,2026-08-05,14:07:12,29.86,100.0,0.0,24.969,121.514
74DA38F21204,2026-08-05,14:07:20,29.0,100.0,1.0,25.062,121.451
74DA38F7C610,2026-08-05,14:07:26,30.5,100.0,19.0,25.063,121.564
74DA38F20B26,2026-08-05,14:07:28,30.0,100.0,13.0,22.783,120.247
74DA38F7C3B2,2026-08-05,14:07:28,32.36,68.0,10.0,24.929,121.378
74DA38F2105C,2026-08-05,14:07:31,30.0,100.0,0.0,25.088,121.599
74DA38F208E2,2026-08-05,14:07:35,29.0,100.0,19.0,24.688,121.766
74DA38F7C514,2026-08-05,14:07:38,30.5,100.0,17.0,25.051,121.518
74DA38F21088,2026-08-05,14:07:42,30.75,100.0,0.0,25.068,121.588
74DA38F21054,2026-08-05,14:07:45,29.75,75.0,10.0,22.898,120.627
74DA38F20B88,2026-08-05,14:07:48,28.75,100.0,0.0,22.75,120.316
74DA38F7C560,2026-08-05,14:07:48,30.25,-62.0,0.0,25.079,121.671
74DA38F7C13A,2026-08-05,14:07:50,22.37,-30.0,0.0,25.069,121.359
74DA38F7C464,2026-08-05,14:08:00,27.0,30.0,0.0,25.006,121.413
74DA38F21024,2026-08-05,14:08:04,29.36,100.0,0.0,24.93,121.036
74DA38F20D16,2026-08-05,14:08:05,30.86,100.0,21.0,25.062,121.526
74DA38F7C59C,2026-08-05,14:08:08,30.61,81.0,25.0,25.103,121.487
74DA38F20D1E,2026-08-05,14:08:10,30.11,100.0,21.0,25.048,121.573
74DA38F20FFE,2026-08-05,14:08:14,30.36,100.0,10.0,22.894,120.298
74DA38F21048,2026-08-05,14:08:14,29.61,100.0,19.0,22.595,120.341
74DA38F7C27E,2026-08-05,14:08:15,30.75,100.0,17.0,25.053,121.444
74DA38F20D6C,2026-08-05,14:08:17,30.11,92.0,0.0,22.661,120.301
74DA38F7C41E,2026-08-05,14:08:18,30.11,87.0,0.0,25.054,121.517
74DA38ED06E0,2026-08-05,14:08:26,29.5,100.0,12.0,23.601,121.521
74DA38F20D2E,2026-08-05,14:08:31,30.25,100.0,0.0,25.06,121.545
74DA38F7C3DC,2026-08-05,14:08:43,29.86,100.0,18.0,25.003,121.539
74DA38F209A8,2026-08-05,14:08:45,-4.0,0.0,0.0,22.401,120.577
74DA38F7C47E,2026-08-05,14:08:47,30.75,100.0,23.0,25.053963,121.427681
74DA38F7C592,2026-08-05,14:08:50,-4.0,0.0,0.0,25.224,121.637
74DA38F7C366,2026-08-05,14:08:56,29.86,100.0,7.0,25.002,121.516
74DA38F7C53C,2026-08-05,14:09:00,28.5,100.0,0.0,25.11,121.804
74DA38F20C26,2026-08-05,14:09:06,32.11,81.0,15.0,22.676,120.342
74DA38F7C5BE,2026-08-05,14:09:09,29.86,96.0,21.0,25.092,121.523
74DA38F20862,2026-08-05,14:09:13,28.11,100.0,18.0,23.101,121.176
74DA38F209EE,2026-08-05,14:09:13,29.0,100.0,0.0,23.026,121.33
74DA38F210A2,2026-08-05,14:09:14,30.11,100.0,4.0,25.12,121.466
74DA38F20D70,2026-08-05,14:09:23,30.36,93.0,0.0,23.05,121.164
74DA38F20B12,2026-08-05,14:09:29,29.0,74.0,5.0,22.91,120.716
74DA38ED059C,2026-08-05,14:09:41,29.25,100.0,10.0,23.706,121.412
74DA38F20F1C,2026-08-05,14:09:41,29.5,100.0,16.0,25.062,121.451
74DA38F209DE,2026-08-05,14:09:42,31.25,100.0,0.0,24.861,120.964
74DA38ED05B6,2026-08-05,14:09:49,28.36,100.0,11.0,23.43,121.348
74DA38F7C3DE,2026-08-05,14:09:49,31.61,100.0,274.0,24.972,121.537
74DA38F7C616,2026-08-05,14:09:51,30.61,100.0,0.0,25.031,121.563
74DA38F20A78,2026-08-05,14:09:57,29.0,100.0,3.0,22.904,121.124
74DA38F7C39A,2026-08-05,14:09:57,30.36,100.0,0.0,25.002,121.414
74DA38F7C532,2026-08-05,14:10:01,30.0,100.0,17.0,25.059,121.499
74DA38F7C4CC,2026-08-05,14:10:11,30.36,100.0,14.0,25.062,121.451
74DA38ED05EA,2026-08-05,14:10:13,29.61,100.0,11.0,23.394,121.357
74DA38F207DE,2026-08-05,14:10:16,30.36,100.0,16.0,22.603,120.34
74DA38F20C06,2026-08-05,14:10:17,31.75,70.0,21.0,24.874,121.02
74DA38F7C310,2026-08-05,14:10:21,31.25,100.0,12.0,25.09,121.464
74DA38F20D1A,2026-08-05,14:10:28,29.75,100.0,0.0,25.078,121.541
74DA38F20E9E,2026-08-05,14:10:28,27.25,100.0,17.0,24.648,121.151
74DA38F20DE0,2026-08-05,14:10:29,29.25,100.0,0.0,22.589,120.328
74DA38F7C480,2026-08-05,14:10:35,30.5,100.0,0.0,25.061,121.432
74DA38F20B80,2026-08-05,14:10:40,30.36,100.0,0.0,22.599,120.35
74DA38F7C5CE,2026-08-05,14:10:53,29.86,92.0,0.0,25.066,121.656
74DA38F7C3BA,2026-08-05,14:10:55,-4.0,0.0,94.0,25.174,121.441
74DA38ED0454,2026-08-05,14:11:04,31.25,100.0,22.0,24.053,121.599
74DA38ED0630,2026-08-05,14:11:04,30.61,100.0,0.0,23.994,121.594
74DA38F7C5AA,2026-08-05,14:11:19,29.5,100.0,2.0,25.0,121.479
74DA38F20934,2026-08-05,14:11:27,29.86,78.0,6.0,23.002,121.29
74DA38F7C338,2026-08-05,14:11:31,30.61,100.0,14.0,25.011,121.458
74DA38ED0640,2026-08-05,14:11:32,26.5,100.0,4.0,23.154,121.266
74DA38F7C566,2026-08-05,14:11:32,32.36,100.0,0.0,25.051,121.448
74DA38F7C4DE,2026-08-05,14:11:35,30.36,100.0,0.0,25.09,121.462
74DA38F20EB2,2026-08-05,14:11:38,27.0,100.0,22.0,24.324,120.835
74DA38F7C5A0,2026-08-05,14:11:40,30.5,100.0,0.0,25.107,121.518
74DA38F21136,2026-08-05,14:11:41,30.25,100.0,12.0,25.119,121.505
74DA38F20B5C,2026-08-05,14:11:59,30.11,100.0,16.0,22.798,120.293
74DA38F7C47C,2026-08-05,14:12:02,30.75,100.0,84.0,25.055,121.455
74DA38F7C3D6,2026-08-05,14:12:15,31.25,100.0,0.0,25.045,121.541
74DA38F20B82,2026-08-05,14:12:16,-4.0,0.0,0.0,22.847,120.465
74DA38F209B2,2026-08-05,14:12:20,28.0,100.0,0.0,22.363,120.599
74DA38F20FA4,2026-08-05,14:12:21,29.5,100.0,14.0,22.63,120.42
74DA38F20BF6,2026-08-05,14:12:25,29.75,100.0,15.0,22.582,120.368
74DA38F20F0A,2026-08-05,14:12:26,27.75,100.0,7.0,22.995,120.635
74DA38F21170,2026-08-05,14:12:32,29.11,74.0,5.0,22.779,121.088
74DA38F7C600,2026-08-05,14:12:38,23.25,47.0,14.0,25.07,121.586
74DA38F7C30C,2026-08-05,14:12:42,30.25,98.0,0.0,24.975,121.532
74DA38F7C506,2026-08-05,14:12:46,29.75,100.0,0.0,24.996,121.544
74DA38F20A30,2026-08-05,14:12:58,30.11,88.0,0.0,24.948,121.372
74DA38ED04F2,2026-08-05,14:13:12,28.25,100.0,10.0,23.468,121.496
74DA38F2113E,2026-08-05,14:13:12,-4.0,0.0,0.0,22.728,120.313
74DA38F7C54E,2026-08-05,14:13:15,28.61,100.0,0.0,25.063,121.661
74DA38F7C63C,2026-08-05,14:13:15,-4.0,0.0,11.0,24.998,121.425
74DA38F7C5E6,2026-08-05,14:13:17,31.5,100.0,7.0,25.107,121.843
74DA38F7C260,2026-08-05,14:13:26,31.61,100.0,0.0,25.065,121.425
74DA38F21204,2026-08-05,14:13:29,29.0,100.0,1.0,25.062,121.451
74DA38F7C430,2026-08-05,14:13:29,31.86,84.0,0.0,24.981,121.423
74DA38F7C610,2026-08-05,14:13:33,30.5,100.0,18.0,25.063,121.564
74DA38F20B26,2026-08-05,14:13:34,29.86,100.0,14.0,22.783,120.247
74DA38F7C3B2,2026-08-05,14:13:34,32.36,68.0,10.0,24.929,121.378
74DA38F208E2,2026-08-05,14:13:40,29.0,100.0,19.0,24.688,121.766
74DA38F7C42E,2026-08-05,14:13:41,29.75,100.0,0.0,24.969,121.514
74DA38F7C514,2026-08-05,14:13:48,30.5,100.0,17.0,25.051,121.518
74DA38F21054,2026-08-05,14:13:51,29.75,75.0,10.0,22.898,120.627
74DA38F2105C,2026-08-05,14:13:58,30.11,100.0,0.0,25.088,121.599
74DA38F21088,2026-08-05,14:14:09,30.5,100.0,0.0,25.068,121.588
74DA38F20D16,2026-08-05,14:14:13,31.0,100.0,23.0,25.062,121.526
74DA38F20B88,2026-08-05,14:14:16,28.61,100.0,0.0,22.75,120.316
74DA38F7C560,2026-08-05,14:14:16,30.11,-62.0,0.0,25.079,121.671
74DA38F7C13A,2026-08-05,14:14:17,22.5,-12.0,0.0,25.069,121.359
74DA38F20D1E,2026-08-05,14:14:20,30.25,100.0,22.0,25.048,121.573
74DA38F20FFE,2026-08-05,14:14:21,30.25,100.0,11.0,22.894,120.298
74DA38F7C27E,2026-08-05,14:14:22,30.75,100.0,17.0,25.053,121.444
74DA38F7C464,2026-08-05,14:14:27,26.87,30.0,0.0,25.006,121.413
74DA38F21024,2026-08-05,14:14:31,29.36,100.0,0.0,24.93,121.036
74DA38ED06E0,2026-08-05,14:14:33,29.36,100.0,13.0,23.601,121.521
74DA38F7C570,2026-08-05,14:14:37,-4.0,0.0,0.0,25.239,121.63
74DA38F7C59C,2026-08-05,14:14:38,30.61,81.0,27.0,25.103,121.487
74DA38F21048,2026-08-05,14:14:42,29.5,100.0,18.0,22.595,120.341
74DA38F7C3DC,2026-08-05,14:14:50,30.0,100.0,20.0,25.003,121.539
74DA38F20D6C,2026-08-05,14:14:54,30.11,92.0,0.0,22.661,120.301
74DA38F7C47E,2026-08-05,14:14:54,30.75,100.0,23.0,25.053963,121.427681
74DA38F20D2E,2026-08-05,14:14:59,30.25,100.0,0.0,25.06,121.545
74DA38F7C366,2026-08-05,14:15:02,29.86,100.0,7.0,25.002,121.516
74DA38F7C41E,2026-08-05,14:15:02,30.11,87.0,0.0,25.054,121.517
74DA38F20C26,2026-08-05,14:15:12,32.0,81.0,12.0,22.676,120.342
74DA38F7C5BE,2026-08-05,14:15:15,29.86,96.0,20.0,25.092,121.523
74DA38F209EE,2026-08-05,14:15:18,28.86,100.0,0.0,23.026,121.33
74DA38F210A2,2026-08-05,14:15:20,30.25,100.0,4.0,25.12,121.466
74DA38F20862,2026-08-05,14:15:24,28.0,100.0,25.0,23.101,121.176
74DA38F7C53C,2026-08-05,14:15:27,28.5,100.0,0.0,25.11,121.804
74DA38F20D70,2026-08-05,14:15:30,30.36,93.0,0.0,23.05,121.164
74DA38F20B12,2026-08-05,14:15:35,29.11,74.0,6.0,22.91,120.716
74DA38F7C3DE,2026-08-05,14:15:45,31.61,100.0,277.0,24.972,121.537
74DA38F20F1C,2026-08-05,14:15:48,29.5,100.0,15.0,25.062,121.451
74DA38ED05B6,2026-08-05,14:15:55,28.25,100.0,11.0,23.43,121.348
74DA38ED059C,2026-08-05,14:16:00,29.11,100.0,10.0,23.706,121.412
74DA38F20A78,2026-08-05,14:16:04,29.0,100.0,4.0,22.904,121.124
74DA38F209DE,2026-08-05,14:16:08,31.0,100.0,0.0,24.861,120.964
74DA38F7C532,2026-08-05,14:16:11,30.11,100.0,18.0,25.059,121.499
74DA38F7C616,2026-08-05,14:16:11,30.5,100.0,0.0,25.031,121.563
74DA38F7C4CC,2026-08-05,14:16:18,30.11,100.0,14.0,25.062,121.451
74DA38ED05EA,2026-08-05,14:16:19,29.36,100.0,10.0,23.394,121.357
74DA38F207DE,2026-08-05,14:16:22,30.36,100.0,16.0,22.603,120.34
74DA38F20C06,2026-08-05,14:16:23,31.75,70.0,21.0,24.874,121.02
74DA38F7C39A,2026-08-05,14:16:26,30.36,100.0,0.0,25.002,121.414
74DA38F7C310,2026-08-05,14:16:27,31.25,100.0,11.0,25.09,121.464
74DA38F20E9E,2026-08-05,14:16:37,27.25,100.0,17.0,24.648,121.151
74DA38F20DE0,2026-08-05,14:16:57,29.25,100.0,0.0,22.589,120.328
74DA38F20D1A,2026-08-05,14:17:01,29.75,100.0,0.0,25.078,121.541
74DA38F7C480,2026-08-05,14:17:03,30.36,100.0,0.0,25.061,121.432
74DA38F20B80,2026-08-05,14:17:07,30.25,100.0,0.0,22.599,120.35
74DA38ED0454,2026-08-05,14:17:11,31.36,100.0,22.0,24.053,121.599
74DA38F7C5CE,2026-08-05,14:17:21,29.86,92.0,0.0,25.066,121.656
74DA38ED0630,2026-08-05,14:17:32,30.61,100.0,0.0,23.994,121.594
74DA38F20934,2026-08-05,14:17:37,29.86,78.0,7.0,23.002,121.29
74DA38F7C338,2026-08-05,14:17:37,30.61,100.0,14.0,25.011,121.458
74DA38ED0640,2026-08-05,14:17:39,26.37,100.0,5.0,23.154,121.266
74DA38F7C4DE,2026-08-05,14:17:42,30.36,100.0,0.0,25.09,121.462
74DA38F20EB2,2026-08-05,14:17:50,26.87,100.0,21.0,24.324,120.835
74DA38F20B5C,2026-08-05,14:18:07,30.11,100.0,16.0,22.798,120.293
74DA38F7C5A0,2026-08-05,14:18:08,30.5,100.0,0.0,25.107,121.518
74DA38F21136,2026-08-05,14:18:19,30.5,100.0,12.0,25.119,121.505
74DA38F209A8,2026-08-05,14:18:24,-4.0,0.0,0.0,22.401,120.577
74DA38F7C5AA,2026-08-05,14:18:24,29.61,100.0,1.0,25.0,121.479
74DA38F20BF6,2026-08-05,14:18:30,29.75,100.0,14.0,22.582,120.368
74DA38F7C592,2026-08-05,14:18:30,-4.0,0.0,0.0,25.224,121.637
74DA38F20F0A,2026-08-05,14:18:32,27.75,100.0,7.0,22.995,120.635
74DA38F21170,2026-08-05,14:18:38,29.11,76.0,5.0,22.779,121.088
74DA38F7C3D6,2026-08-05,14:18:42,31.25,100.0,0.0,25.045,121.541
74DA38F7C600,2026-08-05,14:18:44,23.25,47.0,14.0,25.07,121.586
74DA38F209B2,2026-08-05,14:18:46,28.0,100.0,0.0,22.363,120.599
74DA38F7C30C,2026-08-05,14:18:49,30.25,98.0,0.0,24.975,121.532
74DA38F20FA4,2026-08-05,14:18:52,29.25,100.0,15.0,22.63,120.42
74DA38F2104E,2026-08-05,14:19:11,27.75,100.0,13.0,23.108,120.7
74DA38F7C506,2026-08-05,14:19:15,29.61,100.0,0.0,24.996,121.544
74DA38ED04F2,2026-08-05,14:19:20,28.25,100.0,10.0,23.468,121.496
74DA38F7C5E6,2026-08-05,14:19:23,31.5,100.0,7.0,25.107,121.843
74DA38F20A30,2026-08-05,14:19:26,30.11,88.0,0.0,24.948,121.372
74DA38F21204,2026-08-05,14:19:38,28.86,100.0,1.0,25.062,121.451
74DA38F7C3B2,2026-08-05,14:19:40,32.36,68.0,9.0,24.929,121.378
74DA38F7C54E,2026-08-05,14:19:41,28.36,100.0,0.0,25.063,121.661
74DA38F7C610,2026-08-05,14:19:41,30.5,100.0,19.0,25.063,121.564
74DA38F20B26,2026-08-05,14:19:43,29.86,100.0,15.0,22.783,120.247
74DA38F7C3BA,2026-08-05,14:19:43,-4.0,0.0,95.0,25.174,121.441
74DA38F208E2,2026-08-05,14:19:48,29.0,100.0,19.0,24.688,121.766
74DA38F7C260,2026-08-05,14:19:55,31.61,100.0,0.0,25.065,121.425
74DA38F21054,2026-08-05,14:19:57,29.75,75.0,10.0,22.898,120.627
74DA38F7C430,2026-08-05,14:19:57,31.75,84.0,0.0,24.981,121.423
74DA38F7C514,2026-08-05,14:20:02,30.5,100.0,17.0,25.051,121.518
74DA38F20D16,2026-08-05,14:20:22,30.86,100.0,23.0,25.062,121.526
74DA38F7C42E,2026-08-05,14:20:24,29.61,100.0,0.0,24.969,121.514
74DA38F2105C,2026-08-05,14:20:25,30.0,100.0,0.0,25.088,121.599
74DA38F2113E,2026-08-05,14:20:27,-4.0,0.0,0.0,22.728,120.313
74DA38F7C27E,2026-08-05,14:20:27,30.61,100.0,16.0,25.053,121.444
74DA38F20D1E,2026-08-05,14:20:32,30.25,100.0,22.0,25.048,121.573
74DA38F21088,2026-08-05,14:20:37,30.5,100.0,0.0,25.068,121.588
74DA38ED06E0,2026-08-05,14:20:40,29.5,100.0,12.0,23.601,121.521
74DA38F20FFE,2026-08-05,14:20:42,30.11,100.0,12.0,22.894,120.298
74DA38F7C13A,2026-08-05,14:20:44,22.37,0.0,0.0,25.069,121.359
74DA38F7C560,2026-08-05,14:20:44,30.0,-62.0,0.0,25.079,121.671
74DA38F20B88,2026-08-05,14:20:54,28.61,100.0,0.0,22.75,120.316
74DA38F7C3DC,2026-08-05,14:20:55,30.0,100.0,20.0,25.003,121.539
74DA38F7C464,2026-08-05,14:20:55,26.87,30.0,0.0,25.006,121.413
74DA38F21024,2026-08-05,14:20:57,29.36,100.0,0.0,24.93,121.036
74DA38F7C47E,2026-08-05,14:21:01,30.75,100.0,22.0,25.053963,121.427681
74DA38F7C59C,2026-08-05,14:21:06,30.5,82.0,26.0,25.103,121.487
74DA38F7C366,2026-08-05,14:21:07,29.86,100.0,7.0,25.002,121.516
74DA38F21048,2026-08-05,14:21:10,29.5,100.0,19.0,22.595,120.341
74DA38F7C5BE,2026-08-05,14:21:21,29.86,96.0,18.0,25.092,121.523
74DA38F209EE,2026-08-05,14:21:23,28.86,100.0,0.0,23.026,121.33
74DA38F20C26,2026-08-05,14:21:23,32.11,81.0,13.0,22.676,120.342
74DA38F210A2,2026-08-05,14:21:26,30.25,100.0,5.0,25.12,121.466
74DA38F20D2E,2026-08-05,14:21:27,30.25,100.0,0.0,25.06,121.545
74DA38F20D6C,2026-08-05,14:21:29,30.11,92.0,0.0,22.661,120.301
74DA38F20862,2026-08-05,14:21:34,28.0,100.0,19.0,23.101,121.176
74DA38F20D70,2026-08-05,14:21:35,30.25,94.0,0.0,23.05,121.164
74DA38F20B12,2026-08-05,14:21:41,29.11,74.0,5.0,22.91,120.716
74DA38F7C3DE,2026-08-05,14:21:42,31.75,100.0,267.0,24.972,121.537
74DA38F7C41E,2026-08-05,14:21:42,30.11,87.0,0.0,25.054,121.517
74DA38F20B82,2026-08-05,14:21:48,-4.0,0.0,0.0,22.847,120.465
74DA38F20F1C,2026-08-05,14:21:54,29.5,100.0,15.0,25.062,121.451
74DA38F7C53C,2026-08-05,14:21:55,28.36,100.0,0.0,25.11,121.804
74DA38ED05B6,2026-08-05,14:22:01,28.25,100.0,11.0,23.43,121.348
74DA38F20A78,2026-08-05,14:22:10,29.0,100.0,4.0,22.904,121.124
74DA38ED059C,2026-08-05,14:22:12,29.0,100.0,10.0,23.706,121.412
74DA38F7C532,2026-08-05,14:22:19,29.86,100.0,17.0,25.059,121.499
74DA38F7C4CC,2026-08-05,14:22:25,30.25,100.0,13.0,25.062,121.451
74DA38ED05EA,2026-08-05,14:22:26,29.5,100.0,11.0,23.394,121.357
74DA38F207DE,2026-08-05,14:22:28,30.25,100.0,16.0,22.603,120.34
74DA38F20C06,2026-08-05,14:22:28,31.75,70.0,20.0,24.874,121.02
74DA38F7C616,2026-08-05,14:22:30,30.5,100.0,0.0,25.031,121.563
74DA38F7C310,2026-08-05,14:22:32,31.36,100.0,11.0,25.09,121.464
74DA38F209DE,2026-08-05,14:22:36,30.75,100.0,0.0,24.861,120.964
74DA38F20E9E,2026-08-05,14:22:44,27.12,100.0,17.0,24.648,121.151
74DA38F7C63C,2026-08-05,14:22:47,-4.0,0.0,11.0,24.998,121.425
74DA38F7C39A,2026-08-05,14:22:53,30.36,100.0,0.0,25.002,121.414
74DA38ED0454,2026-08-05,14:23:18,31.5,100.0,21.0,24.053,121.599
74DA38F20DE0,2026-08-05,14:23:24,29.5,100.0,0.0,22.589,120.328
74DA38F20D1A,2026-08-05,14:23:30,29.61,100.0,0.0,25.078,121.541
74DA38F7C480,2026-08-05,14:23:31,30.25,100.0,0.0,25.061,121.432
74DA38F20B80,2026-08-05,14:23:33,30.11,100.0,0.0,22.599,120.35
74DA38ED0640,2026-08-05,14:23:45,26.25,100.0,5.0,23.154,121.266
74DA38F20934,2026-08-05,14:23:48,29.86,78.0,6.0,23.002,121.29
74DA38F7C5CE,2026-08-05,14:23:48,29.86,92.0,0.0,25.066,121.656
74DA38F7C47C,2026-08-05,14:23:50,30.75,100.0,90.0,25.055,121.455
74DA38F7C338,2026-08-05,14:23:51,30.61,100.0,14.0,25.011,121.458
74DA38F7C4DE,2026-08-05,14:23:55,30.5,100.0,0.0,25.09,121.462
74DA38F20EB2,2026-08-05,14:23:59,26.75,100.0,22.0,24.324,120.835
74DA38ED0630,2026-08-05,14:24:00,30.61,100.0,0.0,23.994,121.594
74DA38F20B5C,2026-08-05,14:24:13,30.11,100.0,16.0,22.798,120.293
74DA38F7C570,2026-08-05,14:24:17,-4.0,0.0,0.0,25.239,121.63
74DA38F21136,2026-08-05,14:24:30,30.5,100.0,12.0,25.119,121.505
74DA38F20BF6,2026-08-05,14:24:35,29.75,100.0,14.0,22.582,120.368
74DA38F7C5A0,2026-08-05,14:24:35,30.5,100.0,0.0,25.107,121.518
74DA38F20F0A,2026-08-05,14:24:38,27.75,100.0,7.0,22.995,120.635
74DA38F21170,2026-08-05,14:24:46,29.0,75.0,5.0,22.779,121.088
74DA38F7C600,2026-08-05,14:24:49,23.25,48.0,14.0,25.07,121.586
74DA38F7C30C,2026-08-05,14:24:56,30.25,99.0,0.0,24.975,121.532
74DA38F20FA4,2026-08-05,14:25:01,29.11,100.0,15.0,22.63,120.42
74DA38F7C3D6,2026-08-05,14:25:09,31.11,100.0,0.0,25.045,121.541
74DA38F209B2,2026-08-05,14:25:13,27.87,100.0,0.0,22.363,120.599
74DA38F20E6E,2026-08-05,14:25:13,26.75,100.0,0.0,24.41,120.902
74DA38F7C5AA,2026-08-05,14:25:14,29.61,100.0,1.0,25.0,121.479
74DA38F2104E,2026-08-05,14:25:17,27.75,100.0,13.0,23.108,120.7
74DA38F7C5E6,2026-08-05,14:25:28,31.36,100.0,7.0,25.107,121.843
74DA38ED04F2,2026-08-05,14:25:29,28.25,100.0,9.0,23.468,121.496
74DA38F21204,2026-08-05,14:25:44,28.86,100.0,1.0,25.062,121.451
74DA38F7C3B2,2026-08-05,14:25:45,32.36,68.0,10.0,24.929,121.378
74DA38F7C506,2026-08-05,14:25:46,29.61,100.0,0.0,24.996,121.544
74DA38F7C610,2026-08-05,14:25:47,30.5,100.0,18.0,25.063,121.564
74DA38F20B26,2026-08-05,14:25:49,30.0,100.0,13.0,22.783,120.247
74DA38F208E2,2026-08-05,14:25:54,28.86,100.0,20.0,24.688,121.766
74DA38F20A30,2026-08-05,14:25:56,30.11,88.0,0.0,24.948,121.372
74DA38F21054,2026-08-05,14:26:03,29.75,75.0,10.0,22.898,120.627
74DA38F7C514,2026-08-05,14:26:09,30.5,100.0,16.0,25.051,121.518
74DA38F7C54E,2026-08-05,14:26:09,28.36,100.0,0.0,25.063,121.661
74DA38F7C430,2026-08-05,14:26:25,31.75,84.0,0.0,24.981,121.423
74DA38F7C260,2026-08-05,14:26:26,31.61,100.0,0.0,25.065,121.425
74DA38F20D16,2026-08-05,14:26:28,30.86,100.0,18.0,25.062,121.526
74DA38F7C27E,2026-08-05,14:26:33,30.75,100.0,15.0,25.053,121.444
74DA38F20D1E,2026-08-05,14:26:40,30.11,100.0,21.0,25.048,121.573
74DA38F2105C,2026-08-05,14:26:52,30.11,100.0,0.0,25.088,121.599
74DA38ED06E0,2026-08-05,14:26:54,29.5,99.0,13.0,23.601,121.521
74DA38F7C42E,2026-08-05,14:26:54,29.25,100.0,0.0,24.969,121.514
74DA38F20FFE,2026-08-05,14:26:57,29.86,100.0,14.0,22.894,120.298
74DA38F7C3DC,2026-08-05,14:27:03,30.11,100.0,20.0,25.003,121.539
74DA38F21088,2026-08-05,14:27:07,30.5,100.0,1.0,25.068,121.588
74DA38F7C47E,2026-08-05,14:27:07,30.75,100.0,22.0,25.053963,121.427681
74DA38F7C13A,2026-08-05,14:27:11,22.37,0.0,0.0,25.069,121.359
74DA38F7C560,2026-08-05,14:27:11,30.0,-62.0,0.0,25.079,121.671
74DA38F7C366,2026-08-05,14:27:13,29.75,100.0,7.0,25.002,121.516
74DA38F7C464,2026-08-05,14:27:22,27.0,30.0,0.0,25.006,121.413
74DA38F21024,2026-08-05,14:27:24,29.25,100.0,0.0,24.93,121.036
74DA38F20B88,2026-08-05,14:27:25,28.61,100.0,0.0,22.75,120.316
74DA38F209EE,2026-08-05,14:27:28,28.86,100.0,0.0,23.026,121.33
74DA38F7C5BE,2026-08-05,14:27:29,29.86,96.0,19.0,25.092,121.523
74DA38F20C26,2026-08-05,14:27:30,32.0,81.0,12.0,22.676,120.342
74DA38F210A2,2026-08-05,14:27:32,30.11,100.0,6.0,25.12,121.466
74DA38F7C59C,2026-08-05,14:27:34,30.5,82.0,26.0,25.103,121.487
74DA38F21048,2026-08-05,14:27:37,29.5,100.0,18.0,22.595,120.341
74DA38F7C3DE,2026-08-05,14:27:39,31.75,100.0,276.0,24.972,121.537
74DA38F20862,2026-08-05,14:27:41,28.0,100.0,13.0,23.101,121.176
74DA38F20D70,2026-08-05,14:27:42,30.25,95.0,0.0,23.05,121.164
74DA38F2113E,2026-08-05,14:27:46,-4.0,0.0,0.0,22.728,120.313
74DA38F20B12,2026-08-05,14:27:50,29.11,74.0,5.0,22.91,120.716
74DA38F20D2E,2026-08-05,14:27:54,30.11,100.0,0.0,25.06,121.545
74DA38F20D6C,2026-08-05,14:27:54,30.11,92.0,0.0,22.661,120.301
74DA38F20F1C,2026-08-05,14:27:59,29.36,100.0,15.0,25.062,121.451
74DA38F209A8,2026-08-05,14:28:01,-4.0,0.0,0.0,22.401,120.577
74DA38ED05B6,2026-08-05,14:28:08,28.25,100.0,11.0,23.43,121.348
74DA38F7C592,2026-08-05,14:28:08,-4.0,0.0,0.0,25.224,121.637
74DA38F20A78,2026-08-05,14:28:16,29.0,100.0,3.0,22.904,121.124
74DA38ED059C,2026-08-05,14:28:21,28.75,100.0,10.0,23.706,121.412
74DA38F7C41E,2026-08-05,14:28:21,30.11,87.0,0.0,25.054,121.517
74DA38F7C53C,2026-08-05,14:28:22,28.36,100.0,0.0,25.11,121.804
74DA38F7C3BA,2026-08-05,14:28:27,-4.0,0.0,90.0,25.174,121.441
74DA38ED05EA,2026-08-05,14:28:30,29.5,100.0,10.0,23.394,121.357
74DA38F207DE,2026-08-05,14:28:33,30.25,100.0,16.0,22.603,120.34
74DA38F7C4CC,2026-08-05,14:28:33,30.36,100.0,13.0,25.062,121.451
74DA38F20C06,2026-08-05,14:28:36,31.75,70.0,21.0,24.874,121.02
74DA38F7C310,2026-08-05,14:28:38,31.25,100.0,11.0,25.09,121.464
74DA38F20E9E,2026-08-05,14:28:52,27.25,100.0,18.0,24.648,121.151
74DA38F209DE,2026-08-05,14:29:04,30.75,100.0,0.0,24.861,120.964
74DA38F7C39A,2026-08-05,14:29:21,30.36,100.0,0.0,25.002,121.414
74DA38ED0454,2026-08-05,14:29:27,31.5,100.0,22.0,24.053,121.599
74DA38F7C566,2026-08-05,14:29:39,32.36,100.0,0.0,25.051,121.448
74DA38F7C47C,2026-08-05,14:29:42,30.75,100.0,108.0,25.055,121.455
74DA38ED0640,2026-08-05,14:29:51,26.25,100.0,5.0,23.154,121.266
74DA38F20DE0,2026-08-05,14:29:52,29.61,100.0,0.0,22.589,120.328
74DA38F20D1A,2026-08-05,14:29:57,29.75,100.0,0.0,25.078,121.541
74DA38F7C480,2026-08-05,14:29:58,30.25,100.0,0.0,25.061,121.432
74DA38F20B80,2026-08-05,14:29:59,30.11,100.0,0.0,22.599,120.35
74DA38F7C4DE,2026-08-05,14:30:04,30.5,100.0,0.0,25.09,121.462
74DA38F20EB2,2026-08-05,14:30:06,26.62,100.0,22.0,24.324,120.835
74DA38F7C338,2026-08-05,14:30:06,30.75,100.0,14.0,25.011,121.458
74DA38F7C5CE,2026-08-05,14:30:15,29.75,92.0,0.0,25.066,121.656
74DA38F20B5C,2026-08-05,14:30:22,30.11,100.0,16.0,22.798,120.293
74DA38ED0630,2026-08-05,14:30:28,30.61,100.0,0.0,23.994,121.594
74DA38F20BF6,2026-08-05,14:30:39,29.75,100.0,14.0,22.582,120.368
74DA38F21136,2026-08-05,14:30:40,30.36,100.0,13.0,25.119,121.505
74DA38F20F0A,2026-08-05,14:30:44,27.62,100.0,7.0,22.995,120.635
74DA38F7C600,2026-08-05,14:30:54,23.25,47.0,13.0,25.07,121.586
74DA38F21170,2026-08-05,14:30:55,28.75,74.0,6.0,22.779,121.088
74DA38F7C5A0,2026-08-05,14:31:03,30.61,100.0,0.0,25.107,121.518
74DA38F7C30C,2026-08-05,14:31:04,30.25,99.0,0.0,24.975,121.532
74DA38F20B82,2026-08-05,14:31:20,-4.0,0.0,0.0,22.847,120.465
74DA38F2104E,2026-08-05,14:31:24,27.75,100.0,13.0,23.108,120.7
74DA38F7C5E6,2026-08-05,14:31:34,31.5,100.0,6.0,25.107,121.843
74DA38F7C3D6,2026-08-05,14:31:35,31.25,100.0,0.0,25.045,121.541
74DA38ED04F2,2026-08-05,14:31:40,28.25,100.0,10.0,23.468,121.496
74DA38F209B2,2026-08-05,14:31:40,27.87,100.0,0.0,22.363,120.599
74DA38F21204,2026-08-05,14:31:50,28.75,100.0,1.0,25.062,121.451
74DA38F7C3B2,2026-08-05,14:31:51,32.36,68.0,9.0,24.929,121.378
74DA38F7C610,2026-08-05,14:31:55,30.5,100.0,19.0,25.063,121.564
74DA38F20B26,2026-08-05,14:31:56,30.0,100.0,14.0,22.783,120.247
74DA38F208E2,2026-08-05,14:32:01,29.0,100.0,20.0,24.688,121.766
74DA38F7C5AA,2026-08-05,14:32:04,29.61,100.0,0.0,25.0,121.479
74DA38F21054,2026-08-05,14:32:09,29.75,75.0,10.0,22.898,120.627
74DA38F7C506,2026-08-05,14:32:19,29.61,100.0,0.0,24.996,121.544
74DA38F7C514,2026-08-05,14:32:19,30.5,100.0,16.0,25.051,121.518
74DA38F7C63C,2026-08-05,14:32:20,-4.0,0.0,11.0,24.998,121.425
74DA38F20A30,2026-08-05,14:32:26,30.0,88.0,0.0,24.948,121.372
74DA38F7C54E,2026-08-05,14:32:36,28.61,100.0,0.0,25.063,121.661
74DA38F20D16,2026-08-05,14:32:37,31.0,100.0,19.0,25.062,121.526
74DA38F7C27E,2026-08-05,14:32:39,30.61,100.0,15.0,25.053,121.444
74DA38F20D1E,2026-08-05,14:32:48,30.11,100.0,21.0,25.048,121.573
74DA38F7C430,2026-08-05,14:32:52,31.75,84.0,0.0,24.981,121.423
74DA38F7C260,2026-08-05,14:32:57,31.61,100.0,0.0,25.065,121.425
74DA38ED06E0,2026-08-05,14:33:01,29.5,100.0,12.0,23.601,121.521
74DA38F20FFE,2026-08-05,14:33:05,29.61,100.0,14.0,22.894,120.298
74DA38F7C3DC,2026-08-05,14:33:11,30.0,100.0,19.0,25.003,121.539
74DA38F7C47E,2026-08-05,14:33:14,30.86,100.0,21.0,25.053963,121.427681
74DA38F2105C,2026-08-05,14:33:18,30.0,100.0,0.0,25.088,121.599
74DA38F7C366,2026-08-05,14:33:22,29.61,100.0,6.0,25.002,121.516
74DA38F7C42E,2026-08-05,14:33:22,29.36,100.0,0.0,24.969,121.514
74DA38F209EE,2026-08-05,14:33:32,28.86,100.0,0.0,23.026,121.33
74DA38F21088,2026-08-05,14:33:34,30.5,100.0,0.0,25.068,121.588
74DA38F7C5BE,2026-08-05,14:33:36,30.0,96.0,18.0,25.092,121.523
74DA38F20C26,2026-08-05,14:33:37,32.11,81.0,12.0,22.676,120.342
74DA38F210A2,2026-08-05,14:33:37,30.11,100.0,4.0,25.12,121.466
74DA38F7C13A,2026-08-05,14:33:39,22.25,0.0,0.0,25.069,121.359
74DA38F7C3DE,2026-08-05,14:33:39,31.75,100.0,286.0,24.972,121.537
74DA38F7C560,2026-08-05,14:33:39,30.25,-62.0,0.0,25.079,121.671
74DA38F20862,2026-08-05,14:33:47,27.87,100.0,7.0,23.101,121.176
74DA38F20D70,2026-08-05,14:33:48,30.25,95.0,0.0,23.05,121.164
74DA38F21024,2026-08-05,14:33:51,29.25,100.0,0.0,24.93,121.036
74DA38F7C464,2026-08-05,14:33:51,26.87,30.0,0.0,25.006,121.413
74DA38F20B88,2026-08-05,14:33:52,28.61,100.0,0.0,22.75,120.316
74DA38F20B12,2026-08-05,14:33:56,29.11,74.0,5.0,22.91,120.716
74DA38F7C570,2026-08-05,14:33:56,-4.0,0.0,0.0,25.239,121.63
74DA38F7C59C,2026-08-05,14:34:03,30.5,83.0,27.0,25.103,121.487
74DA38F20F1C,2026-08-05,14:34:06,29.36,100.0,15.0,25.062,121.451
74DA38F21048,2026-08-05,14:34:06,29.5,100.0,19.0,22.595,120.341
74DA38ED05B6,2026-08-05,14:34:13,28.36,100.0,10.0,23.43,121.348
74DA38F20A78,2026-08-05,14:34:22,28.86,100.0,3.0,22.904,121.124
74DA38F20D2E,2026-08-05,14:34:22,30.11,100.0,0.0,25.06,121.545
74DA38F20D6C,2026-08-05,14:34:22,30.0,92.0,0.0,22.661,120.301
74DA38ED059C,2026-08-05,14:34:36,28.75,100.0,11.0,23.706,121.412
74DA38ED05EA,2026-08-05,14:34:36,29.5,100.0,10.0,23.394,121.357
74DA38F207DE,2026-08-05,14:34:39,30.36,100.0,16.0,22.603,120.34
74DA38F7C4CC,2026-08-05,14:34:39,30.25,100.0,13.0,25.062,121.451
74DA38F20C06,2026-08-05,14:34:43,31.75,70.0,21.0,24.874,121.02
74DA38F7C310,2026-08-05,14:34:43,31.25,100.0,10.0,25.09,121.464
74DA38F7C53C,2026-08-05,14:34:50,28.36,100.0,0.0,25.11,121.804
74DA38F7C41E,2026-08-05,14:34:59,30.11,86.0,0.0,25.054,121.517
74DA38F20E9E,2026-08-05,14:35:00,27.12,100.0,17.0,24.648,121.151
74DA38F2113E,2026-08-05,14:35:02,-4.0,0.0,0.0,22.728,120.313
74DA38F7C532,2026-08-05,14:35:12,30.11,100.0,17.0,25.059,121.499
74DA38F209DE,2026-08-05,14:35:30,30.61,100.0,0.0,24.861,120.964
74DA38ED0454,2026-08-05,14:35:35,31.36,100.0,23.0,24.053,121.599
74DA38F7C47C,2026-08-05,14:35:36,30.75,100.0,107.0,25.055,121.455
74DA38F7C39A,2026-08-05,14:35:50,30.36,100.0,0.0,25.002,121.414
74DA38ED0640,2026-08-05,14:35:58,26.12,100.0,5.0,23.154,121.266
74DA38F7C4DE,2026-08-05,14:36:10,30.36,100.0,0.0,25.09,121.462
74DA38F20EB2,2026-08-05,14:36:15,26.5,100.0,22.0,24.324,120.835
74DA38F20DE0,2026-08-05,14:36:20,29.5,100.0,0.0,22.589,120.328
74DA38F7C338,2026-08-05,14:36:24,30.75,100.0,13.0,25.011,121.458
74DA38F20D1A,2026-08-05,14:36:25,29.75,100.0,0.0,25.078,121.541
74DA38F20B80,2026-08-05,14:36:26,30.0,100.0,0.0,22.599,120.35
74DA38F7C480,2026-08-05,14:36:26,30.25,100.0,0.0,25.061,121.432
74DA38F20B5C,2026-08-05,14:36:28,30.25,100.0,15.0,22.798,120.293
74DA38F20934,2026-08-05,14:36:33,29.86,78.0,6.0,23.002,121.29
74DA38F7C5CE,2026-08-05,14:36:42,29.5,92.0,0.0,25.066,121.656
74DA38F20BF6,2026-08-05,14:36:44,29.75,100.0,13.0,22.582,120.368
74DA38F20F0A,2026-08-05,14:36:50,27.62,100.0,7.0,22.995,120.635
74DA38F21136,2026-08-05,14:36:53,30.11,100.0,13.0,25.119,121.505
74DA38ED0630,2026-08-05,14:36:56,30.75,100.0,0.0,23.994,121.594
74DA38F7C600,2026-08-05,14:37:00,23.25,47.0,13.0,25.07,121.586
74DA38F21170,2026-08-05,14:37:04,28.86,76.0,4.0,22.779,121.088
74DA38F7C3BA,2026-08-05,14:37:11,-4.0,0.0,94.0,25.174,121.441
74DA38F7C30C,2026-08-05,14:37:12,30.25,99.0,0.0,24.975,121.532
74DA38F7C5A0,2026-08-05,14:37:30,30.61,100.0,0.0,25.107,121.518
74DA38F7C5E6,2026-08-05,14:37:39,31.5,100.0,7.0,25.107,121.843
74DA38F209A8,2026-08-05,14:37:42,-4.0,0.0,0.0,22.401,120.577
74DA38ED04F2,2026-08-05,14:37:47,28.11,100.0,10.0,23.468,121.496
74DA38F7C592,2026-08-05,14:37:48,-4.0,0.0,0.0,25.224,121.637
74DA38F7C3B2,2026-08-05,14:37:56,32.36,68.0,9.0,24.929,121.378
74DA38F7C3D6,2026-08-05,14:38:02,31.11,100.0,0.0,25.045,121.541
74DA38F7C610,2026-08-05,14:38:02,30.5,100.0,18.0,25.063,121.564
74DA38F20B26,2026-08-05,14:38:03,30.0,100.0,14.0,22.783,120.247
74DA38F21204,2026-08-05,14:38:05,28.75,100.0,1.0,25.062,121.451
74DA38F208E2,2026-08-05,14:38:07,29.0,100.0,19.0,24.688,121.766
74DA38F209B2,2026-08-05,14:38:07,27.87,100.0,0.0,22.363,120.599
74DA38F21054,2026-08-05,14:38:15,29.75,75.0,10.0,22.898,120.627
74DA38F7C514,2026-08-05,14:38:35,30.5,100.0,16.0,25.051,121.518
74DA38F20D16,2026-08-05,14:38:43,31.0,100.0,20.0,25.062,121.526
74DA38F7C5AA,2026-08-05,14:38:44,29.5,100.0,1.0,25.0,121.479
74DA38F7C27E,2026-08-05,14:38:47,30.61,100.0,15.0,25.053,121.444
74DA38F7C506,2026-08-05,14:38:49,29.5,100.0,0.0,24.996,121.544
74DA38F20A30,2026-08-05,14:38:53,30.11,88.0,0.0,24.948,121.372
74DA38F20D1E,2026-08-05,14:38:55,30.11,100.0,23.0,25.048,121.573
74DA38F7C54E,2026-08-05,14:39:03,28.5,100.0,0.0,25.063,121.661
74DA38ED06E0,2026-08-05,14:39:08,29.5,100.0,13.0,23.601,121.521
74DA38F20FFE,2026-08-05,14:39:14,29.36,100.0,13.0,22.894,120.298
74DA38F7C3DC,2026-08-05,14:39:17,29.75,100.0,19.0,25.003,121.539
74DA38F7C430,2026-08-05,14:39:20,31.75,84.0,0.0,24.981,121.423
74DA38F7C47E,2026-08-05,14:39:21,30.61,100.0,21.0,25.053963,121.427681
74DA38F7C260,2026-08-05,14:39:24,31.61,100.0,0.0,25.065,121.425
74DA38F7C366,2026-08-05,14:39:27,29.61,100.0,6.0,25.002,121.516
74DA38F7C3DE,2026-08-05,14:39:37,31.61,100.0,265.0,24.972,121.537
74DA38F209EE,2026-08-05,14:39:41,28.86,100.0,0.0,23.026,121.33
74DA38F210A2,2026-08-05,14:39:41,30.11,100.0,5.0,25.12,121.466
74DA38F7C5BE,2026-08-05,14:39:43,30.0,96.0,19.0,25.092,121.523
74DA38F20C26,2026-08-05,14:39:44,32.11,81.0,12.0,22.676,120.342
74DA38F2105C,2026-08-05,14:39:45,30.0,100.0,0.0,25.088,121.599
74DA38F20D70,2026-08-05,14:39:54,30.25,95.0,0.0,23.05,121.164
74DA38F20862,2026-08-05,14:39:58,27.75,100.0,17.0,23.101,121.176
74DA38F21088,2026-08-05,14:40:03,30.61,100.0,0.0,25.068,121.588
74DA38F7C13A,2026-08-05,14:40:06,22.25,0.0,2.0,25.069,121.359
74DA38F7C560,2026-08-05,14:40:07,30.5,-62.0,0.0,25.079,121.671
74DA38F20B12,2026-08-05,14:40:08,29.11,75.0,5.0,22.91,120.716
74DA38F20F1C,2026-08-05,14:40:11,29.36,100.0,16.0,25.062,121.451
74DA38F7C42E,2026-08-05,14:40:12,29.61,100.0,0.0,24.969,121.514
74DA38F21024,2026-08-05,14:40:17,29.25,100.0,0.0,24.93,121.036
74DA38F7C464,2026-08-05,14:40:19,27.0,30.0,0.0,25.006,121.413
74DA38ED05B6,2026-08-05,14:40:20,28.36,100.0,10.0,23.43,121.348
74DA38F20B88,2026-08-05,14:40:20,28.61,100.0,0.0,22.75,120.316
74DA38F20A78,2026-08-05,14:40:30,28.86,100.0,3.0,22.904,121.124
74DA38F7C59C,2026-08-05,14:40:31,30.5,83.0,28.0,25.103,121.487
74DA38F21048,2026-08-05,14:40:34,29.5,100.0,18.0,22.595,120.341
74DA38ED05EA,2026-08-05,14:40:41,29.5,100.0,11.0,23.394,121.357
74DA38ED059C,2026-08-05,14:40:45,28.86,100.0,10.0,23.706,121.412
74DA38F7C4CC,2026-08-05,14:40:45,30.11,100.0,12.0,25.062,121.451
74DA38F207DE,2026-08-05,14:40:46,30.36,100.0,16.0,22.603,120.34
74DA38F7C310,2026-08-05,14:40:48,31.25,100.0,10.0,25.09,121.464
74DA38F20C06,2026-08-05,14:40:50,31.75,70.0,21.0,24.874,121.02
74DA38F20D2E,2026-08-05,14:40:51,30.36,100.0,0.0,25.06,121.545
74DA38F20B82,2026-08-05,14:40:52,-4.0,0.0,0.0,22.847,120.465
74DA38F20E9E,2026-08-05,14:41:06,27.12,100.0,15.0,24.648,121.151
74DA38F7C53C,2026-08-05,14:41:16,28.36,100.0,0.0,25.11,121.804
74DA38F7C532,2026-08-05,14:41:20,30.11,100.0,18.0,25.059,121.499
74DA38F7C47C,2026-08-05,14:41:28,30.75,100.0,78.0,25.055,121.455
74DA38ED0454,2026-08-05,14:41:42,31.25,100.0,23.0,24.053,121.599
74DA38F7C41E,2026-08-05,14:41:42,30.11,86.0,0.0,25.054,121.517
74DA38F7C63C,2026-08-05,14:41:52,-4.0,0.0,11.0,24.998,121.425
74DA38F209DE,2026-08-05,14:41:58,30.25,100.0,0.0,24.861,120.964
74DA38ED0640,2026-08-05,14:42:04,26.12,100.0,5.0,23.154,121.266
74DA38F7C39A,2026-08-05,14:42:17,30.5,100.0,0.0,25.002,121.414
74DA38F7C4DE,2026-08-05,14:42:18,30.5,100.0,0.0,25.09,121.462
74DA38F2113E,2026-08-05,14:42:21,-4.0,0.0,0.0,22.728,120.313
74DA38F20EB2,2026-08-05,14:42:26,26.5,100.0,23.0,24.324,120.835
74DA38F7C616,2026-08-05,14:42:28,30.36,100.0,0.0,25.031,121.563
74DA38F20B5C,2026-08-05,14:42:33,30.11,100.0,16.0,22.798,120.293
74DA38F20934,2026-08-05,14:42:41,29.86,78.0,6.0,23.002,121.29
74DA38F7C338,2026-08-05,14:42:42,30.61,100.0,13.0,25.011,121.458
74DA38F7C566,2026-08-05,14:42:43,32.11,100.0,0.0,25.051,121.448
74DA38F20BF6,2026-08-05,14:42:49,29.75,100.0,14.0,22.582,120.368
74DA38F20DE0,2026-08-05,14:42:49,29.61,100.0,0.0,22.589,120.328
74DA38F20B80,2026-08-05,14:42:51,30.0,100.0,0.0,22.599,120.35
74DA38F20D1A,2026-08-05,14:42:52,29.75,100.0,0.0,25.078,121.541
74DA38F7C480,2026-08-05,14:42:54,30.25,100.0,0.0,25.061,121.432
74DA38F20F0A,2026-08-05,14:42:57,27.75,100.0,7.0,22.995,120.635
74DA38F7C600,2026-08-05,14:43:05,23.25,47.0,13.0,25.07,121.586
74DA38F7C5CE,2026-08-05,14:43:09,29.61,92.0,0.0,25.066,121.656
74DA38F21170,2026-08-05,14:43:10,28.86,77.0,5.0,22.779,121.088
74DA38F21136,2026-08-05,14:43:11,30.11,100.0,15.0,25.119,121.505
74DA38F7C30C,2026-08-05,14:43:19,30.25,99.0,0.0,24.975,121.532
74DA38ED0630,2026-08-05,14:43:24,30.61,100.0,0.0,23.994,121.594
74DA38F7C570,2026-08-05,14:43:36,-4.0,0.0,0.0,25.239,121.63
74DA38F7C5E6,2026-08-05,14:43:44,31.36,100.0,6.0,25.107,121.843
74DA38ED04F2,2026-08-05,14:43:53,28.11,100.0,9.0,23.468,121.496
74DA38F7C5A0,2026-08-05,14:43:59,30.61,100.0,0.0,25.107,121.518
74DA38F7C3B2,2026-08-05,14:44:01,32.36,68.0,10.0,24.929,121.378
74DA38F7C610,2026-08-05,14:44:08,30.5,100.0,17.0,25.063,121.564
74DA38F20B26,2026-08-05,14:44:09,30.0,100.0,15.0,22.783,120.247
74DA38F21204,2026-08-05,14:44:12,28.75,100.0,2.0,25.062,121.451
74DA38F208E2,2026-08-05,14:44:13,28.86,100.0,20.0,24.688,121.766
74DA38F21054,2026-08-05,14:44:21,29.75,75.0,10.0,22.898,120.627
74DA38F20FA4,2026-08-05,14:44:26,29.25,100.0,18.0,22.63,120.42
74DA38F7C3D6,2026-08-05,14:44:29,30.86,100.0,0.0,25.045,121.541
74DA38F209B2,2026-08-05,14:44:34,27.87,100.0,0.0,22.363,120.599
74DA38F7C514,2026-08-05,14:44:42,30.61,100.0,17.0,25.051,121.518
74DA38F20D16,2026-08-05,14:44:50,31.0,100.0,22.0,25.062,121.526
74DA38F7C27E,2026-08-05,14:44:53,30.75,100.0,16.0,25.053,121.444
74DA38F20D1E,2026-08-05,14:45:05,30.0,100.0,21.0,25.048,121.573
74DA38F7C506,2026-08-05,14:45:18,29.5,100.0,0.0,24.996,121.544
74DA38F20A30,2026-08-05,14:45:21,30.11,88.0,0.0,24.948,121.372
74DA38ED06E0,2026-08-05,14:45:22,29.5,99.0,12.0,23.601,121.521
74DA38F7C3DC,2026-08-05,14:45:24,29.61,100.0,19.0,25.003,121.539
74DA38F7C47E,2026-08-05,14:45:26,30.75,100.0,21.0,25.053963,121.427681
74DA38F20FFE,2026-08-05,14:45:27,29.25,100.0,13.0,22.894,120.298
74DA38F7C5AA,2026-08-05,14:45:28,29.36,100.0,0.0,25.0,121.479
74DA38F7C54E,2026-08-05,14:45:29,28.5,100.0,0.0,25.063,121.661
74DA38F7C366,2026-08-05,14:45:32,29.75,100.0,6.0,25.002,121.516
74DA38F7C3DE,2026-08-05,14:45:34,31.36,100.0,255.0,24.972,121.537
74DA38F209EE,2026-08-05,14:45:46,28.86,100.0,0.0,23.026,121.33
74DA38F210A2,2026-08-05,14:45:46,30.11,100.0,5.0,25.12,121.466
74DA38F7C430,2026-08-05,14:45:48,31.61,84.0,0.0,24.981,121.423
74DA38F7C5BE,2026-08-05,14:45:49,30.11,97.0,19.0,25.092,121.523
74DA38F20C26,2026-08-05,14:45:50,32.11,81.0,12.0,22.676,120.342
74DA38F7C3BA,2026-08-05,14:45:56,-4.0,0.0,99.0,25.174,121.441
74DA38F20D70,2026-08-05,14:45:59,30.11,96.0,0.0,23.05,121.164
74DA38F20862,2026-08-05,14:46:11,27.75,100.0,21.0,23.101,121.176
74DA38F2105C,2026-08-05,14:46:12,30.0,100.0,0.0,25.088,121.599
74DA38F20B12,2026-08-05,14:46:17,29.11,75.0,5.0,22.91,120.716
74DA38F20F1C,2026-08-05,14:46:17,29.36,100.0,15.0,25.062,121.451
74DA38ED05B6,2026-08-05,14:46:26,28.5,100.0,9.0,23.43,121.348
74DA38F21088,2026-08-05,14:46:31,30.5,100.0,0.0,25.068,121.588
74DA38F7C13A,2026-08-05,14:46:33,22.25,0.0,1.0,25.069,121.359
74DA38F7C560,2026-08-05,14:46:34,30.5,-62.0,0.0,25.079,121.671
74DA38F20A78,2026-08-05,14:46:37,28.86,100.0,3.0,22.904,121.124
74DA38F7C42E,2026-08-05,14:46:40,29.61,100.0,0.0,24.969,121.514
74DA38F21024,2026-08-05,14:46:44,29.25,100.0,0.0,24.93,121.036
74DA38F20B88,2026-08-05,14:46:46,28.5,100.0,0.0,22.75,120.316
74DA38F7C464,2026-08-05,14:46:46,27.0,30.0,0.0,25.006,121.413
74DA38ED05EA,2026-08-05,14:46:47,29.61,100.0,11.0,23.394,121.357
74DA38F207DE,2026-08-05,14:46:52,30.36,100.0,17.0,22.603,120.34
74DA38F7C310,2026-08-05,14:46:52,31.36,100.0,10.0,25.09,121.464
74DA38F7C4CC,2026-08-05,14:46:53,30.11,100.0,14.0,25.062,121.451
74DA38F20C06,2026-08-05,14:46:56,31.75,70.0,21.0,24.874,121.02
74DA38F7C59C,2026-08-05,14:46:59,30.5,83.0,28.0,25.103,121.487
74DA38ED059C,2026-08-05,14:47:00,29.0,100.0,10.0,23.706,121.412
74DA38F21048,2026-08-05,14:47:03,29.5,100.0,18.0,22.595,120.341
74DA38F20E9E,2026-08-05,14:47:13,27.12,100.0,17.0,24.648,121.151
74DA38F20D2E,2026-08-05,14:47:17,30.36,100.0,0.0,25.06,121.545
74DA38F209A8,2026-08-05,14:47:21,-4.0,0.0,0.0,22.401,120.577
74DA38F7C47C,2026-08-05,14:47:26,30.86,100.0,68.0,25.055,121.455
74DA38F7C592,2026-08-05,14:47:27,-4.0,0.0,0.0,25.224,121.637
74DA38F7C532,2026-08-05,14:47:29,30.11,100.0,17.0,25.059,121.499
74DA38F7C53C,2026-08-05,14:47:43,28.25,100.0,0.0,25.11,121.804
74DA38ED0454,2026-08-05,14:47:49,31.25,100.0,24.0,24.053,121.599
74DA38ED0640,2026-08-05,14:48:10,26.25,100.0,6.0,23.154,121.266
74DA38F7C41E,2026-08-05,14:48:18,30.11,86.0,0.0,25.054,121.517
74DA38F209DE,2026-08-05,14:48:26,30.25,100.0,0.0,24.861,120.964
74DA38F7C4DE,2026-08-05,14:48:30,30.5,100.0,0.0,25.09,121.462
74DA38F20EB2,2026-08-05,14:48:36,26.25,100.0,24.0,24.324,120.835
74DA38F20B5C,2026-08-05,14:48:38,30.11,100.0,15.0,22.798,120.293
74DA38F7C39A,2026-08-05,14:48:44,30.36,100.0,0.0,25.002,121.414
74DA38F20BF6,2026-08-05,14:48:53,29.75,100.0,14.0,22.582,120.368
74DA38F7C338,2026-08-05,14:48:55,30.61,100.0,12.0,25.011,121.458
74DA38F20934,2026-08-05,14:48:59,29.86,78.0,6.0,23.002,121.29
74DA38F20F0A,2026-08-05,14:49:03,27.75,100.0,7.0,22.995,120.635
74DA38F7C616,2026-08-05,14:49:04,30.5,100.0,0.0,25.031,121.563
74DA38F7C600,2026-08-05,14:49:13,23.25,46.0,14.0,25.07,121.586
74DA38F21170,2026-08-05,14:49:16,29.0,77.0,5.0,22.779,121.088
74DA38F20DE0,2026-08-05,14:49:17,29.75,100.0,0.0,22.589,120.328
74DA38F20D1A,2026-08-05,14:49:20,29.61,100.0,0.0,25.078,121.541
74DA38F7C480,2026-08-05,14:49:22,30.11,100.0,0.0,25.061,121.432
74DA38F20B80,2026-08-05,14:49:25,30.0,100.0,0.0,22.599,120.35
74DA38F7C30C,2026-08-05,14:49:26,30.25,100.0,0.0,24.975,121.532
74DA38F7C5CE,2026-08-05,14:49:35,29.61,92.0,0.0,25.066,121.656
74DA38F2113E,2026-08-05,14:49:37,-4.0,0.0,0.0,22.728,120.313
74DA38F21136,2026-08-05,14:49:40,30.11,100.0,14.0,25.119,121.505
74DA38F7C5E6,2026-08-05,14:49:50,31.36,100.0,6.0,25.107,121.843
74DA38ED0630,2026-08-05,14:49:52,30.61,100.0,0.0,23.994,121.594
74DA38ED04F2,2026-08-05,14:50:01,28.11,100.0,8.0,23.468,121.496
74DA38F7C3B2,2026-08-05,14:50:06,32.36,68.0,10.0,24.929,121.378
74DA38F20B26,2026-08-05,14:50:16,30.0,100.0,16.0,22.783,120.247
74DA38F7C610,2026-08-05,14:50:16,30.5,100.0,18.0,25.063,121.564
74DA38F208E2,2026-08-05,14:50:18,28.75,100.0,20.0,24.688,121.766
74DA38F21204,2026-08-05,14:50:23,28.61,100.0,1.0,25.062,121.451
74DA38F20B82,2026-08-05,14:50:24,-4.0,0.0,0.0,22.847,120.465
74DA38F21054,2026-08-05,14:50:26,29.75,76.0,10.0,22.898,120.627
74DA38F7C5A0,2026-08-05,14:50:26,30.61,100.0,0.0,25.107,121.518
74DA38F7C514,2026-08-05,14:50:48,30.61,100.0,17.0,25.051,121.518
74DA38F7C3D6,2026-08-05,14:50:55,30.75,100.0,0.0,25.045,121.541
74DA38F20D16,2026-08-05,14:50:58,30.86,100.0,24.0,25.062,121.526
74DA38F7C27E,2026-08-05,14:50:58,30.75,100.0,16.0,25.053,121.444
74DA38F209B2,2026-08-05,14:51:01,28.0,100.0,0.0,22.363,120.599
74DA38F20D1E,2026-08-05,14:51:19,30.0,100.0,22.0,25.048,121.573
74DA38F7C63C,2026-08-05,14:51:25,-4.0,0.0,10.0,24.998,121.425
74DA38F7C3DC,2026-08-05,14:51:29,29.61,100.0,18.0,25.003,121.539
74DA38ED06E0,2026-08-05,14:51:31,29.5,99.0,13.0,23.601,121.521
74DA38F7C47E,2026-08-05,14:51:32,31.0,100.0,22.0,25.053963,121.427681
74DA38F7C3DE,2026-08-05,14:51:33,31.36,100.0,260.0,24.972,121.537
74DA38F20FFE,2026-08-05,14:51:36,29.11,100.0,14.0,22.894,120.298
74DA38F7C366,2026-08-05,14:51:38,29.75,100.0,6.0,25.002,121.516
74DA38F7C506,2026-08-05,14:51:46,29.36,100.0,0.0,24.996,121.544
74DA38F20A30,2026-08-05,14:51:50,30.0,88.0,0.0,24.948,121.372
74DA38F210A2,2026-08-05,14:51:51,30.11,100.0,4.0,25.12,121.466
74DA38F209EE,2026-08-05,14:51:52,28.86,100.0,0.0,23.026,121.33
74DA38F7C54E,2026-08-05,14:51:56,28.36,100.0,0.0,25.063,121.661
74DA38F7C5BE,2026-08-05,14:51:56,30.11,97.0,19.0,25.092,121.523
74DA38F20C26,2026-08-05,14:51:57,32.11,81.0,13.0,22.676,120.342
74DA38F20D70,2026-08-05,14:52:05,30.25,95.0,0.0,23.05,121.164
74DA38F7C430,2026-08-05,14:52:15,31.75,84.0,0.0,24.981,121.423
74DA38F20F1C,2026-08-05,14:52:22,29.36,100.0,16.0,25.062,121.451
74DA38F20B12,2026-08-05,14:52:23,29.25,74.0,4.0,22.91,120.716
74DA38F7C5AA,2026-08-05,14:52:25,29.5,100.0,1.0,25.0,121.479
74DA38F20862,2026-08-05,14:52:28,27.62,100.0,25.0,23.101,121.176
74DA38F2105C,2026-08-05,14:52:38,30.0,100.0,0.0,25.088,121.599
74DA38F20A78,2026-08-05,14:52:43,29.0,100.0,3.0,22.904,121.124
74DA38ED05B6,2026-08-05,14:52:51,28.5,100.0,10.0,23.43,121.348
74DA38ED05EA,2026-08-05,14:52:53,29.61,100.0,11.0,23.394,121.357
74DA38F207DE,2026-08-05,14:52:57,30.25,100.0,17.0,22.603,120.34
74DA38F7C310,2026-08-05,14:52:57,31.25,100.0,10.0,25.09,121.464
74DA38F21088,2026-08-05,14:52:58,30.5,100.0,0.0,25.068,121.588
74DA38F7C4CC,2026-08-05,14:52:59,30.11,100.0,14.0,25.062,121.451
74DA38F7C560,2026-08-05,14:53:02,30.61,-62.0,0.0,25.079,121.671
74DA38F7C13A,2026-08-05,14:53:03,22.37,0.0,0.0,25.069,121.359
74DA38F7C42E,2026-08-05,14:53:09,29.36,100.0,0.0,24.969,121.514
74DA38F20C06,2026-08-05,14:53:10,31.75,71.0,21.0,24.874,121.02
74DA38F21024,2026-08-05,14:53:11,29.25,100.0,0.0,24.93,121.036
74DA38ED059C,2026-08-05,14:53:13,29.11,100.0,10.0,23.706,121.412
74DA38F20B88,2026-08-05,14:53:14,28.5,100.0,0.0,22.75,120.316
74DA38F7C464,2026-08-05,14:53:15,27.0,30.0,0.0,25.006,121.413
74DA38F7C570,2026-08-05,14:53:15,-4.0,0.0,0.0,25.239,121.63
74DA38F7C47C,2026-08-05,14:53:16,30.86,100.0,66.0,25.055,121.455
74DA38F20E9E,2026-08-05,14:53:23,27.25,100.0,18.0,24.648,121.151
74DA38F7C59C,2026-08-05,14:53:29,30.61,84.0,29.0,25.103,121.487
74DA38F21048,2026-08-05,14:53:32,29.5,100.0,19.0,22.595,120.341
74DA38F7C532,2026-08-05,14:53:37,30.11,100.0,17.0,25.059,121.499
74DA38F20D2E,2026-08-05,14:53:45,30.25,100.0,0.0,25.06,121.545
74DA38ED0454,2026-08-05,14:53:55,31.0,100.0,24.0,24.053,121.599
74DA38F7C53C,2026-08-05,14:54:10,28.25,100.0,0.0,25.11,121.804
74DA38ED0640,2026-08-05,14:54:16,26.12,100.0,6.0,23.154,121.266
74DA38F7C3BA,2026-08-05,14:54:41,-4.0,0.0,98.0,25.174,121.441
74DA38F20B5C,2026-08-05,14:54:43,30.11,100.0,15.0,22.798,120.293
74DA38F7C4DE,2026-08-05,14:54:44,30.0,100.0,0.0,25.09,121.462
74DA38F20EB2,2026-08-05,14:54:51,26.25,100.0,24.0,24.324,120.835
74DA38F209DE,2026-08-05,14:54:53,30.5,100.0,0.0,24.861,120.964
74DA38F7C41E,2026-08-05,14:54:53,30.11,86.0,0.0,25.054,121.517
74DA38F20BF6,2026-08-05,14:54:58,29.75,100.0,14.0,22.582,120.368
74DA38F7C338,2026-08-05,14:55:00,30.61,100.0,12.0,25.011,121.458
74DA38F20934,2026-08-05,14:55:05,29.86,78.0,6.0,23.002,121.29
74DA38F20F0A,2026-08-05,14:55:09,27.62,100.0,7.0,22.995,120.635
74DA38F7C39A,2026-08-05,14:55:12,30.36,100.0,0.0,25.002,121.414
74DA38F7C616,2026-08-05,14:55:13,30.5,100.0,0.0,25.031,121.563
74DA38F7C600,2026-08-05,14:55:19,23.12,47.0,14.0,25.07,121.586
74DA38F21170,2026-08-05,14:55:23,29.0,77.0,5.0,22.779,121.088
74DA38F7C30C,2026-08-05,14:55:36,30.11,99.0,0.0,24.975,121.532
74DA38F20DE0,2026-08-05,14:55:44,29.75,100.0,0.0,22.589,120.328
74DA38F7C480,2026-08-05,14:55:49,30.11,100.0,0.0,25.061,121.432
74DA38F20D1A,2026-08-05,14:55:50,29.61,100.0,0.0,25.078,121.541
74DA38F20B80,2026-08-05,14:55:52,30.11,100.0,0.0,22.599,120.35
74DA38F21136,2026-08-05,14:55:53,30.11,100.0,14.0,25.119,121.505
74DA38F2104E,2026-08-05,14:55:55,27.62,100.0,14.0,23.108,120.7
74DA38F7C5E6,2026-08-05,14:55:55,31.36,100.0,6.0,25.107,121.843
74DA38F7C5CE,2026-08-05,14:56:03,29.61,92.0,0.0,25.066,121.656
74DA38ED04F2,2026-08-05,14:56:07,28.11,100.0,9.0,23.468,121.496
74DA38F7C3B2,2026-08-05,14:56:12,32.36,68.0,9.0,24.929,121.378
74DA38ED0630,2026-08-05,14:56:19,30.61,100.0,0.0,23.994,121.594
74DA38F20B26,2026-08-05,14:56:22,30.0,100.0,14.0,22.783,120.247
74DA38F7C610,2026-08-05,14:56:23,30.36,100.0,18.0,25.063,121.564
74DA38F208E2,2026-08-05,14:56:26,28.75,100.0,20.0,24.688,121.766
74DA38F21054,2026-08-05,14:56:31,29.75,76.0,10.0,22.898,120.627
74DA38F21204,2026-08-05,14:56:41,28.61,100.0,2.0,25.062,121.451
74DA38F2113E,2026-08-05,14:56:51,-4.0,0.0,0.0,22.728,120.313
74DA38F7C5A0,2026-08-05,14:56:53,30.75,100.0,0.0,25.107,121.518
74DA38F209A8,2026-08-05,14:56:59,-4.0,0.0,0.0,22.401,120.577
74DA38F7C514,2026-08-05,14:56:59,30.61,100.0,17.0,25.051,121.518
74DA38F20D16,2026-08-05,14:57:05,30.86,100.0,20.0,25.062,121.526
74DA38F7C27E,2026-08-05,14:57:05,30.75,100.0,16.0,25.053,121.444
74DA38F7C592,2026-08-05,14:57:06,-4.0,0.0,0.0,25.224,121.637
74DA38F20FA4,2026-08-05,14:57:19,29.36,100.0,20.0,22.63,120.42
74DA38F7C3D6,2026-08-05,14:57:22,30.75,100.0,0.0,25.045,121.541
74DA38F209B2,2026-08-05,14:57:27,28.0,100.0,0.0,22.363,120.599
74DA38F20D1E,2026-08-05,14:57:27,30.25,100.0,22.0,25.048,121.573
74DA38F7C3DE,2026-08-05,14:57:32,31.36,100.0,259.0,24.972,121.537
74DA38F7C3DC,2026-08-05,14:57:36,29.61,100.0,18.0,25.003,121.539
74DA38ED06E0,2026-08-05,14:57:37,29.36,99.0,13.0,23.601,121.521
74DA38F7C47E,2026-08-05,14:57:39,30.86,100.0,22.0,25.053963,121.427681
74DA38F7C366,2026-08-05,14:57:43,29.75,100.0,6.0,25.002,121.516
74DA38F20FFE,2026-08-05,14:57:47,29.11,100.0,12.0,22.894,120.298
74DA38F209EE,2026-08-05,14:57:57,28.86,100.0,0.0,23.026,121.33
74DA38F210A2,2026-08-05,14:57:57,30.11,100.0,5.0,25.12,121.466
74DA38F20C26,2026-08-05,14:58:05,32.11,82.0,12.0,22.676,120.342
74DA38F7C5BE,2026-08-05,14:58:05,30.11,97.0,19.0,25.092,121.523
74DA38F20D70,2026-08-05,14:58:12,30.0,96.0,0.0,23.05,121.164
74DA38F20A30,2026-08-05,14:58:16,30.0,88.0,0.0,24.948,121.372
74DA38F7C506,2026-08-05,14:58:19,29.5,100.0,0.0,24.996,121.544
74DA38F7C54E,2026-08-05,14:58:23,28.25,100.0,0.0,25.063,121.661
74DA38F20F1C,2026-08-05,14:58:28,29.5,100.0,16.0,25.062,121.451
74DA38F20B12,2026-08-05,14:58:29,29.25,74.0,4.0,22.91,120.716
74DA38F20862,2026-08-05,14:58:43,27.75,100.0,24.0,23.101,121.176
74DA38F7C430,2026-08-05,14:58:43,31.75,84.0,0.0,24.981,121.423
74DA38F20A78,2026-08-05,14:58:49,28.86,100.0,4.0,22.904,121.124
74DA38ED05B6,2026-08-05,14:58:57,28.61,100.0,9.0,23.43,121.348
74DA38ED05EA,2026-08-05,14:58:58,29.61,100.0,11.0,23.394,121.357
74DA38F7C310,2026-08-05,14:59:02,31.11,100.0,10.0,25.09,121.464
74DA38F207DE,2026-08-05,14:59:03,30.36,100.0,17.0,22.603,120.34
74DA38F7C5AA,2026-08-05,14:59:05,29.5,100.0,1.0,25.0,121.479
74DA38F2105C,2026-08-05,14:59:06,30.0,100.0,0.0,25.088,121.599
74DA38F7C4CC,2026-08-05,14:59:06,30.11,100.0,13.0,25.062,121.451
74DA38F7C47C,2026-08-05,14:59:11,30.86,100.0,81.0,25.055,121.455
74DA38F20C06,2026-08-05,14:59:19,31.75,71.0,21.0,24.874,121.02
74DA38ED059C,2026-08-05,14:59:22,29.0,100.0,10.0,23.706,121.412
74DA38F21088,2026-08-05,14:59:27,30.36,100.0,0.0,25.068,121.588
74DA38F7C560,2026-08-05,14:59:29,30.36,-62.0,0.0,25.079,121.671
74DA38F20E9E,2026-08-05,14:59:30,27.25,100.0,17.0,24.648,121.151
74DA38F7C13A,2026-08-05,14:59:31,22.25,0.0,0.0,25.069,121.359
74DA38F21024,2026-08-05,14:59:37,29.11,100.0,0.0,24.93,121.036
74DA38F7C42E,2026-08-05,14:59:37,29.11,100.0,0.0,24.969,121.514
74DA38F7C464,2026-08-05,14:59:43,27.0,30.0,0.0,25.006,121.413
74DA38F7C532,2026-08-05,14:59:44,30.11,100.0,17.0,25.059,121.499
74DA38F20B88,2026-08-05,14:59:46,28.61,100.0,0.0,22.75,120.316
74DA38F20B82,2026-08-05,14:59:56,-4.0,0.0,0.0,22.847,120.465
74DA38F7C59C,2026-08-05,14:59:58,30.5,84.0,30.0,25.103,121.487
74DA38F21048,2026-08-05,15:00:01,29.36,100.0,17.0,22.595,120.341
74DA38ED0454,2026-08-05,15:00:02,30.86,100.0,24.0,24.053,121.599
74DA38F7C260,2026-08-05,15:00:10,31.5,100.0,0.0,25.065,121.425
74DA38F20D2E,2026-08-05,15:00:14,30.25,100.0,0.0,25.06,121.545
74DA38ED0640,2026-08-05,15:00:23,26.12,100.0,6.0,23.154,121.266
74DA38F7C53C,2026-08-05,15:00:37,28.36,100.0,0.0,25.11,121.804
74DA38F20B5C,2026-08-05,15:00:51,30.11,100.0,16.0,22.798,120.293
74DA38F7C63C,2026-08-05,15:00:56,-4.0,0.0,9.0,24.998,121.425
74DA38F20EB2,2026-08-05,15:01:02,26.25,100.0,23.0,24.324,120.835
74DA38F20BF6,2026-08-05,15:01:03,29.75,100.0,14.0,22.582,120.368
74DA38F7C4DE,2026-08-05,15:01:05,29.75,100.0,0.0,25.09,121.462
74DA38F7C338,2026-08-05,15:01:06,30.61,100.0,13.0,25.011,121.458
74DA38F20F0A,2026-08-05,15:01:18,27.62,100.0,7.0,22.995,120.635
74DA38F209DE,2026-08-05,15:01:22,30.36,100.0,0.0,24.861,120.964
74DA38F7C600,2026-08-05,15:01:25,23.12,47.0,13.0,25.07,121.586
74DA38F21170,2026-08-05,15:01:30,29.0,76.0,5.0,22.779,121.088
74DA38F7C616,2026-08-05,15:01:31,30.36,100.0,0.0,25.031,121.563
74DA38F7C39A,2026-08-05,15:01:40,30.36,100.0,0.0,25.002,121.414
74DA38F7C30C,2026-08-05,15:01:43,30.11,100.0,0.0,24.975,121.532
74DA38F7C41E,2026-08-05,15:01:47,30.11,86.0,0.0,25.054,121.517
74DA38F7C5E6,2026-08-05,15:02:00,31.36,100.0,6.0,25.107,121.843
74DA38F2104E,2026-08-05,15:02:02,27.5,100.0,15.0,23.108,120.7
74DA38F21136,2026-08-05,15:02:08,30.36,100.0,13.0,25.119,121.505
74DA38F20DE0,2026-08-05,15:02:13,29.5,100.0,0.0,22.589,120.328
74DA38ED04F2,2026-08-05,15:02:14,28.0,100.0,9.0,23.468,121.496
74DA38F20D1A,2026-08-05,15:02:16,29.75,100.0,0.0,25.078,121.541
74DA38F7C3B2,2026-08-05,15:02:17,32.36,68.0,10.0,24.929,121.378
74DA38F7C480,2026-08-05,15:02:17,30.11,100.0,0.0,25.061,121.432
74DA38F20B80,2026-08-05,15:02:19,30.0,100.0,0.0,22.599,120.35
74DA38F7C610,2026-08-05,15:02:30,30.36,100.0,18.0,25.063,121.564
74DA38F208E2,2026-08-05,15:02:31,28.75,100.0,20.0,24.688,121.766
74DA38F7C5CE,2026-08-05,15:02:31,29.75,92.0,0.0,25.066,121.656
74DA38F21054,2026-08-05,15:02:36,29.75,76.0,10.0,22.898,120.627
74DA38ED0630,2026-08-05,15:02:46,30.75,100.0,0.0,23.994,121.594
74DA38F21204,2026-08-05,15:02:49,28.61,100.0,1.0,25.062,121.451
74DA38F7C570,2026-08-05,15:02:55,-4.0,0.0,0.0,25.239,121.63
74DA38F7C514,2026-08-05,15:03:10,30.5,100.0,17.0,25.051,121.518
74DA38F7C27E,2026-08-05,15:03:11,30.75,100.0,16.0,25.053,121.444
74DA38F20D16,2026-08-05,15:03:13,30.86,100.0,22.0,25.062,121.526
74DA38F7C5A0,2026-08-05,15:03:21,30.75,100.0,0.0,25.107,121.518
74DA38F7C3BA,2026-08-05,15:03:26,-4.0,0.0,99.0,25.174,121.441
74DA38F7C3DE,2026-08-05,15:03:29,31.36,100.0,266.0,24.972,121.537
74DA38F20FA4,2026-08-05,15:03:30,29.5,100.0,20.0,22.63,120.42
74DA38F20D1E,2026-08-05,15:03:39,30.11,100.0,23.0,25.048,121.573
74DA38F7C3DC,2026-08-05,15:03:43,29.5,100.0,19.0,25.003,121.539
74DA38ED06E0,2026-08-05,15:03:44,29.36,99.0,14.0,23.601,121.521
74DA38F7C47E,2026-08-05,15:03:46,30.75,100.0,21.0,25.053963,121.427681
74DA38F7C366,2026-08-05,15:03:49,29.61,100.0,6.0,25.002,121.516
74DA38F7C3D6,2026-08-05,15:03:50,30.86,100.0,0.0,25.045,121.541
74DA38F209B2,2026-08-05,15:03:54,27.87,100.0,0.0,22.363,120.599
74DA38F20FFE,2026-08-05,15:03:57,29.11,100.0,12.0,22.894,120.298
74DA38F7C566,2026-08-05,15:03:57,32.0,100.0,0.0,25.051,121.448
74DA38F210A2,2026-08-05,15:04:02,30.0,100.0,5.0,25.12,121.466
74DA38F209EE,2026-08-05,15:04:03,28.75,100.0,0.0,23.026,121.33
74DA38F2113E,2026-08-05,15:04:07,-4.0,0.0,0.0,22.728,120.313
74DA38F20C26,2026-08-05,15:04:11,32.0,82.0,12.0,22.676,120.342
74DA38F7C5BE,2026-08-05,15:04:12,30.11,98.0,20.0,25.092,121.523
74DA38F20D70,2026-08-05,15:04:17,30.0,97.0,0.0,23.05,121.164
74DA38F20B12,2026-08-05,15:04:35,29.25,74.0,4.0,22.91,120.716
74DA38F20F1C,2026-08-05,15:04:35,29.5,100.0,16.0,25.062,121.451
74DA38F7C506,2026-08-05,15:04:48,29.61,100.0,0.0,24.996,121.544
74DA38F7C54E,2026-08-05,15:04:50,28.11,100.0,0.0,25.063,121.661
74DA38F20A30,2026-08-05,15:04:53,30.0,88.0,0.0,24.948,121.372
74DA38F20A78,2026-08-05,15:04:55,28.75,100.0,3.0,22.904,121.124
74DA38F20862,2026-08-05,15:04:58,27.75,100.0,23.0,23.101,121.176
74DA38ED05EA,2026-08-05,15:05:03,29.61,100.0,10.0,23.394,121.357
74DA38ED05B6,2026-08-05,15:05:05,28.75,100.0,10.0,23.43,121.348
74DA38F7C47C,2026-08-05,15:05:06,31.0,100.0,85.0,25.055,121.455
74DA38F7C310,2026-08-05,15:05:07,31.11,100.0,10.0,25.09,121.464
74DA38F207DE,2026-08-05,15:05:09,30.36,100.0,17.0,22.603,120.34
74DA38F7C430,2026-08-05,15:05:11,31.61,83.0,0.0,24.981,121.423
74DA38F7C4CC,2026-08-05,15:05:13,30.0,100.0,13.0,25.062,121.451
74DA38F20C06,2026-08-05,15:05:26,31.75,71.0,21.0,24.874,121.02
74DA38F2105C,2026-08-05,15:05:33,30.0,100.0,0.0,25.088,121.599
74DA38F20E9E,2026-08-05,15:05:37,27.25,100.0,18.0,24.648,121.151
74DA38F7C5AA,2026-08-05,15:05:48,29.5,100.0,0.0,25.0,121.479
74DA38F7C532,2026-08-05,15:05:51,30.11,100.0,16.0,25.059,121.499
74DA38F7C560,2026-08-05,15:05:56,30.36,-62.0,0.0,25.079,121.671
74DA38F21088,2026-08-05,15:05:57,30.36,100.0,0.0,25.068,121.588
74DA38F7C13A,2026-08-05,15:05:58,22.25,0.0,0.0,25.069,121.359
74DA38ED059C,2026-08-05,15:06:04,28.75,100.0,10.0,23.706,121.412
74DA38F21024,2026-08-05,15:06:04,29.11,100.0,0.0,24.93,121.036
74DA38ED0454,2026-08-05,15:06:10,31.0,100.0,25.0,24.053,121.599
74DA38F7C42E,2026-08-05,15:06:13,28.75,100.0,0.0,24.969,121.514
74DA38F20B88,2026-08-05,15:06:14,28.5,100.0,0.0,22.75,120.316
74DA38F7C464,2026-08-05,15:06:16,26.87,30.0,0.0,25.006,121.413
74DA38F7C59C,2026-08-05,15:06:27,30.61,84.0,31.0,25.103,121.487
74DA38ED0640,2026-08-05,15:06:30,26.12,100.0,5.0,23.154,121.266
74DA38F21048,2026-08-05,15:06:30,29.5,100.0,19.0,22.595,120.341
74DA38F209A8,2026-08-05,15:06:39,-4.0,0.0,0.0,22.401,120.577
74DA38F20D2E,2026-08-05,15:06:41,30.25,100.0,0.0,25.06,121.545
74DA38F7C260,2026-08-05,15:06:41,31.5,100.0,0.0,25.065,121.425
74DA38F7C592,2026-08-05,15:06:43,-4.0,0.0,0.0,25.224,121.637
74DA38F20B5C,2026-08-05,15:06:57,30.11,100.0,15.0,22.798,120.293
74DA38F7C53C,2026-08-05,15:07:03,28.36,100.0,0.0,25.11,121.804
74DA38F20BF6,2026-08-05,15:07:08,29.75,100.0,14.0,22.582,120.368
74DA38F20EB2,2026-08-05,15:07:12,26.37,100.0,23.0,24.324,120.835
74DA38F7C4DE,2026-08-05,15:07:16,29.75,100.0,0.0,25.09,121.462
74DA38F20F0A,2026-08-05,15:07:23,27.75,100.0,7.0,22.995,120.635
74DA38F7C600,2026-08-05,15:07:33,23.12,47.0,13.0,25.07,121.586
74DA38F209DE,2026-08-05,15:07:50,30.5,100.0,0.0,24.861,120.964
74DA38F7C30C,2026-08-05,15:07:50,30.11,100.0,0.0,24.975,121.532
74DA38F7C616,2026-08-05,15:07:51,30.25,100.0,0.0,25.031,121.563
74DA38F21170,2026-08-05,15:07:56,29.11,76.0,5.0,22.779,121.088
74DA38F20934,2026-08-05,15:08:04,29.86,78.0,6.0,23.002,121.29
74DA38F7C5E6,2026-08-05,15:08:05,31.36,100.0,6.0,25.107,121.843
74DA38F7C39A,2026-08-05,15:08:08,30.36,100.0,0.0,25.002,121.414
74DA38ED04F2,2026-08-05,15:08:22,28.0,100.0,9.0,23.468,121.496
74DA38F7C3B2,2026-08-05,15:08:22,32.36,68.0,10.0,24.929,121.378
74DA38F7C41E,2026-08-05,15:08:24,30.11,86.0,0.0,25.054,121.517
74DA38F7C610,2026-08-05,15:08:36,30.5,100.0,17.0,25.063,121.564
74DA38F208E2,2026-08-05,15:08:37,28.61,100.0,18.0,24.688,121.766
74DA38F20DE0,2026-08-05,15:08:42,29.5,100.0,1.0,22.589,120.328
74DA38F21054,2026-08-05,15:08:42,29.75,76.0,10.0,22.898,120.627
74DA38F7C480,2026-08-05,15:08:43,30.25,100.0,0.0,25.061,121.432
74DA38F20B80,2026-08-05,15:08:44,30.11,100.0,0.0,22.599,120.35
74DA38F20D1A,2026-08-05,15:08:44,29.75,100.0,0.0,25.078,121.541
74DA38F20B26,2026-08-05,15:08:49,30.0,100.0,15.0,22.783,120.247
74DA38F21204,2026-08-05,15:08:57,28.61,100.0,2.0,25.062,121.451
74DA38F7C5CE,2026-08-05,15:08:57,29.75,92.0,0.0,25.066,121.656
74DA38F20E6E,2026-08-05,15:08:59,26.62,100.0,0.0,24.41,120.902
74DA38ED0630,2026-08-05,15:09:14,30.61,100.0,0.0,23.994,121.594
74DA38F7C27E,2026-08-05,15:09:17,30.75,100.0,16.0,25.053,121.444
74DA38F20D16,2026-08-05,15:09:18,30.86,100.0,18.0,25.062,121.526
74DA38F7C514,2026-08-05,15:09:18,30.5,100.0,16.0,25.051,121.518
74DA38F20B82,2026-08-05,15:09:28,-4.0,0.0,0.0,22.847,120.465
74DA38F7C3DE,2026-08-05,15:09:28,31.5,100.0,268.0,24.972,121.537
74DA38F20D1E,2026-08-05,15:09:47,30.25,100.0,22.0,25.048,121.573
74DA38F7C3DC,2026-08-05,15:09:49,29.36,100.0,18.0,25.003,121.539
74DA38F7C5A0,2026-08-05,15:09:49,30.75,100.0,0.0,25.107,121.518
74DA38F7C47E,2026-08-05,15:09:52,30.5,100.0,21.0,25.053963,121.427681
74DA38ED06E0,2026-08-05,15:09:54,29.36,99.0,14.0,23.601,121.521
74DA38F7C366,2026-08-05,15:09:56,29.61,100.0,6.0,25.002,121.516
74DA38F20FA4,2026-08-05,15:09:57,29.5,100.0,20.0,22.63,120.42
74DA38F210A2,2026-08-05,15:10:07,29.86,100.0,4.0,25.12,121.466
74DA38F209EE,2026-08-05,15:10:08,28.86,100.0,0.0,23.026,121.33
74DA38F20FFE,2026-08-05,15:10:10,29.25,100.0,13.0,22.894,120.298
74DA38F7C3D6,2026-08-05,15:10:16,31.11,100.0,0.0,25.045,121.541
74DA38F20C26,2026-08-05,15:10:18,32.0,82.0,13.0,22.676,120.342
74DA38F7C5BE,2026-08-05,15:10:18,30.0,98.0,20.0,25.092,121.523
74DA38F209B2,2026-08-05,15:10:21,27.75,100.0,0.0,22.363,120.599
74DA38F20D70,2026-08-05,15:10:24,30.11,96.0,0.0,23.05,121.164
74DA38F7C63C,2026-08-05,15:10:29,-4.0,0.0,9.0,24.998,121.425
74DA38F7C566,2026-08-05,15:10:34,32.0,100.0,0.0,25.051,121.448
74DA38F20B12,2026-08-05,15:10:40,29.25,75.0,4.0,22.91,120.716
74DA38F20F1C,2026-08-05,15:10:41,29.5,100.0,16.0,25.062,121.451
74DA38F20A78,2026-08-05,15:11:01,28.5,100.0,3.0,22.904,121.124
74DA38F7C47C,2026-08-05,15:11:01,30.86,100.0,85.0,25.055,121.455
74DA38ED05EA,2026-08-05,15:11:09,29.5,100.0,11.0,23.394,121.357
74DA38ED05B6,2026-08-05,15:11:10,28.36,100.0,9.0,23.43,121.348
74DA38F20862,2026-08-05,15:11:11,27.75,100.0,24.0,23.101,121.176
74DA38F7C310,2026-08-05,15:11:11,31.11,100.0,10.0,25.09,121.464
74DA38F207DE,2026-08-05,15:11:15,30.36,100.0,17.0,22.603,120.34
74DA38F7C54E,2026-08-05,15:11:16,28.0,100.0,0.0,25.063,121.661
74DA38F7C506,2026-08-05,15:11:18,29.75,100.0,0.0,24.996,121.544
74DA38F20A30,2026-08-05,15:11:21,30.0,88.0,0.0,24.948,121.372
74DA38F7C4CC,2026-08-05,15:11:21,30.0,100.0,14.0,25.062,121.451
74DA38F2113E,2026-08-05,15:11:23,-4.0,0.0,0.0,22.728,120.313
74DA38F20C06,2026-08-05,15:11:33,31.75,71.0,22.0,24.874,121.02
74DA38F7C430,2026-08-05,15:11:38,31.61,83.0,0.0,24.981,121.423
74DA38F20E9E,2026-08-05,15:11:45,27.25,100.0,18.0,24.648,121.151
74DA38F2105C,2026-08-05,15:11:59,30.0,100.0,0.0,25.088,121.599
74DA38F7C532,2026-08-05,15:12:03,30.0,100.0,16.0,25.059,121.499
74DA38F7C3BA,2026-08-05,15:12:11,-4.0,0.0,96.0,25.174,121.441
74DA38ED0454,2026-08-05,15:12:16,31.11,100.0,24.0,24.053,121.599
74DA38F21088,2026-08-05,15:12:24,30.25,100.0,0.0,25.068,121.588
74DA38F7C560,2026-08-05,15:12:24,30.25,-62.0,0.0,25.079,121.671
74DA38F7C13A,2026-08-05,15:12:26,22.25,0.0,0.0,25.069,121.359
74DA38F21024,2026-08-05,15:12:31,29.11,100.0,0.0,24.93,121.036
74DA38F7C570,2026-08-05,15:12:34,-4.0,0.0,0.0,25.239,121.63
74DA38ED059C,2026-08-05,15:12:35,28.86,100.0,10.0,23.706,121.412
74DA38ED0640,2026-08-05,15:12:36,26.0,100.0,6.0,23.154,121.266
74DA38F7C42E,2026-08-05,15:12:42,28.61,100.0,0.0,24.969,121.514
74DA38F7C464,2026-08-05,15:12:44,26.87,30.0,0.0,25.006,121.413
74DA38F7C59C,2026-08-05,15:12:56,30.61,84.0,32.0,25.103,121.487
74DA38F21048,2026-08-05,15:12:58,29.5,100.0,18.0,22.595,120.341
74DA38F20B5C,2026-08-05,15:13:03,30.11,100.0,15.0,22.798,120.293
74DA38F20B88,2026-08-05,15:13:06,28.61,100.0,0.0,22.75,120.316
74DA38F7C260,2026-08-05,15:13:08,31.5,100.0,0.0,25.065,121.425
74DA38F20D2E,2026-08-05,15:13:09,30.25,100.0,0.0,25.06,121.545
74DA38F20BF6,2026-08-05,15:13:13,29.75,100.0,14.0,22.582,120.368
74DA38F20EB2,2026-08-05,15:13:21,26.5,100.0,24.0,24.324,120.835
74DA38F7C4DE,2026-08-05,15:13:28,29.75,100.0,0.0,25.09,121.462
74DA38F20F0A,2026-08-05,15:13:30,27.62,100.0,7.0,22.995,120.635
74DA38F7C338,2026-08-05,15:13:31,30.5,100.0,12.0,25.011,121.458
74DA38F7C53C,2026-08-05,15:13:31,28.36,100.0,0.0,25.11,121.804
74DA38F7C600,2026-08-05,15:13:38,23.12,47.0,14.0,25.07,121.586
74DA38F7C30C,2026-08-05,15:13:58,30.11,100.0,0.0,24.975,121.532
74DA38F21170,2026-08-05,15:14:02,29.11,77.0,6.0,22.779,121.088
74DA38F7C616,2026-08-05,15:14:09,30.25,100.0,0.0,25.031,121.563
74DA38F7C5E6,2026-08-05,15:14:11,31.36,100.0,7.0,25.107,121.843
74DA38F209DE,2026-08-05,15:14:17,30.5,100.0,0.0,24.861,120.964
74DA38F20934,2026-08-05,15:14:19,29.86,78.0,6.0,23.002,121.29
74DA38F7C3B2,2026-08-05,15:14:29,32.36,68.0,10.0,24.929,121.378
74DA38ED04F2,2026-08-05,15:14:31,28.0,100.0,10.0,23.468,121.496
74DA38F7C610,2026-08-05,15:14:42,30.5,100.0,16.0,25.063,121.564
74DA38F7C39A,2026-08-05,15:14:43,30.25,100.0,0.0,25.002,121.414
74DA38F208E2,2026-08-05,15:14:44,28.75,100.0,20.0,24.688,121.766
74DA38F21054,2026-08-05,15:14:48,29.75,76.0,10.0,22.898,120.627
74DA38F7C41E,2026-08-05,15:15:01,30.0,86.0,0.0,25.054,121.517
74DA38F20B26,2026-08-05,15:15:09,30.0,100.0,18.0,22.783,120.247
74DA38F20DE0,2026-08-05,15:15:11,29.5,100.0,0.0,22.589,120.328
74DA38F7C480,2026-08-05,15:15:12,29.86,100.0,0.0,25.061,121.432
74DA38F20D1A,2026-08-05,15:15:13,29.75,100.0,0.0,25.078,121.541
74DA38F21204,2026-08-05,15:15:13,28.75,100.0,1.0,25.062,121.451
74DA38F20B80,2026-08-05,15:15:17,30.0,100.0,0.0,22.599,120.35
74DA38F7C27E,2026-08-05,15:15:22,30.75,100.0,15.0,25.053,121.444
74DA38F20D16,2026-08-05,15:15:25,30.86,100.0,21.0,25.062,121.526
74DA38F7C5CE,2026-08-05,15:15:25,29.61,92.0,0.0,25.066,121.656
74DA38F7C3DE,2026-08-05,15:15:26,31.5,100.0,266.0,24.972,121.537
74DA38ED0630,2026-08-05,15:15:41,30.61,100.0,0.0,23.994,121.594
74DA38F20D1E,2026-08-05,15:15:54,30.25,100.0,21.0,25.048,121.573
74DA38F7C3DC,2026-08-05,15:15:54,29.5,100.0,19.0,25.003,121.539
74DA38F7C47E,2026-08-05,15:15:58,30.36,100.0,20.0,25.053963,121.427681
74DA38F7C366,2026-08-05,15:16:01,29.75,100.0,6.0,25.002,121.516
74DA38F7C514,2026-08-05,15:16:01,30.5,100.0,16.0,25.051,121.518
74DA38ED06E0,2026-08-05,15:16:11,29.25,99.0,14.0,23.601,121.521
74DA38F20FA4,2026-08-05,15:16:12,29.5,100.0,19.0,22.63,120.42
74DA38F210A2,2026-08-05,15:16:12,29.86,100.0,5.0,25.12,121.466
74DA38F209EE,2026-08-05,15:16:13,28.86,100.0,0.0,23.026,121.33
74DA38F7C5A0,2026-08-05,15:16:16,30.61,100.0,0.0,25.107,121.518
74DA38F209A8,2026-08-05,15:16:18,-4.0,0.0,0.0,22.401,120.577
74DA38F20FFE,2026-08-05,15:16:23,29.36,100.0,12.0,22.894,120.298
74DA38F20C26,2026-08-05,15:16:24,32.0,82.0,12.0,22.676,120.342
74DA38F7C592,2026-08-05,15:16:24,-4.0,0.0,0.0,25.224,121.637
74DA38F7C5BE,2026-08-05,15:16:26,30.0,98.0,19.0,25.092,121.523
74DA38F20D70,2026-08-05,15:16:29,30.25,95.0,0.0,23.05,121.164
74DA38F7C3D6,2026-08-05,15:16:43,30.86,100.0,0.0,25.045,121.541
74DA38F20B12,2026-08-05,15:16:46,29.25,75.0,4.0,22.91,120.716
74DA38F20F1C,2026-08-05,15:16:46,29.5,100.0,15.0,25.062,121.451
74DA38F209B2,2026-08-05,15:16:48,27.62,100.0,0.0,22.363,120.599
74DA38F7C47C,2026-08-05,15:16:53,30.86,100.0,62.0,25.055,121.455
74DA38F20A78,2026-08-05,15:17:08,28.61,100.0,3.0,22.904,121.124
74DA38ED05EA,2026-08-05,15:17:13,29.5,100.0,11.0,23.394,121.357
74DA38ED05B6,2026-08-05,15:17:15,28.36,100.0,9.0,23.43,121.348
74DA38F7C310,2026-08-05,15:17:15,31.0,100.0,10.0,25.09,121.464
74DA38F207DE,2026-08-05,15:17:20,30.25,100.0,16.0,22.603,120.34
74DA38F20862,2026-08-05,15:17:24,27.75,100.0,27.0,23.101,121.176
74DA38F7C4CC,2026-08-05,15:17:28,30.0,100.0,14.0,25.062,121.451
74DA38F20C06,2026-08-05,15:17:42,31.75,71.0,22.0,24.874,121.02
74DA38F7C54E,2026-08-05,15:17:42,28.11,100.0,0.0,25.063,121.661
74DA38F20A30,2026-08-05,15:17:48,29.86,88.0,0.0,24.948,121.372
74DA38F7C506,2026-08-05,15:17:50,29.61,100.0,0.0,24.996,121.544
74DA38F20E9E,2026-08-05,15:17:53,27.25,100.0,18.0,24.648,121.151
74DA38F7C430,2026-08-05,15:18:06,31.61,83.0,0.0,24.981,121.423
74DA38F7C532,2026-08-05,15:18:12,29.86,100.0,16.0,25.059,121.499
74DA38ED0454,2026-08-05,15:18:23,31.11,100.0,24.0,24.053,121.599
74DA38F2105C,2026-08-05,15:18:26,30.0,100.0,0.0,25.088,121.599
74DA38F2113E,2026-08-05,15:18:37,-4.0,0.0,0.0,22.728,120.313
74DA38ED0640,2026-08-05,15:18:43,26.25,100.0,6.0,23.154,121.266
74DA38ED059C,2026-08-05,15:18:45,28.75,100.0,10.0,23.706,121.412
74DA38F21088,2026-08-05,15:18:52,30.25,100.0,0.0,25.068,121.588
74DA38F7C560,2026-08-05,15:18:52,30.5,-62.0,0.0,25.079,121.671
74DA38F7C13A,2026-08-05,15:18:53,22.12,0.0,1.0,25.069,121.359
74DA38F21024,2026-08-05,15:18:57,29.11,100.0,0.0,24.93,121.036
74DA38F20B82,2026-08-05,15:19:01,-4.0,0.0,0.0,22.847,120.465
74DA38F20B5C,2026-08-05,15:19:08,30.11,100.0,15.0,22.798,120.293
74DA38F7C464,2026-08-05,15:19:10,26.87,30.0,0.0,25.006,121.413
74DA38F7C42E,2026-08-05,15:19:14,28.5,100.0,0.0,24.969,121.514
74DA38F20BF6,2026-08-05,15:19:18,29.75,100.0,14.0,22.582,120.368
74DA38F7C5AA,2026-08-05,15:19:18,29.36,100.0,0.0,25.0,121.479
74DA38F7C59C,2026-08-05,15:19:25,30.61,84.0,31.0,25.103,121.487
74DA38F20EB2,2026-08-05,15:19:29,26.37,100.0,23.0,24.324,120.835
74DA38F21048,2026-08-05,15:19:30,29.5,100.0,21.0,22.595,120.341
74DA38F20B88,2026-08-05,15:19:36,28.75,100.0,0.0,22.75,120.316
74DA38F20F0A,2026-08-05,15:19:36,27.62,100.0,7.0,22.995,120.635
74DA38F7C260,2026-08-05,15:19:36,31.36,100.0,0.0,25.065,121.425
74DA38F7C338,2026-08-05,15:19:36,30.5,100.0,13.0,25.011,121.458
74DA38F7C4DE,2026-08-05,15:19:36,29.61,100.0,0.0,25.09,121.462
74DA38F20D2E,2026-08-05,15:19:37,30.25,100.0,0.0,25.06,121.545
74DA38F7C600,2026-08-05,15:19:43,23.12,48.0,14.0,25.07,121.586
74DA38F7C53C,2026-08-05,15:19:58,28.36,100.0,0.0,25.11,121.804
74DA38F7C63C,2026-08-05,15:20:02,-4.0,0.0,10.0,24.998,121.425
74DA38F7C30C,2026-08-05,15:20:06,30.11,100.0,0.0,24.975,121.532
74DA38F21170,2026-08-05,15:20:09,29.11,77.0,6.0,22.779,121.088
74DA38F7C616,2026-08-05,15:20:15,30.36,100.0,0.0,25.031,121.563
74DA38F7C5E6,2026-08-05,15:20:17,31.36,100.0,7.0,25.107,121.843
74DA38F20934,2026-08-05,15:20:27,29.86,78.0,6.0,23.002,121.29
74DA38F7C3B2,2026-08-05,15:20:35,32.36,68.0,9.0,24.929,121.378
74DA38ED04F2,2026-08-05,15:20:41,28.0,100.0,10.0,23.468,121.496
74DA38F209DE,2026-08-05,15:20:44,30.5,100.0,0.0,24.861,120.964
74DA38F7C610,2026-08-05,15:20:49,30.5,100.0,17.0,25.063,121.564
74DA38F208E2,2026-08-05,15:20:52,28.75,100.0,20.0,24.688,121.766
74DA38F21054,2026-08-05,15:20:54,29.75,76.0,10.0,22.898,120.627
74DA38F7C3BA,2026-08-05,15:20:56,-4.0,0.0,95.0,25.174,121.441
74DA38F21136,2026-08-05,15:21:11,30.36,100.0,11.0,25.119,121.505
74DA38F7C39A,2026-08-05,15:21:12,30.25,100.0,0.0,25.002,121.414
74DA38F21204,2026-08-05,15:21:20,28.75,100.0,2.0,25.062,121.451
74DA38F7C3DE,2026-08-05,15:21:23,31.61,100.0,276.0,24.972,121.537
74DA38F7C27E,2026-08-05,15:21:27,30.61,100.0,15.0,25.053,121.444
74DA38F20D16,2026-08-05,15:21:32,30.86,100.0,21.0,25.062,121.526
74DA38F20DE0,2026-08-05,15:21:39,29.5,100.0,0.0,22.589,120.328
74DA38F20D1A,2026-08-05,15:21:40,29.61,100.0,0.0,25.078,121.541
74DA38F7C480,2026-08-05,15:21:40,29.36,100.0,0.0,25.061,121.432
74DA38F7C41E,2026-08-05,15:21:41,30.0,86.0,0.0,25.054,121.517
74DA38F20B80,2026-08-05,15:21:44,30.0,100.0,0.0,22.599,120.35
74DA38F7C5CE,2026-08-05,15:21:53,29.61,92.0,0.0,25.066,121.656
74DA38F20B26,2026-08-05,15:21:58,30.0,100.0,17.0,22.783,120.247
74DA38F20D1E,2026-08-05,15:22:01,30.25,100.0,21.0,25.048,121.573
74DA38F7C3DC,2026-08-05,15:22:01,29.61,100.0,19.0,25.003,121.539
74DA38F7C47E,2026-08-05,15:22:06,30.0,100.0,20.0,25.053963,121.427681
74DA38F7C366,2026-08-05,15:22:09,29.86,100.0,7.0,25.002,121.516
74DA38ED0630,2026-08-05,15:22:10,30.5,100.0,0.0,23.994,121.594
74DA38F7C514,2026-08-05,15:22:10,30.5,100.0,15.0,25.051,121.518
74DA38F7C570,2026-08-05,15:22:13,-4.0,0.0,0.0,25.239,121.63
74DA38ED06E0,2026-08-05,15:22:17,29.36,99.0,13.0,23.601,121.521
74DA38F210A2,2026-08-05,15:22:17,29.75,100.0,5.0,25.12,121.466
74DA38F209EE,2026-08-05,15:22:18,28.75,100.0,0.0,23.026,121.33
74DA38F20FFE,2026-08-05,15:22:30,29.36,100.0,11.0,22.894,120.298
74DA38F20C26,2026-08-05,15:22:31,32.0,82.0,13.0,22.676,120.342
74DA38F7C5BE,2026-08-05,15:22:33,30.0,98.0,18.0,25.092,121.523
74DA38F20D70,2026-08-05,15:22:37,30.25,95.0,0.0,23.05,121.164
74DA38F7C47C,2026-08-05,15:22:38,30.61,100.0,55.0,25.055,121.455
74DA38F7C5A0,2026-08-05,15:22:43,30.5,100.0,0.0,25.107,121.518
74DA38F20B12,2026-08-05,15:22:51,29.25,75.0,4.0,22.91,120.716
74DA38F20F1C,2026-08-05,15:22:53,29.36,100.0,15.0,25.062,121.451
74DA38F7C3D6,2026-08-05,15:23:10,30.86,100.0,0.0,25.045,121.541
74DA38F20A78,2026-08-05,15:23:13,28.5,100.0,3.0,22.904,121.124
74DA38F209B2,2026-08-05,15:23:15,27.5,100.0,0.0,22.363,120.599
74DA38ED05EA,2026-08-05,15:23:18,29.5,100.0,11.0,23.394,121.357
74DA38F7C310,2026-08-05,15:23:20,31.0,100.0,10.0,25.09,121.464
74DA38ED05B6,2026-08-05,15:23:21,28.25,100.0,10.0,23.43,121.348
74DA38F207DE,2026-08-05,15:23:25,30.25,100.0,17.0,22.603,120.34
74DA38F20862,2026-08-05,15:23:31,27.75,100.0,15.0,23.101,121.176
74DA38F7C4CC,2026-08-05,15:23:34,30.0,100.0,13.0,25.062,121.451
74DA38F20C06,2026-08-05,15:23:49,31.75,71.0,22.0,24.874,121.02
74DA38F20E9E,2026-08-05,15:24:01,27.12,100.0,17.0,24.648,121.151
74DA38F7C54E,2026-08-05,15:24:08,28.0,100.0,0.0,25.063,121.661
74DA38F7C506,2026-08-05,15:24:19,29.5,100.0,0.0,24.996,121.544
74DA38F7C532,2026-08-05,15:24:21,29.86,100.0,16.0,25.059,121.499
74DA38F20A30,2026-08-05,15:24:27,30.0,88.0,5.0,24.948,121.372
74DA38F2104E,2026-08-05,15:24:28,27.12,100.0,15.0,23.108,120.7
74DA38ED0454,2026-08-05,15:24:29,31.11,100.0,25.0,24.053,121.599
74DA38F7C430,2026-08-05,15:24:35,31.61,83.0,0.0,24.981,121.423
74DA38ED0640,2026-08-05,15:24:49,26.25,100.0,6.0,23.154,121.266
74DA38F2105C,2026-08-05,15:24:53,30.0,100.0,0.0,25.088,121.599
74DA38ED059C,2026-08-05,15:25:14,28.75,100.0,11.0,23.706,121.412
74DA38F20B5C,2026-08-05,15:25:15,30.11,100.0,15.0,22.798,120.293
74DA38F7C560,2026-08-05,15:25:19,30.61,-62.0,0.0,25.079,121.671
74DA38F21088,2026-08-05,15:25:20,30.25,100.0,0.0,25.068,121.588
74DA38F7C13A,2026-08-05,15:25:20,22.25,-1.0,0.0,25.069,121.359
74DA38F20BF6,2026-08-05,15:25:22,29.86,100.0,14.0,22.582,120.368
74DA38F21024,2026-08-05,15:25:24,29.11,100.0,0.0,24.93,121.036
74DA38F20EB2,2026-08-05,15:25:37,26.25,100.0,24.0,24.324,120.835
74DA38F7C464,2026-08-05,15:25:39,26.87,30.0,0.0,25.006,121.413
74DA38F7C338,2026-08-05,15:25:41,30.5,100.0,13.0,25.011,121.458
74DA38F20F0A,2026-08-05,15:25:42,27.62,100.0,6.0,22.995,120.635
74DA38F7C4DE,2026-08-05,15:25:48,29.61,100.0,0.0,25.09,121.462
74DA38F7C600,2026-08-05,15:25:49,23.12,48.0,13.0,25.07,121.586
74DA38F2113E,2026-08-05,15:25:52,-4.0,0.0,0.0,22.728,120.313
74DA38F7C59C,2026-08-05,15:25:53,30.61,84.0,31.0,25.103,121.487
74DA38F209A8,2026-08-05,15:25:57,-4.0,0.0,0.0,22.401,120.577
74DA38F21048,2026-08-05,15:26:00,29.5,100.0,21.0,22.595,120.341
74DA38F7C592,2026-08-05,15:26:02,-4.0,0.0,0.0,25.224,121.637
74DA38F20D2E,2026-08-05,15:26:04,30.11,100.0,0.0,25.06,121.545
74DA38F20B88,2026-08-05,15:26:07,28.75,100.0,0.0,22.75,120.316
74DA38F7C260,2026-08-05,15:26:07,31.25,100.0,0.0,25.065,121.425
74DA38F7C30C,2026-08-05,15:26:14,30.11,100.0,0.0,24.975,121.532
74DA38F21170,2026-08-05,15:26:16,29.11,77.0,6.0,22.779,121.088
74DA38F7C5E6,2026-08-05,15:26:22,31.36,100.0,7.0,25.107,121.843
74DA38F7C53C,2026-08-05,15:26:24,28.5,100.0,0.0,25.11,121.804
74DA38F7C616,2026-08-05,15:26:24,30.36,100.0,0.0,25.031,121.563
74DA38F20934,2026-08-05,15:26:37,29.86,78.0,6.0,23.002,121.29
74DA38F7C3B2,2026-08-05,15:26:41,32.36,68.0,9.0,24.929,121.378
74DA38F7C5AA,2026-08-05,15:26:45,29.36,100.0,1.0,25.0,121.479
74DA38ED04F2,2026-08-05,15:26:48,27.87,100.0,9.0,23.468,121.496
74DA38F7C610,2026-08-05,15:26:56,30.5,100.0,17.0,25.063,121.564
74DA38F208E2,2026-08-05,15:26:58,28.61,100.0,18.0,24.688,121.766
74DA38F21054,2026-08-05,15:27:00,29.75,76.0,10.0,22.898,120.627
74DA38F209DE,2026-08-05,15:27:12,30.36,100.0,0.0,24.861,120.964
74DA38F21136,2026-08-05,15:27:20,30.36,100.0,11.0,25.119,121.505
74DA38F7C3DE,2026-08-05,15:27:22,31.5,100.0,285.0,24.972,121.537
74DA38F21204,2026-08-05,15:27:31,28.86,100.0,2.0,25.062,121.451
74DA38F7C27E,2026-08-05,15:27:32,30.61,100.0,15.0,25.053,121.444
74DA38F20D16,2026-08-05,15:27:38,30.86,100.0,18.0,25.062,121.526
74DA38F7C39A,2026-08-05,15:27:40,30.25,100.0,0.0,25.002,121.414
74DA38F20B26,2026-08-05,15:28:05,30.0,100.0,16.0,22.783,120.247
74DA38F20DE0,2026-08-05,15:28:07,29.5,100.0,0.0,22.589,120.328
74DA38F7C3DC,2026-08-05,15:28:07,29.75,100.0,18.0,25.003,121.539
74DA38F7C480,2026-08-05,15:28:07,29.11,100.0,0.0,25.061,121.432
74DA38F20D1A,2026-08-05,15:28:08,29.61,100.0,0.0,25.078,121.541
74DA38F20D1E,2026-08-05,15:28:10,30.25,100.0,22.0,25.048,121.573
74DA38F7C47E,2026-08-05,15:28:14,30.25,100.0,20.0,25.053963,121.427681
74DA38F20B80,2026-08-05,15:28:15,30.0,100.0,0.0,22.599,120.35
74DA38F7C366,2026-08-05,15:28:15,29.86,100.0,6.0,25.002,121.516
74DA38F210A2,2026-08-05,15:28:22,29.86,100.0,6.0,25.12,121.466
74DA38F7C514,2026-08-05,15:28:22,30.5,100.0,15.0,25.051,121.518
74DA38F7C5CE,2026-08-05,15:28:22,29.75,92.0,0.0,25.066,121.656
74DA38ED06E0,2026-08-05,15:28:23,29.5,99.0,14.0,23.601,121.521
74DA38F209EE,2026-08-05,15:28:23,28.75,100.0,0.0,23.026,121.33
74DA38F7C41E,2026-08-05,15:28:30,30.0,86.0,0.0,25.054,121.517
74DA38F20B82,2026-08-05,15:28:33,-4.0,0.0,0.0,22.847,120.465
74DA38F7C47C,2026-08-05,15:28:35,30.61,100.0,68.0,25.055,121.455
74DA38F20FFE,2026-08-05,15:28:37,29.36,100.0,12.0,22.894,120.298
74DA38ED0630,2026-08-05,15:28:39,30.61,100.0,0.0,23.994,121.594
74DA38F20C26,2026-08-05,15:28:39,32.0,82.0,13.0,22.676,120.342
74DA38F7C5BE,2026-08-05,15:28:39,29.86,98.0,19.0,25.092,121.523
74DA38F20D70,2026-08-05,15:28:43,30.25,95.0,0.0,23.05,121.164
74DA38F20B12,2026-08-05,15:28:57,29.25,75.0,4.0,22.91,120.716
74DA38F20F1C,2026-08-05,15:28:59,29.5,100.0,16.0,25.062,121.451
74DA38F20FA4,2026-08-05,15:28:59,29.5,100.0,21.0,22.63,120.42
74DA38F7C5A0,2026-08-05,15:29:11,30.61,100.0,0.0,25.107,121.518
74DA38F20A78,2026-08-05,15:29:20,28.61,100.0,3.0,22.904,121.124
74DA38ED05EA,2026-08-05,15:29:23,29.5,100.0,11.0,23.394,121.357
74DA38F7C310,2026-08-05,15:29:24,31.0,100.0,10.0,25.09,121.464
74DA38ED05B6,2026-08-05,15:29:27,28.0,100.0,10.0,23.43,121.348
74DA38F207DE,2026-08-05,15:29:30,30.25,100.0,16.0,22.603,120.34
74DA38F7C63C,2026-08-05,15:29:34,-4.0,0.0,10.0,24.998,121.425
74DA38F7C3D6,2026-08-05,15:29:35,30.75,100.0,0.0,25.045,121.541
74DA38F20862,2026-08-05,15:29:38,27.75,100.0,12.0,23.101,121.176
74DA38F7C3BA,2026-08-05,15:29:40,-4.0,0.0,93.0,25.174,121.441
74DA38F7C4CC,2026-08-05,15:29:40,29.86,100.0,13.0,25.062,121.451
74DA38F209B2,2026-08-05,15:29:42,27.5,100.0,0.0,22.363,120.599
74DA38F20C06,2026-08-05,15:29:55,31.61,71.0,22.0,24.874,121.02
74DA38F20E9E,2026-08-05,15:30:09,27.12,100.0,17.0,24.648,121.151
74DA38F7C532,2026-08-05,15:30:26,29.75,100.0,16.0,25.059,121.499
74DA38F7C54E,2026-08-05,15:30:34,28.0,100.0,0.0,25.063,121.661
74DA38F2104E,2026-08-05,15:30:35,27.0,100.0,16.0,23.108,120.7
74DA38ED0454,2026-08-05,15:30:37,31.0,100.0,25.0,24.053,121.599
74DA38F7C506,2026-08-05,15:30:47,29.36,100.0,0.0,24.996,121.544
74DA38ED0640,2026-08-05,15:30:56,26.12,100.0,6.0,23.154,121.266
74DA38F20A30,2026-08-05,15:30:57,29.86,88.0,0.0,24.948,121.372
74DA38F7C430,2026-08-05,15:31:02,31.5,83.0,0.0,24.981,121.423
74DA38F2105C,2026-08-05,15:31:19,30.0,100.0,0.0,25.088,121.599
74DA38F20B5C,2026-08-05,15:31:21,30.11,100.0,16.0,22.798,120.293
74DA38ED059C,2026-08-05,15:31:25,28.61,100.0,11.0,23.706,121.412
74DA38F20BF6,2026-08-05,15:31:26,29.86,100.0,15.0,22.582,120.368
74DA38F20EB2,2026-08-05,15:31:46,26.0,100.0,24.0,24.324,120.835
74DA38F7C338,2026-08-05,15:31:46,30.5,100.0,14.0,25.011,121.458
74DA38F7C560,2026-08-05,15:31:46,30.75,-62.0,0.0,25.079,121.671
74DA38F20F0A,2026-08-05,15:31:47,27.5,100.0,7.0,22.995,120.635
74DA38F7C13A,2026-08-05,15:31:47,22.25,-3.0,0.0,25.069,121.359
74DA38F21088,2026-08-05,15:31:48,30.0,100.0,1.0,25.068,121.588
74DA38F21024,2026-08-05,15:31:51,29.11,100.0,0.0,24.93,121.036
74DA38F7C570,2026-08-05,15:31:53,-4.0,0.0,0.0,25.239,121.63
74DA38F7C600,2026-08-05,15:31:54,23.25,48.0,13.0,25.07,121.586
74DA38F7C4DE,2026-08-05,15:31:56,29.86,100.0,0.0,25.09,121.462
74DA38F7C464,2026-08-05,15:32:06,26.75,30.0,0.0,25.006,121.413
74DA38F7C30C,2026-08-05,15:32:21,30.11,100.0,0.0,24.975,121.532
74DA38F21170,2026-08-05,15:32:22,28.86,77.0,5.0,22.779,121.088
74DA38F7C59C,2026-08-05,15:32:22,30.5,84.0,29.0,25.103,121.487
74DA38F7C5E6,2026-08-05,15:32:28,31.36,100.0,6.0,25.107,121.843
74DA38F21048,2026-08-05,15:32:30,29.36,100.0,21.0,22.595,120.341
74DA38F7C616,2026-08-05,15:32:30,30.36,100.0,0.0,25.031,121.563
74DA38F20D2E,2026-08-05,15:32:32,30.0,100.0,0.0,25.06,121.545
74DA38F7C260,2026-08-05,15:32:39,31.25,100.0,0.0,25.065,121.425
74DA38F20B88,2026-08-05,15:32:44,28.75,100.0,0.0,22.75,120.316
74DA38F20934,2026-08-05,15:32:47,29.86,78.0,6.0,23.002,121.29
74DA38F7C3B2,2026-08-05,15:32:47,32.36,68.0,10.0,24.929,121.378
74DA38F7C53C,2026-08-05,15:32:51,28.36,100.0,0.0,25.11,121.804
74DA38ED04F2,2026-08-05,15:32:56,27.87,100.0,10.0,23.468,121.496
74DA38F7C42E,2026-08-05,15:32:58,28.11,100.0,0.0,24.969,121.514
74DA38F7C610,2026-08-05,15:33:03,30.5,100.0,18.0,25.063,121.564
74DA38F208E2,2026-08-05,15:33:04,28.61,100.0,18.0,24.688,121.766
74DA38F21054,2026-08-05,15:33:05,29.75,76.0,10.0,22.898,120.627
74DA38F2113E,2026-08-05,15:33:08,-4.0,0.0,0.0,22.728,120.313
74DA38F7C3DE,2026-08-05,15:33:22,31.5,100.0,263.0,24.972,121.537
74DA38F7C27E,2026-08-05,15:33:37,30.61,100.0,14.0,25.053,121.444
74DA38F209DE,2026-08-05,15:33:39,30.5,100.0,0.0,24.861,120.964
74DA38F21204,2026-08-05,15:33:40,28.86,100.0,2.0,25.062,121.451
74DA38F7C566,2026-08-05,15:33:54,32.11,100.0,0.0,25.051,121.448
74DA38F20D16,2026-08-05,15:33:56,30.75,100.0,25.0,25.062,121.526
74DA38F7C39A,2026-08-05,15:34:07,30.11,100.0,0.0,25.002,121.414
74DA38F7C3DC,2026-08-05,15:34:13,29.75,100.0,19.0,25.003,121.539
74DA38F20D1E,2026-08-05,15:34:20,30.11,100.0,21.0,25.048,121.573
74DA38F7C47E,2026-08-05,15:34:20,30.25,100.0,21.0,25.053963,121.427681
74DA38F7C366,2026-08-05,15:34:21,29.75,100.0,7.0,25.002,121.516
74DA38F7C47C,2026-08-05,15:34:22,30.5,100.0,63.0,25.055,121.455
74DA38F209EE,2026-08-05,15:34:28,28.75,100.0,0.0,23.026,121.33
74DA38F210A2,2026-08-05,15:34:28,29.86,100.0,6.0,25.12,121.466
74DA38ED06E0,2026-08-05,15:34:30,29.36,98.0,14.0,23.601,121.521
74DA38F20DE0,2026-08-05,15:34:34,29.25,100.0,0.0,22.589,120.328
74DA38F7C514,2026-08-05,15:34:34,30.5,100.0,15.0,25.051,121.518
74DA38F7C480,2026-08-05,15:34:36,29.25,100.0,0.0,25.061,121.432
74DA38F20D1A,2026-08-05,15:34:37,29.5,100.0,0.0,25.078,121.541
74DA38F20B80,2026-08-05,15:34:42,30.0,100.0,0.0,22.599,120.35
74DA38F20FFE,2026-08-05,15:34:44,29.36,100.0,12.0,22.894,120.298
74DA38F20C26,2026-08-05,15:34:46,32.0,82.0,13.0,22.676,120.342
74DA38F7C5BE,2026-08-05,15:34:46,29.86,98.0,18.0,25.092,121.523
74DA38F20D70,2026-08-05,15:34:49,30.25,94.0,0.0,23.05,121.164
74DA38F7C5CE,2026-08-05,15:34:49,29.75,92.0,0.0,25.066,121.656
74DA38F20B12,2026-08-05,15:35:03,29.25,75.0,5.0,22.91,120.716
74DA38F20F1C,2026-08-05,15:35:05,29.36,100.0,16.0,25.062,121.451
74DA38ED0630,2026-08-05,15:35:06,30.5,100.0,0.0,23.994,121.594
74DA38F7C41E,2026-08-05,15:35:08,30.0,86.0,0.0,25.054,121.517
74DA38F20A78,2026-08-05,15:35:26,28.5,100.0,4.0,22.904,121.124
74DA38ED05EA,2026-08-05,15:35:29,29.36,100.0,11.0,23.394,121.357
74DA38F7C310,2026-08-05,15:35:29,31.0,100.0,10.0,25.09,121.464
74DA38ED05B6,2026-08-05,15:35:32,28.0,100.0,10.0,23.43,121.348
74DA38F207DE,2026-08-05,15:35:35,30.25,100.0,16.0,22.603,120.34
74DA38F209A8,2026-08-05,15:35:35,-4.0,0.0,0.0,22.401,120.577
74DA38F7C5A0,2026-08-05,15:35:38,30.5,100.0,0.0,25.107,121.518
74DA38F7C592,2026-08-05,15:35:41,-4.0,0.0,0.0,25.224,121.637
74DA38F20862,2026-08-05,15:35:45,27.75,100.0,17.0,23.101,121.176
74DA38F7C4CC,2026-08-05,15:35:48,30.0,100.0,14.0,25.062,121.451
74DA38F20C06,2026-08-05,15:36:03,31.75,71.0,21.0,24.874,121.02
74DA38F7C3D6,2026-08-05,15:36:03,30.75,100.0,0.0,25.045,121.541
74DA38F209B2,2026-08-05,15:36:08,27.5,100.0,0.0,22.363,120.599
74DA38F20E9E,2026-08-05,15:36:17,27.12,100.0,18.0,24.648,121.151
74DA38F7C532,2026-08-05,15:36:33,29.86,100.0,16.0,25.059,121.499
74DA38F2104E,2026-08-05,15:36:41,27.0,100.0,14.0,23.108,120.7
74DA38ED0454,2026-08-05,15:36:45,31.0,100.0,25.0,24.053,121.599
74DA38F7C54E,2026-08-05,15:37:00,28.0,100.0,0.0,25.063,121.661
74DA38ED0640,2026-08-05,15:37:02,26.12,100.0,6.0,23.154,121.266
74DA38F7C506,2026-08-05,15:37:17,29.11,100.0,0.0,24.996,121.544
74DA38F20B5C,2026-08-05,15:37:27,30.11,100.0,16.0,22.798,120.293
74DA38F7C430,2026-08-05,15:37:30,31.61,83.0,0.0,24.981,121.423
74DA38F20A30,2026-08-05,15:37:32,29.86,88.0,10.0,24.948,121.372
74DA38F20BF6,2026-08-05,15:37:32,29.86,100.0,15.0,22.582,120.368
74DA38ED059C,2026-08-05,15:37:38,28.5,100.0,11.0,23.706,121.412
74DA38F2105C,2026-08-05,15:37:46,30.0,100.0,0.0,25.088,121.599
74DA38F20F0A,2026-08-05,15:37:53,27.5,100.0,7.0,22.995,120.635
74DA38F20EB2,2026-08-05,15:37:56,26.12,100.0,25.0,24.324,120.835
74DA38F7C600,2026-08-05,15:38:00,23.25,47.0,13.0,25.07,121.586
74DA38F20B82,2026-08-05,15:38:05,-4.0,0.0,0.0,22.847,120.465
74DA38F7C4DE,2026-08-05,15:38:07,29.61,100.0,0.0,25.09,121.462
74DA38F7C13A,2026-08-05,15:38:13,22.25,-1.0,0.0,25.069,121.359
74DA38F7C560,2026-08-05,15:38:15,30.75,-62.0,0.0,25.079,121.671
74DA38F21024,2026-08-05,15:38:18,29.11,100.0,0.0,24.93,121.036
74DA38F21088,2026-08-05,15:38:18,29.86,100.0,0.0,25.068,121.588
74DA38F7C3BA,2026-08-05,15:38:25,-4.0,0.0,92.0,25.174,121.441
74DA38F7C30C,2026-08-05,15:38:29,30.11,100.0,0.0,24.975,121.532
74DA38F21170,2026-08-05,15:38:32,29.0,77.0,5.0,22.779,121.088
74DA38F7C5E6,2026-08-05,15:38:34,31.25,100.0,7.0,25.107,121.843
74DA38F7C464,2026-08-05,15:38:35,26.75,30.0,0.0,25.006,121.413
74DA38F7C616,2026-08-05,15:38:39,30.25,100.0,0.0,25.031,121.563
74DA38F7C59C,2026-08-05,15:38:50,30.5,84.0,28.0,25.103,121.487
74DA38F7C3B2,2026-08-05,15:38:53,32.36,68.0,10.0,24.929,121.378
74DA38F20D2E,2026-08-05,15:39:00,30.0,100.0,0.0,25.06,121.545
74DA38F21048,2026-08-05,15:39:00,29.36,100.0,20.0,22.595,120.341
74DA38ED04F2,2026-08-05,15:39:02,27.87,100.0,9.0,23.468,121.496
74DA38F7C63C,2026-08-05,15:39:05,-4.0,0.0,10.0,24.998,121.425
74DA38F7C260,2026-08-05,15:39:09,31.25,100.0,0.0,25.065,121.425
74DA38F208E2,2026-08-05,15:39:11,28.61,100.0,20.0,24.688,121.766
74DA38F21054,2026-08-05,15:39:11,29.61,76.0,10.0,22.898,120.627
74DA38F7C610,2026-08-05,15:39:11,30.5,100.0,17.0,25.063,121.564
74DA38F20934,2026-08-05,15:39:12,29.86,78.0,6.0,23.002,121.29
74DA38F20B88,2026-08-05,15:39:15,28.75,100.0,0.0,22.75,120.316
74DA38F7C53C,2026-08-05,15:39:18,28.36,100.0,0.0,25.11,121.804
74DA38F7C3DE,2026-08-05,15:39:19,31.36,100.0,261.0,24.972,121.537
74DA38F7C42E,2026-08-05,15:39:29,28.0,100.0,0.0,24.969,121.514
74DA38F7C27E,2026-08-05,15:39:44,30.61,100.0,15.0,25.053,121.444
74DA38F21204,2026-08-05,15:39:47,28.86,100.0,2.0,25.062,121.451
74DA38F20D16,2026-08-05,15:40:01,30.61,100.0,17.0,25.062,121.526
74DA38F209DE,2026-08-05,15:40:07,30.75,100.0,0.0,24.861,120.964
74DA38F7C47C,2026-08-05,15:40:08,30.36,100.0,50.0,25.055,121.455
74DA38F21136,2026-08-05,15:40:17,30.36,100.0,11.0,25.119,121.505
74DA38F7C3DC,2026-08-05,15:40:19,29.61,100.0,19.0,25.003,121.539
74DA38F2113E,2026-08-05,15:40:24,-4.0,0.0,0.0,22.728,120.313
74DA38F7C47E,2026-08-05,15:40:27,30.25,100.0,20.0,25.053963,121.427681
74DA38F7C366,2026-08-05,15:40:28,29.61,100.0,7.0,25.002,121.516
74DA38F20D1E,2026-08-05,15:40:31,30.11,100.0,22.0,25.048,121.573
74DA38F209EE,2026-08-05,15:40:33,28.86,100.0,0.0,23.026,121.33
74DA38F210A2,2026-08-05,15:40:34,29.86,100.0,5.0,25.12,121.466
74DA38F7C39A,2026-08-05,15:40:35,30.11,100.0,0.0,25.002,121.414
74DA38F7C566,2026-08-05,15:40:35,32.0,100.0,0.0,25.051,121.448
74DA38F7C5AA,2026-08-05,15:40:38,29.25,100.0,0.0,25.0,121.479
74DA38ED06E0,2026-08-05,15:40:39,29.25,99.0,14.0,23.601,121.521
74DA38F7C514,2026-08-05,15:40:48,30.5,100.0,14.0,25.051,121.518
74DA38F7C5BE,2026-08-05,15:40:51,29.75,98.0,18.0,25.092,121.523
74DA38F20C26,2026-08-05,15:40:52,32.0,82.0,13.0,22.676,120.342
74DA38F20FFE,2026-08-05,15:40:52,29.5,100.0,12.0,22.894,120.298
74DA38F20D70,2026-08-05,15:40:56,30.25,93.0,0.0,23.05,121.164
74DA38F20DE0,2026-08-05,15:41:03,29.36,100.0,0.0,22.589,120.328
74DA38F7C480,2026-08-05,15:41:04,29.36,100.0,0.0,25.061,121.432
74DA38F20D1A,2026-08-05,15:41:05,29.5,100.0,0.0,25.078,121.541
74DA38F20B12,2026-08-05,15:41:08,29.25,75.0,4.0,22.91,120.716
74DA38F20B80,2026-08-05,15:41:10,30.0,100.0,0.0,22.599,120.35
74DA38F20F1C,2026-08-05,15:41:10,29.36,100.0,15.0,25.062,121.451
74DA38F7C5CE,2026-08-05,15:41:16,29.75,92.0,0.0,25.066,121.656
74DA38F20B26,2026-08-05,15:41:17,29.86,100.0,16.0,22.783,120.247
74DA38F20A78,2026-08-05,15:41:32,28.36,100.0,4.0,22.904,121.124
74DA38F7C310,2026-08-05,15:41:33,31.0,100.0,10.0,25.09,121.464
74DA38ED05EA,2026-08-05,15:41:34,29.25,100.0,11.0,23.394,121.357
74DA38F7C570,2026-08-05,15:41:34,-4.0,0.0,0.0,25.239,121.63
74DA38ED05B6,2026-08-05,15:41:38,28.0,100.0,13.0,23.43,121.348
74DA38ED0630,2026-08-05,15:41:39,30.61,100.0,0.0,23.994,121.594
74DA38F207DE,2026-08-05,15:41:40,30.25,100.0,17.0,22.603,120.34
74DA38F7C41E,2026-08-05,15:41:45,30.0,86.0,0.0,25.054,121.517
74DA38F20862,2026-08-05,15:41:51,27.87,100.0,11.0,23.101,121.176
74DA38F7C4CC,2026-08-05,15:41:55,29.86,100.0,13.0,25.062,121.451
74DA38F20FA4,2026-08-05,15:41:56,29.5,100.0,21.0,22.63,120.42
74DA38F7C5A0,2026-08-05,15:42:05,30.5,100.0,0.0,25.107,121.518
74DA38F20C06,2026-08-05,15:42:12,31.75,71.0,22.0,24.874,121.02
74DA38F20E9E,2026-08-05,15:42:23,27.12,100.0,19.0,24.648,121.151
74DA38F7C3D6,2026-08-05,15:42:29,30.75,100.0,0.0,25.045,121.541
74DA38F209B2,2026-08-05,15:42:35,27.5,100.0,0.0,22.363,120.599
74DA38F7C532,2026-08-05,15:42:39,29.86,100.0,17.0,25.059,121.499
74DA38ED0454,2026-08-05,15:42:53,30.86,100.0,25.0,24.053,121.599
74DA38ED0640,2026-08-05,15:43:10,26.37,100.0,6.0,23.154,121.266
74DA38F7C54E,2026-08-05,15:43:28,28.0,100.0,0.0,25.063,121.661
74DA38F20B5C,2026-08-05,15:43:33,30.11,100.0,16.0,22.798,120.293
74DA38F20BF6,2026-08-05,15:43:37,29.75,100.0,15.0,22.582,120.368
74DA38F7C506,2026-08-05,15:43:47,29.0,100.0,0.0,24.996,121.544
74DA38F7C430,2026-08-05,15:43:58,31.5,83.0,0.0,24.981,121.423
74DA38F20F0A,2026-08-05,15:43:59,27.37,100.0,7.0,22.995,120.635
74DA38F20A30,2026-08-05,15:44:06,29.75,88.0,11.0,24.948,121.372
74DA38F20EB2,2026-08-05,15:44:06,26.5,100.0,26.0,24.324,120.835
74DA38F7C600,2026-08-05,15:44:06,23.25,47.0,14.0,25.07,121.586
74DA38F2105C,2026-08-05,15:44:14,30.0,100.0,0.0,25.088,121.599
74DA38F7C338,2026-08-05,15:44:21,30.5,100.0,13.0,25.011,121.458
74DA38F7C30C,2026-08-05,15:44:37,30.11,100.0,0.0,24.975,121.532
74DA38F21170,2026-08-05,15:44:38,28.86,77.0,4.0,22.779,121.088
74DA38F7C5E6,2026-08-05,15:44:41,31.36,100.0,8.0,25.107,121.843
74DA38F7C13A,2026-08-05,15:44:42,22.12,-6.0,0.0,25.069,121.359
74DA38F7C560,2026-08-05,15:44:42,30.75,-62.0,0.0,25.079,121.671
74DA38F21024,2026-08-05,15:44:45,29.11,100.0,0.0,24.93,121.036
74DA38F7C616,2026-08-05,15:44:46,30.36,100.0,0.0,25.031,121.563
74DA38F21088,2026-08-05,15:44:47,30.0,100.0,0.0,25.068,121.588
74DA38F7C3B2,2026-08-05,15:44:59,32.36,68.0,10.0,24.929,121.378
74DA38F7C464,2026-08-05,15:45:04,26.75,30.0,0.0,25.006,121.413
74DA38ED04F2,2026-08-05,15:45:10,27.87,100.0,9.0,23.468,121.496
74DA38F209A8,2026-08-05,15:45:15,-4.0,0.0,0.0,22.401,120.577
74DA38F208E2,2026-08-05,15:45:16,28.36,100.0,20.0,24.688,121.766
74DA38F7C3DE,2026-08-05,15:45:17,31.25,100.0,261.0,24.972,121.537
74DA38F7C59C,2026-08-05,15:45:19,30.5,84.0,27.0,25.103,121.487
74DA38F7C610,2026-08-05,15:45:19,30.5,100.0,18.0,25.063,121.564
74DA38F21054,2026-08-05,15:45:21,29.75,76.0,10.0,22.898,120.627
74DA38F7C592,2026-08-05,15:45:22,-4.0,0.0,0.0,25.224,121.637
74DA38F20934,2026-08-05,15:45:23,29.86,78.0,6.0,23.002,121.29
74DA38F21048,2026-08-05,15:45:29,29.36,100.0,21.0,22.595,120.341
74DA38F20D2E,2026-08-05,15:45:30,30.0,100.0,0.0,25.06,121.545
74DA38F20B88,2026-08-05,15:45:44,28.75,100.0,0.0,22.75,120.316
74DA38F7C53C,2026-08-05,15:45:44,28.36,100.0,0.0,25.11,121.804
74DA38F7C27E,2026-08-05,15:45:50,30.61,100.0,15.0,25.053,121.444
74DA38F7C47C,2026-08-05,15:46:03,30.36,100.0,65.0,25.055,121.455
74DA38F21204,2026-08-05,15:46:05,28.86,100.0,1.0,25.062,121.451
74DA38F20D16,2026-08-05,15:46:06,30.61,100.0,17.0,25.062,121.526
74DA38F7C3DC,2026-08-05,15:46:24,29.61,100.0,20.0,25.003,121.539
74DA38F7C366,2026-08-05,15:46:33,29.75,100.0,7.0,25.002,121.516
74DA38F209DE,2026-08-05,15:46:34,31.0,100.0,0.0,24.861,120.964
74DA38F7C47E,2026-08-05,15:46:34,30.5,100.0,20.0,25.053963,121.427681
74DA38F21136,2026-08-05,15:46:35,30.36,100.0,10.0,25.119,121.505
74DA38F209EE,2026-08-05,15:46:39,28.86,100.0,0.0,23.026,121.33
74DA38F210A2,2026-08-05,15:46:39,29.86,100.0,4.0,25.12,121.466
74DA38F20D1E,2026-08-05,15:46:40,30.0,100.0,21.0,25.048,121.573
74DA38ED06E0,2026-08-05,15:46:45,29.25,99.0,14.0,23.601,121.521
74DA38F7C514,2026-08-05,15:46:55,30.5,100.0,15.0,25.051,121.518
74DA38F20C26,2026-08-05,15:46:58,32.0,82.0,12.0,22.676,120.342
74DA38F7C5BE,2026-08-05,15:46:58,29.86,98.0,17.0,25.092,121.523
74DA38F20FFE,2026-08-05,15:46:59,29.5,100.0,12.0,22.894,120.298
74DA38F7C39A,2026-08-05,15:47:03,30.11,100.0,0.0,25.002,121.414
74DA38F20D70,2026-08-05,15:47:05,30.25,93.0,0.0,23.05,121.164
74DA38F7C3BA,2026-08-05,15:47:09,-4.0,0.0,94.0,25.174,121.441
74DA38F20B12,2026-08-05,15:47:14,29.25,75.0,4.0,22.91,120.716
74DA38F20F1C,2026-08-05,15:47:17,29.36,100.0,16.0,25.062,121.451
74DA38F20DE0,2026-08-05,15:47:30,29.36,100.0,0.0,22.589,120.328
74DA38F7C480,2026-08-05,15:47:30,29.36,100.0,0.0,25.061,121.432
74DA38F20D1A,2026-08-05,15:47:34,29.36,100.0,0.0,25.078,121.541
74DA38F20B80,2026-08-05,15:47:35,30.0,100.0,0.0,22.599,120.35
74DA38F20B82,2026-08-05,15:47:37,-4.0,0.0,0.0,22.847,120.465
74DA38F20A78,2026-08-05,15:47:38,28.5,100.0,4.0,22.904,121.124
74DA38F7C310,2026-08-05,15:47:38,30.86,100.0,10.0,25.09,121.464
74DA38ED05EA,2026-08-05,15:47:39,29.25,100.0,11.0,23.394,121.357
74DA38F2113E,2026-08-05,15:47:39,-4.0,0.0,0.0,22.728,120.313
74DA38ED05B6,2026-08-05,15:47:43,27.75,100.0,13.0,23.43,121.348
74DA38F7C5CE,2026-08-05,15:47:43,29.75,92.0,0.0,25.066,121.656
74DA38F207DE,2026-08-05,15:47:46,30.25,100.0,17.0,22.603,120.34
74DA38F20B26,2026-08-05,15:47:58,29.86,100.0,20.0,22.783,120.247
74DA38F20862,2026-08-05,15:48:00,27.75,100.0,17.0,23.101,121.176
74DA38F7C4CC,2026-08-05,15:48:00,29.86,100.0,13.0,25.062,121.451
74DA38ED0630,2026-08-05,15:48:07,30.61,100.0,0.0,23.994,121.594
74DA38F20C06,2026-08-05,15:48:21,31.75,71.0,22.0,24.874,121.02
74DA38F7C41E,2026-08-05,15:48:23,29.86,86.0,0.0,25.054,121.517
74DA38F20E9E,2026-08-05,15:48:32,27.12,100.0,19.0,24.648,121.151
74DA38F7C5A0,2026-08-05,15:48:33,30.5,100.0,0.0,25.107,121.518
74DA38F7C63C,2026-08-05,15:48:37,-4.0,0.0,10.0,24.998,121.425
74DA38F7C532,2026-08-05,15:48:49,29.75,100.0,17.0,25.059,121.499
74DA38F7C3D6,2026-08-05,15:48:56,30.75,100.0,0.0,25.045,121.541
74DA38ED0454,2026-08-05,15:49:00,30.86,100.0,25.0,24.053,121.599
74DA38F209B2,2026-08-05,15:49:02,27.37,100.0,0.0,22.363,120.599
74DA38ED0640,2026-08-05,15:49:16,26.62,100.0,6.0,23.154,121.266
74DA38F20B5C,2026-08-05,15:49:38,30.11,100.0,16.0,22.798,120.293
74DA38F20BF6,2026-08-05,15:49:42,29.86,100.0,14.0,22.582,120.368
74DA38F7C54E,2026-08-05,15:49:56,27.87,100.0,0.0,25.063,121.661
74DA38F20F0A,2026-08-05,15:50:05,27.37,100.0,6.0,22.995,120.635
74DA38ED059C,2026-08-05,15:50:09,28.0,100.0,11.0,23.706,121.412
74DA38F7C600,2026-08-05,15:50:12,23.12,47.0,14.0,25.07,121.586
74DA38F7C506,2026-08-05,15:50:15,28.86,100.0,0.0,24.996,121.544
74DA38F20EB2,2026-08-05,15:50:17,26.75,100.0,26.0,24.324,120.835
74DA38F7C430,2026-08-05,15:50:25,31.5,84.0,0.0,24.981,121.423
74DA38F7C338,2026-08-05,15:50:26,30.36,100.0,14.0,25.011,121.458
74DA38F20A30,2026-08-05,15:50:36,29.86,88.0,5.0,24.948,121.372
74DA38F2105C,2026-08-05,15:50:40,30.0,100.0,0.0,25.088,121.599
74DA38F21170,2026-08-05,15:50:44,28.75,76.0,4.0,22.779,121.088
74DA38F7C30C,2026-08-05,15:50:45,30.11,100.0,0.0,24.975,121.532
74DA38F7C5E6,2026-08-05,15:50:46,31.36,100.0,8.0,25.107,121.843
74DA38F7C4DE,2026-08-05,15:50:54,29.75,100.0,0.0,25.09,121.462
74DA38F7C616,2026-08-05,15:51:01,30.5,100.0,0.0,25.031,121.563
74DA38F7C3B2,2026-08-05,15:51:04,32.36,68.0,9.0,24.929,121.378
74DA38F7C13A,2026-08-05,15:51:10,22.25,-1.0,1.0,25.069,121.359
74DA38F7C560,2026-08-05,15:51:10,30.75,-62.0,0.0,25.079,121.671
74DA38F21024,2026-08-05,15:51:13,29.0,100.0,0.0,24.93,121.036
74DA38F7C570,2026-08-05,15:51:13,-4.0,0.0,0.0,25.239,121.63
74DA38F21088,2026-08-05,15:51:15,30.0,100.0,0.0,25.068,121.588
74DA38F7C3DE,2026-08-05,15:51:16,31.11,100.0,267.0,24.972,121.537
74DA38ED04F2,2026-08-05,15:51:18,27.87,100.0,9.0,23.468,121.496
74DA38F208E2,2026-08-05,15:51:22,28.25,100.0,21.0,24.688,121.766
74DA38F21054,2026-08-05,15:51:27,29.75,76.0,10.0,22.898,120.627
74DA38F7C610,2026-08-05,15:51:28,30.5,100.0,18.0,25.063,121.564
74DA38F7C464,2026-08-05,15:51:31,26.75,30.0,0.0,25.006,121.413
74DA38F20934,2026-08-05,15:51:37,29.86,78.0,6.0,23.002,121.29
74DA38F7C59C,2026-08-05,15:51:47,30.61,83.0,27.0,25.103,121.487
74DA38F7C47C,2026-08-05,15:51:51,30.5,100.0,55.0,25.055,121.455
74DA38F21048,2026-08-05,15:51:57,29.36,100.0,19.0,22.595,120.341
74DA38F20D2E,2026-08-05,15:51:58,30.0,100.0,0.0,25.06,121.545
74DA38F7C27E,2026-08-05,15:52:01,30.61,100.0,15.0,25.053,121.444
74DA38F20D16,2026-08-05,15:52:11,30.75,100.0,17.0,25.062,121.526
74DA38F7C53C,2026-08-05,15:52:11,28.11,100.0,0.0,25.11,121.804
74DA38F20B88,2026-08-05,15:52:12,28.75,100.0,0.0,22.75,120.316
74DA38F21204,2026-08-05,15:52:13,28.75,100.0,1.0,25.062,121.451
74DA38F7C3DC,2026-08-05,15:52:31,29.61,100.0,20.0,25.003,121.539
74DA38F7C260,2026-08-05,15:52:35,31.25,100.0,0.0,25.065,121.425
74DA38F7C366,2026-08-05,15:52:39,29.75,100.0,7.0,25.002,121.516
74DA38F7C47E,2026-08-05,15:52:40,30.61,100.0,21.0,25.053963,121.427681
74DA38F210A2,2026-08-05,15:52:43,29.86,100.0,5.0,25.12,121.466
74DA38F21136,2026-08-05,15:52:43,30.5,100.0,10.0,25.119,121.505
74DA38F209EE,2026-08-05,15:52:44,28.86,100.0,0.0,23.026,121.33
74DA38F20D1E,2026-08-05,15:52:47,30.0,100.0,22.0,25.048,121.573
74DA38ED06E0,2026-08-05,15:52:53,29.25,99.0,15.0,23.601,121.521
74DA38F7C42E,2026-08-05,15:52:55,28.0,100.0,0.0,24.969,121.514
74DA38F209DE,2026-08-05,15:53:01,31.11,100.0,0.0,24.861,120.964
74DA38F7C5BE,2026-08-05,15:53:03,29.86,98.0,18.0,25.092,121.523
74DA38F7C514,2026-08-05,15:53:04,30.36,100.0,15.0,25.051,121.518
74DA38F20C26,2026-08-05,15:53:05,32.0,82.0,12.0,22.676,120.342
74DA38F20FFE,2026-08-05,15:53:09,29.36,100.0,13.0,22.894,120.298
74DA38F20D70,2026-08-05,15:53:11,30.11,94.0,0.0,23.05,121.164
74DA38F20B12,2026-08-05,15:53:19,29.36,75.0,4.0,22.91,120.716
74DA38F20F1C,2026-08-05,15:53:22,29.36,100.0,15.0,25.062,121.451
74DA38F7C39A,2026-08-05,15:53:31,30.11,100.0,0.0,25.002,121.414
74DA38F7C310,2026-08-05,15:53:43,31.0,100.0,10.0,25.09,121.464
74DA38ED05EA,2026-08-05,15:53:45,29.25,100.0,11.0,23.394,121.357
74DA38F20A78,2026-08-05,15:53:45,28.36,100.0,3.0,22.904,121.124
74DA38ED05B6,2026-08-05,15:53:50,27.62,100.0,14.0,23.43,121.348
74DA38F207DE,2026-08-05,15:53:51,30.25,100.0,17.0,22.603,120.34
74DA38F20DE0,2026-08-05,15:53:58,29.36,100.0,0.0,22.589,120.328
74DA38F7C480,2026-08-05,15:53:58,29.61,100.0,0.0,25.061,121.432
74DA38F20D1A,2026-08-05,15:54:02,29.36,100.0,0.0,25.078,121.541
74DA38F20B80,2026-08-05,15:54:04,30.0,100.0,0.0,22.599,120.35
74DA38F20862,2026-08-05,15:54:06,27.75,100.0,15.0,23.101,121.176
74DA38F7C4CC,2026-08-05,15:54:06,29.75,100.0,13.0,25.062,121.451
74DA38F7C5CE,2026-08-05,15:54:11,29.61,93.0,0.0,25.066,121.656
74DA38F20B26,2026-08-05,15:54:13,30.0,100.0,22.0,22.783,120.247
74DA38F20C06,2026-08-05,15:54:28,31.61,71.0,21.0,24.874,121.02
74DA38F7C5AA,2026-08-05,15:54:33,29.36,100.0,0.0,25.0,121.479
74DA38ED0630,2026-08-05,15:54:34,30.61,100.0,0.0,23.994,121.594
74DA38F20E9E,2026-08-05,15:54:37,27.12,100.0,16.0,24.648,121.151
74DA38F209A8,2026-08-05,15:54:55,-4.0,0.0,0.0,22.401,120.577
74DA38F2113E,2026-08-05,15:54:55,-4.0,0.0,0.0,22.728,120.313
74DA38F7C532,2026-08-05,15:55:00,29.86,100.0,16.0,25.059,121.499
74DA38F7C5A0,2026-08-05,15:55:00,30.5,100.0,0.0,25.107,121.518
74DA38F7C592,2026-08-05,15:55:01,-4.0,0.0,0.0,25.224,121.637
74DA38F7C41E,2026-08-05,15:55:03,29.86,86.0,0.0,25.054,121.517
74DA38ED0454,2026-08-05,15:55:07,31.0,100.0,25.0,24.053,121.599
74DA38F20FA4,2026-08-05,15:55:09,29.61,100.0,21.0,22.63,120.42
74DA38F20D6C,2026-08-05,15:55:14,30.11,91.0,0.0,22.661,120.301
74DA38ED0640,2026-08-05,15:55:23,26.62,100.0,6.0,23.154,121.266
74DA38F7C3D6,2026-08-05,15:55:23,30.86,100.0,0.0,25.045,121.541
74DA38F209B2,2026-08-05,15:55:29,27.37,100.0,0.0,22.363,120.599
74DA38F20B5C,2026-08-05,15:55:43,30.0,100.0,17.0,22.798,120.293
74DA38F20BF6,2026-08-05,15:55:48,29.86,100.0,15.0,22.582,120.368
74DA38F7C3BA,2026-08-05,15:55:53,-4.0,0.0,93.0,25.174,121.441
74DA38F20F0A,2026-08-05,15:56:11,27.25,100.0,7.0,22.995,120.635
74DA38F7C566,2026-08-05,15:56:11,32.0,100.0,0.0,25.051,121.448
74DA38F7C600,2026-08-05,15:56:18,23.12,47.0,13.0,25.07,121.586
74DA38F7C54E,2026-08-05,15:56:21,27.87,100.0,0.0,25.063,121.661
74DA38ED059C,2026-08-05,15:56:22,28.11,100.0,10.0,23.706,121.412
74DA38F20EB2,2026-08-05,15:56:26,26.87,100.0,25.0,24.324,120.835
74DA38F7C338,2026-08-05,15:56:43,30.36,100.0,14.0,25.011,121.458
74DA38F7C506,2026-08-05,15:56:43,28.86,100.0,1.0,24.996,121.544
74DA38F7C5E6,2026-08-05,15:56:51,31.36,100.0,7.0,25.107,121.843
74DA38F7C30C,2026-08-05,15:56:52,30.0,100.0,0.0,24.975,121.532
74DA38F7C430,2026-08-05,15:56:53,31.36,84.0,0.0,24.981,121.423
74DA38F7C4DE,2026-08-05,15:57:03,29.86,100.0,0.0,25.09,121.462
74DA38F20A30,2026-08-05,15:57:05,29.75,89.0,1.0,24.948,121.372
74DA38F2105C,2026-08-05,15:57:07,29.86,100.0,0.0,25.088,121.599
74DA38F20B82,2026-08-05,15:57:09,-4.0,0.0,0.0,22.847,120.465
74DA38F7C616,2026-08-05,15:57:09,30.0,100.0,0.0,25.031,121.563
74DA38F7C3B2,2026-08-05,15:57:11,32.36,68.0,10.0,24.929,121.378
74DA38F7C3DE,2026-08-05,15:57:13,31.0,100.0,282.0,24.972,121.537
74DA38ED04F2,2026-08-05,15:57:25,27.87,100.0,9.0,23.468,121.496
74DA38F208E2,2026-08-05,15:57:28,28.36,100.0,20.0,24.688,121.766
74DA38F21054,2026-08-05,15:57:33,29.75,76.0,10.0,22.898,120.627
74DA38F7C610,2026-08-05,15:57:36,30.5,100.0,18.0,25.063,121.564
74DA38F7C560,2026-08-05,15:57:37,30.75,-62.0,0.0,25.079,121.671
74DA38F7C13A,2026-08-05,15:57:40,22.25,0.0,0.0,25.069,121.359
74DA38F21024,2026-08-05,15:57:41,29.11,100.0,0.0,24.93,121.036
74DA38F7C47C,2026-08-05,15:57:41,30.5,100.0,64.0,25.055,121.455
74DA38F21088,2026-08-05,15:57:43,30.0,100.0,0.0,25.068,121.588
74DA38F20934,2026-08-05,15:57:44,29.86,78.0,6.0,23.002,121.29
74DA38F7C464,2026-08-05,15:58:00,26.62,30.0,0.0,25.006,121.413
74DA38F7C27E,2026-08-05,15:58:07,30.5,100.0,15.0,25.053,121.444
74DA38F7C63C,2026-08-05,15:58:10,-4.0,0.0,11.0,24.998,121.425
74DA38F7C59C,2026-08-05,15:58:15,30.61,83.0,26.0,25.103,121.487
74DA38F20D16,2026-08-05,15:58:17,30.75,100.0,18.0,25.062,121.526
74DA38F21048,2026-08-05,15:58:25,29.36,100.0,19.0,22.595,120.341
74DA38F20D2E,2026-08-05,15:58:26,30.0,100.0,0.0,25.06,121.545
74DA38F21204,2026-08-05,15:58:30,28.75,100.0,1.0,25.062,121.451
74DA38F7C3DC,2026-08-05,15:58:38,29.5,100.0,21.0,25.003,121.539
74DA38F20B88,2026-08-05,15:58:40,28.75,100.0,0.0,22.75,120.316
74DA38F7C53C,2026-08-05,15:58:40,28.11,100.0,0.0,25.11,121.804
74DA38F7C366,2026-08-05,15:58:44,30.0,100.0,7.0,25.002,121.516
74DA38F7C47E,2026-08-05,15:58:45,30.36,100.0,19.0,25.053963,121.427681
74DA38F210A2,2026-08-05,15:58:48,29.86,100.0,5.0,25.12,121.466
74DA38F209EE,2026-08-05,15:58:49,28.86,100.0,0.0,23.026,121.33
74DA38F21136,2026-08-05,15:58:53,30.5,100.0,10.0,25.119,121.505
74DA38F20D1E,2026-08-05,15:58:57,29.75,100.0,22.0,25.048,121.573
74DA38ED06E0,2026-08-05,15:59:00,29.25,98.0,15.0,23.601,121.521
74DA38F7C5BE,2026-08-05,15:59:09,29.75,99.0,18.0,25.092,121.523
74DA38F7C260,2026-08-05,15:59:11,31.25,100.0,0.0,25.065,121.425
74DA38F20C26,2026-08-05,15:59:15,32.0,82.0,13.0,22.676,120.342
74DA38F7C514,2026-08-05,15:59:15,30.5,100.0,16.0,25.051,121.518
74DA38F20D70,2026-08-05,15:59:16,30.11,95.0,0.0,23.05,121.164
74DA38F20FFE,2026-08-05,15:59:19,29.25,100.0,12.0,22.894,120.298
74DA38F20B12,2026-08-05,15:59:25,29.36,75.0,4.0,22.91,120.716
74DA38F20F1C,2026-08-05,15:59:28,29.36,100.0,16.0,25.062,121.451
74DA38F209DE,2026-08-05,15:59:29,31.0,100.0,0.0,24.861,120.964
74DA38F7C42E,2026-08-05,15:59:29,27.87,100.0,0.0,24.969,121.514
74DA38F7C310,2026-08-05,15:59:48,31.11,100.0,10.0,25.09,121.464
74DA38ED05EA,2026-08-05,15:59:51,29.25,100.0,11.0,23.394,121.357
74DA38F20A78,2026-08-05,15:59:51,28.25,100.0,4.0,22.904,121.124
74DA38ED05B6,2026-08-05,15:59:56,27.37,100.0,14.0,23.43,121.348
74DA38F207DE,2026-08-05,15:59:58,30.25,100.0,17.0,22.603,120.34
74DA38F7C39A,2026-08-05,15:59:59,30.11,100.0,0.0,25.002,121.414
74DA38F20862,2026-08-05,16:00:12,27.62,100.0,7.0,23.101,121.176
74DA38F7C4CC,2026-08-05,16:00:13,29.75,100.0,14.0,25.062,121.451
74DA38F7C480,2026-08-05,16:00:25,29.61,100.0,0.0,25.061,121.432
74DA38F20DE0,2026-08-05,16:00:26,29.36,100.0,0.0,22.589,120.328
74DA38F20D1A,2026-08-05,16:00:30,29.5,100.0,0.0,25.078,121.541
74DA38F20B80,2026-08-05,16:00:33,30.0,100.0,0.0,22.599,120.35
74DA38F20C06,2026-08-05,16:00:35,31.61,71.0,21.0,24.874,121.02
74DA38F7C5CE,2026-08-05,16:00:38,29.61,92.0,0.0,25.066,121.656
74DA38F20E9E,2026-08-05,16:00:43,27.0,100.0,16.0,24.648,121.151
74DA38F7C570,2026-08-05,16:00:51,-4.0,0.0,0.0,25.239,121.63
74DA38ED0630,2026-08-05,16:01:03,30.61,100.0,0.0,23.994,121.594
74DA38F7C532,2026-08-05,16:01:08,29.86,100.0,16.0,25.059,121.499
74DA38F7C5AA,2026-08-05,16:01:12,29.25,100.0,2.0,25.0,121.479
74DA38ED0454,2026-08-05,16:01:15,31.0,100.0,26.0,24.053,121.599
74DA38F20FA4,2026-08-05,16:01:28,29.5,100.0,22.0,22.63,120.42
74DA38F7C5A0,2026-08-05,16:01:28,30.5,100.0,0.0,25.107,121.518
74DA38ED0640,2026-08-05,16:01:31,26.37,100.0,6.0,23.154,121.266
74DA38F20D6C,2026-08-05,16:01:40,30.11,91.0,0.0,22.661,120.301
74DA38F7C41E,2026-08-05,16:01:41,30.0,86.0,0.0,25.054,121.517
74DA38F7C3D6,2026-08-05,16:01:49,30.86,100.0,0.0,25.045,121.541
74DA38F20BF6,2026-08-05,16:01:52,29.86,100.0,15.0,22.582,120.368
74DA38F20B5C,2026-08-05,16:01:53,30.0,100.0,17.0,22.798,120.293
74DA38F209B2,2026-08-05,16:01:55,27.37,100.0,0.0,22.363,120.599
74DA38F2113E,2026-08-05,16:02:10,-4.0,0.0,0.0,22.728,120.313
74DA38F20F0A,2026-08-05,16:02:17,27.25,100.0,7.0,22.995,120.635
74DA38F7C600,2026-08-05,16:02:24,23.25,47.0,14.0,25.07,121.586
74DA38F20EB2,2026-08-05,16:02:40,26.75,100.0,26.0,24.324,120.835
74DA38F7C54E,2026-08-05,16:02:48,27.87,100.0,0.0,25.063,121.661
74DA38F7C338,2026-08-05,16:02:50,30.5,100.0,14.0,25.011,121.458
74DA38ED059C,2026-08-05,16:02:53,28.25,100.0,10.0,23.706,121.412
74DA38F7C5E6,2026-08-05,16:02:56,31.36,100.0,7.0,25.107,121.843
74DA38F7C30C,2026-08-05,16:03:03,29.86,100.0,0.0,24.975,121.532
74DA38F7C3DE,2026-08-05,16:03:11,30.61,100.0,280.0,24.972,121.537
74DA38F7C506,2026-08-05,16:03:11,28.86,100.0,0.0,24.996,121.544
74DA38F7C4DE,2026-08-05,16:03:13,29.86,100.0,0.0,25.09,121.462
74DA38F7C3B2,2026-08-05,16:03:16,32.36,68.0,10.0,24.929,121.378
74DA38F7C616,2026-08-05,16:03:16,30.0,100.0,0.0,25.031,121.563
74DA38F2104E,2026-08-05,16:03:20,27.0,100.0,15.0,23.108,120.7
74DA38F7C430,2026-08-05,16:03:21,31.25,85.0,0.0,24.981,121.423
74DA38ED04F2,2026-08-05,16:03:32,27.87,100.0,9.0,23.468,121.496
74DA38F7C47C,2026-08-05,16:03:34,30.5,100.0,60.0,25.055,121.455
74DA38F2105C,2026-08-05,16:03:35,29.86,100.0,0.0,25.088,121.599
74DA38F208E2,2026-08-05,16:03:36,28.5,100.0,20.0,24.688,121.766
74DA38F20A30,2026-08-05,16:03:36,29.75,88.0,10.0,24.948,121.372
74DA38F21170,2026-08-05,16:03:36,28.61,77.0,5.0,22.779,121.088
74DA38F21054,2026-08-05,16:03:39,29.75,76.0,10.0,22.898,120.627
74DA38F7C610,2026-08-05,16:03:44,30.36,100.0,18.0,25.063,121.564
74DA38F20934,2026-08-05,16:03:55,29.86,78.0,6.0,23.002,121.29
74DA38F7C560,2026-08-05,16:04:04,30.75,-62.0,0.0,25.079,121.671
74DA38F21024,2026-08-05,16:04:08,29.11,100.0,0.0,24.93,121.036
74DA38F7C13A,2026-08-05,16:04:08,22.37,0.0,0.0,25.069,121.359
74DA38F21088,2026-08-05,16:04:11,30.0,100.0,0.0,25.068,121.588
74DA38F7C27E,2026-08-05,16:04:12,30.61,100.0,15.0,25.053,121.444
74DA38F20D16,2026-08-05,16:04:25,30.75,100.0,17.0,25.062,121.526
74DA38F7C464,2026-08-05,16:04:30,26.75,30.0,0.0,25.006,121.413
74DA38F209A8,2026-08-05,16:04:35,-4.0,0.0,0.0,22.401,120.577
74DA38F21204,2026-08-05,16:04:36,28.61,100.0,1.0,25.062,121.451
74DA38F7C3BA,2026-08-05,16:04:38,-4.0,0.0,97.0,25.174,121.441
74DA38F7C592,2026-08-05,16:04:40,-4.0,0.0,0.0,25.224,121.637
74DA38F7C59C,2026-08-05,16:04:43,30.61,83.0,23.0,25.103,121.487
74DA38F7C3DC,2026-08-05,16:04:45,29.36,100.0,20.0,25.003,121.539
74DA38F7C366,2026-08-05,16:04:51,30.0,100.0,6.0,25.002,121.516
74DA38F7C47E,2026-08-05,16:04:52,30.36,100.0,20.0,25.053963,121.427681
74DA38F20D2E,2026-08-05,16:04:53,30.0,100.0,0.0,25.06,121.545
74DA38F21048,2026-08-05,16:04:53,29.36,100.0,21.0,22.595,120.341
74DA38F210A2,2026-08-05,16:04:53,29.86,100.0,4.0,25.12,121.466
74DA38F209EE,2026-08-05,16:04:54,28.75,100.0,0.0,23.026,121.33
74DA38F7C53C,2026-08-05,16:05:05,28.11,100.0,0.0,25.11,121.804
74DA38ED06E0,2026-08-05,16:05:06,29.11,98.0,15.0,23.601,121.521
74DA38F20B88,2026-08-05,16:05:06,28.61,100.0,0.0,22.75,120.316
74DA38F20D1E,2026-08-05,16:05:06,29.86,100.0,22.0,25.048,121.573
74DA38F7C5BE,2026-08-05,16:05:15,29.86,99.0,18.0,25.092,121.523
74DA38F20D70,2026-08-05,16:05:22,30.0,96.0,0.0,23.05,121.164
74DA38F20C26,2026-08-05,16:05:24,32.11,81.0,13.0,22.676,120.342
74DA38F7C514,2026-08-05,16:05:25,30.5,100.0,16.0,25.051,121.518
74DA38F20FFE,2026-08-05,16:05:28,29.25,100.0,12.0,22.894,120.298
74DA38F20B12,2026-08-05,16:05:31,29.36,75.0,4.0,22.91,120.716
74DA38F20F1C,2026-08-05,16:05:33,29.25,100.0,15.0,25.062,121.451
74DA38F21136,2026-08-05,16:05:33,30.36,100.0,10.0,25.119,121.505
74DA38F7C310,2026-08-05,16:05:52,31.11,100.0,9.0,25.09,121.464
74DA38F209DE,2026-08-05,16:05:56,30.75,100.0,0.0,24.861,120.964
74DA38ED05EA,2026-08-05,16:05:57,29.25,100.0,11.0,23.394,121.357
74DA38F20A78,2026-08-05,16:05:58,28.36,100.0,4.0,22.904,121.124
74DA38F7C260,2026-08-05,16:06:00,31.25,100.0,0.0,25.065,121.425
74DA38ED05B6,2026-08-05,16:06:02,27.62,100.0,12.0,23.43,121.348
74DA38F7C42E,2026-08-05,16:06:05,28.11,100.0,0.0,24.969,121.514
74DA38F207DE,2026-08-05,16:06:07,30.25,100.0,18.0,22.603,120.34
74DA38F20862,2026-08-05,16:06:19,27.62,100.0,8.0,23.101,121.176
74DA38F7C4CC,2026-08-05,16:06:19,29.75,100.0,13.0,25.062,121.451
74DA38F7C39A,2026-08-05,16:06:27,30.11,100.0,0.0,25.002,121.414
74DA38F20B26,2026-08-05,16:06:41,29.86,100.0,19.0,22.783,120.247
74DA38F20B82,2026-08-05,16:06:41,-4.0,0.0,0.0,22.847,120.465
74DA38F20C06,2026-08-05,16:06:42,31.75,71.0,21.0,24.874,121.02
74DA38F20E9E,2026-08-05,16:06:49,27.0,100.0,16.0,24.648,121.151
74DA38F7C480,2026-08-05,16:06:52,29.61,100.0,0.0,25.061,121.432
74DA38F20DE0,2026-08-05,16:06:54,29.11,100.0,1.0,22.589,120.328
74DA38F20D1A,2026-08-05,16:06:58,29.36,100.0,0.0,25.078,121.541
74DA38F20B80,2026-08-05,16:07:03,30.0,100.0,0.0,22.599,120.35
74DA38F7C5CE,2026-08-05,16:07:05,29.5,92.0,0.0,25.066,121.656
74DA38F7C532,2026-08-05,16:07:14,29.86,100.0,16.0,25.059,121.499
74DA38ED0454,2026-08-05,16:07:23,31.0,100.0,25.0,24.053,121.599
74DA38ED0630,2026-08-05,16:07:31,30.61,100.0,0.0,23.994,121.594
74DA38ED0640,2026-08-05,16:07:39,26.0,100.0,6.0,23.154,121.266
74DA38F7C63C,2026-08-05,16:07:41,-4.0,0.0,10.0,24.998,121.425
74DA38F7C5AA,2026-08-05,16:07:52,29.11,100.0,0.0,25.0,121.479
74DA38F7C5A0,2026-08-05,16:07:56,30.5,100.0,0.0,25.107,121.518
74DA38F20BF6,2026-08-05,16:07:57,29.86,100.0,15.0,22.582,120.368
74DA38F20B5C,2026-08-05,16:07:58,30.0,100.0,17.0,22.798,120.293
74DA38F20D6C,2026-08-05,16:08:12,30.11,91.0,0.0,22.661,120.301
74DA38F7C3D6,2026-08-05,16:08:16,30.75,100.0,0.0,25.045,121.541
74DA38F7C41E,2026-08-05,16:08:17,30.0,86.0,0.0,25.054,121.517
74DA38F209B2,2026-08-05,16:08:23,27.25,100.0,0.0,22.363,120.599
74DA38F20F0A,2026-08-05,16:08:24,27.25,100.0,7.0,22.995,120.635
74DA38F7C600,2026-08-05,16:08:30,23.25,47.0,14.0,25.07,121.586
74DA38F7C338,2026-08-05,16:08:55,30.5,100.0,14.0,25.011,121.458
74DA38F20EB2,2026-08-05,16:08:58,26.62,100.0,27.0,24.324,120.835
74DA38F7C5E6,2026-08-05,16:09:02,31.25,100.0,7.0,25.107,121.843
74DA38F7C3DE,2026-08-05,16:09:10,30.5,100.0,263.0,24.972,121.537
74DA38F7C30C,2026-08-05,16:09:12,29.86,100.0,0.0,24.975,121.532
74DA38F7C54E,2026-08-05,16:09:17,28.0,100.0,0.0,25.063,121.661
74DA38F7C47C,2026-08-05,16:09:18,30.61,100.0,53.0,25.055,121.455
74DA38F7C3B2,2026-08-05,16:09:22,32.36,68.0,9.0,24.929,121.378
74DA38F7C4DE,2026-08-05,16:09:23,30.11,100.0,0.0,25.09,121.462
74DA38F7C616,2026-08-05,16:09:24,30.11,100.0,0.0,25.031,121.563
74DA38F2113E,2026-08-05,16:09:26,-4.0,0.0,0.0,22.728,120.313
74DA38ED04F2,2026-08-05,16:09:39,27.87,100.0,9.0,23.468,121.496
74DA38F7C506,2026-08-05,16:09:40,28.86,100.0,0.0,24.996,121.544
74DA38F21170,2026-08-05,16:09:41,28.75,78.0,5.0,22.779,121.088
74DA38F208E2,2026-08-05,16:09:42,28.5,100.0,20.0,24.688,121.766
74DA38F21054,2026-08-05,16:09:44,29.75,76.0,10.0,22.898,120.627
74DA38F7C430,2026-08-05,16:09:48,31.25,85.0,0.0,24.981,121.423
74DA38F7C610,2026-08-05,16:09:50,30.36,100.0,17.0,25.063,121.564
74DA38F2105C,2026-08-05,16:10:01,29.75,100.0,0.0,25.088,121.599
74DA38F20934,2026-08-05,16:10:05,29.86,78.0,5.0,23.002,121.29
74DA38F20A30,2026-08-05,16:10:05,29.61,88.0,3.0,24.948,121.372
74DA38F7C27E,2026-08-05,16:10:18,30.61,100.0,15.0,25.053,121.444
74DA38F20D16,2026-08-05,16:10:30,30.61,100.0,17.0,25.062,121.526
74DA38F7C560,2026-08-05,16:10:32,30.75,-62.0,0.0,25.079,121.671
74DA38F7C570,2026-08-05,16:10:33,-4.0,0.0,0.0,25.239,121.63
74DA38F7C13A,2026-08-05,16:10:34,22.37,0.0,0.0,25.069,121.359
74DA38F21024,2026-08-05,16:10:35,29.0,100.0,0.0,24.93,121.036
74DA38F7C37C,2026-08-05,16:10:35,29.0,100.0,12.0,25.111,121.856
74DA38F21088,2026-08-05,16:10:39,30.11,100.0,0.0,25.068,121.588
74DA38F21204,2026-08-05,16:10:45,28.75,100.0,2.0,25.062,121.451
74DA38F7C3DC,2026-08-05,16:10:51,29.25,100.0,21.0,25.003,121.539
74DA38F7C366,2026-08-05,16:10:56,30.0,100.0,7.0,25.002,121.516
74DA38F210A2,2026-08-05,16:10:58,29.86,100.0,5.0,25.12,121.466
74DA38F7C464,2026-08-05,16:10:59,26.75,30.0,0.0,25.006,121.413
74DA38F209EE,2026-08-05,16:11:00,28.61,100.0,0.0,23.026,121.33
74DA38F7C47E,2026-08-05,16:11:00,30.5,100.0,21.0,25.053963,121.427681
74DA38F7C59C,2026-08-05,16:11:11,30.61,83.0,25.0,25.103,121.487
74DA38ED06E0,2026-08-05,16:11:13,29.0,99.0,15.0,23.601,121.521
74DA38F21048,2026-08-05,16:11:21,29.36,100.0,22.0,22.595,120.341
74DA38F7C5BE,2026-08-05,16:11:21,30.0,100.0,18.0,25.092,121.523
74DA38F20D2E,2026-08-05,16:11:22,30.0,100.0,0.0,25.06,121.545
74DA38F20D70,2026-08-05,16:11:28,29.75,96.0,0.0,23.05,121.164
74DA38F20D1E,2026-08-05,16:11:29,29.86,100.0,21.0,25.048,121.573
74DA38F20C26,2026-08-05,16:11:30,32.0,81.0,12.0,22.676,120.342
74DA38F7C514,2026-08-05,16:11:31,30.36,100.0,15.0,25.051,121.518
74DA38F7C53C,2026-08-05,16:11:34,28.25,100.0,0.0,25.11,121.804
74DA38F20B88,2026-08-05,16:11:36,28.61,100.0,0.0,22.75,120.316
74DA38F20B12,2026-08-05,16:11:39,29.36,75.0,4.0,22.91,120.716
74DA38F20FFE,2026-08-05,16:11:39,29.25,100.0,11.0,22.894,120.298
74DA38F20F1C,2026-08-05,16:11:40,29.25,100.0,14.0,25.062,121.451
74DA38F21136,2026-08-05,16:11:42,30.11,100.0,10.0,25.119,121.505
74DA38F7C310,2026-08-05,16:11:57,31.11,100.0,10.0,25.09,121.464
74DA38ED05EA,2026-08-05,16:12:02,29.25,100.0,12.0,23.394,121.357
74DA38F20A78,2026-08-05,16:12:04,28.5,100.0,4.0,22.904,121.124
74DA38ED05B6,2026-08-05,16:12:07,27.75,100.0,10.0,23.43,121.348
74DA38F207DE,2026-08-05,16:12:15,30.25,100.0,17.0,22.603,120.34
74DA38F20862,2026-08-05,16:12:25,27.62,100.0,7.0,23.101,121.176
74DA38F209DE,2026-08-05,16:12:25,30.61,100.0,0.0,24.861,120.964
74DA38F7C260,2026-08-05,16:12:33,31.25,100.0,0.0,25.065,121.425
74DA38F7C42E,2026-08-05,16:12:36,28.5,100.0,0.0,24.969,121.514
74DA38F20C06,2026-08-05,16:12:48,31.61,71.0,21.0,24.874,121.02
74DA38F20E9E,2026-08-05,16:12:55,27.0,100.0,17.0,24.648,121.151
74DA38F7C39A,2026-08-05,16:12:55,30.11,100.0,0.0,25.002,121.414
74DA38F20B26,2026-08-05,16:13:12,29.86,100.0,22.0,22.783,120.247
74DA38F7C480,2026-08-05,16:13:20,29.5,100.0,0.0,25.061,121.432
74DA38F7C532,2026-08-05,16:13:20,29.75,100.0,15.0,25.059,121.499
74DA38F20DE0,2026-08-05,16:13:22,29.25,100.0,0.0,22.589,120.328
74DA38F7C3BA,2026-08-05,16:13:22,-4.0,0.0,92.0,25.174,121.441
74DA38F20D1A,2026-08-05,16:13:26,29.36,100.0,0.0,25.078,121.541
74DA38ED0454,2026-08-05,16:13:31,31.0,100.0,25.0,24.053,121.599
74DA38F20B80,2026-08-05,16:13:31,29.86,100.0,0.0,22.599,120.35
74DA38F7C5CE,2026-08-05,16:13:33,29.5,92.0,0.0,25.066,121.656
74DA38ED0640,2026-08-05,16:13:46,26.0,100.0,6.0,23.154,121.266
74DA38ED0630,2026-08-05,16:13:59,30.61,100.0,0.0,23.994,121.594
74DA38F20BF6,2026-08-05,16:14:02,29.86,100.0,14.0,22.582,120.368
74DA38F20B5C,2026-08-05,16:14:10,30.0,100.0,17.0,22.798,120.293
74DA38F209A8,2026-08-05,16:14:18,-4.0,0.0,0.0,22.401,120.577
74DA38F7C592,2026-08-05,16:14:20,-4.0,0.0,0.0,25.224,121.637
74DA38F7C5A0,2026-08-05,16:14:23,30.5,100.0,0.0,25.107,121.518
74DA38F20F0A,2026-08-05,16:14:29,27.25,100.0,7.0,22.995,120.635
74DA38F7C5AA,2026-08-05,16:14:36,29.0,100.0,1.0,25.0,121.479
74DA38F7C600,2026-08-05,16:14:36,23.25,47.0,14.0,25.07,121.586
74DA38F20D6C,2026-08-05,16:14:40,30.11,91.0,0.0,22.661,120.301
74DA38F7C3D6,2026-08-05,16:14:42,30.61,100.0,0.0,25.045,121.541
74DA38F209B2,2026-08-05,16:14:49,27.37,100.0,0.0,22.363,120.599
74DA38F7C41E,2026-08-05,16:14:53,30.0,86.0,0.0,25.054,121.517
74DA38F7C338,2026-08-05,16:15:02,30.5,100.0,13.0,25.011,121.458
74DA38F7C3DE,2026-08-05,16:15:08,30.25,100.0,265.0,24.972,121.537
74DA38F7C5E6,2026-08-05,16:15:08,31.36,100.0,7.0,25.107,121.843
74DA38F7C47C,2026-08-05,16:15:10,30.61,100.0,63.0,25.055,121.455
74DA38F20EB2,2026-08-05,16:15:14,26.75,100.0,29.0,24.324,120.835
74DA38F7C30C,2026-08-05,16:15:21,29.86,100.0,0.0,24.975,121.532
74DA38F7C3B2,2026-08-05,16:15:27,32.36,68.0,9.0,24.929,121.378
74DA38F7C616,2026-08-05,16:15:31,30.11,100.0,0.0,25.031,121.563
74DA38F7C4DE,2026-08-05,16:15:35,30.0,100.0,0.0,25.09,121.462
74DA38F7C54E,2026-08-05,16:15:43,28.0,100.0,0.0,25.063,121.661
74DA38ED04F2,2026-08-05,16:15:46,27.87,100.0,9.0,23.468,121.496
74DA38F208E2,2026-08-05,16:15:47,28.36,100.0,19.0,24.688,121.766
74DA38F21170,2026-08-05,16:15:47,28.75,78.0,4.0,22.779,121.088
74DA38F21054,2026-08-05,16:15:51,29.75,76.0,11.0,22.898,120.627
74DA38F7C610,2026-08-05,16:15:58,30.5,100.0,18.0,25.063,121.564
74DA38F7C506,2026-08-05,16:16:09,29.0,100.0,0.0,24.996,121.544
74DA38F20934,2026-08-05,16:16:11,29.86,78.0,5.0,23.002,121.29
74DA38F20B82,2026-08-05,16:16:13,-4.0,0.0,0.0,22.847,120.465
74DA38F7C430,2026-08-05,16:16:16,31.25,85.0,0.0,24.981,121.423
74DA38F7C27E,2026-08-05,16:16:23,30.61,100.0,15.0,25.053,121.444
74DA38F2105C,2026-08-05,16:16:28,29.61,100.0,0.0,25.088,121.599
74DA38F20D16,2026-08-05,16:16:36,30.75,100.0,16.0,25.062,121.526
74DA38F20A30,2026-08-05,16:16:40,29.61,88.0,9.0,24.948,121.372
74DA38F2113E,2026-08-05,16:16:42,-4.0,0.0,1.0,22.728,120.313
74DA38F21204,2026-08-05,16:16:58,28.75,100.0,2.0,25.062,121.451
74DA38F7C3DC,2026-08-05,16:16:58,29.11,100.0,21.0,25.003,121.539
74DA38F7C560,2026-08-05,16:17:00,30.75,-62.0,0.0,25.079,121.671
74DA38F21024,2026-08-05,16:17:01,29.0,100.0,0.0,24.93,121.036
74DA38F7C366,2026-08-05,16:17:01,30.0,100.0,7.0,25.002,121.516
74DA38F7C13A,2026-08-05,16:17:02,22.37,0.0,0.0,25.069,121.359
74DA38F210A2,2026-08-05,16:17:03,29.75,100.0,5.0,25.12,121.466
74DA38F209EE,2026-08-05,16:17:06,28.5,100.0,0.0,23.026,121.33
74DA38F7C47E,2026-08-05,16:17:06,30.5,100.0,20.0,25.053963,121.427681
74DA38F21088,2026-08-05,16:17:07,30.25,100.0,0.0,25.068,121.588
74DA38F7C63C,2026-08-05,16:17:14,-4.0,0.0,11.0,24.998,121.425
74DA38ED06E0,2026-08-05,16:17:20,28.86,100.0,15.0,23.601,121.521
74DA38F7C464,2026-08-05,16:17:27,26.75,30.0,0.0,25.006,121.413
74DA38F7C5BE,2026-08-05,16:17:28,30.0,99.0,19.0,25.092,121.523
74DA38F20D70,2026-08-05,16:17:33,29.75,95.0,0.0,23.05,121.164
74DA38F20D1E,2026-08-05,16:17:37,29.86,100.0,21.0,25.048,121.573
74DA38F20C26,2026-08-05,16:17:38,32.0,81.0,12.0,22.676,120.342
74DA38F7C59C,2026-08-05,16:17:38,30.61,84.0,25.0,25.103,121.487
74DA38F7C514,2026-08-05,16:17:40,30.36,100.0,16.0,25.051,121.518
74DA38F20B12,2026-08-05,16:17:45,29.36,75.0,4.0,22.91,120.716
74DA38F20FFE,2026-08-05,16:17:45,29.25,100.0,11.0,22.894,120.298
74DA38F7C4CC,2026-08-05,16:17:46,29.61,100.0,15.0,25.062,121.451
74DA38F21136,2026-08-05,16:17:47,30.25,100.0,9.0,25.119,121.505
74DA38F20F1C,2026-08-05,16:17:48,29.36,100.0,15.0,25.062,121.451
74DA38F20D2E,2026-08-05,16:17:49,30.0,100.0,0.0,25.06,121.545
74DA38F21048,2026-08-05,16:17:49,29.36,100.0,22.0,22.595,120.341
74DA38F7C53C,2026-08-05,16:18:01,28.25,100.0,0.0,25.11,121.804
74DA38F7C310,2026-08-05,16:18:02,31.11,100.0,10.0,25.09,121.464
74DA38ED05EA,2026-08-05,16:18:10,29.25,100.0,12.0,23.394,121.357
74DA38F20A78,2026-08-05,16:18:10,28.61,100.0,4.0,22.904,121.124
74DA38F20B88,2026-08-05,16:18:12,28.5,100.0,0.0,22.75,120.316
74DA38ED05B6,2026-08-05,16:18:13,27.62,100.0,11.0,23.43,121.348
74DA38F207DE,2026-08-05,16:18:20,30.25,100.0,17.0,22.603,120.34
74DA38F20862,2026-08-05,16:18:31,27.5,100.0,7.0,23.101,121.176
74DA38F209DE,2026-08-05,16:18:52,30.75,100.0,0.0,24.861,120.964
74DA38F20C06,2026-08-05,16:18:56,31.75,71.0,23.0,24.874,121.02
74DA38F20E9E,2026-08-05,16:19:02,27.0,100.0,17.0,24.648,121.151
74DA38F7C42E,2026-08-05,16:19:02,28.36,100.0,0.0,24.969,121.514
74DA38F7C260,2026-08-05,16:19:03,31.25,100.0,0.0,25.065,121.425
74DA38F7C39A,2026-08-05,16:19:21,30.11,100.0,0.0,25.002,121.414
74DA38F7C532,2026-08-05,16:19:26,29.75,100.0,15.0,25.059,121.499
74DA38ED0454,2026-08-05,16:19:39,31.0,100.0,25.0,24.053,121.599
74DA38F7C480,2026-08-05,16:19:48,29.61,100.0,0.0,25.061,121.432
74DA38F20DE0,2026-08-05,16:19:50,29.11,100.0,0.0,22.589,120.328
74DA38ED0640,2026-08-05,16:19:52,26.0,100.0,6.0,23.154,121.266
74DA38F20D1A,2026-08-05,16:19:54,29.11,100.0,1.0,25.078,121.541
74DA38F7C5CE,2026-08-05,16:20:00,29.5,93.0,0.0,25.066,121.656
74DA38F20B80,2026-08-05,16:20:01,29.86,100.0,0.0,22.599,120.35
74DA38F20BF6,2026-08-05,16:20:07,29.86,100.0,14.0,22.582,120.368
74DA38F7C570,2026-08-05,16:20:12,-4.0,0.0,0.0,25.239,121.63
74DA38F20B5C,2026-08-05,16:20:16,30.0,100.0,18.0,22.798,120.293
74DA38ED0630,2026-08-05,16:20:28,30.5,100.0,0.0,23.994,121.594
74DA38F20F0A,2026-08-05,16:20:36,27.25,100.0,7.0,22.995,120.635
74DA38F7C600,2026-08-05,16:20:42,23.12,46.0,13.0,25.07,121.586
74DA38F20FA4,2026-08-05,16:20:51,29.36,100.0,24.0,22.63,120.42
74DA38F7C5A0,2026-08-05,16:20:51,30.5,100.0,0.0,25.107,121.518
74DA38F7C47C,2026-08-05,16:21:05,30.61,100.0,63.0,25.055,121.455
74DA38F7C3DE,2026-08-05,16:21:06,30.25,100.0,264.0,24.972,121.537
74DA38F7C5AA,2026-08-05,16:21:06,28.86,100.0,1.0,25.0,121.479
74DA38F20D6C,2026-08-05,16:21:07,30.0,92.0,0.0,22.661,120.301
74DA38F7C3D6,2026-08-05,16:21:09,30.75,100.0,0.0,25.045,121.541
74DA38F7C5E6,2026-08-05,16:21:14,31.36,100.0,8.0,25.107,121.843
74DA38F209B2,2026-08-05,16:21:17,27.5,100.0,0.0,22.363,120.599
74DA38F7C338,2026-08-05,16:21:18,30.5,100.0,14.0,25.011,121.458
74DA38F20EB2,2026-08-05,16:21:25,26.75,100.0,31.0,24.324,120.835
74DA38F7C41E,2026-08-05,16:21:27,30.0,86.0,0.0,25.054,121.517
74DA38F7C30C,2026-08-05,16:21:31,29.75,100.0,0.0,24.975,121.532
74DA38F7C3B2,2026-08-05,16:21:32,32.36,68.0,9.0,24.929,121.378
74DA38F7C616,2026-08-05,16:21:36,30.36,100.0,0.0,25.031,121.563
74DA38F7C4DE,2026-08-05,16:21:42,29.75,100.0,0.0,25.09,121.462
74DA38F21170,2026-08-05,16:21:52,28.61,78.0,5.0,22.779,121.088
74DA38ED04F2,2026-08-05,16:21:53,27.87,100.0,9.0,23.468,121.496
74DA38F208E2,2026-08-05,16:21:54,28.36,100.0,20.0,24.688,121.766
74DA38F21054,2026-08-05,16:21:57,29.75,77.0,10.0,22.898,120.627
74DA38F7C3BA,2026-08-05,16:22:06,-4.0,0.0,94.0,25.174,121.441
74DA38F7C610,2026-08-05,16:22:06,30.5,100.0,18.0,25.063,121.564
74DA38F7C54E,2026-08-05,16:22:12,27.87,100.0,0.0,25.063,121.661
74DA38F20934,2026-08-05,16:22:22,29.86,78.0,6.0,23.002,121.29
74DA38F7C27E,2026-08-05,16:22:29,30.61,100.0,14.0,25.053,121.444
74DA38ED059C,2026-08-05,16:22:32,28.0,100.0,12.0,23.706,121.412
74DA38F7C506,2026-08-05,16:22:38,29.11,100.0,0.0,24.996,121.544
74DA38F20D16,2026-08-05,16:22:43,30.75,100.0,17.0,25.062,121.526
74DA38F7C430,2026-08-05,16:22:44,30.86,85.0,0.0,24.981,121.423
74DA38F2105C,2026-08-05,16:22:56,29.75,100.0,0.0,25.088,121.599
74DA38F7C3DC,2026-08-05,16:23:04,29.25,100.0,20.0,25.003,121.539
74DA38F21204,2026-08-05,16:23:08,28.61,100.0,2.0,25.062,121.451
74DA38F7C366,2026-08-05,16:23:08,30.0,100.0,7.0,25.002,121.516
74DA38F20A30,2026-08-05,16:23:09,29.75,88.0,3.0,24.948,121.372
74DA38F210A2,2026-08-05,16:23:10,29.75,100.0,5.0,25.12,121.466
74DA38F209EE,2026-08-05,16:23:12,28.5,100.0,0.0,23.026,121.33
74DA38F7C47E,2026-08-05,16:23:12,30.36,100.0,21.0,25.053963,121.427681
74DA38ED06E0,2026-08-05,16:23:26,28.86,100.0,15.0,23.601,121.521
74DA38F7C560,2026-08-05,16:23:27,30.61,-62.0,0.0,25.079,121.671
74DA38F21024,2026-08-05,16:23:28,29.0,100.0,0.0,24.93,121.036
74DA38F7C13A,2026-08-05,16:23:31,22.25,0.0,0.0,25.069,121.359
74DA38F7C5BE,2026-08-05,16:23:34,30.25,99.0,19.0,25.092,121.523
74DA38F21088,2026-08-05,16:23:35,30.25,100.0,0.0,25.068,121.588
74DA38F20D70,2026-08-05,16:23:40,29.61,95.0,0.0,23.05,121.164
74DA38F20C26,2026-08-05,16:23:44,31.86,81.0,13.0,22.676,120.342
74DA38F20D1E,2026-08-05,16:23:46,30.0,100.0,21.0,25.048,121.573
74DA38F7C514,2026-08-05,16:23:48,30.25,100.0,16.0,25.051,121.518
74DA38F20B12,2026-08-05,16:23:51,29.36,75.0,4.0,22.91,120.716
74DA38F20F1C,2026-08-05,16:23:54,29.5,100.0,14.0,25.062,121.451
74DA38F7C4CC,2026-08-05,16:23:54,29.5,100.0,14.0,25.062,121.451
74DA38F7C464,2026-08-05,16:23:56,26.75,30.0,0.0,25.006,121.413
74DA38F209A8,2026-08-05,16:23:58,-4.0,0.0,0.0,22.401,120.577
74DA38F20FFE,2026-08-05,16:23:58,29.25,100.0,11.0,22.894,120.298
74DA38F2113E,2026-08-05,16:23:59,-4.0,0.0,0.0,22.728,120.313
74DA38F7C592,2026-08-05,16:23:59,-4.0,0.0,0.0,25.224,121.637
74DA38F21136,2026-08-05,16:24:02,30.25,100.0,9.0,25.119,121.505
74DA38F7C310,2026-08-05,16:24:06,31.0,100.0,10.0,25.09,121.464
74DA38F7C59C,2026-08-05,16:24:06,30.5,85.0,25.0,25.103,121.487
74DA38ED05EA,2026-08-05,16:24:15,29.25,100.0,12.0,23.394,121.357
74DA38F20A78,2026-08-05,16:24:16,28.5,100.0,4.0,22.904,121.124
74DA38F20D2E,2026-08-05,16:24:17,30.0,100.0,0.0,25.06,121.545
74DA38ED05B6,2026-08-05,16:24:18,27.62,100.0,10.0,23.43,121.348
74DA38F21048,2026-08-05,16:24:18,29.5,100.0,20.0,22.595,120.341
74DA38F207DE,2026-08-05,16:24:27,30.11,100.0,18.0,22.603,120.34
74DA38F7C53C,2026-08-05,16:24:27,28.25,100.0,0.0,25.11,121.804
74DA38F20862,2026-08-05,16:24:37,27.5,100.0,7.0,23.101,121.176
74DA38F20B88,2026-08-05,16:24:42,28.61,100.0,0.0,22.75,120.316
74DA38F20C06,2026-08-05,16:25:04,31.61,71.0,23.0,24.874,121.02
74DA38F20E9E,2026-08-05,16:25:09,27.0,100.0,17.0,24.648,121.151
74DA38F209DE,2026-08-05,16:25:19,31.0,100.0,0.0,24.861,120.964
74DA38F7C42E,2026-08-05,16:25:31,28.0,100.0,0.0,24.969,121.514
74DA38F7C260,2026-08-05,16:25:34,31.25,100.0,0.0,25.065,121.425
74DA38F7C532,2026-08-05,16:25:36,29.75,100.0,16.0,25.059,121.499
74DA38ED0454,2026-08-05,16:25:45,31.0,100.0,25.0,24.053,121.599
74DA38F20B82,2026-08-05,16:25:45,-4.0,0.0,0.0,22.847,120.465
74DA38F7C39A,2026-08-05,16:25:49,30.25,100.0,0.0,25.002,121.414
74DA38ED0640,2026-08-05,16:25:58,26.0,100.0,6.0,23.154,121.266
74DA38F20BF6,2026-08-05,16:26:11,29.86,100.0,15.0,22.582,120.368
74DA38F7C480,2026-08-05,16:26:15,29.75,100.0,0.0,25.061,121.432
74DA38F20B26,2026-08-05,16:26:16,29.86,100.0,18.0,22.783,120.247
74DA38F20DE0,2026-08-05,16:26:18,29.25,100.0,0.0,22.589,120.328
74DA38F20B5C,2026-08-05,16:26:20,30.11,100.0,17.0,22.798,120.293
74DA38F20D1A,2026-08-05,16:26:22,29.11,100.0,0.0,25.078,121.541
74DA38F20B80,2026-08-05,16:26:29,30.0,100.0,0.0,22.599,120.35
74DA38F7C5CE,2026-08-05,16:26:29,29.5,93.0,0.0,25.066,121.656
74DA38F20F0A,2026-08-05,16:26:41,27.12,100.0,7.0,22.995,120.635
74DA38F7C600,2026-08-05,16:26:47,23.12,46.0,13.0,25.07,121.586
74DA38F7C63C,2026-08-05,16:26:47,-4.0,0.0,11.0,24.998,121.425
74DA38ED0630,2026-08-05,16:26:54,30.5,100.0,0.0,23.994,121.594
74DA38F7C47C,2026-08-05,16:27:01,30.75,100.0,67.0,25.055,121.455
74DA38F7C3DE,2026-08-05,16:27:02,30.11,100.0,285.0,24.972,121.537
74DA38F20FA4,2026-08-05,16:27:03,29.25,100.0,29.0,22.63,120.42
74DA38F7C5A0,2026-08-05,16:27:19,30.5,100.0,0.0,25.107,121.518
74DA38F7C5E6,2026-08-05,16:27:19,31.36,100.0,7.0,25.107,121.843
74DA38F7C338,2026-08-05,16:27:24,30.5,100.0,14.0,25.011,121.458
74DA38F20EB2,2026-08-05,16:27:36,26.87,100.0,31.0,24.324,120.835
74DA38F7C3D6,2026-08-05,16:27:36,30.75,100.0,0.0,25.045,121.541
74DA38F7C3B2,2026-08-05,16:27:38,32.36,68.0,9.0,24.929,121.378
74DA38F20D6C,2026-08-05,16:27:41,30.0,93.0,0.0,22.661,120.301
74DA38F7C30C,2026-08-05,16:27:43,29.61,100.0,0.0,24.975,121.532
74DA38F7C616,2026-08-05,16:27:43,30.36,100.0,0.0,25.031,121.563
74DA38F209B2,2026-08-05,16:27:44,27.5,100.0,0.0,22.363,120.599
74DA38F7C4DE,2026-08-05,16:27:48,29.61,100.0,0.0,25.09,121.462
74DA38F21170,2026-08-05,16:27:58,28.75,78.0,5.0,22.779,121.088
74DA38F7C5AA,2026-08-05,16:27:58,28.61,100.0,0.0,25.0,121.479
74DA38ED04F2,2026-08-05,16:28:00,27.87,100.0,9.0,23.468,121.496
74DA38F208E2,2026-08-05,16:28:00,28.36,100.0,19.0,24.688,121.766
74DA38F21054,2026-08-05,16:28:03,29.75,77.0,10.0,22.898,120.627
74DA38F7C41E,2026-08-05,16:28:03,30.0,86.0,0.0,25.054,121.517
74DA38F7C610,2026-08-05,16:28:14,30.5,100.0,17.0,25.063,121.564
74DA38F20934,2026-08-05,16:28:32,29.75,78.0,6.0,23.002,121.29
74DA38F7C27E,2026-08-05,16:28:34,30.5,100.0,15.0,25.053,121.444
74DA38F7C54E,2026-08-05,16:28:38,27.87,100.0,0.0,25.063,121.661
74DA38F20D16,2026-08-05,16:28:53,30.75,100.0,18.0,25.062,121.526
74DA38F7C506,2026-08-05,16:29:05,29.11,100.0,0.0,24.996,121.544
74DA38F7C3DC,2026-08-05,16:29:10,29.36,100.0,20.0,25.003,121.539
74DA38F7C430,2026-08-05,16:29:11,30.86,86.0,0.0,24.981,121.423
74DA38F210A2,2026-08-05,16:29:15,29.61,100.0,5.0,25.12,121.466
74DA38F7C366,2026-08-05,16:29:15,29.86,100.0,7.0,25.002,121.516
74DA38F209EE,2026-08-05,16:29:16,28.5,100.0,0.0,23.026,121.33
74DA38F7C47E,2026-08-05,16:29:19,30.25,100.0,21.0,25.053963,121.427681
74DA38F2105C,2026-08-05,16:29:23,29.61,100.0,0.0,25.088,121.599
74DA38F21204,2026-08-05,16:29:23,28.61,100.0,2.0,25.062,121.451
74DA38ED06E0,2026-08-05,16:29:33,29.0,100.0,16.0,23.601,121.521
74DA38F7C5BE,2026-08-05,16:29:39,30.11,98.0,18.0,25.092,121.523
74DA38F20D70,2026-08-05,16:29:46,29.61,95.0,0.0,23.05,121.164
74DA38F20C26,2026-08-05,16:29:51,31.86,81.0,12.0,22.676,120.342
74DA38F7C570,2026-08-05,16:29:51,-4.0,0.0,0.0,25.239,121.63
74DA38F21024,2026-08-05,16:29:55,29.0,100.0,0.0,24.93,121.036
74DA38F7C560,2026-08-05,16:29:55,30.36,-62.0,0.0,25.079,121.671
74DA38F20D1E,2026-08-05,16:29:56,30.0,100.0,22.0,25.048,121.573
74DA38F7C514,2026-08-05,16:29:56,30.36,100.0,16.0,25.051,121.518
74DA38F20B12,2026-08-05,16:29:57,29.36,75.0,4.0,22.91,120.716
74DA38F7C13A,2026-08-05,16:29:58,22.37,-2.0,0.0,25.069,121.359
74DA38F20F1C,2026-08-05,16:30:00,29.5,100.0,15.0,25.062,121.451
74DA38F7C4CC,2026-08-05,16:30:00,29.36,100.0,14.0,25.062,121.451
74DA38F20A30,2026-08-05,16:30:01,29.5,88.0,2.0,24.948,121.372
74DA38F21088,2026-08-05,16:30:02,30.25,100.0,0.0,25.068,121.588
74DA38F7C310,2026-08-05,16:30:12,30.86,100.0,10.0,25.09,121.464
74DA38F21136,2026-08-05,16:30:14,30.11,100.0,9.0,25.119,121.505
74DA38ED05EA,2026-08-05,16:30:20,29.25,100.0,11.0,23.394,121.357
74DA38F20FFE,2026-08-05,16:30:20,29.25,100.0,11.0,22.894,120.298
74DA38F20A78,2026-08-05,16:30:22,28.36,100.0,4.0,22.904,121.124
74DA38ED05B6,2026-08-05,16:30:24,27.87,100.0,10.0,23.43,121.348
74DA38F7C464,2026-08-05,16:30:33,26.75,30.0,0.0,25.006,121.413
74DA38F7C59C,2026-08-05,16:30:35,30.5,85.0,25.0,25.103,121.487
74DA38F207DE,2026-08-05,16:30:43,30.25,100.0,18.0,22.603,120.34
74DA38F20862,2026-08-05,16:30:44,27.5,100.0,7.0,23.101,121.176
74DA38F20D2E,2026-08-05,16:30:45,30.0,100.0,0.0,25.06,121.545
74DA38F21048,2026-08-05,16:30:50,29.36,100.0,22.0,22.595,120.341
74DA38F7C3BA,2026-08-05,16:30:50,-4.0,0.0,100.0,25.174,121.441
74DA38F7C53C,2026-08-05,16:30:53,28.5,100.0,0.0,25.11,121.804
74DA38F20B88,2026-08-05,16:31:08,28.75,100.0,0.0,22.75,120.316
74DA38F20C06,2026-08-05,16:31:11,31.61,71.0,22.0,24.874,121.02
74DA38F20E9E,2026-08-05,16:31:14,27.0,100.0,15.0,24.648,121.151
74DA38F2113E,2026-08-05,16:31:14,-4.0,0.0,0.0,22.728,120.313
74DA38F7C532,2026-08-05,16:31:49,29.86,100.0,16.0,25.059,121.499
74DA38ED0454,2026-08-05,16:31:54,31.0,100.0,25.0,24.053,121.599
74DA38ED0640,2026-08-05,16:32:06,26.25,100.0,6.0,23.154,121.266
74DA38F7C260,2026-08-05,16:32:12,31.25,100.0,0.0,25.065,121.425
74DA38F7C42E,2026-08-05,16:32:13,27.62,100.0,0.0,24.969,121.514
74DA38F20BF6,2026-08-05,16:32:17,29.86,100.0,14.0,22.582,120.368
74DA38F7C39A,2026-08-05,16:32:17,30.25,100.0,0.0,25.002,121.414
74DA38F20B26,2026-08-05,16:32:25,29.86,100.0,20.0,22.783,120.247
74DA38F20B5C,2026-08-05,16:32:29,30.11,100.0,16.0,22.798,120.293
74DA38F2104E,2026-08-05,16:32:42,26.87,100.0,16.0,23.108,120.7
74DA38F7C480,2026-08-05,16:32:42,29.75,100.0,0.0,25.061,121.432
74DA38F20DE0,2026-08-05,16:32:46,29.5,100.0,0.0,22.589,120.328
74DA38F20F0A,2026-08-05,16:32:47,27.0,100.0,8.0,22.995,120.635
74DA38F20D1A,2026-08-05,16:32:50,29.25,100.0,0.0,25.078,121.541
74DA38F7C600,2026-08-05,16:32:53,23.12,47.0,13.0,25.07,121.586
74DA38F7C47C,2026-08-05,16:32:54,30.61,100.0,101.0,25.055,121.455
74DA38F7C5CE,2026-08-05,16:32:55,29.25,92.0,0.0,25.066,121.656
74DA38F7C3DE,2026-08-05,16:33:01,30.11,100.0,292.0,24.972,121.537
74DA38F20B80,2026-08-05,16:33:03,30.0,100.0,0.0,22.599,120.35
74DA38F20FA4,2026-08-05,16:33:14,29.36,100.0,26.0,22.63,120.42
74DA38ED0630,2026-08-05,16:33:22,30.25,100.0,0.0,23.994,121.594
74DA38F7C5E6,2026-08-05,16:33:25,31.36,100.0,8.0,25.107,121.843
74DA38F7C338,2026-08-05,16:33:30,30.5,100.0,13.0,25.011,121.458
74DA38F209A8,2026-08-05,16:33:37,-4.0,0.0,0.0,22.401,120.577
74DA38F7C3B2,2026-08-05,16:33:44,32.36,68.0,10.0,24.929,121.378
74DA38F7C5A0,2026-08-05,16:33:45,30.5,100.0,0.0,25.107,121.518
74DA38F20EB2,2026-08-05,16:33:48,26.62,100.0,33.0,24.324,120.835
74DA38F7C616,2026-08-05,16:33:49,30.36,100.0,0.0,25.031,121.563
74DA38F7C30C,2026-08-05,16:33:53,29.61,100.0,0.0,24.975,121.532
74DA38F7C4DE,2026-08-05,16:33:56,29.5,100.0,0.0,25.09,121.462
74DA38F7C3D6,2026-08-05,16:34:02,30.75,100.0,0.0,25.045,121.541
74DA38F21170,2026-08-05,16:34:04,28.86,78.0,5.0,22.779,121.088
74DA38F208E2,2026-08-05,16:34:06,28.36,100.0,20.0,24.688,121.766
74DA38ED04F2,2026-08-05,16:34:07,27.87,100.0,10.0,23.468,121.496
74DA38F20D6C,2026-08-05,16:34:08,30.0,93.0,0.0,22.661,120.301
74DA38F21054,2026-08-05,16:34:09,29.75,77.0,10.0,22.898,120.627
74DA38F209B2,2026-08-05,16:34:10,27.75,100.0,0.0,22.363,120.599
74DA38F7C610,2026-08-05,16:34:19,30.36,100.0,17.0,25.063,121.564
74DA38F7C41E,2026-08-05,16:34:38,30.0,86.0,0.0,25.054,121.517
74DA38F7C5AA,2026-08-05,16:34:38,28.75,100.0,0.0,25.0,121.479
74DA38F7C27E,2026-08-05,16:34:39,30.5,100.0,15.0,25.053,121.444
74DA38F20934,2026-08-05,16:34:41,29.86,78.0,5.0,23.002,121.29
74DA38F20D16,2026-08-05,16:35:00,30.75,100.0,17.0,25.062,121.526
74DA38F7C54E,2026-08-05,16:35:04,28.0,100.0,0.0,25.063,121.661
74DA38F7C3DC,2026-08-05,16:35:16,29.36,100.0,20.0,25.003,121.539
74DA38F20B82,2026-08-05,16:35:17,-4.0,0.0,0.0,22.847,120.465
74DA38ED059C,2026-08-05,16:35:18,28.11,100.0,11.0,23.706,121.412
74DA38F210A2,2026-08-05,16:35:19,29.5,100.0,4.0,25.12,121.466
74DA38F7C366,2026-08-05,16:35:20,30.0,100.0,7.0,25.002,121.516
74DA38F209EE,2026-08-05,16:35:21,28.36,100.0,0.0,23.026,121.33
74DA38F7C47E,2026-08-05,16:35:25,30.11,100.0,21.0,25.053963,121.427681
74DA38F7C506,2026-08-05,16:35:32,29.11,100.0,0.0,24.996,121.544
74DA38F21204,2026-08-05,16:35:39,28.61,100.0,1.0,25.062,121.451
74DA38F7C430,2026-08-05,16:35:39,30.75,86.0,0.0,24.981,121.423
74DA38ED06E0,2026-08-05,16:35:41,29.11,100.0,15.0,23.601,121.521
74DA38F7C5BE,2026-08-05,16:35:45,30.11,98.0,18.0,25.092,121.523
74DA38F2105C,2026-08-05,16:35:51,29.61,100.0,0.0,25.088,121.599
74DA38F20D70,2026-08-05,16:35:52,29.61,95.0,0.0,23.05,121.164
74DA38F20C26,2026-08-05,16:35:58,31.86,82.0,13.0,22.676,120.342
74DA38F20B12,2026-08-05,16:36:02,29.36,76.0,4.0,22.91,120.716
74DA38F20D1E,2026-08-05,16:36:03,29.86,100.0,20.0,25.048,121.573
74DA38F7C514,2026-08-05,16:36:04,30.36,100.0,16.0,25.051,121.518
74DA38F20F1C,2026-08-05,16:36:05,29.36,100.0,14.0,25.062,121.451
74DA38F7C4CC,2026-08-05,16:36:07,29.36,100.0,13.0,25.062,121.451
74DA38F7C310,2026-08-05,16:36:17,30.75,100.0,10.0,25.09,121.464
74DA38F7C63C,2026-08-05,16:36:18,-4.0,0.0,11.0,24.998,121.425
74DA38F21024,2026-08-05,16:36:21,28.86,100.0,0.0,24.93,121.036
74DA38F7C560,2026-08-05,16:36:23,30.36,-62.0,0.0,25.079,121.671
74DA38ED05EA,2026-08-05,16:36:27,29.11,100.0,11.0,23.394,121.357
74DA38F20FFE,2026-08-05,16:36:27,29.25,100.0,12.0,22.894,120.298
74DA38ED05B6,2026-08-05,16:36:29,27.62,100.0,10.0,23.43,121.348
74DA38F20A78,2026-08-05,16:36:29,28.0,100.0,4.0,22.904,121.124
74DA38F21088,2026-08-05,16:36:31,30.25,100.0,1.0,25.068,121.588
74DA38F20862,2026-08-05,16:36:49,27.5,100.0,8.0,23.101,121.176
74DA38F207DE,2026-08-05,16:36:52,30.25,100.0,18.0,22.603,120.34
74DA38F7C464,2026-08-05,16:37:00,26.75,30.0,0.0,25.006,121.413
74DA38F20A30,2026-08-05,16:37:02,29.5,88.0,1.0,24.948,121.372
74DA38F7C59C,2026-08-05,16:37:03,30.5,85.0,24.0,25.103,121.487
74DA38F20D2E,2026-08-05,16:37:13,30.11,100.0,0.0,25.06,121.545
74DA38F20C06,2026-08-05,16:37:17,31.75,71.0,22.0,24.874,121.02
74DA38F21048,2026-08-05,16:37:19,29.36,100.0,20.0,22.595,120.341
74DA38F20E9E,2026-08-05,16:37:20,27.0,100.0,16.0,24.648,121.151
74DA38F7C53C,2026-08-05,16:37:23,28.61,100.0,0.0,25.11,121.804
74DA38F20B88,2026-08-05,16:37:38,28.75,100.0,0.0,22.75,120.316
74DA38F7C532,2026-08-05,16:37:58,29.86,100.0,16.0,25.059,121.499
74DA38ED0454,2026-08-05,16:38:02,31.0,100.0,26.0,24.053,121.599
74DA38ED0640,2026-08-05,16:38:12,26.12,100.0,7.0,23.154,121.266
74DA38F20BF6,2026-08-05,16:38:22,29.86,100.0,14.0,22.582,120.368
74DA38F2113E,2026-08-05,16:38:29,-4.0,0.0,0.0,22.728,120.313
74DA38F20B5C,2026-08-05,16:38:35,30.11,100.0,17.0,22.798,120.293
74DA38F20B26,2026-08-05,16:38:38,29.75,100.0,20.0,22.783,120.247
74DA38F7C260,2026-08-05,16:38:41,31.25,100.0,0.0,25.065,121.425
74DA38F209DE,2026-08-05,16:38:43,31.25,100.0,0.0,24.861,120.964
74DA38F7C39A,2026-08-05,16:38:44,30.25,100.0,0.0,25.002,121.414
74DA38F7C47C,2026-08-05,16:38:47,30.75,100.0,85.0,25.055,121.455
74DA38F20F0A,2026-08-05,16:38:53,26.87,100.0,7.0,22.995,120.635
74DA38F7C42E,2026-08-05,16:38:57,27.75,100.0,0.0,24.969,121.514
74DA38F7C600,2026-08-05,16:38:58,23.12,47.0,14.0,25.07,121.586
74DA38F7C3DE,2026-08-05,16:39:01,30.11,100.0,278.0,24.972,121.537
74DA38F7C480,2026-08-05,16:39:10,29.75,100.0,0.0,25.061,121.432
74DA38F20DE0,2026-08-05,16:39:14,29.5,100.0,0.0,22.589,120.328
74DA38F20D1A,2026-08-05,16:39:18,29.25,100.0,1.0,25.078,121.541
74DA38F7C5CE,2026-08-05,16:39:22,29.25,93.0,0.0,25.066,121.656
74DA38F20FA4,2026-08-05,16:39:27,29.5,100.0,25.0,22.63,120.42
74DA38F20B80,2026-08-05,16:39:30,29.86,100.0,0.0,22.599,120.35
74DA38F7C570,2026-08-05,16:39:30,-4.0,0.0,0.0,25.239,121.63
74DA38F7C5E6,2026-08-05,16:39:30,31.25,100.0,7.0,25.107,121.843
74DA38F7C3BA,2026-08-05,16:39:35,-4.0,0.0,98.0,25.174,121.441
74DA38F7C338,2026-08-05,16:39:36,30.5,100.0,13.0,25.011,121.458
74DA38ED0630,2026-08-05,16:39:50,30.25,100.0,0.0,23.994,121.594
74DA38F7C3B2,2026-08-05,16:39:50,32.36,68.0,10.0,24.929,121.378
74DA38F7C30C,2026-08-05,16:40:01,29.5,100.0,0.0,24.975,121.532
74DA38F7C4DE,2026-08-05,16:40:04,29.36,100.0,0.0,25.09,121.462
74DA38F20EB2,2026-08-05,16:40:09,26.5,100.0,35.0,24.324,120.835
74DA38F21170,2026-08-05,16:40:09,28.86,78.0,6.0,22.779,121.088
74DA38F208E2,2026-08-05,16:40:11,28.36,100.0,19.0,24.688,121.766
74DA38F7C5A0,2026-08-05,16:40:13,30.5,100.0,0.0,25.107,121.518
74DA38F21054,2026-08-05,16:40:15,29.75,76.0,10.0,22.898,120.627
74DA38ED04F2,2026-08-05,16:40:16,27.75,100.0,9.0,23.468,121.496
74DA38F7C610,2026-08-05,16:40:25,30.36,100.0,17.0,25.063,121.564
74DA38F7C3D6,2026-08-05,16:40:30,30.75,100.0,0.0,25.045,121.541
74DA38F209B2,2026-08-05,16:40:37,28.11,100.0,0.0,22.363,120.599
74DA38F7C27E,2026-08-05,16:40:44,30.5,100.0,15.0,25.053,121.444
74DA38F20934,2026-08-05,16:40:53,29.86,78.0,5.0,23.002,121.29
74DA38F20D6C,2026-08-05,16:40:54,30.0,93.0,0.0,22.661,120.301
74DA38F20D16,2026-08-05,16:41:06,30.61,100.0,21.0,25.062,121.526
74DA38F7C5AA,2026-08-05,16:41:10,28.61,100.0,1.0,25.0,121.479
74DA38F7C41E,2026-08-05,16:41:15,30.0,86.0,0.0,25.054,121.517
74DA38F7C3DC,2026-08-05,16:41:23,29.25,100.0,20.0,25.003,121.539
74DA38F210A2,2026-08-05,16:41:24,29.61,100.0,4.0,25.12,121.466
74DA38F209EE,2026-08-05,16:41:26,28.5,100.0,0.0,23.026,121.33
74DA38F7C366,2026-08-05,16:41:27,30.0,100.0,7.0,25.002,121.516
74DA38ED059C,2026-08-05,16:41:30,28.25,100.0,11.0,23.706,121.412
74DA38F7C54E,2026-08-05,16:41:30,28.0,100.0,0.0,25.063,121.661
74DA38F7C47E,2026-08-05,16:41:31,30.25,100.0,21.0,25.053963,121.427681
74DA38ED06E0,2026-08-05,16:41:47,29.25,99.0,14.0,23.601,121.521
74DA38F21204,2026-08-05,16:41:48,28.61,100.0,2.0,25.062,121.451
74DA38F7C5BE,2026-08-05,16:41:50,30.11,98.0,17.0,25.092,121.523
74DA38F20D70,2026-08-05,16:41:57,29.75,95.0,0.0,23.05,121.164
74DA38F7C506,2026-08-05,16:42:01,28.86,100.0,0.0,24.996,121.544
74DA38F20C26,2026-08-05,16:42:05,31.86,82.0,14.0,22.676,120.342
74DA38F20B12,2026-08-05,16:42:08,29.36,76.0,4.0,22.91,120.716
74DA38F7C430,2026-08-05,16:42:08,30.86,86.0,0.0,24.981,121.423
74DA38F20F1C,2026-08-05,16:42:10,29.25,100.0,14.0,25.062,121.451
74DA38F20D1E,2026-08-05,16:42:13,29.86,100.0,21.0,25.048,121.573
74DA38F7C514,2026-08-05,16:42:14,30.36,100.0,16.0,25.051,121.518
74DA38F7C4CC,2026-08-05,16:42:15,29.25,100.0,13.0,25.062,121.451
74DA38F2105C,2026-08-05,16:42:18,29.61,100.0,0.0,25.088,121.599
74DA38F7C310,2026-08-05,16:42:22,30.61,100.0,10.0,25.09,121.464
74DA38ED05EA,2026-08-05,16:42:33,29.11,100.0,11.0,23.394,121.357
74DA38ED05B6,2026-08-05,16:42:35,27.62,100.0,11.0,23.43,121.348
74DA38F20A78,2026-08-05,16:42:35,27.75,100.0,5.0,22.904,121.124
74DA38F20FFE,2026-08-05,16:42:39,29.25,100.0,12.0,22.894,120.298
74DA38F21024,2026-08-05,16:42:48,28.86,100.0,0.0,24.93,121.036
74DA38F7C560,2026-08-05,16:42:50,30.25,-62.0,0.0,25.079,121.671
74DA38F20862,2026-08-05,16:42:56,27.5,100.0,7.0,23.101,121.176
74DA38F207DE,2026-08-05,16:42:59,30.36,100.0,18.0,22.603,120.34
74DA38F21088,2026-08-05,16:42:59,30.36,100.0,0.0,25.068,121.588
74DA38F21136,2026-08-05,16:43:03,30.25,100.0,9.0,25.119,121.505
74DA38F209A8,2026-08-05,16:43:15,-4.0,0.0,0.0,22.401,120.577
74DA38F20C06,2026-08-05,16:43:23,31.75,71.0,21.0,24.874,121.02
74DA38F7C592,2026-08-05,16:43:24,-4.0,0.0,0.0,25.224,121.637
74DA38F7C464,2026-08-05,16:43:28,26.62,30.0,0.0,25.006,121.413
74DA38F20E9E,2026-08-05,16:43:30,27.0,100.0,17.0,24.648,121.151
74DA38F7C59C,2026-08-05,16:43:30,30.36,85.0,25.0,25.103,121.487
74DA38F20A30,2026-08-05,16:43:33,29.5,89.0,2.0,24.948,121.372
74DA38F20D2E,2026-08-05,16:43:41,30.11,100.0,0.0,25.06,121.545
74DA38F21048,2026-08-05,16:43:47,29.5,100.0,20.0,22.595,120.341
74DA38F7C53C,2026-08-05,16:43:51,28.61,100.0,0.0,25.11,121.804
74DA38F7C532,2026-08-05,16:44:06,29.75,100.0,16.0,25.059,121.499
74DA38F20B88,2026-08-05,16:44:10,28.61,100.0,0.0,22.75,120.316
74DA38ED0454,2026-08-05,16:44:11,31.0,100.0,26.0,24.053,121.599
74DA38ED0640,2026-08-05,16:44:21,25.87,100.0,7.0,23.154,121.266
74DA38F20BF6,2026-08-05,16:44:26,29.86,100.0,15.0,22.582,120.368
74DA38F7C47C,2026-08-05,16:44:38,30.61,100.0,69.0,25.055,121.455
74DA38F20B5C,2026-08-05,16:44:41,30.0,100.0,17.0,22.798,120.293
74DA38F20B82,2026-08-05,16:44:49,-4.0,0.0,0.0,22.847,120.465
74DA38F20B26,2026-08-05,16:44:52,29.86,100.0,19.0,22.783,120.247
74DA38F20F0A,2026-08-05,16:44:59,26.87,100.0,7.0,22.995,120.635
74DA38F7C3DE,2026-08-05,16:44:59,30.11,100.0,281.0,24.972,121.537
74DA38F7C600,2026-08-05,16:45:04,23.12,47.0,13.0,25.07,121.586
74DA38F7C260,2026-08-05,16:45:08,31.11,100.0,0.0,25.065,121.425
74DA38F209DE,2026-08-05,16:45:11,31.25,100.0,2.0,24.861,120.964
74DA38F7C39A,2026-08-05,16:45:12,30.25,100.0,0.0,25.002,121.414
74DA38F20FA4,2026-08-05,16:45:35,29.5,100.0,26.0,22.63,120.42
74DA38F7C5E6,2026-08-05,16:45:35,31.25,100.0,7.0,25.107,121.843
74DA38F7C480,2026-08-05,16:45:37,29.36,100.0,0.0,25.061,121.432
74DA38F20DE0,2026-08-05,16:45:41,29.5,100.0,0.0,22.589,120.328
74DA38F7C338,2026-08-05,16:45:41,30.61,100.0,13.0,25.011,121.458
74DA38F2113E,2026-08-05,16:45:44,-4.0,0.0,0.0,22.728,120.313
74DA38F7C42E,2026-08-05,16:45:46,27.75,100.0,0.0,24.969,121.514
74DA38F20D1A,2026-08-05,16:45:47,29.36,100.0,0.0,25.078,121.541
74DA38F7C5CE,2026-08-05,16:45:50,29.36,92.0,0.0,25.066,121.656
74DA38F7C63C,2026-08-05,16:45:50,-4.0,0.0,10.0,24.998,121.425
74DA38F7C3B2,2026-08-05,16:45:56,32.36,68.0,10.0,24.929,121.378
74DA38F20B80,2026-08-05,16:45:57,29.75,100.0,0.0,22.599,120.35
74DA38F7C30C,2026-08-05,16:46:13,29.61,100.0,0.0,24.975,121.532
74DA38F21170,2026-08-05,16:46:15,28.75,77.0,6.0,22.779,121.088
74DA38F7C616,2026-08-05,16:46:15,30.36,100.0,0.0,25.031,121.563
74DA38F208E2,2026-08-05,16:46:16,28.25,100.0,20.0,24.688,121.766
74DA38F7C4DE,2026-08-05,16:46:16,29.5,100.0,0.0,25.09,121.462
74DA38ED0630,2026-08-05,16:46:19,30.25,100.0,1.0,23.994,121.594
74DA38F21054,2026-08-05,16:46:21,29.75,77.0,10.0,22.898,120.627
74DA38ED04F2,2026-08-05,16:46:23,27.75,100.0,9.0,23.468,121.496
74DA38F20EB2,2026-08-05,16:46:25,26.25,100.0,35.0,24.324,120.835
74DA38F7C610,2026-08-05,16:46:33,30.36,100.0,17.0,25.063,121.564
74DA38F7C5A0,2026-08-05,16:46:41,30.5,100.0,0.0,25.107,121.518
74DA38F7C27E,2026-08-05,16:46:49,30.5,100.0,14.0,25.053,121.444
74DA38F7C3D6,2026-08-05,16:46:56,30.75,100.0,0.0,25.045,121.541
74DA38F20934,2026-08-05,16:47:04,29.75,78.0,5.0,23.002,121.29
74DA38F209B2,2026-08-05,16:47:09,28.11,100.0,0.0,22.363,120.599
74DA38F20D6C,2026-08-05,16:47:24,30.0,93.0,0.0,22.661,120.301
74DA38F210A2,2026-08-05,16:47:29,29.5,100.0,4.0,25.12,121.466
74DA38F7C3DC,2026-08-05,16:47:29,29.25,100.0,20.0,25.003,121.539
74DA38F209EE,2026-08-05,16:47:33,28.5,100.0,0.0,23.026,121.33
74DA38F7C366,2026-08-05,16:47:33,29.86,100.0,6.0,25.002,121.516
74DA38F7C47E,2026-08-05,16:47:37,30.5,100.0,21.0,25.053963,121.427681
74DA38ED059C,2026-08-05,16:47:45,28.36,100.0,11.0,23.706,121.412
74DA38F7C41E,2026-08-05,16:47:53,29.86,86.0,0.0,25.054,121.517
74DA38ED06E0,2026-08-05,16:47:55,29.11,99.0,16.0,23.601,121.521
74DA38F7C54E,2026-08-05,16:47:56,27.87,100.0,0.0,25.063,121.661
74DA38F7C5AA,2026-08-05,16:47:56,28.5,100.0,1.0,25.0,121.479
74DA38F7C5BE,2026-08-05,16:47:57,30.11,97.0,17.0,25.092,121.523
74DA38F21204,2026-08-05,16:47:59,28.61,100.0,2.0,25.062,121.451
74DA38F20D70,2026-08-05,16:48:04,29.75,96.0,0.0,23.05,121.164
74DA38F20C26,2026-08-05,16:48:13,32.0,82.0,14.0,22.676,120.342
74DA38F20B12,2026-08-05,16:48:14,29.25,76.0,4.0,22.91,120.716
74DA38F20F1C,2026-08-05,16:48:16,29.11,100.0,14.0,25.062,121.451
74DA38F7C3BA,2026-08-05,16:48:20,-4.0,0.0,95.0,25.174,121.441
74DA38F7C4CC,2026-08-05,16:48:23,29.11,100.0,14.0,25.062,121.451
74DA38F7C514,2026-08-05,16:48:23,30.25,100.0,16.0,25.051,121.518
74DA38F7C310,2026-08-05,16:48:26,30.75,100.0,10.0,25.09,121.464
74DA38F7C566,2026-08-05,16:48:29,31.86,100.0,0.0,25.051,121.448
74DA38F7C506,2026-08-05,16:48:30,29.0,100.0,0.0,24.996,121.544
74DA38F20D1E,2026-08-05,16:48:31,29.86,100.0,21.0,25.048,121.573
74DA38F7C430,2026-08-05,16:48:35,31.0,86.0,0.0,24.981,121.423
74DA38ED05EA,2026-08-05,16:48:39,29.11,100.0,11.0,23.394,121.357
74DA38F20A78,2026-08-05,16:48:41,27.75,100.0,4.0,22.904,121.124
74DA38ED05B6,2026-08-05,16:48:42,27.62,100.0,12.0,23.43,121.348
74DA38F2105C,2026-08-05,16:48:47,29.61,100.0,0.0,25.088,121.599
74DA38F20862,2026-08-05,16:49:02,27.37,100.0,7.0,23.101,121.176
74DA38F207DE,2026-08-05,16:49:05,30.25,100.0,17.0,22.603,120.34
74DA38F20FFE,2026-08-05,16:49:06,29.11,100.0,11.0,22.894,120.298
74DA38F7C570,2026-08-05,16:49:10,-4.0,0.0,0.0,25.239,121.63
74DA38F21136,2026-08-05,16:49:13,30.25,100.0,9.0,25.119,121.505
74DA38F21024,2026-08-05,16:49:15,28.86,100.0,0.0,24.93,121.036
74DA38F20E6E,2026-08-05,16:49:17,27.0,100.0,0.0,24.41,120.902
74DA38F7C560,2026-08-05,16:49:18,30.11,-62.0,0.0,25.079,121.671
74DA38F21088,2026-08-05,16:49:27,30.36,100.0,0.0,25.068,121.588
74DA38F20C06,2026-08-05,16:49:32,31.61,71.0,22.0,24.874,121.02
74DA38F20E9E,2026-08-05,16:49:37,27.0,100.0,17.0,24.648,121.151
74DA38F7C464,2026-08-05,16:49:58,26.5,30.0,0.0,25.006,121.413
74DA38F7C59C,2026-08-05,16:49:59,30.61,85.0,24.0,25.103,121.487
74DA38F20A30,2026-08-05,16:50:06,29.36,89.0,2.0,24.948,121.372
74DA38F20D2E,2026-08-05,16:50:09,30.11,100.0,0.0,25.06,121.545
74DA38F7C532,2026-08-05,16:50:16,29.86,100.0,15.0,25.059,121.499
74DA38ED0454,2026-08-05,16:50:17,31.0,100.0,25.0,24.053,121.599
74DA38F21048,2026-08-05,16:50:17,29.5,100.0,20.0,22.595,120.341
74DA38F7C53C,2026-08-05,16:50:19,28.5,100.0,0.0,25.11,121.804
74DA38ED0640,2026-08-05,16:50:28,25.75,100.0,7.0,23.154,121.266
74DA38F20BF6,2026-08-05,16:50:30,29.86,100.0,15.0,22.582,120.368
74DA38F7C47C,2026-08-05,16:50:30,30.5,100.0,77.0,25.055,121.455
74DA38F20B88,2026-08-05,16:50:42,28.61,100.0,0.0,22.75,120.316
74DA38F20B5C,2026-08-05,16:50:47,30.0,100.0,17.0,22.798,120.293
74DA38F7C3DE,2026-08-05,16:50:58,30.0,100.0,281.0,24.972,121.537
74DA38F20B26,2026-08-05,16:51:01,29.86,100.0,18.0,22.783,120.247
74DA38F20F0A,2026-08-05,16:51:05,26.87,100.0,7.0,22.995,120.635
74DA38F7C600,2026-08-05,16:51:10,23.12,47.0,13.0,25.07,121.586
74DA38F7C260,2026-08-05,16:51:34,31.0,100.0,0.0,25.065,121.425
74DA38F209DE,2026-08-05,16:51:38,31.25,100.0,0.0,24.861,120.964
74DA38F7C39A,2026-08-05,16:51:39,30.11,100.0,0.0,25.002,121.414
74DA38F7C5E6,2026-08-05,16:51:40,31.25,100.0,7.0,25.107,121.843
74DA38F7C338,2026-08-05,16:51:48,30.5,100.0,13.0,25.011,121.458
74DA38F20FA4,2026-08-05,16:51:55,29.5,100.0,26.0,22.63,120.42
74DA38F7C3B2,2026-08-05,16:52:02,32.36,68.0,9.0,24.929,121.378
74DA38F7C480,2026-08-05,16:52:05,29.36,100.0,0.0,25.061,121.432
74DA38F20DE0,2026-08-05,16:52:08,29.5,100.0,0.0,22.589,120.328
74DA38F7C42E,2026-08-05,16:52:14,27.75,100.0,0.0,24.969,121.514
74DA38F20D1A,2026-08-05,16:52:15,29.5,100.0,0.0,25.078,121.541
74DA38F7C5CE,2026-08-05,16:52:17,29.36,93.0,0.0,25.066,121.656
74DA38F208E2,2026-08-05,16:52:22,28.25,100.0,20.0,24.688,121.766
74DA38F20B80,2026-08-05,16:52:25,29.86,100.0,0.0,22.599,120.35
74DA38F7C4DE,2026-08-05,16:52:26,29.36,100.0,0.0,25.09,121.462
74DA38F21054,2026-08-05,16:52:27,29.75,77.0,10.0,22.898,120.627
74DA38ED04F2,2026-08-05,16:52:30,27.75,100.0,9.0,23.468,121.496
74DA38F21170,2026-08-05,16:52:32,28.5,79.0,6.0,22.779,121.088
74DA38F7C30C,2026-08-05,16:52:33,29.61,100.0,0.0,24.975,121.532
74DA38F20EB2,2026-08-05,16:52:37,26.25,100.0,37.0,24.324,120.835
74DA38F7C610,2026-08-05,16:52:41,30.5,100.0,17.0,25.063,121.564
74DA38ED0630,2026-08-05,16:52:46,30.25,100.0,0.0,23.994,121.594
74DA38F209A8,2026-08-05,16:52:54,-4.0,0.0,0.0,22.401,120.577
74DA38F7C27E,2026-08-05,16:52:55,30.5,100.0,14.0,25.053,121.444
74DA38F2113E,2026-08-05,16:53:00,-4.0,0.0,0.0,22.728,120.313
74DA38F7C592,2026-08-05,16:53:04,-4.0,0.0,0.0,25.224,121.637
74DA38F7C5A0,2026-08-05,16:53:08,30.5,100.0,0.0,25.107,121.518
74DA38F20934,2026-08-05,16:53:17,29.86,78.0,6.0,23.002,121.29
74DA38F20D16,2026-08-05,16:53:20,30.61,100.0,16.0,25.062,121.526
74DA38F7C3D6,2026-08-05,16:53:24,30.75,100.0,0.0,25.045,121.541
74DA38F209B2,2026-08-05,16:53:34,28.0,100.0,0.0,22.363,120.599
74DA38F210A2,2026-08-05,16:53:34,29.61,100.0,4.0,25.12,121.466
74DA38F209EE,2026-08-05,16:53:38,28.5,100.0,0.0,23.026,121.33
74DA38F7C366,2026-08-05,16:53:38,29.61,100.0,6.0,25.002,121.516
74DA38F7C47E,2026-08-05,16:53:44,30.5,100.0,21.0,25.053963,121.427681
74DA38F20D6C,2026-08-05,16:53:59,30.0,93.0,0.0,22.661,120.301
74DA38F7C3DC,2026-08-05,16:53:59,29.0,100.0,21.0,25.003,121.539
74DA38ED059C,2026-08-05,16:54:00,28.25,100.0,11.0,23.706,121.412
74DA38F7C5BE,2026-08-05,16:54:02,30.11,97.0,17.0,25.092,121.523
74DA38F20D70,2026-08-05,16:54:09,29.75,97.0,0.0,23.05,121.164
74DA38F21204,2026-08-05,16:54:10,28.61,100.0,2.0,25.062,121.451
74DA38ED06E0,2026-08-05,16:54:15,29.25,99.0,15.0,23.601,121.521
74DA38F20B12,2026-08-05,16:54:19,29.25,76.0,4.0,22.91,120.716
74DA38F20C26,2026-08-05,16:54:20,32.0,81.0,13.0,22.676,120.342
74DA38F20B82,2026-08-05,16:54:21,-4.0,0.0,0.0,22.847,120.465
74DA38F20F1C,2026-08-05,16:54:21,29.11,100.0,14.0,25.062,121.451
74DA38F7C54E,2026-08-05,16:54:22,27.87,100.0,0.0,25.063,121.661
74DA38F7C4CC,2026-08-05,16:54:30,28.86,100.0,14.0,25.062,121.451
74DA38F7C514,2026-08-05,16:54:30,30.25,100.0,15.0,25.051,121.518
74DA38F7C310,2026-08-05,16:54:31,30.75,100.0,9.0,25.09,121.464
74DA38F7C5AA,2026-08-05,16:54:35,28.25,100.0,0.0,25.0,121.479
74DA38F20D1E,2026-08-05,16:54:41,29.75,100.0,21.0,25.048,121.573
74DA38ED05EA,2026-08-05,16:54:45,29.0,100.0,11.0,23.394,121.357
74DA38ED05B6,2026-08-05,16:54:47,27.5,100.0,14.0,23.43,121.348
74DA38F20A78,2026-08-05,16:54:48,27.62,100.0,4.0,22.904,121.124
74DA38F7C506,2026-08-05,16:54:57,29.0,100.0,0.0,24.996,121.544
74DA38F7C430,2026-08-05,16:55:03,31.0,85.0,0.0,24.981,121.423
74DA38F20862,2026-08-05,16:55:09,27.25,100.0,8.0,23.101,121.176
74DA38F207DE,2026-08-05,16:55:10,30.25,100.0,19.0,22.603,120.34
74DA38F7C566,2026-08-05,16:55:11,31.86,100.0,0.0,25.051,121.448
74DA38F20FFE,2026-08-05,16:55:12,29.0,100.0,11.0,22.894,120.298
74DA38F2105C,2026-08-05,16:55:12,29.61,100.0,0.0,25.088,121.599
74DA38F20E6E,2026-08-05,16:55:18,27.0,100.0,0.0,24.41,120.902
74DA38F7C63C,2026-08-05,16:55:21,-4.0,0.0,10.0,24.998,121.425
74DA38F20C06,2026-08-05,16:55:40,31.61,71.0,22.0,24.874,121.02
74DA38F21024,2026-08-05,16:55:41,28.86,100.0,0.0,24.93,121.036
74DA38F20E9E,2026-08-05,16:55:44,27.0,100.0,17.0,24.648,121.151
74DA38F7C560,2026-08-05,16:55:46,30.36,-62.0,0.0,25.079,121.671
74DA38F21088,2026-08-05,16:55:55,30.36,100.0,0.0,25.068,121.588
74DA38F7C532,2026-08-05,16:56:23,29.86,100.0,16.0,25.059,121.499
74DA38F7C59C,2026-08-05,16:56:25,30.61,85.0,24.0,25.103,121.487
74DA38ED0454,2026-08-05,16:56:26,30.86,100.0,25.0,24.053,121.599
74DA38F7C47C,2026-08-05,16:56:26,30.5,100.0,91.0,25.055,121.455
74DA38F7C464,2026-08-05,16:56:28,26.5,30.0,0.0,25.006,121.413
74DA38ED0640,2026-08-05,16:56:34,25.62,100.0,6.0,23.154,121.266
74DA38F20BF6,2026-08-05,16:56:35,29.86,100.0,15.0,22.582,120.368
74DA38F20D2E,2026-08-05,16:56:35,30.0,100.0,0.0,25.06,121.545
74DA38F21048,2026-08-05,16:56:46,29.5,100.0,22.0,22.595,120.341
74DA38F7C53C,2026-08-05,16:56:46,28.25,100.0,0.0,25.11,121.804
74DA38F20B5C,2026-08-05,16:56:52,30.0,100.0,16.0,22.798,120.293
74DA38F20A30,2026-08-05,16:56:54,29.25,89.0,5.0,24.948,121.372
74DA38F7C3DE,2026-08-05,16:56:59,29.86,100.0,286.0,24.972,121.537
74DA38F7C3BA,2026-08-05,16:57:05,-4.0,0.0,94.0,25.174,121.441
74DA38F20B26,2026-08-05,16:57:10,29.86,100.0,19.0,22.783,120.247
74DA38F20F0A,2026-08-05,16:57:12,27.0,100.0,7.0,22.995,120.635
74DA38F7C600,2026-08-05,16:57:15,23.12,47.0,13.0,25.07,121.586
74DA38F20B88,2026-08-05,16:57:22,28.61,100.0,0.0,22.75,120.316
74DA38F7C5E6,2026-08-05,16:57:45,31.25,100.0,7.0,25.107,121.843
74DA38F7C338,2026-08-05,16:57:59,30.5,100.0,13.0,25.011,121.458
74DA38F7C260,2026-08-05,16:58:00,31.11,100.0,0.0,25.065,121.425
74DA38F20FA4,2026-08-05,16:58:04,29.5,100.0,25.0,22.63,120.42
74DA38F209DE,2026-08-05,16:58:05,31.25,100.0,0.0,24.861,120.964
74DA38F7C39A,2026-08-05,16:58:07,30.11,100.0,0.0,25.002,121.414
74DA38F7C3B2,2026-08-05,16:58:07,32.36,68.0,10.0,24.929,121.378
74DA38F208E2,2026-08-05,16:58:28,28.25,100.0,20.0,24.688,121.766
74DA38F21054,2026-08-05,16:58:32,29.75,77.0,10.0,22.898,120.627
74DA38F7C480,2026-08-05,16:58:33,29.61,100.0,0.0,25.061,121.432
74DA38F20DE0,2026-08-05,16:58:36,29.5,100.0,0.0,22.589,120.328
74DA38ED04F2,2026-08-05,16:58:39,27.75,100.0,9.0,23.468,121.496
74DA38F7C4DE,2026-08-05,16:58:40,29.36,100.0,0.0,25.09,121.462
74DA38F21170,2026-08-05,16:58:41,28.5,78.0,5.0,22.779,121.088
74DA38F20D1A,2026-08-05,16:58:42,29.36,100.0,0.0,25.078,121.541
74DA38F7C5CE,2026-08-05,16:58:44,29.36,93.0,0.0,25.066,121.656
74DA38F7C42E,2026-08-05,16:58:46,27.62,100.0,0.0,24.969,121.514
74DA38F7C610,2026-08-05,16:58:48,30.5,100.0,17.0,25.063,121.564
74DA38F7C570,2026-08-05,16:58:49,-4.0,0.0,0.0,25.239,121.63
74DA38F7C30C,2026-08-05,16:58:50,29.61,100.0,0.0,24.975,121.532
74DA38F20B80,2026-08-05,16:58:51,30.0,100.0,0.0,22.599,120.35
74DA38F20EB2,2026-08-05,16:58:51,26.0,100.0,38.0,24.324,120.835
74DA38F2104E,2026-08-05,16:58:53,26.62,100.0,15.0,23.108,120.7
74DA38F7C27E,2026-08-05,16:59:00,30.5,100.0,14.0,25.053,121.444
74DA38ED0630,2026-08-05,16:59:14,30.25,100.0,0.0,23.994,121.594
74DA38F20934,2026-08-05,16:59:25,29.75,78.0,6.0,23.002,121.29
74DA38F20D16,2026-08-05,16:59:26,30.61,100.0,16.0,25.062,121.526
74DA38F7C616,2026-08-05,16:59:27,30.11,100.0,0.0,25.031,121.563
74DA38F7C5A0,2026-08-05,16:59:35,30.5,100.0,0.0,25.107,121.518
74DA38F210A2,2026-08-05,16:59:40,29.5,100.0,4.0,25.12,121.466
74DA38F209EE,2026-08-05,16:59:43,28.5,100.0,0.0,23.026,121.33
74DA38F7C366,2026-08-05,16:59:44,29.75,100.0,6.0,25.002,121.516
74DA38F7C47E,2026-08-05,16:59:51,30.5,100.0,20.0,25.053963,121.427681
74DA38F7C3D6,2026-08-05,16:59:52,30.61,100.0,0.0,25.045,121.541
74DA38F209B2,2026-08-05,17:00:01,28.25,100.0,0.0,22.363,120.599
74DA38F7C5BE,2026-08-05,17:00:09,30.11,97.0,17.0,25.092,121.523
74DA38ED059C,2026-08-05,17:00:10,28.11,100.0,11.0,23.706,121.412
74DA38F20D70,2026-08-05,17:00:16,29.75,97.0,0.0,23.05,121.164
74DA38F21204,2026-08-05,17:00:20,28.61,100.0,2.0,25.062,121.451
74DA38ED06E0,2026-08-05,17:00:25,29.25,99.0,16.0,23.601,121.521
74DA38F20B12,2026-08-05,17:00:26,29.25,77.0,4.0,22.91,120.716
74DA38F20D6C,2026-08-05,17:00:26,30.0,93.0,0.0,22.661,120.301
74DA38F20F1C,2026-08-05,17:00:26,29.11,100.0,14.0,25.062,121.451
74DA38F2113E,2026-08-05,17:00:26,-4.0,0.0,0.0,22.728,120.313
74DA38F20C26,2026-08-05,17:00:27,32.0,82.0,13.0,22.676,120.342
74DA38F7C310,2026-08-05,17:00:37,30.75,100.0,9.0,25.09,121.464
74DA38F7C4CC,2026-08-05,17:00:37,28.75,100.0,13.0,25.062,121.451
74DA38F7C514,2026-08-05,17:00:38,30.11,100.0,16.0,25.051,121.518
74DA38F20D1E,2026-08-05,17:00:48,29.75,100.0,21.0,25.048,121.573
74DA38ED05EA,2026-08-05,17:00:50,29.0,100.0,11.0,23.394,121.357
74DA38ED05B6,2026-08-05,17:00:54,27.5,100.0,14.0,23.43,121.348
74DA38F20A78,2026-08-05,17:00:54,27.62,100.0,5.0,22.904,121.124
74DA38F7C54E,2026-08-05,17:00:54,27.87,100.0,0.0,25.063,121.661
74DA38F7C41E,2026-08-05,17:01:07,29.86,86.0,0.0,25.054,121.517
74DA38F20862,2026-08-05,17:01:15,27.37,100.0,7.0,23.101,121.176
74DA38F207DE,2026-08-05,17:01:16,30.11,100.0,20.0,22.603,120.34
74DA38F20FFE,2026-08-05,17:01:19,29.0,100.0,11.0,22.894,120.298
74DA38F7C506,2026-08-05,17:01:26,28.75,100.0,0.0,24.996,121.544
74DA38F7C430,2026-08-05,17:01:31,31.0,85.0,0.0,24.981,121.423
74DA38F2105C,2026-08-05,17:01:39,29.36,100.0,0.0,25.088,121.599
74DA38F20C06,2026-08-05,17:01:48,31.61,71.0,21.0,24.874,121.02
74DA38F20E9E,2026-08-05,17:01:49,27.0,100.0,15.0,24.648,121.151
74DA38F21024,2026-08-05,17:02:08,28.86,100.0,0.0,24.93,121.036
74DA38F7C560,2026-08-05,17:02:12,30.5,-62.0,0.0,25.079,121.671
74DA38F7C47C,2026-08-05,17:02:22,30.36,100.0,81.0,25.055,121.455
74DA38F21088,2026-08-05,17:02:23,30.11,100.0,0.0,25.068,121.588
74DA38ED0454,2026-08-05,17:02:32,30.75,100.0,25.0,24.053,121.599
74DA38F209A8,2026-08-05,17:02:33,-4.0,0.0,0.0,22.401,120.577
74DA38F7C532,2026-08-05,17:02:34,29.86,100.0,16.0,25.059,121.499
74DA38F20BF6,2026-08-05,17:02:40,29.86,100.0,15.0,22.582,120.368
74DA38ED0640,2026-08-05,17:02:43,25.75,100.0,7.0,23.154,121.266
74DA38F7C592,2026-08-05,17:02:43,-4.0,0.0,0.0,25.224,121.637
74DA38F7C59C,2026-08-05,17:02:53,30.75,84.0,24.0,25.103,121.487
74DA38F7C464,2026-08-05,17:02:56,26.37,30.0,0.0,25.006,121.413
74DA38F7C3DE,2026-08-05,17:02:57,29.75,100.0,278.0,24.972,121.537
74DA38F20B5C,2026-08-05,17:02:59,30.0,100.0,19.0,22.798,120.293
74DA38F20D2E,2026-08-05,17:03:03,30.0,100.0,0.0,25.06,121.545
74DA38F7C53C,2026-08-05,17:03:13,28.36,100.0,0.0,25.11,121.804
74DA38F20F0A,2026-08-05,17:03:18,26.87,100.0,7.0,22.995,120.635
74DA38F21048,2026-08-05,17:03:19,29.61,100.0,23.0,22.595,120.341
74DA38F7C600,2026-08-05,17:03:21,23.12,47.0,13.0,25.07,121.586
74DA38F20A30,2026-08-05,17:03:32,29.0,90.0,0.0,24.948,121.372
74DA38F20B26,2026-08-05,17:03:38,29.86,100.0,16.0,22.783,120.247
74DA38F7C5E6,2026-08-05,17:03:50,31.25,100.0,7.0,25.107,121.843
74DA38F20B88,2026-08-05,17:03:51,28.61,100.0,0.0,22.75,120.316
74DA38F20B82,2026-08-05,17:03:53,-4.0,0.0,0.0,22.847,120.465
74DA38F7C338,2026-08-05,17:04:08,30.5,100.0,14.0,25.011,121.458
74DA38F7C3B2,2026-08-05,17:04:12,32.36,68.0,10.0,24.929,121.378
74DA38F20FA4,2026-08-05,17:04:15,29.36,100.0,25.0,22.63,120.42
74DA38F7C260,2026-08-05,17:04:28,31.0,100.0,0.0,25.065,121.425
74DA38F209DE,2026-08-05,17:04:33,31.25,100.0,0.0,24.861,120.964
74DA38F208E2,2026-08-05,17:04:36,28.25,100.0,20.0,24.688,121.766
74DA38F7C39A,2026-08-05,17:04:36,30.11,100.0,0.0,25.002,121.414
74DA38F21054,2026-08-05,17:04:39,29.75,77.0,11.0,22.898,120.627
74DA38ED04F2,2026-08-05,17:04:47,27.75,100.0,9.0,23.468,121.496
74DA38F21170,2026-08-05,17:04:47,28.5,79.0,5.0,22.779,121.088
74DA38F7C4DE,2026-08-05,17:04:50,29.5,100.0,0.0,25.09,121.462
74DA38F7C63C,2026-08-05,17:04:54,-4.0,0.0,10.0,24.998,121.425
74DA38F7C610,2026-08-05,17:04:56,30.5,100.0,18.0,25.063,121.564
74DA38F2104E,2026-08-05,17:04:58,26.62,100.0,15.0,23.108,120.7
74DA38F7C30C,2026-08-05,17:05:00,29.5,100.0,0.0,24.975,121.532
74DA38F7C480,2026-08-05,17:05:00,29.61,100.0,0.0,25.061,121.432
74DA38F7C27E,2026-08-05,17:05:05,30.61,100.0,14.0,25.053,121.444
74DA38F20DE0,2026-08-05,17:05:07,29.36,100.0,0.0,22.589,120.328
74DA38F20EB2,2026-08-05,17:05:07,25.75,100.0,37.0,24.324,120.835
74DA38F20D1A,2026-08-05,17:05:11,29.5,100.0,0.0,25.078,121.541
74DA38F7C5CE,2026-08-05,17:05:11,29.36,93.0,0.0,25.066,121.656
74DA38F7C42E,2026-08-05,17:05:14,27.75,100.0,0.0,24.969,121.514
74DA38F20B80,2026-08-05,17:05:22,30.0,100.0,0.0,22.599,120.35
74DA38F20934,2026-08-05,17:05:31,29.75,78.0,5.0,23.002,121.29
74DA38F20D16,2026-08-05,17:05:32,30.75,100.0,16.0,25.062,121.526
74DA38F7C616,2026-08-05,17:05:38,30.11,100.0,0.0,25.031,121.563
74DA38ED0630,2026-08-05,17:05:41,30.25,100.0,0.0,23.994,121.594
74DA38F210A2,2026-08-05,17:05:45,29.5,100.0,4.0,25.12,121.466
74DA38F209EE,2026-08-05,17:05:49,28.61,100.0,0.0,23.026,121.33
74DA38F7C366,2026-08-05,17:05:49,29.75,100.0,7.0,25.002,121.516
74DA38F7C3BA,2026-08-05,17:05:50,-4.0,0.0,98.0,25.174,121.441
74DA38F7C47E,2026-08-05,17:05:56,30.61,100.0,19.0,25.053963,121.427681
74DA38F7C5A0,2026-08-05,17:06:03,30.5,100.0,0.0,25.107,121.518
74DA38F7C5BE,2026-08-05,17:06:16,30.11,97.0,17.0,25.092,121.523
74DA38F7C3D6,2026-08-05,17:06:17,30.75,100.0,0.0,25.045,121.541
74DA38ED059C,2026-08-05,17:06:21,28.25,100.0,11.0,23.706,121.412
74DA38F20D70,2026-08-05,17:06:21,29.5,98.0,0.0,23.05,121.164
74DA38F209B2,2026-08-05,17:06:27,28.11,100.0,0.0,22.363,120.599
74DA38F21204,2026-08-05,17:06:30,28.5,100.0,1.0,25.062,121.451
74DA38F20B12,2026-08-05,17:06:32,29.11,77.0,4.0,22.91,120.716
74DA38F20F1C,2026-08-05,17:06:32,29.0,100.0,15.0,25.062,121.451
74DA38F20C26,2026-08-05,17:06:35,32.0,82.0,13.0,22.676,120.342
74DA38F7C4CC,2026-08-05,17:06:43,28.61,100.0,13.0,25.062,121.451
74DA38F7C310,2026-08-05,17:06:44,30.75,100.0,9.0,25.09,121.464
74DA38F7C514,2026-08-05,17:06:46,30.11,100.0,16.0,25.051,121.518
74DA38ED05EA,2026-08-05,17:06:56,29.0,100.0,11.0,23.394,121.357
74DA38F20D1E,2026-08-05,17:06:56,29.5,100.0,23.0,25.048,121.573
74DA38F20A78,2026-08-05,17:07:00,27.75,100.0,5.0,22.904,121.124
74DA38ED05B6,2026-08-05,17:07:12,27.5,100.0,13.0,23.43,121.348
74DA38F207DE,2026-08-05,17:07:21,30.11,100.0,20.0,22.603,120.34
74DA38F20862,2026-08-05,17:07:21,27.25,100.0,7.0,23.101,121.176
74DA38F7C54E,2026-08-05,17:07:22,27.75,100.0,0.0,25.063,121.661
74DA38F20FFE,2026-08-05,17:07:34,29.0,100.0,12.0,22.894,120.298
74DA38F2113E,2026-08-05,17:07:42,-4.0,0.0,0.0,22.728,120.313
74DA38F7C41E,2026-08-05,17:07:43,30.0,86.0,0.0,25.054,121.517
74DA38F20C06,2026-08-05,17:07:55,31.61,71.0,22.0,24.874,121.02
74DA38F20E9E,2026-08-05,17:07:56,26.87,100.0,16.0,24.648,121.151
74DA38F7C506,2026-08-05,17:07:56,28.36,100.0,0.0,24.996,121.544
74DA38F7C430,2026-08-05,17:07:58,31.11,85.0,0.0,24.981,121.423
74DA38F2105C,2026-08-05,17:08:06,29.36,100.0,0.0,25.088,121.599
74DA38F7C47C,2026-08-05,17:08:16,30.5,100.0,77.0,25.055,121.455
74DA38F7C570,2026-08-05,17:08:28,-4.0,0.0,0.0,25.239,121.63
74DA38F21136,2026-08-05,17:08:29,30.25,100.0,10.0,25.119,121.505
74DA38F21024,2026-08-05,17:08:35,28.86,100.0,0.0,24.93,121.036
74DA38F7C560,2026-08-05,17:08:40,30.5,-62.0,0.0,25.079,121.671
74DA38ED0454,2026-08-05,17:08:41,30.75,100.0,25.0,24.053,121.599
74DA38F7C532,2026-08-05,17:08:41,29.86,100.0,16.0,25.059,121.499
74DA38F20BF6,2026-08-05,17:08:45,29.86,100.0,15.0,22.582,120.368
74DA38ED0640,2026-08-05,17:08:50,25.62,100.0,7.0,23.154,121.266
74DA38F21088,2026-08-05,17:08:50,30.11,100.0,0.0,25.068,121.588
74DA38F7C3DE,2026-08-05,17:08:56,29.61,100.0,272.0,24.972,121.537
74DA38F20B5C,2026-08-05,17:09:14,30.0,100.0,19.0,22.798,120.293
74DA38F7C59C,2026-08-05,17:09:21,30.86,84.0,24.0,25.103,121.487
74DA38F20F0A,2026-08-05,17:09:24,26.75,100.0,7.0,22.995,120.635
74DA38F7C464,2026-08-05,17:09:24,26.37,30.0,0.0,25.006,121.413
74DA38F7C600,2026-08-05,17:09:26,23.12,47.0,13.0,25.07,121.586
74DA38F20D2E,2026-08-05,17:09:31,30.0,100.0,0.0,25.06,121.545
74DA38F7C53C,2026-08-05,17:09:41,28.11,100.0,0.0,25.11,121.804
74DA38F21048,2026-08-05,17:09:49,29.61,100.0,22.0,22.595,120.341
74DA38F20B26,2026-08-05,17:09:54,29.86,100.0,19.0,22.783,120.247
74DA38F7C5E6,2026-08-05,17:09:56,31.25,100.0,7.0,25.107,121.843
74DA38F20A30,2026-08-05,17:10:00,28.75,90.0,1.0,24.948,121.372
74DA38F7C13A,2026-08-05,17:10:07,22.5,-18.0,0.0,25.069,121.359
74DA38F7C3B2,2026-08-05,17:10:18,32.36,68.0,10.0,24.929,121.378
74DA38F20B88,2026-08-05,17:10:20,28.61,100.0,0.0,22.75,120.316
74DA38F7C338,2026-08-05,17:10:23,30.5,100.0,13.0,25.011,121.458
74DA38F20FA4,2026-08-05,17:10:36,29.36,100.0,26.0,22.63,120.42
74DA38F208E2,2026-08-05,17:10:42,28.25,100.0,19.0,24.688,121.766
74DA38F21054,2026-08-05,17:10:44,29.75,77.0,10.0,22.898,120.627
74DA38F21170,2026-08-05,17:10:52,28.36,79.0,5.0,22.779,121.088
74DA38ED04F2,2026-08-05,17:10:56,27.75,100.0,9.0,23.468,121.496
74DA38F209DE,2026-08-05,17:11:01,31.25,100.0,0.0,24.861,120.964
74DA38F7C4DE,2026-08-05,17:11:03,29.5,100.0,0.0,25.09,121.462
74DA38F7C610,2026-08-05,17:11:03,30.5,100.0,17.0,25.063,121.564
74DA38F2104E,2026-08-05,17:11:04,26.5,100.0,15.0,23.108,120.7
74DA38F7C39A,2026-08-05,17:11:04,30.11,100.0,0.0,25.002,121.414
74DA38F7C260,2026-08-05,17:11:06,31.0,100.0,0.0,25.065,121.425
74DA38F7C27E,2026-08-05,17:11:09,30.5,100.0,15.0,25.053,121.444
74DA38F7C30C,2026-08-05,17:11:11,29.5,100.0,0.0,24.975,121.532
74DA38F20EB2,2026-08-05,17:11:20,25.5,100.0,36.0,24.324,120.835
74DA38F7C480,2026-08-05,17:11:28,29.36,100.0,0.0,25.061,121.432
74DA38F20DE0,2026-08-05,17:11:36,29.36,100.0,1.0,22.589,120.328
74DA38F7C5CE,2026-08-05,17:11:38,29.25,93.0,0.0,25.066,121.656
74DA38F20D1A,2026-08-05,17:11:40,29.61,100.0,0.0,25.078,121.541
74DA38F20D16,2026-08-05,17:11:41,30.75,100.0,23.0,25.062,121.526
74DA38F7C42E,2026-08-05,17:11:41,27.75,100.0,0.0,24.969,121.514
74DA38F20934,2026-08-05,17:11:42,29.75,78.0,6.0,23.002,121.29
74DA38F7C616,2026-08-05,17:11:44,30.25,100.0,0.0,25.031,121.563
74DA38F210A2,2026-08-05,17:11:50,29.5,100.0,4.0,25.12,121.466
74DA38F209EE,2026-08-05,17:11:54,28.61,100.0,0.0,23.026,121.33
74DA38F7C366,2026-08-05,17:11:54,29.61,100.0,7.0,25.002,121.516
74DA38F20B80,2026-08-05,17:11:55,30.0,100.0,0.0,22.599,120.35
74DA38F7C47E,2026-08-05,17:12:04,30.5,100.0,20.0,25.053963,121.427681
74DA38ED0630,2026-08-05,17:12:11,30.36,100.0,0.0,23.994,121.594
74DA38F209A8,2026-08-05,17:12:14,-4.0,0.0,0.0,22.401,120.577
74DA38F7C592,2026-08-05,17:12:22,-4.0,0.0,0.0,25.224,121.637
74DA38F7C5BE,2026-08-05,17:12:23,30.11,97.0,17.0,25.092,121.523
74DA38F20D70,2026-08-05,17:12:27,29.36,99.0,0.0,23.05,121.164
74DA38F7C5A0,2026-08-05,17:12:30,30.5,100.0,0.0,25.107,121.518
74DA38ED059C,2026-08-05,17:12:36,28.36,100.0,11.0,23.706,121.412
74DA38F21204,2026-08-05,17:12:36,28.5,100.0,2.0,25.062,121.451
74DA38F20B12,2026-08-05,17:12:37,29.25,77.0,4.0,22.91,120.716
74DA38F20F1C,2026-08-05,17:12:39,29.0,100.0,14.0,25.062,121.451
74DA38F20C26,2026-08-05,17:12:40,32.0,82.0,13.0,22.676,120.342
74DA38F7C3D6,2026-08-05,17:12:45,30.75,100.0,0.0,25.045,121.541
74DA38F7C310,2026-08-05,17:12:48,30.61,100.0,10.0,25.09,121.464
74DA38F7C4CC,2026-08-05,17:12:49,28.61,100.0,14.0,25.062,121.451
74DA38F209B2,2026-08-05,17:12:55,28.11,100.0,0.0,22.363,120.599
74DA38F7C514,2026-08-05,17:12:55,30.0,100.0,16.0,25.051,121.518
74DA38ED05EA,2026-08-05,17:13:02,29.0,100.0,11.0,23.394,121.357
74DA38F20A78,2026-08-05,17:13:06,27.75,100.0,4.0,22.904,121.124
74DA38ED06E0,2026-08-05,17:13:09,29.25,99.0,15.0,23.601,121.521
74DA38F20D1E,2026-08-05,17:13:11,29.5,100.0,21.0,25.048,121.573
74DA38ED05B6,2026-08-05,17:13:19,27.25,100.0,13.0,23.43,121.348
74DA38F20B82,2026-08-05,17:13:25,-4.0,0.0,0.0,22.847,120.465
74DA38F207DE,2026-08-05,17:13:26,30.25,100.0,20.0,22.603,120.34
74DA38F20862,2026-08-05,17:13:29,27.25,100.0,8.0,23.101,121.176
74DA38F20D6C,2026-08-05,17:13:41,29.86,93.0,0.0,22.661,120.301
74DA38F20FFE,2026-08-05,17:13:45,29.0,100.0,11.0,22.894,120.298
74DA38F7C54E,2026-08-05,17:13:48,27.75,100.0,0.0,25.063,121.661
74DA38F20C06,2026-08-05,17:14:02,31.61,71.0,21.0,24.874,121.02
74DA38F20E9E,2026-08-05,17:14:03,27.0,100.0,15.0,24.648,121.151
74DA38F7C47C,2026-08-05,17:14:09,30.36,100.0,75.0,25.055,121.455
74DA38F7C41E,2026-08-05,17:14:19,29.86,86.0,0.0,25.054,121.517
74DA38F7C506,2026-08-05,17:14:25,28.36,100.0,0.0,24.996,121.544
74DA38F7C430,2026-08-05,17:14:26,31.11,85.0,0.0,24.981,121.423
74DA38F7C63C,2026-08-05,17:14:26,-4.0,0.0,10.0,24.998,121.425
74DA38F2105C,2026-08-05,17:14:33,29.36,100.0,0.0,25.088,121.599
74DA38F7C3BA,2026-08-05,17:14:35,-4.0,0.0,98.0,25.174,121.441
74DA38F21136,2026-08-05,17:14:42,30.11,100.0,10.0,25.119,121.505
74DA38ED0454,2026-08-05,17:14:50,30.75,100.0,24.0,24.053,121.599
74DA38F20BF6,2026-08-05,17:14:50,29.86,100.0,16.0,22.582,120.368
74DA38F7C532,2026-08-05,17:14:51,29.86,100.0,16.0,25.059,121.499
74DA38F7C3DE,2026-08-05,17:14:54,29.75,100.0,259.0,24.972,121.537
74DA38ED0640,2026-08-05,17:14:56,25.62,100.0,7.0,23.154,121.266
74DA38F2113E,2026-08-05,17:14:56,-4.0,0.0,0.0,22.728,120.313
74DA38F21024,2026-08-05,17:15:01,28.75,100.0,0.0,24.93,121.036
74DA38F7C5AA,2026-08-05,17:15:07,28.0,100.0,1.0,25.0,121.479
74DA38F7C560,2026-08-05,17:15:08,30.5,-62.0,0.0,25.079,121.671
74DA38F21088,2026-08-05,17:15:19,30.0,100.0,0.0,25.068,121.588
74DA38F20B5C,2026-08-05,17:15:21,29.86,100.0,19.0,22.798,120.293
74DA38F20F0A,2026-08-05,17:15:32,26.62,100.0,8.0,22.995,120.635
74DA38F7C600,2026-08-05,17:15:32,23.12,47.0,13.0,25.07,121.586
74DA38F7C59C,2026-08-05,17:15:49,31.0,84.0,24.0,25.103,121.487
74DA38F7C464,2026-08-05,17:15:51,26.25,30.0,0.0,25.006,121.413
74DA38F20D2E,2026-08-05,17:15:59,30.0,100.0,0.0,25.06,121.545
74DA38F7C5E6,2026-08-05,17:16:02,31.25,100.0,7.0,25.107,121.843
74DA38F7C53C,2026-08-05,17:16:07,28.11,100.0,0.0,25.11,121.804
74DA38F20B26,2026-08-05,17:16:12,29.86,100.0,15.0,22.783,120.247
74DA38F21048,2026-08-05,17:16:16,29.75,100.0,20.0,22.595,120.341
74DA38F7C3B2,2026-08-05,17:16:25,32.36,68.0,10.0,24.929,121.378
74DA38F7C338,2026-08-05,17:16:32,30.5,100.0,13.0,25.011,121.458
74DA38F7C13A,2026-08-05,17:16:33,22.37,-16.0,0.0,25.069,121.359
74DA38F208E2,2026-08-05,17:16:48,28.11,100.0,20.0,24.688,121.766
74DA38F20B88,2026-08-05,17:16:49,28.5,100.0,0.0,22.75,120.316
74DA38F20FA4,2026-08-05,17:16:51,29.25,100.0,27.0,22.63,120.42
74DA38F21054,2026-08-05,17:16:51,29.75,77.0,10.0,22.898,120.627
74DA38F21170,2026-08-05,17:16:57,28.36,78.0,5.0,22.779,121.088
74DA38ED04F2,2026-08-05,17:17:03,27.75,100.0,9.0,23.468,121.496
74DA38F7C610,2026-08-05,17:17:08,30.5,100.0,16.0,25.063,121.564
74DA38F2104E,2026-08-05,17:17:10,26.25,100.0,15.0,23.108,120.7
74DA38F7C4DE,2026-08-05,17:17:11,29.5,100.0,0.0,25.09,121.462
74DA38F7C27E,2026-08-05,17:17:14,30.5,100.0,15.0,25.053,121.444
74DA38F7C30C,2026-08-05,17:17:20,29.5,100.0,0.0,24.975,121.532
74DA38F209DE,2026-08-05,17:17:27,31.11,100.0,0.0,24.861,120.964
74DA38F7C39A,2026-08-05,17:17:31,30.0,100.0,0.0,25.002,121.414
74DA38F20EB2,2026-08-05,17:17:32,25.25,100.0,35.0,24.324,120.835
74DA38F7C260,2026-08-05,17:17:40,31.0,100.0,0.0,25.065,121.425
74DA38F20D16,2026-08-05,17:17:49,30.75,100.0,24.0,25.062,121.526
74DA38F7C616,2026-08-05,17:17:50,30.25,100.0,0.0,25.031,121.563
74DA38F20934,2026-08-05,17:17:54,29.75,78.0,6.0,23.002,121.29
74DA38F210A2,2026-08-05,17:17:55,29.36,100.0,4.0,25.12,121.466
74DA38F7C480,2026-08-05,17:17:55,29.25,100.0,0.0,25.061,121.432
74DA38F209EE,2026-08-05,17:17:59,28.75,100.0,0.0,23.026,121.33
74DA38F20DE0,2026-08-05,17:18:02,29.36,100.0,0.0,22.589,120.328
74DA38F7C366,2026-08-05,17:18:04,29.86,100.0,7.0,25.002,121.516
74DA38F7C5CE,2026-08-05,17:18:05,29.0,93.0,0.0,25.066,121.656
74DA38F20D1A,2026-08-05,17:18:07,29.61,100.0,0.0,25.078,121.541
74DA38F7C570,2026-08-05,17:18:07,-4.0,0.0,0.0,25.239,121.63
74DA38F7C47E,2026-08-05,17:18:10,30.61,100.0,21.0,25.053963,121.427681
74DA38F7C42E,2026-08-05,17:18:11,27.62,100.0,0.0,24.969,121.514
74DA38F20B80,2026-08-05,17:18:21,29.75,100.0,0.0,22.599,120.35
74DA38F7C5BE,2026-08-05,17:18:30,30.11,97.0,17.0,25.092,121.523
74DA38F20D70,2026-08-05,17:18:34,29.36,99.0,0.0,23.05,121.164
74DA38ED0630,2026-08-05,17:18:40,30.36,100.0,0.0,23.994,121.594
74DA38F21204,2026-08-05,17:18:42,28.36,100.0,2.0,25.062,121.451
74DA38F20B12,2026-08-05,17:18:44,29.25,77.0,4.0,22.91,120.716
74DA38F20C26,2026-08-05,17:18:47,31.5,84.0,15.0,22.676,120.342
74DA38F20F1C,2026-08-05,17:18:47,29.0,100.0,14.0,25.062,121.451
74DA38ED059C,2026-08-05,17:18:51,28.25,100.0,11.0,23.706,121.412
74DA38F7C310,2026-08-05,17:18:54,30.61,100.0,10.0,25.09,121.464
74DA38F7C4CC,2026-08-05,17:18:56,28.61,100.0,13.0,25.062,121.451
74DA38F7C5A0,2026-08-05,17:18:57,30.5,100.0,0.0,25.107,121.518
74DA38F7C514,2026-08-05,17:19:02,30.25,100.0,16.0,25.051,121.518
74DA38ED05EA,2026-08-05,17:19:07,29.0,100.0,11.0,23.394,121.357
74DA38F7C3D6,2026-08-05,17:19:11,30.75,100.0,0.0,25.045,121.541
74DA38F20A78,2026-08-05,17:19:14,27.87,100.0,4.0,22.904,121.124
74DA38ED06E0,2026-08-05,17:19:18,29.25,99.0,15.0,23.601,121.521
74DA38F20D1E,2026-08-05,17:19:18,29.5,100.0,21.0,25.048,121.573
74DA38F209B2,2026-08-05,17:19:22,28.36,100.0,0.0,22.363,120.599
74DA38ED05B6,2026-08-05,17:19:26,27.25,100.0,12.0,23.43,121.348
74DA38F207DE,2026-08-05,17:19:32,30.25,100.0,19.0,22.603,120.34
74DA38F20862,2026-08-05,17:19:35,27.25,100.0,8.0,23.101,121.176
74DA38F20FFE,2026-08-05,17:19:54,28.86,100.0,12.0,22.894,120.298
74DA38F7C3DC,2026-08-05,17:20:04,28.86,100.0,20.0,25.003,121.539
74DA38F7C47C,2026-08-05,17:20:05,30.36,100.0,70.0,25.055,121.455
74DA38F20E9E,2026-08-05,17:20:09,26.87,100.0,16.0,24.648,121.151
74DA38F20C06,2026-08-05,17:20:10,31.61,71.0,21.0,24.874,121.02
74DA38F20E6E,2026-08-05,17:20:12,26.62,100.0,0.0,24.41,120.902
74DA38F7C54E,2026-08-05,17:20:14,27.75,100.0,0.0,25.063,121.661
74DA38F7C506,2026-08-05,17:20:52,28.5,100.0,0.0,24.996,121.544
74DA38F20BF6,2026-08-05,17:20:54,29.86,100.0,15.0,22.582,120.368
74DA38F7C3DE,2026-08-05,17:20:54,29.75,100.0,278.0,24.972,121.537
74DA38F7C430,2026-08-05,17:20:54,31.25,85.0,0.0,24.981,121.423
74DA38ED0454,2026-08-05,17:20:56,30.61,100.0,24.0,24.053,121.599
74DA38F7C41E,2026-08-05,17:20:56,29.86,87.0,0.0,25.054,121.517
74DA38F21136,2026-08-05,17:21:00,30.25,100.0,10.0,25.119,121.505
74DA38F7C532,2026-08-05,17:21:00,29.86,100.0,16.0,25.059,121.499
74DA38F2105C,2026-08-05,17:21:01,29.5,100.0,0.0,25.088,121.599
74DA38ED0640,2026-08-05,17:21:02,25.62,100.0,7.0,23.154,121.266
74DA38F21024,2026-08-05,17:21:28,28.61,100.0,0.0,24.93,121.036
74DA38F20B5C,2026-08-05,17:21:29,29.86,100.0,20.0,22.798,120.293
74DA38F7C560,2026-08-05,17:21:35,30.36,-62.0,0.0,25.079,121.671
74DA38F7C600,2026-08-05,17:21:38,23.12,47.0,13.0,25.07,121.586
74DA38F20F0A,2026-08-05,17:21:40,26.75,100.0,7.0,22.995,120.635
74DA38F21088,2026-08-05,17:21:47,29.75,100.0,0.0,25.068,121.588
74DA38F209A8,2026-08-05,17:21:54,-4.0,0.0,0.0,22.401,120.577
74DA38F7C5AA,2026-08-05,17:21:55,28.0,100.0,0.0,25.0,121.479
74DA38F7C592,2026-08-05,17:22:02,-4.0,0.0,0.0,25.224,121.637
74DA38F7C5E6,2026-08-05,17:22:08,31.25,100.0,7.0,25.107,121.843
74DA38F2113E,2026-08-05,17:22:12,-4.0,0.0,1.0,22.728,120.313
74DA38F7C59C,2026-08-05,17:22:17,30.86,84.0,23.0,25.103,121.487
74DA38F7C464,2026-08-05,17:22:18,26.25,30.0,0.0,25.006,121.413
74DA38F20B26,2026-08-05,17:22:24,29.86,100.0,16.0,22.783,120.247
74DA38F20D2E,2026-08-05,17:22:27,29.86,100.0,0.0,25.06,121.545
74DA38F7C3B2,2026-08-05,17:22:31,32.25,68.0,10.0,24.929,121.378
74DA38F7C53C,2026-08-05,17:22:37,27.75,100.0,0.0,25.11,121.804
74DA38F7C338,2026-08-05,17:22:40,30.5,100.0,13.0,25.011,121.458
74DA38F21048,2026-08-05,17:22:47,29.5,100.0,24.0,22.595,120.341
74DA38F208E2,2026-08-05,17:22:53,28.0,100.0,19.0,24.688,121.766
74DA38F21054,2026-08-05,17:22:56,29.75,77.0,10.0,22.898,120.627
74DA38F20B82,2026-08-05,17:22:57,-4.0,0.0,0.0,22.847,120.465
74DA38F7C13A,2026-08-05,17:23:00,22.25,-16.0,0.0,25.069,121.359
74DA38F21170,2026-08-05,17:23:03,28.36,79.0,5.0,22.779,121.088
74DA38ED04F2,2026-08-05,17:23:10,27.62,100.0,9.0,23.468,121.496
74DA38F7C610,2026-08-05,17:23:15,30.5,100.0,17.0,25.063,121.564
74DA38F7C27E,2026-08-05,17:23:19,30.5,100.0,14.0,25.053,121.444
74DA38F20B88,2026-08-05,17:23:21,28.61,100.0,0.0,22.75,120.316
74DA38F7C3BA,2026-08-05,17:23:21,-4.0,0.0,97.0,25.174,121.441
74DA38F7C4DE,2026-08-05,17:23:26,29.61,100.0,0.0,25.09,121.462
74DA38F7C30C,2026-08-05,17:23:34,29.5,100.0,0.0,24.975,121.532
74DA38F20A30,2026-08-05,17:23:35,28.86,90.0,1.0,24.948,121.372
74DA38F20EB2,2026-08-05,17:23:44,25.12,100.0,35.0,24.324,120.835
74DA38F209DE,2026-08-05,17:23:55,30.86,100.0,0.0,24.861,120.964
74DA38F20D16,2026-08-05,17:23:56,30.75,100.0,22.0,25.062,121.526
74DA38F7C616,2026-08-05,17:23:57,30.11,100.0,0.0,25.031,121.563
74DA38F7C63C,2026-08-05,17:23:58,-4.0,0.0,10.0,24.998,121.425
74DA38F7C39A,2026-08-05,17:23:59,30.0,100.0,0.0,25.002,121.414
74DA38F210A2,2026-08-05,17:24:01,29.36,100.0,5.0,25.12,121.466
74DA38F20934,2026-08-05,17:24:03,29.75,78.0,5.0,23.002,121.29
74DA38F209EE,2026-08-05,17:24:05,28.75,100.0,0.0,23.026,121.33
74DA38F7C260,2026-08-05,17:24:07,31.0,100.0,0.0,25.065,121.425
74DA38F7C366,2026-08-05,17:24:09,29.61,100.0,7.0,25.002,121.516
74DA38F7C47E,2026-08-05,17:24:16,30.61,100.0,20.0,25.053963,121.427681
74DA38F7C480,2026-08-05,17:24:22,29.11,100.0,0.0,25.061,121.432
74DA38F20DE0,2026-08-05,17:24:30,29.36,100.0,0.0,22.589,120.328
74DA38F7C5CE,2026-08-05,17:24:32,28.86,93.0,0.0,25.066,121.656
74DA38F20D1A,2026-08-05,17:24:35,29.61,100.0,0.0,25.078,121.541
74DA38F7C5BE,2026-08-05,17:24:35,30.11,97.0,16.0,25.092,121.523
74DA38F7C42E,2026-08-05,17:24:38,27.62,100.0,0.0,24.969,121.514
74DA38F20D70,2026-08-05,17:24:42,29.36,99.0,0.0,23.05,121.164
74DA38F20B80,2026-08-05,17:24:49,29.75,100.0,0.0,22.599,120.35
74DA38F20B12,2026-08-05,17:24:50,29.25,77.0,4.0,22.91,120.716
74DA38F21204,2026-08-05,17:24:50,28.36,100.0,2.0,25.062,121.451
74DA38F20C26,2026-08-05,17:24:54,31.25,86.0,15.0,22.676,120.342
74DA38F20F1C,2026-08-05,17:24:54,29.0,100.0,13.0,25.062,121.451
74DA38F7C310,2026-08-05,17:24:59,30.75,100.0,9.0,25.09,121.464
74DA38F7C4CC,2026-08-05,17:25:04,28.75,100.0,13.0,25.062,121.451
74DA38ED0630,2026-08-05,17:25:07,30.25,100.0,0.0,23.994,121.594
74DA38F7C514,2026-08-05,17:25:10,30.11,100.0,16.0,25.051,121.518
74DA38ED05EA,2026-08-05,17:25:13,28.86,100.0,11.0,23.394,121.357
74DA38ED059C,2026-08-05,17:25:19,28.0,100.0,12.0,23.706,121.412
74DA38F20A78,2026-08-05,17:25:20,28.0,100.0,4.0,22.904,121.124
74DA38ED06E0,2026-08-05,17:25:25,29.11,99.0,16.0,23.601,121.521
74DA38F7C5A0,2026-08-05,17:25:25,30.5,100.0,0.0,25.107,121.518
74DA38F20D1E,2026-08-05,17:25:27,29.61,100.0,20.0,25.048,121.573
74DA38ED05B6,2026-08-05,17:25:33,27.25,100.0,11.0,23.43,121.348
74DA38F207DE,2026-08-05,17:25:38,30.25,100.0,19.0,22.603,120.34
74DA38F7C3D6,2026-08-05,17:25:38,30.61,100.0,0.0,25.045,121.541
74DA38F20862,2026-08-05,17:25:41,27.25,100.0,8.0,23.101,121.176
74DA38F209B2,2026-08-05,17:25:48,28.36,100.0,0.0,22.363,120.599
74DA38F7C47C,2026-08-05,17:25:51,30.25,100.0,52.0,25.055,121.455
74DA38F20FFE,2026-08-05,17:26:06,29.0,100.0,11.0,22.894,120.298
74DA38F20E9E,2026-08-05,17:26:17,27.0,100.0,15.0,24.648,121.151
74DA38F20C06,2026-08-05,17:26:18,31.61,71.0,22.0,24.874,121.02
74DA38F7C54E,2026-08-05,17:26:41,27.87,100.0,0.0,25.063,121.661
74DA38F7C3DE,2026-08-05,17:26:52,29.75,100.0,278.0,24.972,121.537
74DA38F20BF6,2026-08-05,17:26:58,29.86,100.0,16.0,22.582,120.368
74DA38ED0454,2026-08-05,17:27:05,30.75,100.0,24.0,24.053,121.599
74DA38F7C532,2026-08-05,17:27:07,29.86,100.0,16.0,25.059,121.499
74DA38ED0640,2026-08-05,17:27:08,25.5,100.0,6.0,23.154,121.266
74DA38F21136,2026-08-05,17:27:18,30.36,100.0,9.0,25.119,121.505
74DA38F20D6C,2026-08-05,17:27:19,29.86,93.0,0.0,22.661,120.301
74DA38F7C430,2026-08-05,17:27:21,31.25,84.0,0.0,24.981,121.423
74DA38F7C506,2026-08-05,17:27:23,28.61,100.0,0.0,24.996,121.544
74DA38F2105C,2026-08-05,17:27:29,29.36,100.0,0.0,25.088,121.599
74DA38F20B5C,2026-08-05,17:27:34,29.86,100.0,20.0,22.798,120.293
74DA38F7C41E,2026-08-05,17:27:37,30.0,87.0,0.0,25.054,121.517
74DA38F7C600,2026-08-05,17:27:44,23.12,47.0,13.0,25.07,121.586
74DA38F20F0A,2026-08-05,17:27:46,26.87,100.0,7.0,22.995,120.635
74DA38F7C570,2026-08-05,17:27:47,-4.0,0.0,0.0,25.239,121.63
74DA38F21024,2026-08-05,17:27:55,28.61,100.0,0.0,24.93,121.036
74DA38F7C560,2026-08-05,17:28:03,30.25,-62.0,0.0,25.079,121.671
74DA38F21088,2026-08-05,17:28:14,29.86,100.0,0.0,25.068,121.588
74DA38F7C5E6,2026-08-05,17:28:14,31.11,100.0,7.0,25.107,121.843
74DA38F20B26,2026-08-05,17:28:35,29.75,100.0,21.0,22.783,120.247
74DA38F7C3B2,2026-08-05,17:28:36,32.36,68.0,9.0,24.929,121.378
74DA38F7C59C,2026-08-05,17:28:45,30.86,84.0,23.0,25.103,121.487
74DA38F7C464,2026-08-05,17:28:46,26.25,30.0,0.0,25.006,121.413
74DA38F7C338,2026-08-05,17:28:52,30.61,100.0,13.0,25.011,121.458
74DA38F20D2E,2026-08-05,17:28:55,29.86,100.0,0.0,25.06,121.545
74DA38F208E2,2026-08-05,17:29:00,28.0,100.0,19.0,24.688,121.766
74DA38F21054,2026-08-05,17:29:02,29.75,77.0,10.0,22.898,120.627
74DA38F7C53C,2026-08-05,17:29:05,27.62,100.0,0.0,25.11,121.804
74DA38F21170,2026-08-05,17:29:09,28.5,79.0,5.0,22.779,121.088
74DA38F21048,2026-08-05,17:29:14,29.5,100.0,22.0,22.595,120.341
74DA38ED04F2,2026-08-05,17:29:17,27.62,100.0,9.0,23.468,121.496
74DA38F7C610,2026-08-05,17:29:22,30.5,100.0,17.0,25.063,121.564
74DA38F7C27E,2026-08-05,17:29:24,30.5,100.0,15.0,25.053,121.444
74DA38F7C13A,2026-08-05,17:29:27,22.25,-16.0,0.0,25.069,121.359
74DA38F2113E,2026-08-05,17:29:28,-4.0,0.0,1.0,22.728,120.313
74DA38F7C4DE,2026-08-05,17:29:33,29.36,100.0,0.0,25.09,121.462
74DA38F20FA4,2026-08-05,17:29:37,29.25,100.0,25.0,22.63,120.42
74DA38F7C30C,2026-08-05,17:29:43,29.5,100.0,0.0,24.975,121.532
74DA38F20B88,2026-08-05,17:29:48,28.61,100.0,0.0,22.75,120.316
74DA38F20EB2,2026-08-05,17:29:59,25.0,100.0,34.0,24.324,120.835
74DA38F20D16,2026-08-05,17:30:04,30.75,100.0,21.0,25.062,121.526
74DA38F20A30,2026-08-05,17:30:05,28.86,90.0,1.0,24.948,121.372
74DA38F210A2,2026-08-05,17:30:06,29.36,100.0,4.0,25.12,121.466
74DA38F7C616,2026-08-05,17:30:08,30.25,100.0,0.0,25.031,121.563
74DA38F209EE,2026-08-05,17:30:10,28.75,100.0,0.0,23.026,121.33
74DA38F20934,2026-08-05,17:30:14,29.75,78.0,5.0,23.002,121.29
74DA38F7C366,2026-08-05,17:30:15,29.61,100.0,7.0,25.002,121.516
74DA38F7C47E,2026-08-05,17:30:22,30.75,100.0,21.0,25.053963,121.427681
74DA38F209DE,2026-08-05,17:30:23,30.5,100.0,0.0,24.861,120.964
74DA38F7C39A,2026-08-05,17:30:26,30.0,100.0,0.0,25.002,121.414
74DA38F7C260,2026-08-05,17:30:35,31.0,100.0,0.0,25.065,121.425
74DA38F7C5BE,2026-08-05,17:30:42,30.0,98.0,16.0,25.092,121.523
74DA38F20D70,2026-08-05,17:30:48,29.36,99.0,0.0,23.05,121.164
74DA38F7C480,2026-08-05,17:30:50,29.36,100.0,0.0,25.061,121.432
74DA38F20B12,2026-08-05,17:30:56,29.25,77.0,4.0,22.91,120.716
74DA38F20DE0,2026-08-05,17:30:58,29.5,100.0,0.0,22.589,120.328
74DA38F20F1C,2026-08-05,17:30:59,29.0,100.0,12.0,25.062,121.451
74DA38F21204,2026-08-05,17:31:00,28.36,100.0,2.0,25.062,121.451
74DA38F7C5CE,2026-08-05,17:31:00,29.0,93.0,0.0,25.066,121.656
74DA38F20C26,2026-08-05,17:31:01,31.0,87.0,16.0,22.676,120.342
74DA38F20D1A,2026-08-05,17:31:03,29.5,100.0,0.0,25.078,121.541
74DA38F7C310,2026-08-05,17:31:03,30.61,100.0,9.0,25.09,121.464
74DA38F7C42E,2026-08-05,17:31:06,28.0,100.0,0.0,24.969,121.514
74DA38F7C4CC,2026-08-05,17:31:09,28.75,100.0,13.0,25.062,121.451
74DA38F20B80,2026-08-05,17:31:17,30.0,100.0,0.0,22.599,120.35
74DA38ED05EA,2026-08-05,17:31:18,29.0,100.0,12.0,23.394,121.357
74DA38F7C514,2026-08-05,17:31:21,30.11,100.0,15.0,25.051,121.518
74DA38F20A78,2026-08-05,17:31:26,28.0,100.0,4.0,22.904,121.124
74DA38F209A8,2026-08-05,17:31:33,-4.0,0.0,0.0,22.401,120.577
74DA38ED059C,2026-08-05,17:31:34,28.11,100.0,11.0,23.706,121.412
74DA38ED06E0,2026-08-05,17:31:35,29.11,99.0,16.0,23.601,121.521
74DA38ED0630,2026-08-05,17:31:36,30.25,100.0,0.0,23.994,121.594
74DA38F20D1E,2026-08-05,17:31:36,29.61,100.0,21.0,25.048,121.573
74DA38ED05B6,2026-08-05,17:31:41,27.25,100.0,11.0,23.43,121.348
74DA38F7C592,2026-08-05,17:31:41,-4.0,0.0,0.0,25.224,121.637
74DA38F207DE,2026-08-05,17:31:44,30.25,100.0,19.0,22.603,120.34
74DA38F7C47C,2026-08-05,17:31:44,30.11,100.0,83.0,25.055,121.455
74DA38F20862,2026-08-05,17:31:48,27.12,100.0,9.0,23.101,121.176
74DA38F7C5A0,2026-08-05,17:31:52,30.5,100.0,0.0,25.107,121.518
74DA38F7C3D6,2026-08-05,17:32:04,30.75,100.0,0.0,25.045,121.541
74DA38F7C3BA,2026-08-05,17:32:06,-4.0,0.0,95.0,25.174,121.441
74DA38F209B2,2026-08-05,17:32:15,28.11,100.0,0.0,22.363,120.599
74DA38F20FFE,2026-08-05,17:32:18,29.0,100.0,12.0,22.894,120.298
74DA38F20E9E,2026-08-05,17:32:23,26.87,100.0,15.0,24.648,121.151
74DA38F20C06,2026-08-05,17:32:27,31.61,71.0,21.0,24.874,121.02
74DA38F20B82,2026-08-05,17:32:29,-4.0,0.0,0.0,22.847,120.465
74DA38F20E6E,2026-08-05,17:32:32,26.87,100.0,0.0,24.41,120.902
74DA38F7C3DC,2026-08-05,17:32:52,28.75,100.0,17.0,25.003,121.539
74DA38F7C3DE,2026-08-05,17:32:52,29.61,100.0,278.0,24.972,121.537
74DA38F20BF6,2026-08-05,17:33:03,29.86,100.0,16.0,22.582,120.368
74DA38F7C54E,2026-08-05,17:33:07,27.75,100.0,0.0,25.063,121.661
74DA38ED0454,2026-08-05,17:33:13,30.75,100.0,24.0,24.053,121.599
74DA38ED0640,2026-08-05,17:33:14,25.62,100.0,7.0,23.154,121.266
74DA38F7C532,2026-08-05,17:33:19,29.75,100.0,16.0,25.059,121.499
74DA38F21136,2026-08-05,17:33:25,30.36,100.0,8.0,25.119,121.505
74DA38F7C63C,2026-08-05,17:33:31,-4.0,0.0,10.0,24.998,121.425
74DA38F7C430,2026-08-05,17:33:49,31.11,84.0,0.0,24.981,121.423
74DA38F7C600,2026-08-05,17:33:50,23.12,47.0,13.0,25.07,121.586
74DA38F7C506,2026-08-05,17:33:51,28.75,100.0,0.0,24.996,121.544
74DA38F20F0A,2026-08-05,17:33:52,26.87,100.0,7.0,22.995,120.635
74DA38F2105C,2026-08-05,17:33:57,29.36,100.0,0.0,25.088,121.599
74DA38F20B5C,2026-08-05,17:34:00,29.86,100.0,18.0,22.798,120.293
74DA38F7C41E,2026-08-05,17:34:15,30.0,87.0,0.0,25.054,121.517
74DA38F7C5E6,2026-08-05,17:34:20,31.11,100.0,7.0,25.107,121.843
74DA38F21024,2026-08-05,17:34:22,28.61,100.0,0.0,24.93,121.036
74DA38F7C560,2026-08-05,17:34:31,30.25,-62.0,0.0,25.079,121.671
74DA38F7C3B2,2026-08-05,17:34:42,32.36,68.0,10.0,24.929,121.378
74DA38F21088,2026-08-05,17:34:43,29.86,100.0,0.0,25.068,121.588
74DA38F20B26,2026-08-05,17:34:44,29.75,100.0,18.0,22.783,120.247
74DA38F7C338,2026-08-05,17:34:58,30.61,100.0,12.0,25.011,121.458
74DA38F208E2,2026-08-05,17:35:06,28.11,100.0,20.0,24.688,121.766
74DA38F21054,2026-08-05,17:35:09,29.75,77.0,10.0,22.898,120.627
74DA38F7C59C,2026-08-05,17:35:11,30.75,84.0,23.0,25.103,121.487
74DA38F21170,2026-08-05,17:35:14,28.11,81.0,4.0,22.779,121.088
74DA38F7C464,2026-08-05,17:35:14,26.25,30.0,0.0,25.006,121.413
74DA38F20D2E,2026-08-05,17:35:21,29.86,100.0,0.0,25.06,121.545
74DA38ED04F2,2026-08-05,17:35:25,27.62,100.0,9.0,23.468,121.496
74DA38F7C610,2026-08-05,17:35:29,30.5,100.0,17.0,25.063,121.564
74DA38F7C27E,2026-08-05,17:35:30,30.5,100.0,15.0,25.053,121.444
74DA38F7C53C,2026-08-05,17:35:32,27.5,100.0,0.0,25.11,121.804
74DA38F7C5AA,2026-08-05,17:35:44,28.11,100.0,0.0,25.0,121.479
74DA38F21048,2026-08-05,17:35:46,29.5,100.0,22.0,22.595,120.341
74DA38F7C4DE,2026-08-05,17:35:47,29.36,100.0,0.0,25.09,121.462
74DA38F7C30C,2026-08-05,17:35:51,29.36,100.0,0.0,24.975,121.532
74DA38F7C13A,2026-08-05,17:35:54,22.37,-16.0,1.0,25.069,121.359
74DA38F20D16,2026-08-05,17:36:11,30.75,100.0,20.0,25.062,121.526
74DA38F210A2,2026-08-05,17:36:11,29.36,100.0,4.0,25.12,121.466
74DA38F20EB2,2026-08-05,17:36:15,25.0,100.0,34.0,24.324,120.835
74DA38F209EE,2026-08-05,17:36:16,28.75,100.0,0.0,23.026,121.33
74DA38F20B88,2026-08-05,17:36:16,28.61,100.0,0.0,22.75,120.316
74DA38F7C616,2026-08-05,17:36:17,30.11,100.0,0.0,25.031,121.563
74DA38F7C366,2026-08-05,17:36:20,29.61,100.0,6.0,25.002,121.516
74DA38F7C47E,2026-08-05,17:36:28,30.75,100.0,20.0,25.053963,121.427681
74DA38F20A30,2026-08-05,17:36:34,28.86,90.0,2.0,24.948,121.372
74DA38F20934,2026-08-05,17:36:37,29.75,78.0,6.0,23.002,121.29
74DA38F2113E,2026-08-05,17:36:43,-4.0,0.0,0.0,22.728,120.313
74DA38F209DE,2026-08-05,17:36:49,30.0,100.0,0.0,24.861,120.964
74DA38F7C5BE,2026-08-05,17:36:49,30.0,99.0,16.0,25.092,121.523
74DA38F20D70,2026-08-05,17:36:53,29.25,99.0,0.0,23.05,121.164
74DA38F7C39A,2026-08-05,17:36:53,29.86,100.0,0.0,25.002,121.414
74DA38F20B12,2026-08-05,17:37:02,29.36,77.0,4.0,22.91,120.716
74DA38F7C260,2026-08-05,17:37:03,31.0,100.0,0.0,25.065,121.425
74DA38F20F1C,2026-08-05,17:37:05,29.0,100.0,12.0,25.062,121.451
74DA38F20C26,2026-08-05,17:37:09,30.75,88.0,17.0,22.676,120.342
74DA38F7C310,2026-08-05,17:37:09,30.61,100.0,9.0,25.09,121.464
74DA38F7C4CC,2026-08-05,17:37:17,28.61,100.0,13.0,25.062,121.451
74DA38F7C480,2026-08-05,17:37:18,29.5,100.0,0.0,25.061,121.432
74DA38F21204,2026-08-05,17:37:21,28.25,100.0,2.0,25.062,121.451
74DA38ED05EA,2026-08-05,17:37:24,28.86,100.0,12.0,23.394,121.357
74DA38F20DE0,2026-08-05,17:37:25,29.5,100.0,0.0,22.589,120.328
74DA38F7C570,2026-08-05,17:37:26,-4.0,0.0,0.0,25.239,121.63
74DA38F7C5CE,2026-08-05,17:37:27,29.25,93.0,0.0,25.066,121.656
74DA38F20D1A,2026-08-05,17:37:30,29.5,100.0,0.0,25.078,121.541
74DA38F7C514,2026-08-05,17:37:31,30.0,100.0,15.0,25.051,121.518
74DA38F20A78,2026-08-05,17:37:33,28.0,100.0,4.0,22.904,121.124
74DA38F7C47C,2026-08-05,17:37:34,30.36,100.0,61.0,25.055,121.455
74DA38F7C42E,2026-08-05,17:37:37,28.25,100.0,0.0,24.969,121.514
74DA38ED06E0,2026-08-05,17:37:42,29.0,99.0,17.0,23.601,121.521
74DA38F20B80,2026-08-05,17:37:43,29.86,100.0,0.0,22.599,120.35
74DA38ED059C,2026-08-05,17:37:45,28.11,100.0,11.0,23.706,121.412
74DA38F20D1E,2026-08-05,17:37:45,29.61,100.0,21.0,25.048,121.573
74DA38ED05B6,2026-08-05,17:37:48,27.25,100.0,11.0,23.43,121.348
74DA38F207DE,2026-08-05,17:37:51,30.11,100.0,20.0,22.603,120.34
74DA38F20862,2026-08-05,17:37:55,27.12,100.0,8.0,23.101,121.176
74DA38ED0630,2026-08-05,17:38:02,30.25,100.0,0.0,23.994,121.594
74DA38F7C5A0,2026-08-05,17:38:20,30.5,100.0,0.0,25.107,121.518
74DA38F20E9E,2026-08-05,17:38:29,26.87,100.0,15.0,24.648,121.151
74DA38F20FFE,2026-08-05,17:38:29,29.0,100.0,11.0,22.894,120.298
74DA38F7C3D6,2026-08-05,17:38:32,30.75,100.0,0.0,25.045,121.541
74DA38F20E6E,2026-08-05,17:38:34,26.75,100.0,0.0,24.41,120.902
74DA38F20C06,2026-08-05,17:38:35,31.61,71.0,22.0,24.874,121.02
74DA38F209B2,2026-08-05,17:38:42,28.0,100.0,0.0,22.363,120.599
74DA38F7C3DE,2026-08-05,17:38:52,29.61,100.0,280.0,24.972,121.537
74DA38F20BF6,2026-08-05,17:39:08,29.86,100.0,16.0,22.582,120.368
74DA38ED0454,2026-08-05,17:39:20,31.0,100.0,24.0,24.053,121.599
74DA38ED0640,2026-08-05,17:39:21,25.37,100.0,7.0,23.154,121.266
74DA38F7C532,2026-08-05,17:39:28,29.86,100.0,16.0,25.059,121.499
74DA38F7C54E,2026-08-05,17:39:33,27.75,100.0,0.0,25.063,121.661
74DA38F21136,2026-08-05,17:39:38,30.36,100.0,9.0,25.119,121.505
74DA38F7C600,2026-08-05,17:39:55,23.12,47.0,12.0,25.07,121.586
74DA38F20F0A,2026-08-05,17:39:58,26.87,100.0,7.0,22.995,120.635
74DA38F20B5C,2026-08-05,17:40:07,29.86,100.0,19.0,22.798,120.293
74DA38F20D6C,2026-08-05,17:40:17,29.75,93.0,0.0,22.661,120.301
74DA38F7C430,2026-08-05,17:40:17,31.25,84.0,0.0,24.981,121.423
74DA38F7C506,2026-08-05,17:40:20,28.86,100.0,0.0,24.996,121.544
74DA38F2105C,2026-08-05,17:40:24,29.36,100.0,0.0,25.088,121.599
74DA38F7C5E6,2026-08-05,17:40:26,31.25,100.0,7.0,25.107,121.843
74DA38F7C3B2,2026-08-05,17:40:48,32.36,68.0,9.0,24.929,121.378
74DA38F21024,2026-08-05,17:40:49,28.61,100.0,0.0,24.93,121.036
74DA38F7C3BA,2026-08-05,17:40:50,-4.0,0.0,97.0,25.174,121.441
74DA38F7C41E,2026-08-05,17:40:52,30.0,87.0,0.0,25.054,121.517
74DA38F20B26,2026-08-05,17:40:55,29.86,100.0,18.0,22.783,120.247
74DA38F7C560,2026-08-05,17:40:57,30.11,-62.0,0.0,25.079,121.671
74DA38F7C338,2026-08-05,17:41:09,30.5,100.0,12.0,25.011,121.458
74DA38F209A8,2026-08-05,17:41:10,-4.0,0.0,0.0,22.401,120.577
74DA38F208E2,2026-08-05,17:41:11,27.75,100.0,19.0,24.688,121.766
74DA38F21088,2026-08-05,17:41:12,29.86,100.0,0.0,25.068,121.588
74DA38F21054,2026-08-05,17:41:15,29.75,77.0,10.0,22.898,120.627
74DA38F21170,2026-08-05,17:41:19,28.11,80.0,6.0,22.779,121.088
74DA38F7C592,2026-08-05,17:41:20,-4.0,0.0,0.0,25.224,121.637
74DA38ED04F2,2026-08-05,17:41:32,27.62,100.0,9.0,23.468,121.496
74DA38F7C610,2026-08-05,17:41:35,30.5,100.0,17.0,25.063,121.564
74DA38F7C27E,2026-08-05,17:41:37,30.5,100.0,15.0,25.053,121.444
74DA38F7C59C,2026-08-05,17:41:41,30.61,84.0,23.0,25.103,121.487
74DA38F7C464,2026-08-05,17:41:42,26.37,30.0,0.0,25.006,121.413
74DA38F20D2E,2026-08-05,17:41:50,29.86,100.0,0.0,25.06,121.545
74DA38F7C4DE,2026-08-05,17:42:00,29.36,100.0,0.0,25.09,121.462
74DA38F7C53C,2026-08-05,17:42:00,27.62,100.0,0.0,25.11,121.804
74DA38F20B82,2026-08-05,17:42:01,-4.0,0.0,0.0,22.847,120.465
74DA38F7C30C,2026-08-05,17:42:08,29.36,100.0,0.0,24.975,121.532
74DA38F21048,2026-08-05,17:42:16,29.5,100.0,22.0,22.595,120.341
74DA38F210A2,2026-08-05,17:42:17,29.5,100.0,5.0,25.12,121.466
74DA38F20D16,2026-08-05,17:42:19,30.86,100.0,21.0,25.062,121.526
74DA38F209EE,2026-08-05,17:42:21,28.61,100.0,0.0,23.026,121.33
74DA38F7C13A,2026-08-05,17:42:24,22.37,-15.0,1.0,25.069,121.359
74DA38F7C366,2026-08-05,17:42:26,29.61,100.0,6.0,25.002,121.516
74DA38F7C616,2026-08-05,17:42:26,30.11,100.0,0.0,25.031,121.563
74DA38F7C5AA,2026-08-05,17:42:28,28.11,100.0,0.0,25.0,121.479
74DA38F20EB2,2026-08-05,17:42:30,25.0,100.0,34.0,24.324,120.835
74DA38F7C47E,2026-08-05,17:42:35,30.75,100.0,21.0,25.053963,121.427681
74DA38F20B88,2026-08-05,17:42:48,28.5,100.0,0.0,22.75,120.316
74DA38F20934,2026-08-05,17:42:49,29.75,78.0,6.0,23.002,121.29
74DA38F7C5BE,2026-08-05,17:42:54,30.0,99.0,16.0,25.092,121.523
74DA38F20D70,2026-08-05,17:42:59,29.11,99.0,0.0,23.05,121.164
74DA38F7C63C,2026-08-05,17:43:04,-4.0,0.0,10.0,24.998,121.425
74DA38F20A30,2026-08-05,17:43:05,28.86,90.0,7.0,24.948,121.372
74DA38F20B12,2026-08-05,17:43:08,29.25,77.0,4.0,22.91,120.716
74DA38F20F1C,2026-08-05,17:43:12,29.0,100.0,13.0,25.062,121.451
74DA38F7C310,2026-08-05,17:43:14,30.61,100.0,9.0,25.09,121.464
74DA38F209DE,2026-08-05,17:43:17,29.75,100.0,0.0,24.861,120.964
74DA38F20C26,2026-08-05,17:43:17,30.75,88.0,17.0,22.676,120.342
74DA38F7C39A,2026-08-05,17:43:21,29.86,100.0,0.0,25.002,121.414
74DA38F7C4CC,2026-08-05,17:43:24,28.75,100.0,14.0,25.062,121.451
74DA38F7C47C,2026-08-05,17:43:26,30.36,100.0,66.0,25.055,121.455
74DA38ED05EA,2026-08-05,17:43:30,28.86,100.0,13.0,23.394,121.357
74DA38F21204,2026-08-05,17:43:31,28.25,100.0,2.0,25.062,121.451
74DA38F20A78,2026-08-05,17:43:39,28.0,100.0,4.0,22.904,121.124
74DA38F7C260,2026-08-05,17:43:42,30.86,100.0,0.0,25.065,121.425
74DA38F7C514,2026-08-05,17:43:42,30.0,100.0,15.0,25.051,121.518
74DA38F7C480,2026-08-05,17:43:44,29.36,100.0,0.0,25.061,121.432
74DA38ED06E0,2026-08-05,17:43:48,29.0,99.0,17.0,23.601,121.521
74DA38F20DE0,2026-08-05,17:43:52,29.36,100.0,0.0,22.589,120.328
74DA38ED05B6,2026-08-05,17:43:53,27.25,100.0,11.0,23.43,121.348
74DA38F7C5CE,2026-08-05,17:43:54,29.25,93.0,1.0,25.066,121.656
74DA38F20D1E,2026-08-05,17:43:55,29.61,100.0,20.0,25.048,121.573
74DA38F207DE,2026-08-05,17:43:57,30.11,100.0,20.0,22.603,120.34
74DA38F20D1A,2026-08-05,17:43:58,29.36,100.0,0.0,25.078,121.541
74DA38F2113E,2026-08-05,17:43:58,-4.0,0.0,0.0,22.728,120.313
74DA38F20862,2026-08-05,17:44:00,27.25,100.0,7.0,23.101,121.176
74DA38F7C42E,2026-08-05,17:44:05,28.11,100.0,0.0,24.969,121.514
74DA38F20B80,2026-08-05,17:44:10,29.86,100.0,0.0,22.599,120.35
74DA38ED0630,2026-08-05,17:44:31,30.11,100.0,0.0,23.994,121.594
74DA38F20E9E,2026-08-05,17:44:37,26.87,100.0,15.0,24.648,121.151
74DA38F20FFE,2026-08-05,17:44:39,29.0,100.0,12.0,22.894,120.298
74DA38F20C06,2026-08-05,17:44:42,31.61,71.0,22.0,24.874,121.02
74DA38F7C5A0,2026-08-05,17:44:48,30.36,100.0,0.0,25.107,121.518
74DA38F7C3DE,2026-08-05,17:44:53,29.36,100.0,256.0,24.972,121.537
74DA38F7C3D6,2026-08-05,17:44:58,30.75,100.0,0.0,25.045,121.541
74DA38F209B2,2026-08-05,17:45:08,28.0,100.0,0.0,22.363,120.599
74DA38F20BF6,2026-08-05,17:45:12,29.86,100.0,16.0,22.582,120.368
74DA38ED0454,2026-08-05,17:45:27,31.0,100.0,23.0,24.053,121.599
74DA38ED0640,2026-08-05,17:45:27,25.37,100.0,7.0,23.154,121.266
74DA38F7C532,2026-08-05,17:45:37,29.75,100.0,16.0,25.059,121.499
74DA38F7C566,2026-08-05,17:45:52,31.75,100.0,0.0,25.051,121.448
74DA38F7C54E,2026-08-05,17:46:00,27.87,100.0,0.0,25.063,121.661
74DA38F7C600,2026-08-05,17:46:01,23.12,47.0,13.0,25.07,121.586
74DA38F20F0A,2026-08-05,17:46:04,26.87,100.0,7.0,22.995,120.635
74DA38F20B5C,2026-08-05,17:46:17,29.86,100.0,20.0,22.798,120.293
74DA38F7C5E6,2026-08-05,17:46:31,31.11,100.0,7.0,25.107,121.843
74DA38F7C430,2026-08-05,17:46:43,31.11,84.0,0.0,24.981,121.423
74DA38F20D6C,2026-08-05,17:46:46,29.75,93.0,0.0,22.661,120.301
74DA38F7C506,2026-08-05,17:46:49,29.0,100.0,0.0,24.996,121.544
74DA38F2105C,2026-08-05,17:46:51,29.36,100.0,0.0,25.088,121.599
74DA38F7C3B2,2026-08-05,17:46:54,32.25,68.0,10.0,24.929,121.378
74DA38F20B26,2026-08-05,17:47:05,30.0,100.0,18.0,22.783,120.247
74DA38F7C570,2026-08-05,17:47:05,-4.0,0.0,0.0,25.239,121.63
74DA38F21024,2026-08-05,17:47:16,28.61,100.0,0.0,24.93,121.036
74DA38F208E2,2026-08-05,17:47:17,27.62,100.0,17.0,24.688,121.766
74DA38F21054,2026-08-05,17:47:20,29.75,77.0,10.0,22.898,120.627
74DA38F7C338,2026-08-05,17:47:20,30.5,100.0,13.0,25.011,121.458
74DA38F21170,2026-08-05,17:47:25,28.25,80.0,5.0,22.779,121.088
74DA38F7C560,2026-08-05,17:47:25,30.25,-62.0,0.0,25.079,121.671
74DA38F7C41E,2026-08-05,17:47:28,30.0,87.0,0.0,25.054,121.517
74DA38ED04F2,2026-08-05,17:47:40,27.62,100.0,9.0,23.468,121.496
74DA38F21088,2026-08-05,17:47:40,29.86,100.0,0.0,25.068,121.588
74DA38F7C27E,2026-08-05,17:47:42,30.5,100.0,15.0,25.053,121.444
74DA38F7C610,2026-08-05,17:47:43,30.5,100.0,17.0,25.063,121.564
74DA38F7C59C,2026-08-05,17:48:09,30.61,85.0,22.0,25.103,121.487
74DA38F7C464,2026-08-05,17:48:10,26.5,30.0,0.0,25.006,121.413
74DA38F7C4DE,2026-08-05,17:48:10,29.11,100.0,0.0,25.09,121.462
74DA38F20D2E,2026-08-05,17:48:18,29.86,100.0,0.0,25.06,121.545
74DA38F7C30C,2026-08-05,17:48:19,29.25,100.0,0.0,24.975,121.532
74DA38F210A2,2026-08-05,17:48:22,29.36,100.0,5.0,25.12,121.466
74DA38F20D16,2026-08-05,17:48:24,30.75,100.0,18.0,25.062,121.526
74DA38F209EE,2026-08-05,17:48:26,28.5,100.0,0.0,23.026,121.33
74DA38F7C53C,2026-08-05,17:48:28,27.75,100.0,0.0,25.11,121.804
74DA38F7C366,2026-08-05,17:48:31,29.61,100.0,6.0,25.002,121.516
74DA38F7C616,2026-08-05,17:48:31,30.11,100.0,0.0,25.031,121.563
74DA38F7C47E,2026-08-05,17:48:41,30.75,100.0,20.0,25.053963,121.427681
74DA38F20EB2,2026-08-05,17:48:42,25.0,100.0,33.0,24.324,120.835
74DA38F21048,2026-08-05,17:48:46,29.5,100.0,24.0,22.595,120.341
74DA38F7C13A,2026-08-05,17:48:51,22.37,-16.0,1.0,25.069,121.359
74DA38F20934,2026-08-05,17:48:59,29.75,78.0,5.0,23.002,121.29
74DA38F7C5BE,2026-08-05,17:48:59,30.0,99.0,16.0,25.092,121.523
74DA38F7C5AA,2026-08-05,17:49:01,28.0,100.0,1.0,25.0,121.479
74DA38F20D70,2026-08-05,17:49:05,29.0,99.0,0.0,23.05,121.164
74DA38F7C47C,2026-08-05,17:49:11,30.5,100.0,58.0,25.055,121.455
74DA38F20B12,2026-08-05,17:49:16,29.36,77.0,4.0,22.91,120.716
74DA38F20F1C,2026-08-05,17:49:17,29.0,100.0,12.0,25.062,121.451
74DA38F7C310,2026-08-05,17:49:19,30.61,100.0,10.0,25.09,121.464
74DA38F20B88,2026-08-05,17:49:22,28.5,100.0,0.0,22.75,120.316
74DA38F20C26,2026-08-05,17:49:26,30.75,88.0,17.0,22.676,120.342
74DA38F7C4CC,2026-08-05,17:49:31,28.61,100.0,13.0,25.062,121.451
74DA38ED05EA,2026-08-05,17:49:35,28.75,100.0,13.0,23.394,121.357
74DA38F20A30,2026-08-05,17:49:36,28.86,90.0,2.0,24.948,121.372
74DA38F7C3BA,2026-08-05,17:49:37,-4.0,0.0,97.0,25.174,121.441
74DA38F21204,2026-08-05,17:49:40,28.25,100.0,2.0,25.062,121.451
74DA38F209DE,2026-08-05,17:49:44,29.86,100.0,0.0,24.861,120.964
74DA38F20A78,2026-08-05,17:49:45,27.62,100.0,4.0,22.904,121.124
74DA38F7C39A,2026-08-05,17:49:49,29.75,100.0,0.0,25.002,121.414
74DA38F7C514,2026-08-05,17:49:52,30.11,100.0,15.0,25.051,121.518
74DA38ED06E0,2026-08-05,17:49:56,29.0,100.0,17.0,23.601,121.521
74DA38ED05B6,2026-08-05,17:49:58,27.37,100.0,11.0,23.43,121.348
74DA38F207DE,2026-08-05,17:50:02,30.11,100.0,20.0,22.603,120.34
74DA38F20D1E,2026-08-05,17:50:04,29.61,100.0,21.0,25.048,121.573
74DA38F20862,2026-08-05,17:50:06,27.12,100.0,8.0,23.101,121.176
74DA38F7C260,2026-08-05,17:50:10,31.0,100.0,0.0,25.065,121.425
74DA38F7C480,2026-08-05,17:50:12,29.61,100.0,1.0,25.061,121.432
74DA38ED059C,2026-08-05,17:50:17,28.0,100.0,10.0,23.706,121.412
74DA38F2104E,2026-08-05,17:50:19,26.5,100.0,19.0,23.108,120.7
74DA38F20DE0,2026-08-05,17:50:21,29.36,100.0,0.0,22.589,120.328
74DA38F7C5CE,2026-08-05,17:50:23,29.11,93.0,0.0,25.066,121.656
74DA38F20D1A,2026-08-05,17:50:28,29.25,100.0,1.0,25.078,121.541
74DA38F7C42E,2026-08-05,17:50:33,27.37,100.0,0.0,24.969,121.514
74DA38F20B80,2026-08-05,17:50:37,30.0,100.0,0.0,22.599,120.35
74DA38F20E9E,2026-08-05,17:50:45,26.87,100.0,17.0,24.648,121.151
74DA38F20FFE,2026-08-05,17:50:46,29.0,100.0,11.0,22.894,120.298
74DA38F209A8,2026-08-05,17:50:51,-4.0,0.0,0.0,22.401,120.577
74DA38F20C06,2026-08-05,17:50:51,31.61,71.0,22.0,24.874,121.02
74DA38F7C3DE,2026-08-05,17:50:53,29.36,100.0,272.0,24.972,121.537
74DA38F7C592,2026-08-05,17:51:00,-4.0,0.0,0.0,25.224,121.637
74DA38ED0630,2026-08-05,17:51:01,30.11,100.0,0.0,23.994,121.594
74DA38F2113E,2026-08-05,17:51:13,-4.0,0.0,0.0,22.728,120.313
74DA38F7C5A0,2026-08-05,17:51:15,30.36,100.0,0.0,25.107,121.518
74DA38F20BF6,2026-08-05,17:51:18,29.86,100.0,16.0,22.582,120.368
74DA38F7C3D6,2026-08-05,17:51:25,30.5,100.0,0.0,25.045,121.541
74DA38F20B82,2026-08-05,17:51:33,-4.0,0.0,0.0,22.847,120.465
74DA38ED0454,2026-08-05,17:51:34,31.0,100.0,24.0,24.053,121.599
74DA38ED0640,2026-08-05,17:51:34,25.25,100.0,7.0,23.154,121.266
74DA38F209B2,2026-08-05,17:51:35,28.0,100.0,0.0,22.363,120.599
74DA38F7C532,2026-08-05,17:51:43,29.86,100.0,15.0,25.059,121.499
74DA38F21136,2026-08-05,17:51:57,30.11,100.0,11.0,25.119,121.505
74DA38F7C600,2026-08-05,17:52:07,23.0,45.0,13.0,25.07,121.586
74DA38F20F0A,2026-08-05,17:52:10,26.75,100.0,7.0,22.995,120.635
74DA38F7C54E,2026-08-05,17:52:28,27.87,100.0,0.0,25.063,121.661
74DA38F20B5C,2026-08-05,17:52:32,29.61,100.0,22.0,22.798,120.293
74DA38F7C5E6,2026-08-05,17:52:36,31.11,100.0,7.0,25.107,121.843
74DA38F7C63C,2026-08-05,17:52:36,-4.0,0.0,9.0,24.998,121.425
74DA38F7C3B2,2026-08-05,17:52:59,32.36,68.0,9.0,24.929,121.378
74DA38F7C430,2026-08-05,17:53:11,31.11,84.0,0.0,24.981,121.423
74DA38F20D6C,2026-08-05,17:53:12,29.86,93.0,0.0,22.661,120.301
74DA38F2105C,2026-08-05,17:53:18,29.36,100.0,0.0,25.088,121.599
74DA38F7C506,2026-08-05,17:53:18,29.0,100.0,0.0,24.996,121.544
74DA38F20B26,2026-08-05,17:53:24,30.11,100.0,17.0,22.783,120.247
74DA38F208E2,2026-08-05,17:53:25,27.62,100.0,20.0,24.688,121.766
74DA38F7C338,2026-08-05,17:53:26,30.36,100.0,13.0,25.011,121.458
74DA38F21054,2026-08-05,17:53:27,29.75,77.0,10.0,22.898,120.627
74DA38F21170,2026-08-05,17:53:30,28.36,80.0,5.0,22.779,121.088
74DA38F21024,2026-08-05,17:53:42,28.5,100.0,0.0,24.93,121.036
74DA38F7C27E,2026-08-05,17:53:47,30.36,100.0,15.0,25.053,121.444
74DA38ED04F2,2026-08-05,17:53:49,27.62,100.0,9.0,23.468,121.496
74DA38F7C610,2026-08-05,17:53:52,30.5,100.0,17.0,25.063,121.564
74DA38F7C560,2026-08-05,17:53:53,30.36,-62.0,0.0,25.079,121.671
74DA38F21088,2026-08-05,17:54:08,29.86,100.0,0.0,25.068,121.588
74DA38F7C4DE,2026-08-05,17:54:20,29.25,100.0,0.0,25.09,121.462
74DA38F210A2,2026-08-05,17:54:27,29.36,100.0,5.0,25.12,121.466
74DA38F7C30C,2026-08-05,17:54:27,29.25,100.0,0.0,24.975,121.532
74DA38F20D16,2026-08-05,17:54:30,30.75,100.0,21.0,25.062,121.526
74DA38F209EE,2026-08-05,17:54:31,28.5,100.0,0.0,23.026,121.33
74DA38F7C59C,2026-08-05,17:54:35,30.61,85.0,23.0,25.103,121.487
74DA38F7C366,2026-08-05,17:54:38,29.61,100.0,6.0,25.002,121.516
74DA38F7C464,2026-08-05,17:54:39,26.5,30.0,0.0,25.006,121.413
74DA38F20D2E,2026-08-05,17:54:46,29.86,100.0,0.0,25.06,121.545
74DA38F7C616,2026-08-05,17:54:46,30.25,100.0,0.0,25.031,121.563
74DA38F7C47E,2026-08-05,17:54:49,30.75,100.0,20.0,25.053963,121.427681
74DA38F7C47C,2026-08-05,17:54:52,30.36,100.0,49.0,25.055,121.455
74DA38F7C53C,2026-08-05,17:54:55,27.87,100.0,1.0,25.11,121.804
74DA38F20EB2,2026-08-05,17:54:56,24.75,100.0,33.0,24.324,120.835
74DA38F7C5BE,2026-08-05,17:55:05,30.0,99.0,16.0,25.092,121.523
74DA38F20934,2026-08-05,17:55:09,29.75,78.0,6.0,23.002,121.29
74DA38F20D70,2026-08-05,17:55:12,29.0,99.0,0.0,23.05,121.164
74DA38F21048,2026-08-05,17:55:15,29.5,100.0,23.0,22.595,120.341
74DA38F20B12,2026-08-05,17:55:22,29.36,77.0,4.0,22.91,120.716
74DA38F7C13A,2026-08-05,17:55:22,22.37,-16.0,2.0,25.069,121.359
74DA38F20F1C,2026-08-05,17:55:23,29.0,100.0,12.0,25.062,121.451
74DA38F7C310,2026-08-05,17:55:24,30.61,100.0,9.0,25.09,121.464
74DA38F20C26,2026-08-05,17:55:34,30.86,88.0,15.0,22.676,120.342
74DA38F7C4CC,2026-08-05,17:55:39,28.75,100.0,13.0,25.062,121.451
74DA38ED05EA,2026-08-05,17:55:41,28.75,100.0,13.0,23.394,121.357
74DA38F21204,2026-08-05,17:55:49,28.11,100.0,2.0,25.062,121.451
74DA38F20A78,2026-08-05,17:55:51,27.62,100.0,4.0,22.904,121.124
74DA38F20B88,2026-08-05,17:55:54,28.36,100.0,0.0,22.75,120.316
74DA38F7C5AA,2026-08-05,17:55:58,28.0,100.0,0.0,25.0,121.479
74DA38F7C514,2026-08-05,17:56:01,30.11,100.0,16.0,25.051,121.518
74DA38ED06E0,2026-08-05,17:56:02,29.11,100.0,17.0,23.601,121.521
74DA38ED05B6,2026-08-05,17:56:06,27.12,100.0,11.0,23.43,121.348
74DA38F20A30,2026-08-05,17:56:07,28.75,90.0,0.0,24.948,121.372
74DA38F207DE,2026-08-05,17:56:10,30.11,100.0,20.0,22.603,120.34
74DA38F209DE,2026-08-05,17:56:11,30.11,100.0,0.0,24.861,120.964
74DA38F20862,2026-08-05,17:56:12,26.87,100.0,7.0,23.101,121.176
74DA38F20D1E,2026-08-05,17:56:13,29.75,100.0,21.0,25.048,121.573
74DA38F7C39A,2026-08-05,17:56:16,29.61,100.0,0.0,25.002,121.414
74DA38F2104E,2026-08-05,17:56:26,26.62,100.0,19.0,23.108,120.7
74DA38ED059C,2026-08-05,17:56:28,27.87,100.0,11.0,23.706,121.412
74DA38F7C260,2026-08-05,17:56:37,30.86,100.0,0.0,25.065,121.425
74DA38F7C480,2026-08-05,17:56:41,29.5,100.0,0.0,25.061,121.432
74DA38F7C570,2026-08-05,17:56:44,-4.0,0.0,0.0,25.239,121.63
74DA38F20DE0,2026-08-05,17:56:48,29.36,100.0,0.0,22.589,120.328
74DA38F7C5CE,2026-08-05,17:56:49,29.11,93.0,0.0,25.066,121.656
74DA38F20E9E,2026-08-05,17:56:51,26.87,100.0,16.0,24.648,121.151
74DA38F7C3DE,2026-08-05,17:56:51,29.5,100.0,271.0,24.972,121.537
74DA38F20FFE,2026-08-05,17:56:54,29.0,100.0,12.0,22.894,120.298
74DA38F20D1A,2026-08-05,17:56:55,29.36,100.0,0.0,25.078,121.541
74DA38F20C06,2026-08-05,17:56:58,31.61,71.0,22.0,24.874,121.02
74DA38F7C42E,2026-08-05,17:57:01,27.12,100.0,0.0,24.969,121.514
74DA38F20B80,2026-08-05,17:57:04,29.86,100.0,0.0,22.599,120.35
74DA38F20BF6,2026-08-05,17:57:22,30.0,100.0,16.0,22.582,120.368
74DA38ED0630,2026-08-05,17:57:30,30.11,100.0,0.0,23.994,121.594
74DA38ED0454,2026-08-05,17:57:40,31.0,100.0,24.0,24.053,121.599
74DA38ED0640,2026-08-05,17:57:41,25.37,100.0,7.0,23.154,121.266
74DA38F7C5A0,2026-08-05,17:57:43,30.36,100.0,0.0,25.107,121.518
74DA38F7C532,2026-08-05,17:57:51,29.75,100.0,17.0,25.059,121.499
74DA38F7C3D6,2026-08-05,17:57:52,30.5,100.0,0.0,25.045,121.541
74DA38F209B2,2026-08-05,17:58:02,27.87,100.0,0.0,22.363,120.599
74DA38F7C600,2026-08-05,17:58:13,23.0,46.0,13.0,25.07,121.586
74DA38F20F0A,2026-08-05,17:58:18,26.87,100.0,7.0,22.995,120.635
74DA38F7C3BA,2026-08-05,17:58:22,-4.0,0.0,94.0,25.174,121.441
74DA38F2113E,2026-08-05,17:58:29,-4.0,0.0,0.0,22.728,120.313
74DA38F21136,2026-08-05,17:58:30,30.11,100.0,11.0,25.119,121.505
74DA38F20B5C,2026-08-05,17:58:39,29.61,100.0,20.0,22.798,120.293
74DA38F7C5E6,2026-08-05,17:58:42,31.11,100.0,7.0,25.107,121.843
74DA38F7C54E,2026-08-05,17:58:58,27.87,100.0,0.0,25.063,121.661
74DA38F7C3B2,2026-08-05,17:59:05,32.25,68.0,10.0,24.929,121.378
74DA38F208E2,2026-08-05,17:59:30,27.62,100.0,18.0,24.688,121.766
74DA38F20B26,2026-08-05,17:59:32,30.0,100.0,19.0,22.783,120.247
74DA38F21054,2026-08-05,17:59:32,29.75,77.0,10.0,22.898,120.627
74DA38F7C3DC,2026-08-05,17:59:33,28.61,100.0,17.0,25.003,121.539
74DA38F21170,2026-08-05,17:59:36,28.36,80.0,5.0,22.779,121.088
74DA38F7C338,2026-08-05,17:59:37,30.36,100.0,13.0,25.011,121.458
74DA38F7C430,2026-08-05,17:59:39,31.25,84.0,0.0,24.981,121.423
74DA38F20D6C,2026-08-05,17:59:41,29.86,93.0,0.0,22.661,120.301
74DA38F2105C,2026-08-05,17:59:44,29.36,100.0,0.0,25.088,121.599
74DA38F7C506,2026-08-05,17:59:48,28.86,100.0,0.0,24.996,121.544
74DA38F7C27E,2026-08-05,17:59:54,30.5,100.0,15.0,25.053,121.444
74DA38ED04F2,2026-08-05,17:59:56,27.5,100.0,9.0,23.468,121.496
74DA38F7C610,2026-08-05,18:00:00,30.5,100.0,19.0,25.063,121.564
74DA38F21024,2026-08-05,18:00:10,28.5,100.0,0.0,24.93,121.036
74DA38F7C560,2026-08-05,18:00:20,30.36,-62.0,0.0,25.079,121.671
74DA38F210A2,2026-08-05,18:00:32,29.36,100.0,4.0,25.12,121.466
74DA38F7C30C,2026-08-05,18:00:35,29.25,100.0,0.0,24.975,121.532
74DA38F209A8,2026-08-05,18:00:36,-4.0,0.0,0.0,22.401,120.577
74DA38F209EE,2026-08-05,18:00:36,28.5,100.0,0.0,23.026,121.33
74DA38F21088,2026-08-05,18:00:37,30.0,100.0,0.0,25.068,121.588
74DA38F20D16,2026-08-05,18:00:38,30.75,100.0,24.0,25.062,121.526
74DA38F7C47C,2026-08-05,18:00:38,30.36,100.0,60.0,25.055,121.455
74DA38F7C592,2026-08-05,18:00:38,-4.0,0.0,0.0,25.224,121.637
74DA38F7C41E,2026-08-05,18:00:42,29.86,87.0,0.0,25.054,121.517
74DA38F7C366,2026-08-05,18:00:43,29.36,100.0,6.0,25.002,121.516
74DA38F7C47E,2026-08-05,18:00:56,30.75,100.0,21.0,25.053963,121.427681
74DA38F7C616,2026-08-05,18:00:56,30.36,100.0,0.0,25.031,121.563
74DA38F7C59C,2026-08-05,18:01:03,30.75,85.0,22.0,25.103,121.487
74DA38F20B82,2026-08-05,18:01:06,-4.0,0.0,0.0,22.847,120.465
74DA38F7C464,2026-08-05,18:01:08,26.5,30.0,0.0,25.006,121.413
74DA38F20EB2,2026-08-05,18:01:10,24.87,100.0,32.0,24.324,120.835
74DA38F7C5BE,2026-08-05,18:01:11,29.86,100.0,17.0,25.092,121.523
74DA38F20D2E,2026-08-05,18:01:14,29.75,100.0,0.0,25.06,121.545
74DA38F20D70,2026-08-05,18:01:17,29.11,99.0,0.0,23.05,121.164
74DA38F7C53C,2026-08-05,18:01:22,27.87,100.0,0.0,25.11,121.804
74DA38F20934,2026-08-05,18:01:24,29.75,78.0,5.0,23.002,121.29
74DA38F20B12,2026-08-05,18:01:28,29.36,77.0,4.0,22.91,120.716
74DA38F7C310,2026-08-05,18:01:28,30.5,100.0,9.0,25.09,121.464
74DA38F20F1C,2026-08-05,18:01:32,28.86,100.0,12.0,25.062,121.451
74DA38F20C26,2026-08-05,18:01:42,31.11,87.0,16.0,22.676,120.342
74DA38F7C4CC,2026-08-05,18:01:45,28.75,100.0,13.0,25.062,121.451
74DA38F21048,2026-08-05,18:01:47,29.5,100.0,24.0,22.595,120.341
74DA38ED05EA,2026-08-05,18:01:48,28.75,100.0,13.0,23.394,121.357
74DA38F7C13A,2026-08-05,18:01:49,22.37,-15.0,2.0,25.069,121.359
74DA38F20A78,2026-08-05,18:01:57,27.5,100.0,4.0,22.904,121.124
74DA38F21204,2026-08-05,18:01:59,28.11,100.0,3.0,25.062,121.451
74DA38ED06E0,2026-08-05,18:02:09,29.0,100.0,17.0,23.601,121.521
74DA38F7C63C,2026-08-05,18:02:09,-4.0,0.0,9.0,24.998,121.425
74DA38F7C514,2026-08-05,18:02:11,30.0,100.0,15.0,25.051,121.518
74DA38ED05B6,2026-08-05,18:02:12,27.12,100.0,11.0,23.43,121.348
74DA38F207DE,2026-08-05,18:02:15,30.11,100.0,20.0,22.603,120.34
74DA38F20862,2026-08-05,18:02:18,26.87,100.0,9.0,23.101,121.176
74DA38F20D1E,2026-08-05,18:02:19,29.75,100.0,19.0,25.048,121.573
74DA38F20B88,2026-08-05,18:02:28,28.25,100.0,0.0,22.75,120.316
74DA38F7C5AA,2026-08-05,18:02:29,28.0,100.0,0.0,25.0,121.479
74DA38F20FA4,2026-08-05,18:02:33,29.0,100.0,23.0,22.63,120.42
74DA38F2104E,2026-08-05,18:02:33,26.75,100.0,17.0,23.108,120.7
74DA38F20A30,2026-08-05,18:02:36,28.75,90.0,2.0,24.948,121.372
74DA38F209DE,2026-08-05,18:02:38,30.25,100.0,0.0,24.861,120.964
74DA38ED059C,2026-08-05,18:02:43,27.87,100.0,11.0,23.706,121.412
74DA38F7C39A,2026-08-05,18:02:44,29.5,100.0,0.0,25.002,121.414
74DA38F7C3DE,2026-08-05,18:02:50,29.5,100.0,277.0,24.972,121.537
74DA38F20E9E,2026-08-05,18:02:57,26.87,100.0,15.0,24.648,121.151
74DA38F20FFE,2026-08-05,18:03:05,28.86,100.0,12.0,22.894,120.298
74DA38F20C06,2026-08-05,18:03:06,31.61,71.0,22.0,24.874,121.02
74DA38F7C260,2026-08-05,18:03:07,30.61,100.0,0.0,25.065,121.425
74DA38F7C480,2026-08-05,18:03:08,29.25,100.0,0.0,25.061,121.432
74DA38F7C5CE,2026-08-05,18:03:15,29.11,93.0,0.0,25.066,121.656
74DA38F20DE0,2026-08-05,18:03:16,29.5,100.0,0.0,22.589,120.328
74DA38F20D1A,2026-08-05,18:03:24,29.5,100.0,0.0,25.078,121.541
74DA38F20BF6,2026-08-05,18:03:27,29.86,100.0,16.0,22.582,120.368
74DA38F20B80,2026-08-05,18:03:30,29.86,100.0,0.0,22.599,120.35
74DA38F7C42E,2026-08-05,18:03:31,27.12,100.0,0.0,24.969,121.514
74DA38ED0454,2026-08-05,18:03:47,30.86,100.0,24.0,24.053,121.599
74DA38ED0640,2026-08-05,18:03:48,25.37,100.0,7.0,23.154,121.266
74DA38ED0630,2026-08-05,18:03:58,30.0,100.0,0.0,23.994,121.594
74DA38F7C532,2026-08-05,18:03:59,29.75,100.0,21.0,25.059,121.499
74DA38F7C5A0,2026-08-05,18:04:11,30.36,100.0,0.0,25.107,121.518
74DA38F7C3D6,2026-08-05,18:04:18,30.36,100.0,0.0,25.045,121.541
74DA38F7C600,2026-08-05,18:04:19,23.0,47.0,13.0,25.07,121.586
74DA38F20F0A,2026-08-05,18:04:25,26.75,100.0,8.0,22.995,120.635
74DA38F209B2,2026-08-05,18:04:29,28.0,100.0,0.0,22.363,120.599
74DA38F20B5C,2026-08-05,18:04:45,29.61,100.0,20.0,22.798,120.293
74DA38F7C5E6,2026-08-05,18:04:48,31.11,100.0,7.0,25.107,121.843
74DA38F7C3B2,2026-08-05,18:05:11,32.36,68.0,10.0,24.929,121.378
74DA38F21136,2026-08-05,18:05:17,30.11,100.0,10.0,25.119,121.505
74DA38F7C54E,2026-08-05,18:05:24,27.87,100.0,0.0,25.063,121.661
74DA38F208E2,2026-08-05,18:05:36,27.87,100.0,18.0,24.688,121.766
74DA38F21054,2026-08-05,18:05:38,29.75,77.0,10.0,22.898,120.627
74DA38F20B26,2026-08-05,18:05:40,30.0,100.0,18.0,22.783,120.247
74DA38F2113E,2026-08-05,18:05:45,-4.0,0.0,0.0,22.728,120.313
74DA38F21170,2026-08-05,18:05:53,28.36,80.0,4.0,22.779,121.088
74DA38F7C27E,2026-08-05,18:05:59,30.5,100.0,15.0,25.053,121.444
74DA38ED04F2,2026-08-05,18:06:04,27.5,100.0,9.0,23.468,121.496
74DA38F7C430,2026-08-05,18:06:06,31.25,84.0,0.0,24.981,121.423
74DA38F7C610,2026-08-05,18:06:08,30.5,100.0,18.0,25.063,121.564
74DA38F20D6C,2026-08-05,18:06:11,29.86,93.0,0.0,22.661,120.301
74DA38F2105C,2026-08-05,18:06:11,29.36,100.0,0.0,25.088,121.599
74DA38F7C338,2026-08-05,18:06:13,30.36,100.0,12.0,25.011,121.458
74DA38F7C506,2026-08-05,18:06:16,29.0,100.0,0.0,24.996,121.544
74DA38F7C47C,2026-08-05,18:06:22,30.25,100.0,58.0,25.055,121.455
74DA38F7C570,2026-08-05,18:06:24,-4.0,0.0,0.0,25.239,121.63
74DA38F21024,2026-08-05,18:06:37,28.5,100.0,0.0,24.93,121.036
74DA38F210A2,2026-08-05,18:06:37,29.36,100.0,5.0,25.12,121.466
74DA38F209EE,2026-08-05,18:06:41,28.5,100.0,0.0,23.026,121.33
74DA38F7C30C,2026-08-05,18:06:43,29.25,100.0,0.0,24.975,121.532
74DA38F20D16,2026-08-05,18:06:45,30.75,100.0,20.0,25.062,121.526
74DA38F7C366,2026-08-05,18:06:48,29.11,100.0,6.0,25.002,121.516
74DA38F7C560,2026-08-05,18:06:48,30.36,-62.0,0.0,25.079,121.671
74DA38F7C4DE,2026-08-05,18:06:50,29.36,100.0,0.0,25.09,121.462
74DA38F7C47E,2026-08-05,18:07:03,30.75,100.0,21.0,25.053963,121.427681
74DA38F21088,2026-08-05,18:07:05,30.0,100.0,0.0,25.068,121.588
74DA38F7C3BA,2026-08-05,18:07:08,-4.0,0.0,100.0,25.174,121.441
74DA38F7C5BE,2026-08-05,18:07:16,30.0,100.0,17.0,25.092,121.523
74DA38F7C41E,2026-08-05,18:07:18,29.86,87.0,0.0,25.054,121.517
74DA38F20EB2,2026-08-05,18:07:22,25.0,100.0,33.0,24.324,120.835
74DA38F20D70,2026-08-05,18:07:24,29.25,98.0,0.0,23.05,121.164
74DA38F7C59C,2026-08-05,18:07:31,30.86,85.0,23.0,25.103,121.487
74DA38F7C310,2026-08-05,18:07:33,30.5,100.0,10.0,25.09,121.464
74DA38F20B12,2026-08-05,18:07:34,29.36,77.0,4.0,22.91,120.716
74DA38F20934,2026-08-05,18:07:35,29.75,78.0,6.0,23.002,121.29
74DA38F7C464,2026-08-05,18:07:36,26.5,30.0,0.0,25.006,121.413
74DA38F20F1C,2026-08-05,18:07:37,28.86,100.0,11.0,25.062,121.451
74DA38F20D2E,2026-08-05,18:07:42,29.75,100.0,0.0,25.06,121.545
74DA38F20C26,2026-08-05,18:07:49,31.11,87.0,16.0,22.676,120.342
74DA38F7C53C,2026-08-05,18:07:49,27.75,100.0,0.0,25.11,121.804
74DA38F7C4CC,2026-08-05,18:07:52,28.75,100.0,12.0,25.062,121.451
74DA38ED05EA,2026-08-05,18:07:53,28.75,100.0,13.0,23.394,121.357
74DA38F20A78,2026-08-05,18:08:04,27.5,100.0,4.0,22.904,121.124
74DA38F21204,2026-08-05,18:08:15,28.11,100.0,2.0,25.062,121.451
74DA38ED06E0,2026-08-05,18:08:16,29.11,100.0,18.0,23.601,121.521
74DA38F21048,2026-08-05,18:08:16,29.5,100.0,24.0,22.595,120.341
74DA38F7C13A,2026-08-05,18:08:16,22.37,-15.0,3.0,25.069,121.359
74DA38ED05B6,2026-08-05,18:08:18,27.12,100.0,10.0,23.43,121.348
74DA38F7C514,2026-08-05,18:08:19,30.11,100.0,15.0,25.051,121.518
74DA38F207DE,2026-08-05,18:08:22,30.11,100.0,21.0,22.603,120.34
74DA38F20862,2026-08-05,18:08:25,27.0,100.0,9.0,23.101,121.176
74DA38F20D1E,2026-08-05,18:08:26,29.75,100.0,20.0,25.048,121.573
74DA38F20FA4,2026-08-05,18:08:42,29.0,100.0,22.0,22.63,120.42
74DA38F7C3DE,2026-08-05,18:08:48,29.5,100.0,288.0,24.972,121.537
74DA38ED059C,2026-08-05,18:08:53,27.75,100.0,10.0,23.706,121.412
74DA38F20B88,2026-08-05,18:08:59,28.25,100.0,0.0,22.75,120.316
74DA38F20E9E,2026-08-05,18:09:03,26.75,100.0,15.0,24.648,121.151
74DA38F20A30,2026-08-05,18:09:04,28.75,90.0,0.0,24.948,121.372
74DA38F209DE,2026-08-05,18:09:07,30.5,100.0,0.0,24.861,120.964
74DA38F7C5AA,2026-08-05,18:09:10,27.87,100.0,1.0,25.0,121.479
74DA38F7C39A,2026-08-05,18:09:13,29.36,100.0,0.0,25.002,121.414
74DA38F20C06,2026-08-05,18:09:14,31.61,71.0,21.0,24.874,121.02
74DA38F20FFE,2026-08-05,18:09:15,29.0,100.0,12.0,22.894,120.298
74DA38F20E6E,2026-08-05,18:09:31,26.87,100.0,0.0,24.41,120.902
74DA38F20BF6,2026-08-05,18:09:32,30.0,100.0,17.0,22.582,120.368
74DA38F7C260,2026-08-05,18:09:34,30.5,100.0,0.0,25.065,121.425
74DA38F7C480,2026-08-05,18:09:36,29.25,100.0,0.0,25.061,121.432
74DA38F20DE0,2026-08-05,18:09:43,29.5,100.0,0.0,22.589,120.328
74DA38F7C5CE,2026-08-05,18:09:43,29.25,93.0,0.0,25.066,121.656
74DA38F20D1A,2026-08-05,18:09:52,29.36,100.0,0.0,25.078,121.541
74DA38ED0454,2026-08-05,18:09:54,30.86,100.0,24.0,24.053,121.599
74DA38ED0640,2026-08-05,18:09:55,25.37,100.0,6.0,23.154,121.266
74DA38F20B80,2026-08-05,18:09:56,29.86,100.0,0.0,22.599,120.35
74DA38F7C42E,2026-08-05,18:10:03,27.25,100.0,0.0,24.969,121.514
74DA38F7C532,2026-08-05,18:10:07,29.75,100.0,17.0,25.059,121.499
74DA38F209A8,2026-08-05,18:10:15,-4.0,0.0,0.0,22.401,120.577
74DA38F7C592,2026-08-05,18:10:17,-4.0,0.0,0.0,25.224,121.637
74DA38F7C600,2026-08-05,18:10:25,23.0,47.0,13.0,25.07,121.586
74DA38ED0630,2026-08-05,18:10:29,29.86,100.0,0.0,23.994,121.594
74DA38F20F0A,2026-08-05,18:10:30,26.75,100.0,8.0,22.995,120.635
74DA38F20B82,2026-08-05,18:10:37,-4.0,0.0,0.0,22.847,120.465
74DA38F7C5A0,2026-08-05,18:10:38,30.36,100.0,0.0,25.107,121.518
74DA38F7C3D6,2026-08-05,18:10:45,30.61,100.0,0.0,25.045,121.541
74DA38F7C5E6,2026-08-05,18:10:52,31.11,100.0,7.0,25.107,121.843
74DA38F20B5C,2026-08-05,18:10:53,29.75,100.0,20.0,22.798,120.293
74DA38F209B2,2026-08-05,18:10:56,28.0,100.0,0.0,22.363,120.599
74DA38F7C3B2,2026-08-05,18:11:17,32.25,68.0,10.0,24.929,121.378
74DA38F21136,2026-08-05,18:11:35,30.11,100.0,10.0,25.119,121.505
74DA38F208E2,2026-08-05,18:11:42,27.62,100.0,19.0,24.688,121.766
74DA38F7C63C,2026-08-05,18:11:42,-4.0,0.0,10.0,24.998,121.425
74DA38F21054,2026-08-05,18:11:44,29.75,77.0,10.0,22.898,120.627
74DA38F7C54E,2026-08-05,18:11:50,27.87,100.0,0.0,25.063,121.661
74DA38F20B26,2026-08-05,18:11:52,29.86,100.0,23.0,22.783,120.247
74DA38F21170,2026-08-05,18:11:58,28.25,80.0,5.0,22.779,121.088
74DA38F7C27E,2026-08-05,18:12:05,30.5,100.0,14.0,25.053,121.444
74DA38ED04F2,2026-08-05,18:12:10,27.5,100.0,9.0,23.468,121.496
74DA38F7C47C,2026-08-05,18:12:10,30.25,100.0,59.0,25.055,121.455
74DA38F7C610,2026-08-05,18:12:15,30.5,100.0,18.0,25.063,121.564
74DA38F7C338,2026-08-05,18:12:27,30.36,100.0,12.0,25.011,121.458
74DA38F7C430,2026-08-05,18:12:34,31.25,84.0,0.0,24.981,121.423
74DA38F2105C,2026-08-05,18:12:39,29.36,100.0,0.0,25.088,121.599
74DA38F210A2,2026-08-05,18:12:41,29.36,100.0,4.0,25.12,121.466
74DA38F20D6C,2026-08-05,18:12:45,29.86,94.0,0.0,22.661,120.301
74DA38F7C506,2026-08-05,18:12:45,29.0,100.0,0.0,24.996,121.544
74DA38F209EE,2026-08-05,18:12:47,28.5,100.0,0.0,23.026,121.33
74DA38F20D16,2026-08-05,18:12:50,30.75,100.0,16.0,25.062,121.526
74DA38F7C30C,2026-08-05,18:12:51,29.11,100.0,0.0,24.975,121.532
74DA38F7C4DE,2026-08-05,18:12:58,29.25,100.0,0.0,25.09,121.462
74DA38F7C3DC,2026-08-05,18:13:00,28.61,100.0,17.0,25.003,121.539
74DA38F2113E,2026-08-05,18:13:01,-4.0,0.0,0.0,22.728,120.313
74DA38F21024,2026-08-05,18:13:03,28.5,100.0,0.0,24.93,121.036
74DA38F7C366,2026-08-05,18:13:04,29.0,100.0,6.0,25.002,121.516
74DA38F7C47E,2026-08-05,18:13:09,30.75,100.0,21.0,25.053963,121.427681
74DA38F7C560,2026-08-05,18:13:16,30.25,-62.0,0.0,25.079,121.671
74DA38F7C5BE,2026-08-05,18:13:21,30.0,100.0,17.0,25.092,121.523
74DA38F20D70,2026-08-05,18:13:29,29.25,99.0,0.0,23.05,121.164
74DA38F21088,2026-08-05,18:13:33,29.86,100.0,0.0,25.068,121.588
74DA38F20EB2,2026-08-05,18:13:35,24.87,100.0,33.0,24.324,120.835
74DA38F7C616,2026-08-05,18:13:36,30.11,100.0,0.0,25.031,121.563
74DA38F7C310,2026-08-05,18:13:38,30.5,100.0,10.0,25.09,121.464
74DA38F20B12,2026-08-05,18:13:40,29.36,78.0,4.0,22.91,120.716
74DA38F20934,2026-08-05,18:13:41,29.61,78.0,5.0,23.002,121.29
74DA38F20F1C,2026-08-05,18:13:43,29.0,100.0,12.0,25.062,121.451
74DA38F7C41E,2026-08-05,18:13:53,30.0,87.0,0.0,25.054,121.517
74DA38F20C26,2026-08-05,18:13:57,31.25,87.0,15.0,22.676,120.342
74DA38ED05EA,2026-08-05,18:14:00,28.75,100.0,12.0,23.394,121.357
74DA38F7C4CC,2026-08-05,18:14:00,28.75,100.0,12.0,25.062,121.451
74DA38F7C59C,2026-08-05,18:14:00,31.0,85.0,23.0,25.103,121.487
74DA38F7C464,2026-08-05,18:14:03,26.5,30.0,0.0,25.006,121.413
74DA38F20D2E,2026-08-05,18:14:09,29.75,100.0,0.0,25.06,121.545
74DA38F20A78,2026-08-05,18:14:10,27.62,100.0,4.0,22.904,121.124
74DA38F7C53C,2026-08-05,18:14:17,27.75,100.0,0.0,25.11,121.804
74DA38ED05B6,2026-08-05,18:14:24,27.12,100.0,11.0,23.43,121.348
74DA38ED06E0,2026-08-05,18:14:26,29.0,100.0,16.0,23.601,121.521
74DA38F21204,2026-08-05,18:14:26,28.11,100.0,2.0,25.062,121.451
74DA38F207DE,2026-08-05,18:14:29,30.11,100.0,21.0,22.603,120.34
74DA38F20862,2026-08-05,18:14:30,27.12,100.0,8.0,23.101,121.176
74DA38F7C514,2026-08-05,18:14:31,30.0,100.0,14.0,25.051,121.518
74DA38F20D1E,2026-08-05,18:14:33,30.0,100.0,19.0,25.048,121.573
74DA38F7C13A,2026-08-05,18:14:44,22.37,-16.0,2.0,25.069,121.359
74DA38F21048,2026-08-05,18:14:46,29.5,100.0,25.0,22.595,120.341
74DA38F7C3DE,2026-08-05,18:14:48,29.36,100.0,281.0,24.972,121.537
74DA38F20FA4,2026-08-05,18:14:52,29.0,100.0,22.0,22.63,120.42
74DA38ED059C,2026-08-05,18:15:07,27.87,100.0,11.0,23.706,121.412
74DA38F20E9E,2026-08-05,18:15:09,26.75,100.0,15.0,24.648,121.151
74DA38F20C06,2026-08-05,18:15:20,31.61,71.0,22.0,24.874,121.02
74DA38F20FFE,2026-08-05,18:15:22,28.86,100.0,12.0,22.894,120.298
74DA38F20B88,2026-08-05,18:15:31,28.25,100.0,0.0,22.75,120.316
74DA38F209DE,2026-08-05,18:15:33,30.36,100.0,0.0,24.861,120.964
74DA38F20A30,2026-08-05,18:15:36,28.61,90.0,0.0,24.948,121.372
74DA38F20BF6,2026-08-05,18:15:38,29.86,100.0,15.0,22.582,120.368
74DA38F7C39A,2026-08-05,18:15:39,29.25,100.0,0.0,25.002,121.414
74DA38F7C5AA,2026-08-05,18:15:41,28.11,100.0,0.0,25.0,121.479
74DA38F7C3BA,2026-08-05,18:15:54,-4.0,0.0,99.0,25.174,121.441
74DA38F7C260,2026-08-05,18:16:00,30.25,100.0,0.0,25.065,121.425
74DA38ED0454,2026-08-05,18:16:01,30.86,100.0,24.0,24.053,121.599
74DA38ED0640,2026-08-05,18:16:03,25.25,100.0,7.0,23.154,121.266
74DA38F7C570,2026-08-05,18:16:04,-4.0,0.0,0.0,25.239,121.63
74DA38F7C480,2026-08-05,18:16:05,29.0,100.0,0.0,25.061,121.432
74DA38F7C5CE,2026-08-05,18:16:09,29.36,93.0,0.0,25.066,121.656
74DA38F20DE0,2026-08-05,18:16:12,29.5,100.0,1.0,22.589,120.328
74DA38F7C532,2026-08-05,18:16:15,29.75,100.0,18.0,25.059,121.499
74DA38F20D1A,2026-08-05,18:16:20,29.25,100.0,0.0,25.078,121.541
74DA38F20B80,2026-08-05,18:16:23,29.75,100.0,0.0,22.599,120.35
74DA38F7C600,2026-08-05,18:16:31,23.0,47.0,13.0,25.07,121.586
74DA38F7C42E,2026-08-05,18:16:34,27.12,100.0,0.0,24.969,121.514
74DA38F20F0A,2026-08-05,18:16:38,26.75,100.0,9.0,22.995,120.635
74DA38ED0630,2026-08-05,18:16:56,29.86,100.0,0.0,23.994,121.594
74DA38F7C5E6,2026-08-05,18:16:58,31.11,100.0,8.0,25.107,121.843
74DA38F20B5C,2026-08-05,18:17:01,29.86,100.0,18.0,22.798,120.293
74DA38F7C5A0,2026-08-05,18:17:05,30.36,100.0,0.0,25.107,121.518
74DA38F7C3D6,2026-08-05,18:17:12,30.61,100.0,0.0,25.045,121.541
74DA38F209B2,2026-08-05,18:17:23,28.11,100.0,0.0,22.363,120.599
74DA38F7C3B2,2026-08-05,18:17:23,32.25,68.0,10.0,24.929,121.378
74DA38F208E2,2026-08-05,18:17:49,27.62,100.0,18.0,24.688,121.766
74DA38F21054,2026-08-05,18:17:50,29.75,77.0,10.0,22.898,120.627
74DA38F21136,2026-08-05,18:17:50,30.0,100.0,10.0,25.119,121.505
74DA38F7C47C,2026-08-05,18:17:58,30.25,100.0,53.0,25.055,121.455
74DA38F20B26,2026-08-05,18:17:59,29.86,100.0,16.0,22.783,120.247
74DA38F21170,2026-08-05,18:18:04,28.25,79.0,5.0,22.779,121.088
74DA38F7C27E,2026-08-05,18:18:11,30.5,100.0,14.0,25.053,121.444
74DA38F7C54E,2026-08-05,18:18:16,27.87,100.0,0.0,25.063,121.661
74DA38ED04F2,2026-08-05,18:18:18,27.5,100.0,9.0,23.468,121.496
74DA38F7C610,2026-08-05,18:18:24,30.36,100.0,19.0,25.063,121.564
74DA38F2104E,2026-08-05,18:18:43,26.5,100.0,20.0,23.108,120.7
74DA38F210A2,2026-08-05,18:18:46,29.36,100.0,5.0,25.12,121.466
74DA38F7C338,2026-08-05,18:18:51,30.36,100.0,12.0,25.011,121.458
74DA38F209EE,2026-08-05,18:18:52,28.36,100.0,0.0,23.026,121.33
74DA38F20D16,2026-08-05,18:18:58,30.86,100.0,27.0,25.062,121.526
74DA38F7C430,2026-08-05,18:19:02,31.25,84.0,0.0,24.981,121.423
74DA38F7C30C,2026-08-05,18:19:03,29.25,100.0,0.0,24.975,121.532
74DA38F2105C,2026-08-05,18:19:05,29.25,100.0,0.0,25.088,121.599
74DA38F7C366,2026-08-05,18:19:09,29.0,100.0,6.0,25.002,121.516
74DA38F7C4DE,2026-08-05,18:19:11,29.36,100.0,0.0,25.09,121.462
74DA38F7C506,2026-08-05,18:19:12,29.0,100.0,0.0,24.996,121.544
74DA38F7C47E,2026-08-05,18:19:15,30.75,100.0,21.0,25.053963,121.427681
74DA38F20D6C,2026-08-05,18:19:21,29.75,94.0,0.0,22.661,120.301
74DA38F7C5BE,2026-08-05,18:19:28,30.0,100.0,18.0,25.092,121.523
74DA38F21024,2026-08-05,18:19:30,28.5,100.0,0.0,24.93,121.036
74DA38F20D70,2026-08-05,18:19:35,29.25,99.0,0.0,23.05,121.164
74DA38F7C560,2026-08-05,18:19:43,30.25,-62.0,0.0,25.079,121.671
74DA38F7C310,2026-08-05,18:19:44,30.5,100.0,10.0,25.09,121.464
74DA38F20EB2,2026-08-05,18:19:45,25.0,100.0,32.0,24.324,120.835
74DA38F20934,2026-08-05,18:19:46,29.75,78.0,5.0,23.002,121.29
74DA38F20B12,2026-08-05,18:19:46,29.25,78.0,4.0,22.91,120.716
74DA38F7C616,2026-08-05,18:19:46,29.86,100.0,0.0,25.031,121.563
74DA38F20F1C,2026-08-05,18:19:49,29.0,100.0,12.0,25.062,121.451
74DA38F7C592,2026-08-05,18:19:55,-4.0,0.0,0.0,25.224,121.637
74DA38F209A8,2026-08-05,18:20:00,-4.0,0.0,0.0,22.401,120.577
74DA38F21088,2026-08-05,18:20:02,29.86,100.0,0.0,25.068,121.588
74DA38F20C26,2026-08-05,18:20:04,31.36,87.0,15.0,22.676,120.342
74DA38ED05EA,2026-08-05,18:20:07,28.75,100.0,12.0,23.394,121.357
74DA38F7C4CC,2026-08-05,18:20:07,28.75,100.0,12.0,25.062,121.451
74DA38F20B82,2026-08-05,18:20:10,-4.0,0.0,0.0,22.847,120.465
74DA38F20A78,2026-08-05,18:20:16,27.37,100.0,4.0,22.904,121.124
74DA38F2113E,2026-08-05,18:20:16,-4.0,0.0,0.0,22.728,120.313
74DA38F7C41E,2026-08-05,18:20:29,29.86,87.0,0.0,25.054,121.517
74DA38F7C59C,2026-08-05,18:20:29,30.86,84.0,24.0,25.103,121.487
74DA38F7C464,2026-08-05,18:20:31,26.5,30.0,0.0,25.006,121.413
74DA38ED05B6,2026-08-05,18:20:33,27.0,100.0,10.0,23.43,121.348
74DA38ED06E0,2026-08-05,18:20:33,29.0,100.0,17.0,23.601,121.521
74DA38F207DE,2026-08-05,18:20:36,30.25,100.0,21.0,22.603,120.34
74DA38F21204,2026-08-05,18:20:36,28.11,100.0,3.0,25.062,121.451
74DA38F20862,2026-08-05,18:20:37,27.25,100.0,8.0,23.101,121.176
74DA38F20D2E,2026-08-05,18:20:37,29.61,100.0,0.0,25.06,121.545
74DA38F7C514,2026-08-05,18:20:38,30.0,100.0,15.0,25.051,121.518
74DA38F20D1E,2026-08-05,18:20:41,30.0,100.0,19.0,25.048,121.573
74DA38F7C53C,2026-08-05,18:20:43,27.62,100.0,0.0,25.11,121.804
74DA38F7C3DE,2026-08-05,18:20:46,29.25,100.0,286.0,24.972,121.537
74DA38F20FA4,2026-08-05,18:21:02,29.11,100.0,21.0,22.63,120.42
74DA38F7C13A,2026-08-05,18:21:11,22.37,-17.0,5.0,25.069,121.359
74DA38F7C63C,2026-08-05,18:21:13,-4.0,0.0,10.0,24.998,121.425
74DA38F20E9E,2026-08-05,18:21:16,26.75,100.0,15.0,24.648,121.151
74DA38F21048,2026-08-05,18:21:16,29.5,100.0,24.0,22.595,120.341
74DA38F20FFE,2026-08-05,18:21:28,28.86,100.0,12.0,22.894,120.298
74DA38F20C06,2026-08-05,18:21:29,31.61,71.0,22.0,24.874,121.02
74DA38ED059C,2026-08-05,18:21:30,27.75,100.0,11.0,23.706,121.412
74DA38F20BF6,2026-08-05,18:21:42,30.0,100.0,16.0,22.582,120.368
74DA38F209DE,2026-08-05,18:22:00,30.36,100.0,0.0,24.861,120.964
74DA38F20B88,2026-08-05,18:22:00,28.25,100.0,0.0,22.75,120.316
74DA38F7C39A,2026-08-05,18:22:07,29.11,100.0,0.0,25.002,121.414
74DA38ED0454,2026-08-05,18:22:08,30.75,100.0,23.0,24.053,121.599
74DA38ED0640,2026-08-05,18:22:10,25.37,100.0,7.0,23.154,121.266
74DA38F7C532,2026-08-05,18:22:21,29.61,100.0,16.0,25.059,121.499
74DA38F20A30,2026-08-05,18:22:22,28.36,91.0,2.0,24.948,121.372
74DA38F7C5AA,2026-08-05,18:22:26,28.11,100.0,0.0,25.0,121.479
74DA38F7C260,2026-08-05,18:22:28,30.0,100.0,0.0,25.065,121.425
74DA38F7C480,2026-08-05,18:22:31,28.86,100.0,0.0,25.061,121.432
74DA38F7C600,2026-08-05,18:22:36,23.0,47.0,12.0,25.07,121.586
74DA38F7C5CE,2026-08-05,18:22:37,29.36,93.0,0.0,25.066,121.656
74DA38F20DE0,2026-08-05,18:22:39,29.25,100.0,0.0,22.589,120.328
74DA38F20F0A,2026-08-05,18:22:44,26.5,100.0,8.0,22.995,120.635
74DA38F20D1A,2026-08-05,18:22:47,29.36,100.0,0.0,25.078,121.541
74DA38F20B80,2026-08-05,18:22:49,29.61,100.0,0.0,22.599,120.35
74DA38F7C42E,2026-08-05,18:23:03,27.37,100.0,0.0,24.969,121.514
74DA38F7C5E6,2026-08-05,18:23:03,31.11,100.0,8.0,25.107,121.843
74DA38F20B5C,2026-08-05,18:23:07,29.86,100.0,19.0,22.798,120.293
74DA38ED0630,2026-08-05,18:23:23,29.75,100.0,0.0,23.994,121.594
74DA38F7C3B2,2026-08-05,18:23:29,32.25,68.0,10.0,24.929,121.378
74DA38F7C5A0,2026-08-05,18:23:34,30.36,100.0,0.0,25.107,121.518
74DA38F7C3D6,2026-08-05,18:23:38,30.5,100.0,0.0,25.045,121.541
74DA38F7C47C,2026-08-05,18:23:41,30.36,100.0,52.0,25.055,121.455
74DA38F209B2,2026-08-05,18:23:50,28.0,100.0,0.0,22.363,120.599
74DA38F208E2,2026-08-05,18:23:54,27.5,100.0,18.0,24.688,121.766
74DA38F21054,2026-08-05,18:23:55,29.75,77.0,10.0,22.898,120.627
74DA38F20B26,2026-08-05,18:24:07,30.0,100.0,18.0,22.783,120.247
74DA38F21170,2026-08-05,18:24:10,28.36,80.0,5.0,22.779,121.088
74DA38F21136,2026-08-05,18:24:14,30.0,100.0,11.0,25.119,121.505
74DA38F7C27E,2026-08-05,18:24:17,30.5,100.0,15.0,25.053,121.444
74DA38ED04F2,2026-08-05,18:24:25,27.5,100.0,9.0,23.468,121.496
74DA38F7C610,2026-08-05,18:24:33,30.5,100.0,19.0,25.063,121.564
74DA38F7C3BA,2026-08-05,18:24:38,-4.0,0.0,96.0,25.174,121.441
74DA38F7C54E,2026-08-05,18:24:42,27.75,100.0,0.0,25.063,121.661
74DA38F210A2,2026-08-05,18:24:51,29.5,100.0,5.0,25.12,121.466
74DA38F2104E,2026-08-05,18:24:52,26.12,100.0,22.0,23.108,120.7
74DA38F209EE,2026-08-05,18:24:56,28.36,100.0,0.0,23.026,121.33
74DA38F7C338,2026-08-05,18:24:58,30.36,100.0,12.0,25.011,121.458
74DA38F20D16,2026-08-05,18:25:03,30.86,100.0,19.0,25.062,121.526
74DA38F7C366,2026-08-05,18:25:14,29.0,100.0,6.0,25.002,121.516
74DA38F7C47E,2026-08-05,18:25:21,30.61,100.0,21.0,25.053963,121.427681
74DA38F7C30C,2026-08-05,18:25:22,29.25,100.0,0.0,24.975,121.532
74DA38F7C4DE,2026-08-05,18:25:26,29.36,100.0,0.0,25.09,121.462
74DA38F7C430,2026-08-05,18:25:29,31.11,84.0,0.0,24.981,121.423
74DA38F2105C,2026-08-05,18:25:32,29.36,100.0,0.0,25.088,121.599
74DA38F7C5BE,2026-08-05,18:25:33,30.0,100.0,18.0,25.092,121.523
74DA38F7C506,2026-08-05,18:25:39,28.86,100.0,0.0,24.996,121.544
74DA38F20D70,2026-08-05,18:25:43,29.11,99.0,0.0,23.05,121.164
74DA38F7C570,2026-08-05,18:25:43,-4.0,0.0,0.0,25.239,121.63
74DA38F7C310,2026-08-05,18:25:50,30.5,100.0,9.0,25.09,121.464
74DA38F20B12,2026-08-05,18:25:52,29.25,78.0,5.0,22.91,120.716
74DA38F20F1C,2026-08-05,18:25:55,28.86,100.0,12.0,25.062,121.451
74DA38F20934,2026-08-05,18:25:56,29.75,78.0,5.0,23.002,121.29
74DA38F21024,2026-08-05,18:25:57,28.5,100.0,0.0,24.93,121.036
74DA38F20EB2,2026-08-05,18:25:58,24.75,100.0,33.0,24.324,120.835
74DA38F7C616,2026-08-05,18:25:59,29.75,100.0,0.0,25.031,121.563
74DA38F7C560,2026-08-05,18:26:10,30.36,-62.0,0.0,25.079,121.671
74DA38F20C26,2026-08-05,18:26:11,31.25,87.0,16.0,22.676,120.342
74DA38ED05EA,2026-08-05,18:26:12,28.75,100.0,11.0,23.394,121.357
74DA38F7C4CC,2026-08-05,18:26:13,28.75,100.0,12.0,25.062,121.451
74DA38F20A78,2026-08-05,18:26:23,27.25,100.0,4.0,22.904,121.124
74DA38F21088,2026-08-05,18:26:30,29.75,100.0,0.0,25.068,121.588
74DA38F7C3DC,2026-08-05,18:26:30,28.75,100.0,17.0,25.003,121.539
74DA38ED06E0,2026-08-05,18:26:40,29.11,100.0,16.0,23.601,121.521
74DA38ED05B6,2026-08-05,18:26:41,27.25,100.0,12.0,23.43,121.348
74DA38F207DE,2026-08-05,18:26:42,30.0,100.0,21.0,22.603,120.34
74DA38F20862,2026-08-05,18:26:43,27.25,100.0,8.0,23.101,121.176
74DA38F7C3DE,2026-08-05,18:26:44,29.11,100.0,274.0,24.972,121.537
74DA38F7C514,2026-08-05,18:26:47,30.11,100.0,15.0,25.051,121.518
74DA38F20D1E,2026-08-05,18:26:53,29.86,100.0,19.0,25.048,121.573
74DA38F21204,2026-08-05,18:26:53,28.11,100.0,3.0,25.062,121.451
74DA38F7C464,2026-08-05,18:26:57,26.37,30.0,0.0,25.006,121.413
74DA38F7C59C,2026-08-05,18:26:57,30.75,84.0,24.0,25.103,121.487
74DA38F20D2E,2026-08-05,18:27:05,29.75,100.0,0.0,25.06,121.545
74DA38F7C41E,2026-08-05,18:27:09,29.61,88.0,0.0,25.054,121.517
74DA38F7C53C,2026-08-05,18:27:10,27.5,100.0,0.0,25.11,121.804
74DA38F20FA4,2026-08-05,18:27:20,29.11,100.0,20.0,22.63,120.42
74DA38F20E9E,2026-08-05,18:27:23,26.75,100.0,15.0,24.648,121.151
74DA38F20C06,2026-08-05,18:27:36,31.5,71.0,22.0,24.874,121.02
74DA38F2113E,2026-08-05,18:27:36,-4.0,0.0,0.0,22.728,120.313
74DA38F7C13A,2026-08-05,18:27:38,22.37,-16.0,5.0,25.069,121.359
74DA38F20FFE,2026-08-05,18:27:41,28.86,100.0,11.0,22.894,120.298
74DA38ED059C,2026-08-05,18:27:42,27.75,100.0,11.0,23.706,121.412
74DA38F21048,2026-08-05,18:27:47,29.5,100.0,25.0,22.595,120.341
74DA38F20BF6,2026-08-05,18:27:48,30.0,100.0,16.0,22.582,120.368
74DA38ED0454,2026-08-05,18:28:17,30.75,100.0,24.0,24.053,121.599
74DA38ED0640,2026-08-05,18:28:18,25.5,100.0,7.0,23.154,121.266
74DA38F209DE,2026-08-05,18:28:28,30.11,100.0,0.0,24.861,120.964
74DA38F7C532,2026-08-05,18:28:28,29.75,100.0,16.0,25.059,121.499
74DA38F7C39A,2026-08-05,18:28:35,29.11,100.0,0.0,25.002,121.414
74DA38F20B88,2026-08-05,18:28:36,28.25,100.0,0.0,22.75,120.316
74DA38F7C600,2026-08-05,18:28:42,23.0,47.0,13.0,25.07,121.586
74DA38F20F0A,2026-08-05,18:28:50,26.5,100.0,8.0,22.995,120.635
74DA38F20A30,2026-08-05,18:28:51,28.36,91.0,1.0,24.948,121.372
74DA38F7C480,2026-08-05,18:28:59,29.0,100.0,0.0,25.061,121.432
74DA38F7C260,2026-08-05,18:29:00,30.0,100.0,0.0,25.065,121.425
74DA38F7C5CE,2026-08-05,18:29:05,29.36,93.0,0.0,25.066,121.656
74DA38F20DE0,2026-08-05,18:29:08,29.36,100.0,0.0,22.589,120.328
74DA38F7C5E6,2026-08-05,18:29:09,31.11,100.0,8.0,25.107,121.843
74DA38F20B80,2026-08-05,18:29:15,29.5,100.0,0.0,22.599,120.35
74DA38F7C5AA,2026-08-05,18:29:16,28.0,100.0,0.0,25.0,121.479
74DA38F20D1A,2026-08-05,18:29:17,29.61,100.0,0.0,25.078,121.541
74DA38F20B5C,2026-08-05,18:29:18,29.86,100.0,18.0,22.798,120.293
74DA38F7C47C,2026-08-05,18:29:28,30.11,100.0,51.0,25.055,121.455
74DA38F7C42E,2026-08-05,18:29:32,27.5,100.0,0.0,24.969,121.514
74DA38F7C592,2026-08-05,18:29:34,-4.0,0.0,0.0,25.224,121.637
74DA38F7C3B2,2026-08-05,18:29:35,32.25,68.0,10.0,24.929,121.378
74DA38F209A8,2026-08-05,18:29:41,-4.0,0.0,0.0,22.401,120.577
74DA38F20B82,2026-08-05,18:29:42,-4.0,0.0,0.0,22.847,120.465
74DA38ED0630,2026-08-05,18:29:53,29.86,100.0,0.0,23.994,121.594
74DA38F208E2,2026-08-05,18:29:58,27.5,100.0,18.0,24.688,121.766
74DA38F21054,2026-08-05,18:30:01,29.75,77.0,10.0,22.898,120.627
74DA38F7C5A0,2026-08-05,18:30:01,30.36,100.0,0.0,25.107,121.518
74DA38F7C3D6,2026-08-05,18:30:05,30.61,100.0,0.0,25.045,121.541
74DA38F20B26,2026-08-05,18:30:15,30.11,100.0,20.0,22.783,120.247
74DA38F21170,2026-08-05,18:30:16,28.25,78.0,5.0,22.779,121.088
74DA38F209B2,2026-08-05,18:30:17,28.0,100.0,0.0,22.363,120.599
74DA38F7C27E,2026-08-05,18:30:25,30.5,100.0,15.0,25.053,121.444
74DA38F21136,2026-08-05,18:30:26,30.11,100.0,11.0,25.119,121.505
74DA38ED04F2,2026-08-05,18:30:32,27.37,100.0,9.0,23.468,121.496
74DA38F7C610,2026-08-05,18:30:42,30.36,100.0,18.0,25.063,121.564
74DA38F7C63C,2026-08-05,18:30:46,-4.0,0.0,9.0,24.998,121.425
74DA38F210A2,2026-08-05,18:30:57,29.36,100.0,4.0,25.12,121.466
74DA38F209EE,2026-08-05,18:31:02,28.36,100.0,0.0,23.026,121.33
74DA38F20D16,2026-08-05,18:31:09,30.86,100.0,19.0,25.062,121.526
74DA38F7C54E,2026-08-05,18:31:09,27.75,100.0,0.0,25.063,121.661
74DA38F7C366,2026-08-05,18:31:19,29.0,100.0,6.0,25.002,121.516
74DA38F7C47E,2026-08-05,18:31:27,30.61,100.0,21.0,25.053963,121.427681
74DA38F7C30C,2026-08-05,18:31:33,29.11,100.0,0.0,24.975,121.532
74DA38F7C338,2026-08-05,18:31:33,30.25,100.0,12.0,25.011,121.458
74DA38F7C4DE,2026-08-05,18:31:33,29.5,100.0,0.0,25.09,121.462
74DA38F7C5BE,2026-08-05,18:31:39,30.0,100.0,19.0,25.092,121.523
74DA38F20D70,2026-08-05,18:31:50,29.0,99.0,0.0,23.05,121.164
74DA38F7C310,2026-08-05,18:31:55,30.61,100.0,10.0,25.09,121.464
74DA38F20B12,2026-08-05,18:31:57,29.11,79.0,4.0,22.91,120.716
74DA38F7C430,2026-08-05,18:31:57,31.0,84.0,0.0,24.981,121.423
74DA38F2105C,2026-08-05,18:32:00,29.25,100.0,0.0,25.088,121.599
74DA38F20F1C,2026-08-05,18:32:01,28.86,100.0,12.0,25.062,121.451
74DA38F20934,2026-08-05,18:32:06,29.75,78.0,5.0,23.002,121.29
74DA38F7C506,2026-08-05,18:32:06,28.86,100.0,0.0,24.996,121.544
74DA38F20EB2,2026-08-05,18:32:10,24.5,100.0,32.0,24.324,120.835
74DA38F7C616,2026-08-05,18:32:10,29.86,100.0,0.0,25.031,121.563
74DA38ED05EA,2026-08-05,18:32:17,28.75,100.0,10.0,23.394,121.357
74DA38F20C26,2026-08-05,18:32:19,31.25,87.0,16.0,22.676,120.342
74DA38F7C4CC,2026-08-05,18:32:20,28.61,100.0,13.0,25.062,121.451
74DA38F21024,2026-08-05,18:32:23,28.5,100.0,0.0,24.93,121.036
74DA38F20D6C,2026-08-05,18:32:27,29.86,94.0,0.0,22.661,120.301
74DA38F20A78,2026-08-05,18:32:30,27.12,100.0,4.0,22.904,121.124
74DA38F7C560,2026-08-05,18:32:38,30.36,-62.0,0.0,25.079,121.671
74DA38F7C3DE,2026-08-05,18:32:44,29.11,100.0,277.0,24.972,121.537
74DA38ED06E0,2026-08-05,18:32:48,29.11,99.0,16.0,23.601,121.521
74DA38F207DE,2026-08-05,18:32:48,29.86,100.0,20.0,22.603,120.34
74DA38F20862,2026-08-05,18:32:49,27.25,100.0,8.0,23.101,121.176
74DA38ED05B6,2026-08-05,18:32:50,27.0,100.0,12.0,23.43,121.348
74DA38F7C514,2026-08-05,18:32:53,30.11,100.0,14.0,25.051,121.518
74DA38F21088,2026-08-05,18:32:58,29.61,100.0,0.0,25.068,121.588
74DA38F21204,2026-08-05,18:33:03,28.11,100.0,3.0,25.062,121.451
74DA38F20D1E,2026-08-05,18:33:04,29.86,100.0,19.0,25.048,121.573
74DA38F7C3BA,2026-08-05,18:33:24,-4.0,0.0,93.0,25.174,121.441
74DA38F7C59C,2026-08-05,18:33:24,30.75,84.0,24.0,25.103,121.487
74DA38F7C464,2026-08-05,18:33:25,26.37,30.0,0.0,25.006,121.413
74DA38F20E9E,2026-08-05,18:33:28,26.75,100.0,15.0,24.648,121.151
74DA38F20FA4,2026-08-05,18:33:30,29.25,100.0,19.0,22.63,120.42
74DA38F20D2E,2026-08-05,18:33:32,29.75,100.0,0.0,25.06,121.545
74DA38F7C53C,2026-08-05,18:33:38,27.5,100.0,0.0,25.11,121.804
74DA38F20C06,2026-08-05,18:33:45,31.5,71.0,21.0,24.874,121.02
74DA38F7C41E,2026-08-05,18:33:46,29.36,89.0,0.0,25.054,121.517
74DA38F20FFE,2026-08-05,18:33:48,28.75,100.0,12.0,22.894,120.298
74DA38F20BF6,2026-08-05,18:33:54,30.0,100.0,17.0,22.582,120.368
74DA38ED059C,2026-08-05,18:33:55,27.75,100.0,11.0,23.706,121.412
74DA38F7C13A,2026-08-05,18:34:07,22.37,-16.0,2.0,25.069,121.359
74DA38F7C566,2026-08-05,18:34:12,31.61,100.0,0.0,25.051,121.448
74DA38F21048,2026-08-05,18:34:15,29.5,100.0,23.0,22.595,120.341
74DA38ED0454,2026-08-05,18:34:23,30.75,100.0,23.0,24.053,121.599
74DA38ED0640,2026-08-05,18:34:26,25.5,100.0,7.0,23.154,121.266
74DA38F7C532,2026-08-05,18:34:36,29.75,100.0,16.0,25.059,121.499
74DA38F7C600,2026-08-05,18:34:47,23.0,47.0,12.0,25.07,121.586
74DA38F2113E,2026-08-05,18:34:51,-4.0,0.0,0.0,22.728,120.313
74DA38F209DE,2026-08-05,18:34:54,30.36,100.0,0.0,24.861,120.964
74DA38F20F0A,2026-08-05,18:34:56,26.25,100.0,8.0,22.995,120.635
74DA38F7C39A,2026-08-05,18:35:03,29.11,100.0,0.0,25.002,121.414
74DA38F7C5E6,2026-08-05,18:35:15,31.11,100.0,8.0,25.107,121.843
74DA38F7C47C,2026-08-05,18:35:20,30.11,100.0,62.0,25.055,121.455
74DA38F20A30,2026-08-05,18:35:22,28.25,91.0,1.0,24.948,121.372
74DA38F7C570,2026-08-05,18:35:23,-4.0,0.0,0.0,25.239,121.63
74DA38F20B5C,2026-08-05,18:35:26,29.86,100.0,18.0,22.798,120.293
74DA38F7C260,2026-08-05,18:35:27,29.86,100.0,0.0,25.065,121.425
74DA38F7C480,2026-08-05,18:35:27,29.25,100.0,0.0,25.061,121.432
74DA38F7C5CE,2026-08-05,18:35:31,29.25,94.0,0.0,25.066,121.656
74DA38F20DE0,2026-08-05,18:35:35,29.36,100.0,0.0,22.589,120.328
74DA38F7C3B2,2026-08-05,18:35:40,32.25,68.0,10.0,24.929,121.378
74DA38F20B80,2026-08-05,18:35:43,29.5,100.0,0.0,22.599,120.35
74DA38F20D1A,2026-08-05,18:35:43,29.75,100.0,0.0,25.078,121.541
74DA38F7C5AA,2026-08-05,18:35:52,27.87,100.0,1.0,25.0,121.479
74DA38F7C42E,2026-08-05,18:36:01,27.37,100.0,0.0,24.969,121.514
74DA38F208E2,2026-08-05,18:36:04,27.62,100.0,19.0,24.688,121.766
74DA38F21054,2026-08-05,18:36:06,29.75,77.0,10.0,22.898,120.627
74DA38ED0630,2026-08-05,18:36:20,30.0,100.0,0.0,23.994,121.594
74DA38F21170,2026-08-05,18:36:21,27.87,79.0,4.0,22.779,121.088
74DA38F7C5A0,2026-08-05,18:36:28,30.5,100.0,0.0,25.107,121.518
74DA38F2104E,2026-08-05,18:36:33,25.62,100.0,22.0,23.108,120.7
74DA38F7C27E,2026-08-05,18:36:33,30.5,100.0,15.0,25.053,121.444
74DA38F7C3D6,2026-08-05,18:36:33,30.5,100.0,0.0,25.045,121.541
74DA38ED04F2,2026-08-05,18:36:40,27.37,100.0,9.0,23.468,121.496
74DA38F209B2,2026-08-05,18:36:44,28.0,100.0,0.0,22.363,120.599
74DA38F7C610,2026-08-05,18:36:49,30.25,100.0,18.0,25.063,121.564
74DA38F20B26,2026-08-05,18:36:50,30.0,100.0,18.0,22.783,120.247
74DA38F21136,2026-08-05,18:36:51,30.11,100.0,11.0,25.119,121.505
74DA38F210A2,2026-08-05,18:37:01,29.36,100.0,4.0,25.12,121.466
74DA38F209EE,2026-08-05,18:37:08,28.5,100.0,0.0,23.026,121.33
74DA38F20D16,2026-08-05,18:37:14,30.86,100.0,16.0,25.062,121.526
74DA38F7C366,2026-08-05,18:37:24,29.0,100.0,6.0,25.002,121.516
74DA38F7C47E,2026-08-05,18:37:34,30.61,100.0,20.0,25.053963,121.427681
74DA38F7C54E,2026-08-05,18:37:37,27.75,100.0,0.0,25.063,121.661
74DA38F7C5BE,2026-08-05,18:37:45,30.0,100.0,19.0,25.092,121.523
74DA38F7C30C,2026-08-05,18:37:46,29.11,100.0,0.0,24.975,121.532
74DA38F20D70,2026-08-05,18:37:59,29.11,98.0,0.0,23.05,121.164
74DA38F7C310,2026-08-05,18:37:59,30.5,100.0,10.0,25.09,121.464
74DA38F20B12,2026-08-05,18:38:03,29.11,79.0,5.0,22.91,120.716
74DA38F20F1C,2026-08-05,18:38:07,28.86,100.0,12.0,25.062,121.451
74DA38F20934,2026-08-05,18:38:17,29.75,78.0,5.0,23.002,121.29
74DA38ED05EA,2026-08-05,18:38:22,28.61,100.0,11.0,23.394,121.357
74DA38F7C616,2026-08-05,18:38:22,29.86,100.0,0.0,25.031,121.563
74DA38F7C430,2026-08-05,18:38:25,30.86,85.0,0.0,24.981,121.423
74DA38F20C26,2026-08-05,18:38:26,31.36,87.0,15.0,22.676,120.342
74DA38F2105C,2026-08-05,18:38:26,29.25,100.0,0.0,25.088,121.599
74DA38F7C4CC,2026-08-05,18:38:27,28.61,100.0,12.0,25.062,121.451
74DA38F7C506,2026-08-05,18:38:34,28.86,100.0,0.0,24.996,121.544
74DA38F20A78,2026-08-05,18:38:36,27.37,100.0,5.0,22.904,121.124
74DA38F7C3DE,2026-08-05,18:38:44,29.11,100.0,272.0,24.972,121.537
74DA38F21024,2026-08-05,18:38:50,28.36,100.0,0.0,24.93,121.036
74DA38F207DE,2026-08-05,18:38:54,30.0,100.0,20.0,22.603,120.34
74DA38ED05B6,2026-08-05,18:38:55,27.0,100.0,11.0,23.43,121.348
74DA38F20D6C,2026-08-05,18:38:55,29.75,94.0,0.0,22.661,120.301
74DA38ED06E0,2026-08-05,18:38:56,29.0,100.0,17.0,23.601,121.521
74DA38F20862,2026-08-05,18:38:56,27.12,100.0,8.0,23.101,121.176
74DA38F7C514,2026-08-05,18:39:02,29.86,100.0,14.0,25.051,121.518
74DA38F7C560,2026-08-05,18:39:05,30.11,-62.0,0.0,25.079,121.671
74DA38F7C592,2026-08-05,18:39:12,-4.0,0.0,0.0,25.224,121.637
74DA38F20D1E,2026-08-05,18:39:13,29.75,100.0,18.0,25.048,121.573
74DA38F21204,2026-08-05,18:39:13,28.25,100.0,3.0,25.062,121.451
74DA38F20B82,2026-08-05,18:39:14,-4.0,0.0,0.0,22.847,120.465
74DA38F209A8,2026-08-05,18:39:20,-4.0,0.0,0.0,22.401,120.577
74DA38F21088,2026-08-05,18:39:28,29.61,100.0,1.0,25.068,121.588
74DA38F7C3DC,2026-08-05,18:39:28,29.0,100.0,17.0,25.003,121.539
74DA38F20E9E,2026-08-05,18:39:34,26.75,100.0,14.0,24.648,121.151
74DA38F20FA4,2026-08-05,18:39:44,29.0,100.0,20.0,22.63,120.42
74DA38F20C06,2026-08-05,18:39:52,31.61,71.0,22.0,24.874,121.02
74DA38F7C464,2026-08-05,18:39:52,26.37,30.0,0.0,25.006,121.413
74DA38F7C59C,2026-08-05,18:39:52,30.86,84.0,24.0,25.103,121.487
74DA38F20FFE,2026-08-05,18:39:57,28.75,100.0,12.0,22.894,120.298
74DA38F20BF6,2026-08-05,18:40:00,29.86,100.0,16.0,22.582,120.368
74DA38F20D2E,2026-08-05,18:40:00,29.75,100.0,0.0,25.06,121.545
74DA38F7C53C,2026-08-05,18:40:04,27.62,100.0,0.0,25.11,121.804
74DA38F7C63C,2026-08-05,18:40:17,-4.0,0.0,9.0,24.998,121.425
74DA38ED0454,2026-08-05,18:40:30,30.75,100.0,24.0,24.053,121.599
74DA38ED0640,2026-08-05,18:40:33,25.37,100.0,7.0,23.154,121.266
74DA38F7C13A,2026-08-05,18:40:33,22.37,-16.0,0.0,25.069,121.359
74DA38F7C41E,2026-08-05,18:40:33,29.25,88.0,0.0,25.054,121.517
74DA38F20E6E,2026-08-05,18:40:41,26.75,100.0,0.0,24.41,120.902
74DA38F7C566,2026-08-05,18:40:41,31.61,100.0,0.0,25.051,121.448
74DA38F7C532,2026-08-05,18:40:44,29.61,100.0,15.0,25.059,121.499
74DA38F21048,2026-08-05,18:40:47,29.11,100.0,22.0,22.595,120.341
74DA38F7C600,2026-08-05,18:40:54,23.0,47.0,13.0,25.07,121.586
74DA38F20F0A,2026-08-05,18:41:02,26.12,100.0,8.0,22.995,120.635
74DA38F7C47C,2026-08-05,18:41:04,30.25,100.0,51.0,25.055,121.455
74DA38F7C5E6,2026-08-05,18:41:20,31.11,100.0,8.0,25.107,121.843
74DA38F209DE,2026-08-05,18:41:22,30.61,100.0,0.0,24.861,120.964
74DA38F7C39A,2026-08-05,18:41:30,29.0,100.0,0.0,25.002,121.414
74DA38F20B5C,2026-08-05,18:41:31,29.86,100.0,18.0,22.798,120.293
74DA38F7C3B2,2026-08-05,18:41:45,32.25,68.0,11.0,24.929,121.378
74DA38F7C260,2026-08-05,18:41:54,30.0,100.0,0.0,25.065,121.425
74DA38F7C480,2026-08-05,18:41:54,29.25,100.0,0.0,25.061,121.432
74DA38F7C5CE,2026-08-05,18:41:59,29.11,93.0,0.0,25.066,121.656
74DA38F20A30,2026-08-05,18:42:01,28.11,92.0,5.0,24.948,121.372
74DA38F20DE0,2026-08-05,18:42:02,29.5,100.0,0.0,22.589,120.328
74DA38F2113E,2026-08-05,18:42:06,-4.0,0.0,0.0,22.728,120.313
74DA38F20B80,2026-08-05,18:42:08,29.36,100.0,0.0,22.599,120.35
74DA38F7C3BA,2026-08-05,18:42:08,-4.0,0.0,94.0,25.174,121.441
74DA38F208E2,2026-08-05,18:42:11,27.87,100.0,18.0,24.688,121.766
74DA38F20D1A,2026-08-05,18:42:13,29.75,100.0,0.0,25.078,121.541
74DA38F21054,2026-08-05,18:42:13,29.75,77.0,10.0,22.898,120.627
74DA38F7C42E,2026-08-05,18:42:28,27.0,100.0,0.0,24.969,121.514
74DA38F21170,2026-08-05,18:42:32,28.0,80.0,5.0,22.779,121.088
74DA38F2104E,2026-08-05,18:42:39,25.62,100.0,22.0,23.108,120.7
74DA38F7C27E,2026-08-05,18:42:39,30.5,100.0,15.0,25.053,121.444
74DA38ED04F2,2026-08-05,18:42:48,27.25,100.0,9.0,23.468,121.496
74DA38ED0630,2026-08-05,18:42:49,30.0,100.0,0.0,23.994,121.594
74DA38F7C5A0,2026-08-05,18:42:56,30.5,100.0,0.0,25.107,121.518
74DA38F7C3D6,2026-08-05,18:42:58,30.36,100.0,0.0,25.045,121.541
74DA38F7C610,2026-08-05,18:42:58,30.25,100.0,18.0,25.063,121.564
74DA38F20B26,2026-08-05,18:43:02,30.0,100.0,20.0,22.783,120.247
74DA38F209B2,2026-08-05,18:43:11,27.62,100.0,0.0,22.363,120.599
74DA38F209EE,2026-08-05,18:43:13,28.61,100.0,0.0,23.026,121.33
74DA38F20D16,2026-08-05,18:43:19,30.86,100.0,16.0,25.062,121.526
74DA38F7C366,2026-08-05,18:43:29,29.11,100.0,6.0,25.002,121.516
74DA38F7C47E,2026-08-05,18:43:40,30.61,100.0,20.0,25.053963,121.427681
74DA38F7C5BE,2026-08-05,18:43:51,30.0,100.0,20.0,25.092,121.523
74DA38F7C30C,2026-08-05,18:43:58,29.0,100.0,0.0,24.975,121.532
74DA38F7C54E,2026-08-05,18:44:03,27.87,100.0,0.0,25.063,121.661
74DA38F7C310,2026-08-05,18:44:05,30.5,100.0,10.0,25.09,121.464
74DA38F20D70,2026-08-05,18:44:06,29.11,98.0,0.0,23.05,121.164
74DA38F20B12,2026-08-05,18:44:09,29.11,79.0,5.0,22.91,120.716
74DA38F20F1C,2026-08-05,18:44:13,28.86,100.0,12.0,25.062,121.451
74DA38F7C4DE,2026-08-05,18:44:18,29.75,100.0,0.0,25.09,121.462
74DA38F20934,2026-08-05,18:44:25,29.75,78.0,6.0,23.002,121.29
74DA38ED05EA,2026-08-05,18:44:28,28.61,100.0,12.0,23.394,121.357
74DA38F20C26,2026-08-05,18:44:34,31.36,87.0,16.0,22.676,120.342
74DA38F7C4CC,2026-08-05,18:44:34,28.5,100.0,13.0,25.062,121.451
74DA38F20A78,2026-08-05,18:44:42,27.37,100.0,4.0,22.904,121.124
74DA38F7C3DE,2026-08-05,18:44:42,29.0,100.0,284.0,24.972,121.537
74DA38F7C616,2026-08-05,18:44:50,29.75,100.0,0.0,25.031,121.563
74DA38F7C430,2026-08-05,18:44:52,30.86,85.0,0.0,24.981,121.423
74DA38F2105C,2026-08-05,18:44:53,29.25,100.0,0.0,25.088,121.599
74DA38ED05B6,2026-08-05,18:45:00,26.87,100.0,11.0,23.43,121.348
74DA38F207DE,2026-08-05,18:45:02,29.86,100.0,21.0,22.603,120.34
74DA38F20862,2026-08-05,18:45:02,26.87,100.0,8.0,23.101,121.176
74DA38F7C570,2026-08-05,18:45:02,-4.0,0.0,0.0,25.239,121.63
74DA38F7C506,2026-08-05,18:45:04,28.75,100.0,0.0,24.996,121.544
74DA38ED06E0,2026-08-05,18:45:05,29.11,100.0,17.0,23.601,121.521
74DA38F7C514,2026-08-05,18:45:11,29.86,100.0,14.0,25.051,121.518
74DA38F21024,2026-08-05,18:45:17,28.36,100.0,0.0,24.93,121.036
74DA38F20D6C,2026-08-05,18:45:22,29.75,94.0,0.0,22.661,120.301
74DA38F21204,2026-08-05,18:45:23,28.11,100.0,3.0,25.062,121.451
74DA38F20D1E,2026-08-05,18:45:24,29.86,100.0,18.0,25.048,121.573
74DA38F7C560,2026-08-05,18:45:33,30.25,-62.0,0.0,25.079,121.671
74DA38F20E9E,2026-08-05,18:45:40,26.75,100.0,15.0,24.648,121.151
74DA38F20FA4,2026-08-05,18:45:54,28.86,100.0,19.0,22.63,120.42
74DA38F21088,2026-08-05,18:45:56,29.5,100.0,0.0,25.068,121.588
74DA38F20C06,2026-08-05,18:45:59,31.5,71.0,21.0,24.874,121.02
74DA38F20FFE,2026-08-05,18:46:04,28.61,100.0,13.0,22.894,120.298
74DA38F20BF6,2026-08-05,18:46:05,29.86,100.0,16.0,22.582,120.368
74DA38F7C464,2026-08-05,18:46:20,26.37,30.0,0.0,25.006,121.413
74DA38F7C59C,2026-08-05,18:46:20,30.86,84.0,25.0,25.103,121.487
74DA38ED059C,2026-08-05,18:46:30,27.25,100.0,11.0,23.706,121.412
74DA38F20D2E,2026-08-05,18:46:30,29.61,100.0,0.0,25.06,121.545
74DA38F7C53C,2026-08-05,18:46:31,27.75,100.0,0.0,25.11,121.804
74DA38ED0454,2026-08-05,18:46:38,30.75,100.0,24.0,24.053,121.599
74DA38F7C532,2026-08-05,18:46:51,29.61,100.0,15.0,25.059,121.499
74DA38F7C47C,2026-08-05,18:46:57,30.36,100.0,70.0,25.055,121.455
74DA38F7C13A,2026-08-05,18:47:00,22.25,-15.0,0.0,25.069,121.359
74DA38F7C600,2026-08-05,18:47:00,23.0,47.0,12.0,25.07,121.586
74DA38F7C41E,2026-08-05,18:47:08,29.25,88.0,0.0,25.054,121.517
74DA38F20F0A,2026-08-05,18:47:09,26.12,100.0,9.0,22.995,120.635
74DA38F21048,2026-08-05,18:47:13,29.0,100.0,21.0,22.595,120.341
74DA38F7C5E6,2026-08-05,18:47:26,31.11,100.0,8.0,25.107,121.843
74DA38F20B5C,2026-08-05,18:47:40,29.86,100.0,19.0,22.798,120.293
74DA38F209DE,2026-08-05,18:47:49,30.75,100.0,0.0,24.861,120.964
74DA38F7C3B2,2026-08-05,18:47:51,32.25,68.0,12.0,24.929,121.378
74DA38F7C39A,2026-08-05,18:47:58,28.86,100.0,0.0,25.002,121.414
74DA38F208E2,2026-08-05,18:48:17,27.87,100.0,19.0,24.688,121.766
74DA38F21054,2026-08-05,18:48:19,29.75,77.0,9.0,22.898,120.627
74DA38F7C480,2026-08-05,18:48:22,29.25,100.0,0.0,25.061,121.432
74DA38F7C5CE,2026-08-05,18:48:27,29.0,94.0,0.0,25.066,121.656
74DA38F20DE0,2026-08-05,18:48:31,29.5,100.0,1.0,22.589,120.328
74DA38F20A30,2026-08-05,18:48:34,28.25,91.0,3.0,24.948,121.372
74DA38F7C260,2026-08-05,18:48:34,29.86,100.0,0.0,25.065,121.425
74DA38F20B80,2026-08-05,18:48:38,29.36,100.0,0.0,22.599,120.35
74DA38F20D1A,2026-08-05,18:48:41,29.86,100.0,0.0,25.078,121.541
74DA38F21170,2026-08-05,18:48:42,28.11,80.0,5.0,22.779,121.088
74DA38F7C27E,2026-08-05,18:48:43,30.61,100.0,14.0,25.053,121.444
74DA38F20B82,2026-08-05,18:48:46,-4.0,0.0,0.0,22.847,120.465
74DA38F2104E,2026-08-05,18:48:49,25.62,100.0,22.0,23.108,120.7
74DA38F7C592,2026-08-05,18:48:51,-4.0,0.0,0.0,25.224,121.637
74DA38ED04F2,2026-08-05,18:48:55,27.37,100.0,9.0,23.468,121.496
74DA38F7C42E,2026-08-05,18:48:55,27.0,100.0,0.0,24.969,121.514
74DA38F209A8,2026-08-05,18:48:57,-4.0,0.0,0.0,22.401,120.577
74DA38F20B88,2026-08-05,18:49:00,28.25,100.0,0.0,22.75,120.316
74DA38F7C610,2026-08-05,18:49:06,30.25,100.0,18.0,25.063,121.564
74DA38F210A2,2026-08-05,18:49:11,29.25,100.0,4.0,25.12,121.466
74DA38F21136,2026-08-05,18:49:14,30.11,100.0,11.0,25.119,121.505
74DA38ED0630,2026-08-05,18:49:18,30.0,100.0,0.0,23.994,121.594
74DA38F209EE,2026-08-05,18:49:19,28.5,100.0,0.0,23.026,121.33
74DA38F2113E,2026-08-05,18:49:23,-4.0,0.0,0.0,22.728,120.313
74DA38F7C5A0,2026-08-05,18:49:23,30.36,100.0,0.0,25.107,121.518
74DA38F20D16,2026-08-05,18:49:25,30.75,100.0,18.0,25.062,121.526
74DA38F7C3D6,2026-08-05,18:49:26,30.36,100.0,0.0,25.045,121.541
74DA38F7C366,2026-08-05,18:49:35,29.0,100.0,6.0,25.002,121.516
74DA38F209B2,2026-08-05,18:49:38,27.5,100.0,0.0,22.363,120.599
74DA38F7C47E,2026-08-05,18:49:46,30.61,100.0,21.0,25.053963,121.427681
74DA38F7C5AA,2026-08-05,18:49:46,28.0,100.0,0.0,25.0,121.479
74DA38F7C63C,2026-08-05,18:49:48,-4.0,0.0,9.0,24.998,121.425
74DA38F7C5BE,2026-08-05,18:49:57,30.0,100.0,19.0,25.092,121.523
74DA38F7C30C,2026-08-05,18:50:06,29.0,100.0,0.0,24.975,121.532
74DA38F7C310,2026-08-05,18:50:10,30.5,100.0,10.0,25.09,121.464
74DA38F20B12,2026-08-05,18:50:14,29.11,79.0,5.0,22.91,120.716
74DA38F20D70,2026-08-05,18:50:14,28.86,100.0,0.0,23.05,121.164
74DA38F20EB2,2026-08-05,18:50:18,24.75,100.0,32.0,24.324,120.835
74DA38F20F1C,2026-08-05,18:50:21,28.75,100.0,12.0,25.062,121.451
74DA38F7C54E,2026-08-05,18:50:29,27.87,100.0,0.0,25.063,121.661
74DA38ED05EA,2026-08-05,18:50:34,28.61,100.0,11.0,23.394,121.357
74DA38F7C338,2026-08-05,18:50:34,30.25,100.0,12.0,25.011,121.458
74DA38F7C4DE,2026-08-05,18:50:36,29.75,100.0,0.0,25.09,121.462
74DA38F20934,2026-08-05,18:50:37,29.75,78.0,6.0,23.002,121.29
74DA38F20C26,2026-08-05,18:50:40,31.36,87.0,15.0,22.676,120.342
74DA38F7C4CC,2026-08-05,18:50:40,28.5,100.0,12.0,25.062,121.451
74DA38F7C3DE,2026-08-05,18:50:41,29.11,100.0,269.0,24.972,121.537
74DA38F20A78,2026-08-05,18:50:49,27.5,100.0,5.0,22.904,121.124
74DA38F7C3BA,2026-08-05,18:50:53,-4.0,0.0,91.0,25.174,121.441
74DA38F7C616,2026-08-05,18:51:06,29.61,100.0,0.0,25.031,121.563
74DA38ED05B6,2026-08-05,18:51:07,26.87,100.0,11.0,23.43,121.348
74DA38F20862,2026-08-05,18:51:08,26.87,100.0,8.0,23.101,121.176
74DA38F207DE,2026-08-05,18:51:09,29.86,100.0,22.0,22.603,120.34
74DA38ED06E0,2026-08-05,18:51:18,29.11,100.0,17.0,23.601,121.521
74DA38F7C430,2026-08-05,18:51:20,30.61,85.0,0.0,24.981,121.423
74DA38F2105C,2026-08-05,18:51:21,29.11,100.0,0.0,25.088,121.599
74DA38F7C514,2026-08-05,18:51:22,29.5,100.0,14.0,25.051,121.518
74DA38F7C506,2026-08-05,18:51:32,28.5,100.0,0.0,24.996,121.544
74DA38F20D1E,2026-08-05,18:51:34,30.0,100.0,19.0,25.048,121.573
74DA38F21204,2026-08-05,18:51:34,28.11,100.0,3.0,25.062,121.451
74DA38F21024,2026-08-05,18:51:43,28.36,100.0,0.0,24.93,121.036
74DA38F20E9E,2026-08-05,18:51:47,26.75,100.0,14.0,24.648,121.151
74DA38F20D6C,2026-08-05,18:51:49,29.75,94.0,0.0,22.661,120.301
74DA38F7C560,2026-08-05,18:52:01,30.25,-62.0,0.0,25.079,121.671
74DA38F20FA4,2026-08-05,18:52:02,28.75,100.0,19.0,22.63,120.42
74DA38F20C06,2026-08-05,18:52:07,31.5,71.0,21.0,24.874,121.02
74DA38F20BF6,2026-08-05,18:52:10,30.0,100.0,16.0,22.582,120.368
74DA38F20FFE,2026-08-05,18:52:13,28.61,100.0,13.0,22.894,120.298
74DA38F7C3DC,2026-08-05,18:52:15,29.25,100.0,18.0,25.003,121.539
74DA38F21088,2026-08-05,18:52:25,29.75,100.0,0.0,25.068,121.588
74DA38ED059C,2026-08-05,18:52:39,27.5,100.0,11.0,23.706,121.412
74DA38ED0454,2026-08-05,18:52:45,30.61,100.0,23.0,24.053,121.599
74DA38F7C59C,2026-08-05,18:52:47,31.0,84.0,25.0,25.103,121.487
74DA38F7C464,2026-08-05,18:52:50,26.37,30.0,0.0,25.006,121.413
74DA38F7C47C,2026-08-05,18:52:51,30.36,100.0,84.0,25.055,121.455
74DA38F20D2E,2026-08-05,18:52:58,29.75,100.0,0.0,25.06,121.545
74DA38F7C53C,2026-08-05,18:52:59,27.5,100.0,0.0,25.11,121.804
74DA38F7C532,2026-08-05,18:53:00,29.61,100.0,16.0,25.059,121.499
74DA38F7C600,2026-08-05,18:53:05,23.0,47.0,12.0,25.07,121.586
74DA38F20F0A,2026-08-05,18:53:17,26.25,100.0,9.0,22.995,120.635
74DA38F7C13A,2026-08-05,18:53:27,22.37,-14.0,0.0,25.069,121.359
74DA38F7C5E6,2026-08-05,18:53:34,31.11,100.0,8.0,25.107,121.843
74DA38F21048,2026-08-05,18:53:43,29.0,100.0,20.0,22.595,120.341
74DA38F7C41E,2026-08-05,18:53:43,29.36,87.0,0.0,25.054,121.517
74DA38F20B5C,2026-08-05,18:53:44,29.86,100.0,19.0,22.798,120.293
74DA38F7C3B2,2026-08-05,18:53:56,32.25,68.0,10.0,24.929,121.378
74DA38F209DE,2026-08-05,18:54:16,30.61,100.0,0.0,24.861,120.964
74DA38F208E2,2026-08-05,18:54:23,27.75,100.0,17.0,24.688,121.766
74DA38F21054,2026-08-05,18:54:25,29.75,78.0,10.0,22.898,120.627
74DA38F7C39A,2026-08-05,18:54:25,28.75,100.0,0.0,25.002,121.414
74DA38F7C570,2026-08-05,18:54:43,-4.0,0.0,0.0,25.239,121.63
74DA38F21170,2026-08-05,18:54:49,28.0,80.0,5.0,22.779,121.088
74DA38F7C27E,2026-08-05,18:54:49,30.5,100.0,14.0,25.053,121.444
74DA38F7C480,2026-08-05,18:54:50,29.25,100.0,0.0,25.061,121.432
74DA38F7C5CE,2026-08-05,18:54:53,29.0,94.0,0.0,25.066,121.656
74DA38F20DE0,2026-08-05,18:54:58,29.5,100.0,0.0,22.589,120.328
74DA38F2104E,2026-08-05,18:54:58,25.75,100.0,23.0,23.108,120.7
74DA38ED04F2,2026-08-05,18:55:01,27.37,100.0,9.0,23.468,121.496
74DA38F20B80,2026-08-05,18:55:05,29.36,100.0,0.0,22.599,120.35
74DA38F20A30,2026-08-05,18:55:08,28.25,91.0,0.0,24.948,121.372
74DA38F20D1A,2026-08-05,18:55:08,29.75,100.0,0.0,25.078,121.541
74DA38F7C610,2026-08-05,18:55:12,30.25,100.0,17.0,25.063,121.564
74DA38F210A2,2026-08-05,18:55:16,29.25,100.0,4.0,25.12,121.466
74DA38ED0640,2026-08-05,18:55:17,25.12,100.0,8.0,23.154,121.266
74DA38F7C42E,2026-08-05,18:55:22,27.25,100.0,0.0,24.969,121.514
74DA38F209EE,2026-08-05,18:55:23,28.36,100.0,0.0,23.026,121.33
74DA38F20D16,2026-08-05,18:55:33,30.86,100.0,22.0,25.062,121.526
74DA38F7C366,2026-08-05,18:55:42,29.0,100.0,6.0,25.002,121.516
74DA38ED0630,2026-08-05,18:55:44,29.86,100.0,0.0,23.994,121.594
74DA38F20B26,2026-08-05,18:55:46,30.0,100.0,15.0,22.783,120.247
74DA38F20B88,2026-08-05,18:55:46,28.11,100.0,0.0,22.75,120.316
74DA38F21136,2026-08-05,18:55:51,30.11,100.0,10.0,25.119,121.505
74DA38F7C5A0,2026-08-05,18:55:51,30.36,100.0,0.0,25.107,121.518
74DA38F7C47E,2026-08-05,18:55:52,30.61,100.0,21.0,25.053963,121.427681
74DA38F7C3D6,2026-08-05,18:55:53,30.36,100.0,0.0,25.045,121.541
74DA38F7C5BE,2026-08-05,18:56:03,30.11,100.0,20.0,25.092,121.523
74DA38F209B2,2026-08-05,18:56:05,27.62,100.0,0.0,22.363,120.599
74DA38F7C30C,2026-08-05,18:56:14,28.86,100.0,0.0,24.975,121.532
74DA38F7C310,2026-08-05,18:56:14,30.5,100.0,10.0,25.09,121.464
74DA38F20D70,2026-08-05,18:56:19,29.0,100.0,0.0,23.05,121.164
74DA38F20B12,2026-08-05,18:56:20,29.11,79.0,5.0,22.91,120.716
74DA38F7C5AA,2026-08-05,18:56:24,27.87,100.0,0.0,25.0,121.479
74DA38F20F1C,2026-08-05,18:56:26,28.75,100.0,11.0,25.062,121.451
74DA38F20EB2,2026-08-05,18:56:31,24.87,100.0,33.0,24.324,120.835
74DA38F2113E,2026-08-05,18:56:37,-4.0,0.0,0.0,22.728,120.313
74DA38ED05EA,2026-08-05,18:56:39,28.61,100.0,11.0,23.394,121.357
74DA38F7C3DE,2026-08-05,18:56:40,29.0,100.0,275.0,24.972,121.537
74DA38F7C338,2026-08-05,18:56:41,30.25,100.0,12.0,25.011,121.458
74DA38F7C4CC,2026-08-05,18:56:47,28.5,100.0,12.0,25.062,121.451
74DA38F20934,2026-08-05,18:56:49,29.61,78.0,5.0,23.002,121.29
74DA38F20C26,2026-08-05,18:56:49,31.5,86.0,16.0,22.676,120.342
74DA38F7C4DE,2026-08-05,18:56:53,29.75,100.0,0.0,25.09,121.462
74DA38F20A78,2026-08-05,18:56:55,27.25,100.0,4.0,22.904,121.124
74DA38F7C54E,2026-08-05,18:56:55,27.87,100.0,0.0,25.063,121.661
74DA38ED05B6,2026-08-05,18:57:13,26.75,100.0,11.0,23.43,121.348
74DA38F207DE,2026-08-05,18:57:14,29.75,100.0,21.0,22.603,120.34
74DA38F20862,2026-08-05,18:57:19,26.87,100.0,9.0,23.101,121.176
74DA38ED06E0,2026-08-05,18:57:25,29.0,99.0,18.0,23.601,121.521
74DA38F7C514,2026-08-05,18:57:32,29.61,100.0,14.0,25.051,121.518
74DA38F20D1E,2026-08-05,18:57:46,29.86,100.0,19.0,25.048,121.573
74DA38F2105C,2026-08-05,18:57:47,29.11,100.0,0.0,25.088,121.599
74DA38F7C430,2026-08-05,18:57:48,30.5,85.0,0.0,24.981,121.423
74DA38F21204,2026-08-05,18:57:49,28.11,100.0,3.0,25.062,121.451
74DA38F20E9E,2026-08-05,18:57:53,26.75,100.0,15.0,24.648,121.151
74DA38F7C506,2026-08-05,18:58:01,28.36,100.0,0.0,24.996,121.544
74DA38F21024,2026-08-05,18:58:10,28.25,100.0,0.0,24.93,121.036
74DA38F20BF6,2026-08-05,18:58:14,30.0,100.0,16.0,22.582,120.368
74DA38F20C06,2026-08-05,18:58:14,31.5,71.0,20.0,24.874,121.02
74DA38F20D6C,2026-08-05,18:58:15,29.86,94.0,0.0,22.661,120.301
74DA38F20B82,2026-08-05,18:58:18,-4.0,0.0,0.0,22.847,120.465
74DA38F20FFE,2026-08-05,18:58:25,28.75,100.0,12.0,22.894,120.298
74DA38F20FA4,2026-08-05,18:58:27,28.75,100.0,19.0,22.63,120.42
74DA38F7C560,2026-08-05,18:58:28,30.11,-62.0,0.0,25.079,121.671
74DA38F7C592,2026-08-05,18:58:29,-4.0,0.0,0.0,25.224,121.637
74DA38F209A8,2026-08-05,18:58:38,-4.0,0.0,0.0,22.401,120.577
74DA38F7C47C,2026-08-05,18:58:42,30.36,100.0,73.0,25.055,121.455
74DA38ED0454,2026-08-05,18:58:51,30.61,100.0,23.0,24.053,121.599
74DA38ED059C,2026-08-05,18:58:52,27.62,100.0,11.0,23.706,121.412
74DA38F21088,2026-08-05,18:58:55,29.86,100.0,0.0,25.068,121.588
74DA38F7C532,2026-08-05,18:59:07,29.5,100.0,15.0,25.059,121.499
74DA38F7C600,2026-08-05,18:59:11,23.0,47.0,13.0,25.07,121.586
74DA38F7C59C,2026-08-05,18:59:15,31.0,84.0,24.0,25.103,121.487
74DA38F7C464,2026-08-05,18:59:18,26.37,30.0,0.0,25.006,121.413
74DA38F7C63C,2026-08-05,18:59:21,-4.0,0.0,9.0,24.998,121.425
74DA38F7C53C,2026-08-05,18:59:25,27.5,100.0,0.0,25.11,121.804
74DA38F20D2E,2026-08-05,18:59:26,29.86,100.0,0.0,25.06,121.545
74DA38F20F0A,2026-08-05,18:59:26,26.12,100.0,10.0,22.995,120.635
74DA38F7C3BA,2026-08-05,18:59:38,-4.0,0.0,96.0,25.174,121.441
74DA38F7C5E6,2026-08-05,18:59:40,31.11,100.0,8.0,25.107,121.843
74DA38F20B5C,2026-08-05,18:59:52,29.86,100.0,19.0,22.798,120.293
74DA38F7C13A,2026-08-05,18:59:54,22.25,-12.0,0.0,25.069,121.359
74DA38F7C3B2,2026-08-05,19:00:02,32.25,68.0,11.0,24.929,121.378
74DA38F21048,2026-08-05,19:00:11,28.86,100.0,21.0,22.595,120.341
74DA38F7C41E,2026-08-05,19:00:23,29.5,87.0,0.0,25.054,121.517
74DA38F208E2,2026-08-05,19:00:30,27.87,100.0,18.0,24.688,121.766
74DA38F21054,2026-08-05,19:00:30,29.61,77.0,10.0,22.898,120.627
74DA38F209DE,2026-08-05,19:00:43,30.5,100.0,0.0,24.861,120.964
74DA38F21170,2026-08-05,19:00:54,28.0,79.0,4.0,22.779,121.088
74DA38F7C27E,2026-08-05,19:00:55,30.5,100.0,14.0,25.053,121.444
74DA38F7C39A,2026-08-05,19:00:55,28.61,100.0,0.0,25.002,121.414
74DA38F2104E,2026-08-05,19:01:08,25.75,100.0,22.0,23.108,120.7
74DA38ED04F2,2026-08-05,19:01:10,27.37,100.0,10.0,23.468,121.496
74DA38F7C480,2026-08-05,19:01:18,29.25,100.0,0.0,25.061,121.432
74DA38F7C610,2026-08-05,19:01:19,30.25,100.0,16.0,25.063,121.564
74DA38F210A2,2026-08-05,19:01:21,29.25,100.0,4.0,25.12,121.466
74DA38F7C5CE,2026-08-05,19:01:21,29.0,94.0,0.0,25.066,121.656
74DA38ED0640,2026-08-05,19:01:23,25.12,100.0,7.0,23.154,121.266
74DA38F20DE0,2026-08-05,19:01:26,29.36,100.0,0.0,22.589,120.328
74DA38F209EE,2026-08-05,19:01:28,28.36,100.0,0.0,23.026,121.33
74DA38F20B80,2026-08-05,19:01:31,29.5,100.0,0.0,22.599,120.35
74DA38F20D1A,2026-08-05,19:01:36,29.61,100.0,0.0,25.078,121.541
74DA38F20D16,2026-08-05,19:01:40,30.86,100.0,24.0,25.062,121.526
74DA38F20A30,2026-08-05,19:01:45,28.25,91.0,0.0,24.948,121.372
74DA38F7C366,2026-08-05,19:01:47,29.0,100.0,6.0,25.002,121.516
74DA38F7C42E,2026-08-05,19:01:49,27.5,100.0,0.0,24.969,121.514
74DA38F7C260,2026-08-05,19:01:55,29.75,100.0,0.0,25.065,121.425
74DA38F7C47E,2026-08-05,19:02:00,30.5,100.0,21.0,25.053963,121.427681
74DA38F7C5BE,2026-08-05,19:02:10,30.11,100.0,18.0,25.092,121.523
74DA38ED0630,2026-08-05,19:02:11,30.0,100.0,0.0,23.994,121.594
74DA38F20B88,2026-08-05,19:02:19,28.0,100.0,0.0,22.75,120.316
74DA38F7C310,2026-08-05,19:02:19,30.11,100.0,10.0,25.09,121.464
74DA38F7C3D6,2026-08-05,19:02:19,30.25,100.0,0.0,25.045,121.541
74DA38F7C5A0,2026-08-05,19:02:19,30.5,100.0,0.0,25.107,121.518
74DA38F20B12,2026-08-05,19:02:26,29.25,79.0,5.0,22.91,120.716
74DA38F20D70,2026-08-05,19:02:26,29.11,99.0,0.0,23.05,121.164
74DA38F209B2,2026-08-05,19:02:31,27.87,100.0,0.0,22.363,120.599
74DA38F20F1C,2026-08-05,19:02:32,28.75,100.0,11.0,25.062,121.451
74DA38F7C3DE,2026-08-05,19:02:40,28.86,100.0,265.0,24.972,121.537
74DA38ED05EA,2026-08-05,19:02:45,28.5,100.0,12.0,23.394,121.357
74DA38F20EB2,2026-08-05,19:02:47,24.87,100.0,32.0,24.324,120.835
74DA38F7C338,2026-08-05,19:02:47,30.25,100.0,11.0,25.011,121.458
74DA38F7C4CC,2026-08-05,19:02:54,28.36,100.0,12.0,25.062,121.451
74DA38F20934,2026-08-05,19:02:55,29.61,78.0,5.0,23.002,121.29
74DA38F20C26,2026-08-05,19:02:58,31.36,86.0,17.0,22.676,120.342
74DA38F20A78,2026-08-05,19:03:02,27.25,100.0,4.0,22.904,121.124
74DA38F7C5AA,2026-08-05,19:03:02,27.87,100.0,0.0,25.0,121.479
74DA38F7C4DE,2026-08-05,19:03:03,29.61,100.0,0.0,25.09,121.462
74DA38F207DE,2026-08-05,19:03:20,29.61,100.0,22.0,22.603,120.34
74DA38F7C54E,2026-08-05,19:03:22,27.87,100.0,0.0,25.063,121.661
74DA38ED05B6,2026-08-05,19:03:23,26.75,100.0,12.0,23.43,121.348
74DA38F20862,2026-08-05,19:03:25,27.0,100.0,8.0,23.101,121.176
74DA38ED06E0,2026-08-05,19:03:32,28.86,99.0,17.0,23.601,121.521
74DA38F7C514,2026-08-05,19:03:41,29.61,100.0,14.0,25.051,121.518
74DA38F2113E,2026-08-05,19:03:52,-4.0,0.0,0.0,22.728,120.313
74DA38F20D1E,2026-08-05,19:03:56,29.86,100.0,18.0,25.048,121.573
74DA38F21204,2026-08-05,19:03:58,28.11,100.0,2.0,25.062,121.451
74DA38F20E9E,2026-08-05,19:03:59,26.87,100.0,15.0,24.648,121.151
74DA38F2105C,2026-08-05,19:04:14,29.11,100.0,0.0,25.088,121.599
74DA38F7C430,2026-08-05,19:04:15,30.5,85.0,0.0,24.981,121.423
74DA38F20BF6,2026-08-05,19:04:19,30.0,100.0,17.0,22.582,120.368
74DA38F20C06,2026-08-05,19:04:21,31.5,71.0,20.0,24.874,121.02
74DA38F7C570,2026-08-05,19:04:23,-4.0,0.0,0.0,25.239,121.63
74DA38F7C506,2026-08-05,19:04:29,28.11,100.0,0.0,24.996,121.544
74DA38F7C47C,2026-08-05,19:04:33,30.36,100.0,64.0,25.055,121.455
74DA38F20FFE,2026-08-05,19:04:34,28.86,100.0,11.0,22.894,120.298
74DA38F21024,2026-08-05,19:04:37,28.25,100.0,0.0,24.93,121.036
74DA38F20D6C,2026-08-05,19:04:43,29.86,94.0,0.0,22.661,120.301
74DA38F7C560,2026-08-05,19:04:56,30.0,-62.0,0.0,25.079,121.671
74DA38ED0454,2026-08-05,19:04:58,30.61,100.0,23.0,24.053,121.599
74DA38ED059C,2026-08-05,19:05:13,27.62,100.0,11.0,23.706,121.412
74DA38F7C532,2026-08-05,19:05:14,29.36,100.0,15.0,25.059,121.499
74DA38F7C600,2026-08-05,19:05:17,23.12,47.0,13.0,25.07,121.586
74DA38F21088,2026-08-05,19:05:24,29.75,100.0,0.0,25.068,121.588
74DA38F20F0A,2026-08-05,19:05:32,26.12,100.0,10.0,22.995,120.635
74DA38F7C3DC,2026-08-05,19:05:37,29.25,100.0,18.0,25.003,121.539
74DA38F7C59C,2026-08-05,19:05:43,31.0,84.0,23.0,25.103,121.487
74DA38F7C5E6,2026-08-05,19:05:46,31.11,100.0,8.0,25.107,121.843
74DA38F7C464,2026-08-05,19:05:47,26.37,30.0,0.0,25.006,121.413
74DA38F7C53C,2026-08-05,19:05:52,27.5,100.0,0.0,25.11,121.804
74DA38F20D2E,2026-08-05,19:05:53,29.75,100.0,0.0,25.06,121.545
74DA38F20B5C,2026-08-05,19:05:58,29.75,100.0,20.0,22.798,120.293
74DA38F7C3B2,2026-08-05,19:06:08,32.25,68.0,11.0,24.929,121.378
74DA38F7C13A,2026-08-05,19:06:21,22.37,-11.0,0.0,25.069,121.359
74DA38F208E2,2026-08-05,19:06:35,27.75,100.0,19.0,24.688,121.766
74DA38F21054,2026-08-05,19:06:35,29.61,78.0,10.0,22.898,120.627
74DA38F21048,2026-08-05,19:06:38,28.75,100.0,22.0,22.595,120.341
74DA38F21170,2026-08-05,19:07:01,28.11,79.0,5.0,22.779,121.088
74DA38F7C27E,2026-08-05,19:07:01,30.5,100.0,15.0,25.053,121.444
74DA38F7C41E,2026-08-05,19:07:03,29.5,86.0,0.0,25.054,121.517
74DA38F209DE,2026-08-05,19:07:11,30.61,100.0,0.0,24.861,120.964
74DA38ED04F2,2026-08-05,19:07:18,27.37,100.0,9.0,23.468,121.496
74DA38F7C39A,2026-08-05,19:07:23,28.61,100.0,0.0,25.002,121.414
74DA38F7C610,2026-08-05,19:07:25,30.25,100.0,16.0,25.063,121.564
74DA38F210A2,2026-08-05,19:07:26,29.25,100.0,4.0,25.12,121.466
74DA38ED0640,2026-08-05,19:07:29,25.25,100.0,8.0,23.154,121.266
74DA38F209EE,2026-08-05,19:07:33,28.5,100.0,0.0,23.026,121.33
74DA38F20D16,2026-08-05,19:07:44,30.86,100.0,15.0,25.062,121.526
74DA38F7C480,2026-08-05,19:07:45,29.25,100.0,0.0,25.061,121.432
74DA38F7C5CE,2026-08-05,19:07:48,29.0,93.0,0.0,25.066,121.656
74DA38F20B82,2026-08-05,19:07:50,-4.0,0.0,0.0,22.847,120.465
74DA38F7C366,2026-08-05,19:07:52,29.0,100.0,6.0,25.002,121.516
74DA38F20DE0,2026-08-05,19:07:54,29.36,100.0,0.0,22.589,120.328
74DA38F20B80,2026-08-05,19:07:59,29.36,100.0,0.0,22.599,120.35
74DA38F20D1A,2026-08-05,19:08:05,29.5,100.0,0.0,25.078,121.541
74DA38F7C47E,2026-08-05,19:08:07,30.5,100.0,21.0,25.053963,121.427681
74DA38F7C592,2026-08-05,19:08:08,-4.0,0.0,0.0,25.224,121.637
74DA38F20A30,2026-08-05,19:08:14,28.36,91.0,0.0,24.948,121.372
74DA38F7C5BE,2026-08-05,19:08:15,30.0,100.0,19.0,25.092,121.523
74DA38F209A8,2026-08-05,19:08:16,-4.0,0.0,0.0,22.401,120.577
74DA38F7C42E,2026-08-05,19:08:17,27.5,100.0,0.0,24.969,121.514
74DA38F7C3BA,2026-08-05,19:08:24,-4.0,0.0,94.0,25.174,121.441
74DA38F7C310,2026-08-05,19:08:25,29.86,100.0,10.0,25.09,121.464
74DA38F7C260,2026-08-05,19:08:28,29.75,100.0,0.0,25.065,121.425
74DA38F20B12,2026-08-05,19:08:31,29.25,78.0,5.0,22.91,120.716
74DA38F20D70,2026-08-05,19:08:32,29.25,98.0,0.0,23.05,121.164
74DA38F21136,2026-08-05,19:08:33,30.0,100.0,10.0,25.119,121.505
74DA38F20F1C,2026-08-05,19:08:37,28.75,100.0,12.0,25.062,121.451
74DA38ED0630,2026-08-05,19:08:39,29.86,100.0,0.0,23.994,121.594
74DA38F7C3DE,2026-08-05,19:08:40,28.86,100.0,282.0,24.972,121.537
74DA38F7C30C,2026-08-05,19:08:45,28.75,100.0,0.0,24.975,121.532
74DA38F7C3D6,2026-08-05,19:08:45,30.25,100.0,0.0,25.045,121.541
74DA38F7C5A0,2026-08-05,19:08:45,30.36,100.0,0.0,25.107,121.518
74DA38F20B88,2026-08-05,19:08:48,27.87,100.0,0.0,22.75,120.316
74DA38ED05EA,2026-08-05,19:08:51,28.61,100.0,11.0,23.394,121.357
74DA38F7C338,2026-08-05,19:08:53,30.25,100.0,12.0,25.011,121.458
74DA38F7C63C,2026-08-05,19:08:54,-4.0,0.0,10.0,24.998,121.425
74DA38F209B2,2026-08-05,19:08:58,28.0,100.0,0.0,22.363,120.599
74DA38F20B26,2026-08-05,19:08:58,29.75,100.0,18.0,22.783,120.247
74DA38F20EB2,2026-08-05,19:09:00,24.87,100.0,32.0,24.324,120.835
74DA38F20C26,2026-08-05,19:09:05,31.36,86.0,16.0,22.676,120.342
74DA38F7C4CC,2026-08-05,19:09:05,28.36,100.0,11.0,25.062,121.451
74DA38F20A78,2026-08-05,19:09:08,27.25,100.0,4.0,22.904,121.124
74DA38F207DE,2026-08-05,19:09:26,29.61,100.0,23.0,22.603,120.34
74DA38ED05B6,2026-08-05,19:09:29,26.75,100.0,11.0,23.43,121.348
74DA38F20862,2026-08-05,19:09:31,27.0,100.0,9.0,23.101,121.176
74DA38F7C5AA,2026-08-05,19:09:33,27.75,100.0,2.0,25.0,121.479
74DA38ED06E0,2026-08-05,19:09:38,28.86,100.0,18.0,23.601,121.521
74DA38F7C54E,2026-08-05,19:09:47,27.75,100.0,0.0,25.063,121.661
74DA38F7C514,2026-08-05,19:09:51,29.61,100.0,14.0,25.051,121.518
74DA38F20D1E,2026-08-05,19:10:04,29.61,100.0,18.0,25.048,121.573
74DA38F20E9E,2026-08-05,19:10:06,26.87,100.0,15.0,24.648,121.151
74DA38F21204,2026-08-05,19:10:09,28.11,100.0,3.0,25.062,121.451
74DA38F20BF6,2026-08-05,19:10:24,29.86,100.0,16.0,22.582,120.368
74DA38F20C06,2026-08-05,19:10:27,31.5,71.0,20.0,24.874,121.02
74DA38F7C47C,2026-08-05,19:10:29,30.25,100.0,67.0,25.055,121.455
74DA38F2105C,2026-08-05,19:10:41,29.11,100.0,0.0,25.088,121.599
74DA38F7C430,2026-08-05,19:10:42,30.36,86.0,0.0,24.981,121.423
74DA38F20FFE,2026-08-05,19:10:52,29.0,100.0,12.0,22.894,120.298
74DA38F7C506,2026-08-05,19:11:02,28.11,100.0,0.0,24.996,121.544
74DA38F21024,2026-08-05,19:11:03,28.11,100.0,0.0,24.93,121.036
74DA38ED0454,2026-08-05,19:11:04,30.75,100.0,23.0,24.053,121.599
74DA38F2113E,2026-08-05,19:11:06,-4.0,0.0,0.0,22.728,120.313
74DA38F7C532,2026-08-05,19:11:20,29.36,100.0,16.0,25.059,121.499
74DA38F7C600,2026-08-05,19:11:22,23.0,47.0,13.0,25.07,121.586
74DA38F7C560,2026-08-05,19:11:24,30.0,-62.0,0.0,25.079,121.671
74DA38F20D6C,2026-08-05,19:11:29,29.86,94.0,0.0,22.661,120.301
74DA38ED059C,2026-08-05,19:11:30,27.62,100.0,11.0,23.706,121.412
74DA38F20FA4,2026-08-05,19:11:31,28.75,100.0,19.0,22.63,120.42
74DA38F20F0A,2026-08-05,19:11:39,26.0,100.0,10.0,22.995,120.635
74DA38F20E6E,2026-08-05,19:11:46,27.0,100.0,0.0,24.41,120.902
74DA38F21088,2026-08-05,19:11:52,29.61,100.0,0.0,25.068,121.588
74DA38F7C5E6,2026-08-05,19:11:52,31.11,100.0,8.0,25.107,121.843
74DA38F7C3DC,2026-08-05,19:11:57,29.25,100.0,17.0,25.003,121.539
74DA38F20B5C,2026-08-05,19:12:04,29.75,100.0,21.0,22.798,120.293
74DA38F7C59C,2026-08-05,19:12:09,31.0,84.0,25.0,25.103,121.487
74DA38F7C464,2026-08-05,19:12:13,26.37,30.0,0.0,25.006,121.413
74DA38F7C3B2,2026-08-05,19:12:14,32.25,68.0,11.0,24.929,121.378
74DA38F7C53C,2026-08-05,19:12:19,27.62,100.0,0.0,25.11,121.804
74DA38F20D2E,2026-08-05,19:12:22,29.75,100.0,0.0,25.06,121.545
74DA38F208E2,2026-08-05,19:12:41,27.62,100.0,19.0,24.688,121.766
74DA38F21054,2026-08-05,19:12:42,29.61,78.0,10.0,22.898,120.627
74DA38F7C13A,2026-08-05,19:12:49,22.25,-8.0,0.0,25.069,121.359
74DA38F7C27E,2026-08-05,19:13:05,30.5,100.0,14.0,25.053,121.444
74DA38F21048,2026-08-05,19:13:08,28.61,100.0,25.0,22.595,120.341
74DA38ED04F2,2026-08-05,19:13:28,27.37,100.0,9.0,23.468,121.496
74DA38F210A2,2026-08-05,19:13:32,29.25,100.0,4.0,25.12,121.466
74DA38F7C610,2026-08-05,19:13:33,30.36,100.0,17.0,25.063,121.564
74DA38ED0640,2026-08-05,19:13:36,25.25,100.0,8.0,23.154,121.266
74DA38F209DE,2026-08-05,19:13:37,30.61,100.0,0.0,24.861,120.964
74DA38F7C41E,2026-08-05,19:13:37,29.5,86.0,0.0,25.054,121.517
74DA38F209EE,2026-08-05,19:13:38,28.36,100.0,0.0,23.026,121.33
74DA38F7C39A,2026-08-05,19:13:50,28.61,100.0,0.0,25.002,121.414
74DA38F20D16,2026-08-05,19:13:57,30.86,100.0,22.0,25.062,121.526
74DA38F7C366,2026-08-05,19:13:57,28.86,100.0,6.0,25.002,121.516
74DA38F7C570,2026-08-05,19:14:02,-4.0,0.0,0.0,25.239,121.63
74DA38F7C47E,2026-08-05,19:14:14,30.5,100.0,20.0,25.053963,121.427681
74DA38F7C480,2026-08-05,19:14:14,29.25,100.0,0.0,25.061,121.432
74DA38F7C5CE,2026-08-05,19:14:15,28.86,94.0,0.0,25.066,121.656
74DA38F20DE0,2026-08-05,19:14:20,29.36,100.0,0.0,22.589,120.328
74DA38F7C5BE,2026-08-05,19:14:21,30.0,100.0,18.0,25.092,121.523
74DA38F20B80,2026-08-05,19:14:25,29.25,100.0,0.0,22.599,120.35
74DA38F7C310,2026-08-05,19:14:30,29.61,100.0,10.0,25.09,121.464
74DA38F20D1A,2026-08-05,19:14:32,29.5,100.0,0.0,25.078,121.541
74DA38F20B12,2026-08-05,19:14:38,29.25,78.0,5.0,22.91,120.716
74DA38F20D70,2026-08-05,19:14:40,29.25,98.0,0.0,23.05,121.164
74DA38F7C3DE,2026-08-05,19:14:41,28.86,100.0,265.0,24.972,121.537
74DA38F20A30,2026-08-05,19:14:42,28.36,91.0,1.0,24.948,121.372
74DA38F21136,2026-08-05,19:14:42,30.0,100.0,10.0,25.119,121.505
74DA38F20F1C,2026-08-05,19:14:45,28.61,100.0,11.0,25.062,121.451
74DA38F7C42E,2026-08-05,19:14:47,27.37,100.0,0.0,24.969,121.514
74DA38F7C30C,2026-08-05,19:14:55,28.75,100.0,0.0,24.975,121.532
74DA38ED05EA,2026-08-05,19:14:56,28.5,100.0,12.0,23.394,121.357
74DA38F7C260,2026-08-05,19:14:56,29.61,100.0,0.0,25.065,121.425
74DA38ED0630,2026-08-05,19:15:06,29.75,100.0,0.0,23.994,121.594
74DA38F20B26,2026-08-05,19:15:09,29.75,100.0,20.0,22.783,120.247
74DA38F7C4CC,2026-08-05,19:15:11,28.25,100.0,12.0,25.062,121.451
74DA38F20EB2,2026-08-05,19:15:12,24.75,100.0,31.0,24.324,120.835
74DA38F20C26,2026-08-05,19:15:13,31.5,86.0,16.0,22.676,120.342
74DA38F7C3D6,2026-08-05,19:15:13,30.25,100.0,0.0,25.045,121.541
74DA38F7C5A0,2026-08-05,19:15:13,30.36,100.0,0.0,25.107,121.518
74DA38F20A78,2026-08-05,19:15:14,27.25,100.0,4.0,22.904,121.124
74DA38F20B88,2026-08-05,19:15:23,27.87,100.0,0.0,22.75,120.316
74DA38F209B2,2026-08-05,19:15:26,28.0,100.0,0.0,22.363,120.599
74DA38F2104E,2026-08-05,19:15:33,25.5,100.0,21.0,23.108,120.7
74DA38ED05B6,2026-08-05,19:15:35,26.87,100.0,10.0,23.43,121.348
74DA38F207DE,2026-08-05,19:15:35,29.61,100.0,24.0,22.603,120.34
74DA38F20862,2026-08-05,19:15:38,27.0,100.0,8.0,23.101,121.176
74DA38F7C4DE,2026-08-05,19:15:41,29.5,100.0,0.0,25.09,121.462
74DA38F7C514,2026-08-05,19:15:59,29.5,100.0,13.0,25.051,121.518
74DA38ED06E0,2026-08-05,19:16:07,28.86,100.0,18.0,23.601,121.521
74DA38F20E9E,2026-08-05,19:16:12,26.75,100.0,14.0,24.648,121.151
74DA38F7C5AA,2026-08-05,19:16:13,27.62,100.0,2.0,25.0,121.479
74DA38F7C54E,2026-08-05,19:16:14,27.87,100.0,0.0,25.063,121.661
74DA38F21204,2026-08-05,19:16:18,28.11,100.0,3.0,25.062,121.451
74DA38F7C47C,2026-08-05,19:16:20,30.11,100.0,66.0,25.055,121.455
74DA38F20BF6,2026-08-05,19:16:29,30.0,100.0,16.0,22.582,120.368
74DA38F20C06,2026-08-05,19:16:35,31.5,71.0,21.0,24.874,121.02
74DA38F20FFE,2026-08-05,19:16:58,29.0,100.0,12.0,22.894,120.298
74DA38F2105C,2026-08-05,19:17:07,29.0,100.0,0.0,25.088,121.599
74DA38F7C3BA,2026-08-05,19:17:09,-4.0,0.0,91.0,25.174,121.441
74DA38F7C430,2026-08-05,19:17:11,30.25,86.0,0.0,24.981,121.423
74DA38ED0454,2026-08-05,19:17:12,30.75,100.0,23.0,24.053,121.599
74DA38F20B82,2026-08-05,19:17:22,-4.0,0.0,0.0,22.847,120.465
74DA38F7C532,2026-08-05,19:17:25,29.36,100.0,15.0,25.059,121.499
74DA38F7C600,2026-08-05,19:17:28,23.0,47.0,12.0,25.07,121.586
74DA38F21024,2026-08-05,19:17:30,28.11,100.0,0.0,24.93,121.036
74DA38ED059C,2026-08-05,19:17:41,27.62,100.0,10.0,23.706,121.412
74DA38F20F0A,2026-08-05,19:17:45,26.0,100.0,10.0,22.995,120.635
74DA38F7C592,2026-08-05,19:17:46,-4.0,0.0,0.0,25.224,121.637
74DA38F20FA4,2026-08-05,19:17:47,28.75,100.0,19.0,22.63,120.42
74DA38F7C560,2026-08-05,19:17:51,30.0,-62.0,0.0,25.079,121.671
74DA38F209A8,2026-08-05,19:17:55,-4.0,0.0,0.0,22.401,120.577
74DA38F7C5E6,2026-08-05,19:17:58,31.11,100.0,8.0,25.107,121.843
74DA38F20B5C,2026-08-05,19:18:15,29.61,100.0,22.0,22.798,120.293
74DA38F7C3B2,2026-08-05,19:18:20,32.25,68.0,10.0,24.929,121.378
74DA38F21088,2026-08-05,19:18:21,29.75,100.0,0.0,25.068,121.588
74DA38F2113E,2026-08-05,19:18:22,-4.0,0.0,0.0,22.728,120.313
74DA38F7C63C,2026-08-05,19:18:26,-4.0,0.0,10.0,24.998,121.425
74DA38F7C59C,2026-08-05,19:18:37,31.0,84.0,26.0,25.103,121.487
74DA38F7C616,2026-08-05,19:18:39,28.0,100.0,0.0,25.031,121.563
74DA38F7C464,2026-08-05,19:18:40,26.37,30.0,0.0,25.006,121.413
74DA38F208E2,2026-08-05,19:18:46,27.62,100.0,18.0,24.688,121.766
74DA38F7C53C,2026-08-05,19:18:46,27.62,100.0,0.0,25.11,121.804
74DA38F21054,2026-08-05,19:18:48,29.61,78.0,10.0,22.898,120.627
74DA38F20D2E,2026-08-05,19:18:50,29.75,100.0,0.0,25.06,121.545
74DA38F7C27E,2026-08-05,19:19:12,30.5,100.0,13.0,25.053,121.444
74DA38F7C13A,2026-08-05,19:19:16,22.37,-6.0,0.0,25.069,121.359
74DA38ED04F2,2026-08-05,19:19:34,27.37,100.0,9.0,23.468,121.496
74DA38F210A2,2026-08-05,19:19:36,29.25,100.0,4.0,25.12,121.466
74DA38F21048,2026-08-05,19:19:39,28.75,100.0,24.0,22.595,120.341
74DA38F7C610,2026-08-05,19:19:40,30.36,100.0,16.0,25.063,121.564
74DA38ED0640,2026-08-05,19:19:42,25.25,100.0,8.0,23.154,121.266
74DA38F209EE,2026-08-05,19:19:44,28.5,100.0,0.0,23.026,121.33
74DA38F21170,2026-08-05,19:19:53,28.25,79.0,5.0,22.779,121.088
74DA38F20D16,2026-08-05,19:20:02,30.75,100.0,14.0,25.062,121.526
74DA38F7C366,2026-08-05,19:20:02,28.86,100.0,6.0,25.002,121.516
74DA38F209DE,2026-08-05,19:20:05,30.61,100.0,0.0,24.861,120.964
74DA38F7C41E,2026-08-05,19:20:13,29.61,86.0,0.0,25.054,121.517
74DA38F7C39A,2026-08-05,19:20:18,28.61,100.0,0.0,25.002,121.414
74DA38F7C47E,2026-08-05,19:20:20,30.5,100.0,21.0,25.053963,121.427681
74DA38F7C5BE,2026-08-05,19:20:27,30.0,100.0,17.0,25.092,121.523
74DA38F7C310,2026-08-05,19:20:35,29.36,100.0,10.0,25.09,121.464
74DA38F7C480,2026-08-05,19:20:42,29.25,100.0,0.0,25.061,121.432
74DA38F7C5CE,2026-08-05,19:20:42,28.86,94.0,0.0,25.066,121.656
74DA38F7C3DE,2026-08-05,19:20:43,29.11,100.0,274.0,24.972,121.537
74DA38F20B12,2026-08-05,19:20:44,29.25,78.0,5.0,22.91,120.716
74DA38F20D70,2026-08-05,19:20:45,29.25,98.0,0.0,23.05,121.164
74DA38F20DE0,2026-08-05,19:20:48,29.36,100.0,0.0,22.589,120.328
74DA38F20F1C,2026-08-05,19:20:50,28.5,100.0,11.0,25.062,121.451
74DA38F20B80,2026-08-05,19:20:55,29.0,100.0,0.0,22.599,120.35
74DA38F20D1A,2026-08-05,19:21:01,29.61,100.0,0.0,25.078,121.541
74DA38ED05EA,2026-08-05,19:21:02,28.5,100.0,11.0,23.394,121.357
74DA38F7C30C,2026-08-05,19:21:04,28.86,99.0,0.0,24.975,121.532
74DA38F7C42E,2026-08-05,19:21:15,27.62,100.0,0.0,24.969,121.514
74DA38F20A30,2026-08-05,19:21:16,28.25,91.0,0.0,24.948,121.372
74DA38F7C4CC,2026-08-05,19:21:17,28.0,100.0,12.0,25.062,121.451
74DA38F20C26,2026-08-05,19:21:19,31.5,86.0,15.0,22.676,120.342
74DA38F20A78,2026-08-05,19:21:21,27.25,100.0,4.0,22.904,121.124
74DA38F20EB2,2026-08-05,19:21:25,24.75,100.0,32.0,24.324,120.835
74DA38ED0630,2026-08-05,19:21:34,29.61,100.0,0.0,23.994,121.594
74DA38F7C338,2026-08-05,19:21:37,30.25,100.0,11.0,25.011,121.458
74DA38F20B26,2026-08-05,19:21:39,29.61,100.0,17.0,22.783,120.247
74DA38F7C3D6,2026-08-05,19:21:39,30.25,100.0,0.0,25.045,121.541
74DA38F207DE,2026-08-05,19:21:40,29.75,100.0,21.0,22.603,120.34
74DA38F2104E,2026-08-05,19:21:40,25.25,100.0,22.0,23.108,120.7
74DA38F7C5A0,2026-08-05,19:21:41,30.25,100.0,0.0,25.107,121.518
74DA38ED05B6,2026-08-05,19:21:42,26.62,100.0,11.0,23.43,121.348
74DA38F20862,2026-08-05,19:21:45,26.87,100.0,9.0,23.101,121.176
74DA38F209B2,2026-08-05,19:21:52,28.25,100.0,0.0,22.363,120.599
74DA38F7C260,2026-08-05,19:21:53,29.61,100.0,0.0,25.065,121.425
74DA38F20B88,2026-08-05,19:21:54,27.87,100.0,0.0,22.75,120.316
74DA38F7C514,2026-08-05,19:22:13,29.5,100.0,12.0,25.051,121.518
74DA38F7C47C,2026-08-05,19:22:16,30.0,100.0,70.0,25.055,121.455
74DA38F20E9E,2026-08-05,19:22:18,26.75,100.0,15.0,24.648,121.151
74DA38F7C4DE,2026-08-05,19:22:26,29.25,100.0,0.0,25.09,121.462
74DA38F21204,2026-08-05,19:22:27,28.11,100.0,3.0,25.062,121.451
74DA38F20D1E,2026-08-05,19:22:28,29.61,100.0,18.0,25.048,121.573
74DA38ED06E0,2026-08-05,19:22:30,28.86,99.0,17.0,23.601,121.521
74DA38F20BF6,2026-08-05,19:22:34,30.0,100.0,16.0,22.582,120.368
74DA38F7C54E,2026-08-05,19:22:39,27.75,100.0,0.0,25.063,121.661
74DA38F20C06,2026-08-05,19:22:41,31.5,71.0,20.0,24.874,121.02
74DA38F7C5AA,2026-08-05,19:22:46,27.62,100.0,1.0,25.0,121.479
74DA38F20FFE,2026-08-05,19:23:16,28.75,100.0,12.0,22.894,120.298
74DA38ED0454,2026-08-05,19:23:19,30.86,100.0,22.0,24.053,121.599
74DA38F7C600,2026-08-05,19:23:33,23.0,46.0,13.0,25.07,121.586
74DA38F2105C,2026-08-05,19:23:34,29.0,100.0,0.0,25.088,121.599
74DA38F7C430,2026-08-05,19:23:39,30.0,86.0,0.0,24.981,121.423
74DA38F7C570,2026-08-05,19:23:42,-4.0,0.0,0.0,25.239,121.63
74DA38F7C532,2026-08-05,19:23:43,29.25,100.0,15.0,25.059,121.499
74DA38F20F0A,2026-08-05,19:23:51,26.12,100.0,10.0,22.995,120.635
74DA38F21024,2026-08-05,19:23:57,28.11,100.0,0.0,24.93,121.036
74DA38ED059C,2026-08-05,19:23:58,27.62,100.0,11.0,23.706,121.412
74DA38F20E6E,2026-08-05,19:24:04,26.87,100.0,0.0,24.41,120.902
74DA38F7C5E6,2026-08-05,19:24:04,31.0,100.0,7.0,25.107,121.843
74DA38F20FA4,2026-08-05,19:24:07,28.61,100.0,19.0,22.63,120.42
74DA38F7C506,2026-08-05,19:24:08,28.0,100.0,0.0,24.996,121.544
74DA38F7C560,2026-08-05,19:24:18,30.11,-62.0,0.0,25.079,121.671
74DA38F20B5C,2026-08-05,19:24:22,29.61,100.0,20.0,22.798,120.293
74DA38F7C3B2,2026-08-05,19:24:26,32.25,68.0,11.0,24.929,121.378
74DA38F20D6C,2026-08-05,19:24:35,29.86,94.0,0.0,22.661,120.301
74DA38F7C616,2026-08-05,19:24:46,28.5,100.0,0.0,25.031,121.563
74DA38F208E2,2026-08-05,19:24:52,27.5,100.0,18.0,24.688,121.766
74DA38F21088,2026-08-05,19:24:52,29.5,100.0,0.0,25.068,121.588
74DA38F21054,2026-08-05,19:24:53,29.61,78.0,9.0,22.898,120.627
74DA38F7C59C,2026-08-05,19:25:05,31.0,84.0,26.0,25.103,121.487
74DA38F7C464,2026-08-05,19:25:08,26.37,30.0,0.0,25.006,121.413
74DA38F7C53C,2026-08-05,19:25:13,27.75,100.0,0.0,25.11,121.804
74DA38F20D2E,2026-08-05,19:25:17,29.61,100.0,0.0,25.06,121.545
74DA38F7C27E,2026-08-05,19:25:19,30.5,100.0,14.0,25.053,121.444
74DA38F2113E,2026-08-05,19:25:36,-4.0,0.0,0.0,22.728,120.313
74DA38F210A2,2026-08-05,19:25:41,29.11,100.0,4.0,25.12,121.466
74DA38ED04F2,2026-08-05,19:25:43,27.25,100.0,9.0,23.468,121.496
74DA38F7C13A,2026-08-05,19:25:44,22.37,-4.0,1.0,25.069,121.359
74DA38ED0640,2026-08-05,19:25:48,25.25,100.0,8.0,23.154,121.266
74DA38F7C610,2026-08-05,19:25:48,30.36,100.0,16.0,25.063,121.564
74DA38F209EE,2026-08-05,19:25:49,28.36,100.0,0.0,23.026,121.33
74DA38F7C3BA,2026-08-05,19:25:55,-4.0,0.0,96.0,25.174,121.441
74DA38F21170,2026-08-05,19:26:01,28.11,80.0,5.0,22.779,121.088
74DA38F7C366,2026-08-05,19:26:07,28.86,100.0,6.0,25.002,121.516
74DA38F21048,2026-08-05,19:26:10,28.86,100.0,26.0,22.595,120.341
74DA38F20D16,2026-08-05,19:26:11,30.75,100.0,22.0,25.062,121.526
74DA38F7C47E,2026-08-05,19:26:28,30.36,100.0,20.0,25.053963,121.427681
74DA38F209DE,2026-08-05,19:26:32,30.75,100.0,0.0,24.861,120.964
74DA38F7C5BE,2026-08-05,19:26:33,29.86,100.0,17.0,25.092,121.523
74DA38F7C310,2026-08-05,19:26:41,29.5,100.0,10.0,25.09,121.464
74DA38F7C3DE,2026-08-05,19:26:42,29.25,100.0,278.0,24.972,121.537
74DA38F7C39A,2026-08-05,19:26:46,28.75,100.0,0.0,25.002,121.414
74DA38F20B12,2026-08-05,19:26:50,29.25,79.0,5.0,22.91,120.716
74DA38F20D70,2026-08-05,19:26:52,29.25,97.0,0.0,23.05,121.164
74DA38F20B82,2026-08-05,19:26:54,-4.0,0.0,0.0,22.847,120.465
74DA38F7C41E,2026-08-05,19:26:54,29.61,85.0,0.0,25.054,121.517
74DA38F20F1C,2026-08-05,19:26:55,28.5,100.0,11.0,25.062,121.451
74DA38ED05EA,2026-08-05,19:27:08,28.5,100.0,11.0,23.394,121.357
74DA38F7C5CE,2026-08-05,19:27:09,29.0,94.0,0.0,25.066,121.656
74DA38F21136,2026-08-05,19:27:10,29.86,100.0,10.0,25.119,121.505
74DA38F7C480,2026-08-05,19:27:11,29.11,100.0,0.0,25.061,121.432
74DA38F7C30C,2026-08-05,19:27:12,28.86,99.0,0.0,24.975,121.532
74DA38F20DE0,2026-08-05,19:27:17,29.36,100.0,0.0,22.589,120.328
74DA38F20B80,2026-08-05,19:27:21,28.75,100.0,0.0,22.599,120.35
74DA38F7C4CC,2026-08-05,19:27:24,28.11,100.0,12.0,25.062,121.451
74DA38F7C592,2026-08-05,19:27:25,-4.0,0.0,0.0,25.224,121.637
74DA38F20C26,2026-08-05,19:27:26,31.5,86.0,16.0,22.676,120.342
74DA38F20A78,2026-08-05,19:27:28,27.0,100.0,5.0,22.904,121.124
74DA38F20D1A,2026-08-05,19:27:29,29.75,100.0,0.0,25.078,121.541
74DA38F209A8,2026-08-05,19:27:34,-4.0,0.0,0.0,22.401,120.577
74DA38F20EB2,2026-08-05,19:27:38,24.62,100.0,32.0,24.324,120.835
74DA38F7C42E,2026-08-05,19:27:41,27.62,100.0,0.0,24.969,121.514
74DA38ED05B6,2026-08-05,19:27:47,26.5,100.0,10.0,23.43,121.348
74DA38F207DE,2026-08-05,19:27:47,29.75,100.0,22.0,22.603,120.34
74DA38F2104E,2026-08-05,19:27:50,24.87,100.0,21.0,23.108,120.7
74DA38F20862,2026-08-05,19:27:52,26.87,100.0,9.0,23.101,121.176
74DA38F20A30,2026-08-05,19:27:54,28.11,92.0,0.0,24.948,121.372
74DA38F20B26,2026-08-05,19:27:56,29.61,100.0,21.0,22.783,120.247
74DA38F7C338,2026-08-05,19:27:56,30.25,100.0,11.0,25.011,121.458
74DA38F7C63C,2026-08-05,19:27:58,-4.0,0.0,11.0,24.998,121.425
74DA38ED0630,2026-08-05,19:28:00,29.61,100.0,0.0,23.994,121.594
74DA38F7C3D6,2026-08-05,19:28:06,30.11,100.0,0.0,25.045,121.541
74DA38F7C47C,2026-08-05,19:28:07,29.86,100.0,79.0,25.055,121.455
74DA38F7C5A0,2026-08-05,19:28:07,30.25,100.0,0.0,25.107,121.518
74DA38F209B2,2026-08-05,19:28:19,28.25,100.0,0.0,22.363,120.599
74DA38F7C514,2026-08-05,19:28:22,29.5,100.0,13.0,25.051,121.518
74DA38F20B88,2026-08-05,19:28:23,27.87,100.0,0.0,22.75,120.316
74DA38F7C260,2026-08-05,19:28:23,29.61,100.0,0.0,25.065,121.425
74DA38F20E9E,2026-08-05,19:28:24,26.75,100.0,14.0,24.648,121.151
74DA38F21204,2026-08-05,19:28:34,27.87,100.0,3.0,25.062,121.451
74DA38F20D1E,2026-08-05,19:28:36,29.75,100.0,17.0,25.048,121.573
74DA38F7C4DE,2026-08-05,19:28:37,29.11,100.0,0.0,25.09,121.462
74DA38F20BF6,2026-08-05,19:28:38,30.0,100.0,16.0,22.582,120.368
74DA38ED06E0,2026-08-05,19:28:45,28.86,100.0,17.0,23.601,121.521
74DA38F20C06,2026-08-05,19:28:49,31.5,71.0,20.0,24.874,121.02
74DA38F7C54E,2026-08-05,19:29:04,27.75,100.0,0.0,25.063,121.661
74DA38F7C5AA,2026-08-05,19:29:23,27.62,100.0,2.0,25.0,121.479
74DA38F20FFE,2026-08-05,19:29:25,28.75,100.0,13.0,22.894,120.298
74DA38ED0454,2026-08-05,19:29:27,30.86,100.0,23.0,24.053,121.599
74DA38F7C600,2026-08-05,19:29:39,22.87,46.0,13.0,25.07,121.586
74DA38F7C532,2026-08-05,19:29:55,29.25,100.0,15.0,25.059,121.499
74DA38F20F0A,2026-08-05,19:29:57,26.0,100.0,11.0,22.995,120.635
74DA38F2105C,2026-08-05,19:30:02,29.0,100.0,0.0,25.088,121.599
74DA38F7C430,2026-08-05,19:30:07,30.0,86.0,0.0,24.981,121.423
74DA38F7C5E6,2026-08-05,19:30:10,31.0,100.0,7.0,25.107,121.843
74DA38F21024,2026-08-05,19:30:23,28.0,100.0,0.0,24.93,121.036
74DA38ED059C,2026-08-05,19:30:29,27.5,100.0,11.0,23.706,121.412
74DA38F20B5C,2026-08-05,19:30:29,29.61,100.0,22.0,22.798,120.293
74DA38F7C3B2,2026-08-05,19:30:31,32.11,68.0,10.0,24.929,121.378
74DA38F7C506,2026-08-05,19:30:38,28.11,100.0,0.0,24.996,121.544
74DA38F7C560,2026-08-05,19:30:46,30.11,-62.0,0.0,25.079,121.671
74DA38F7C616,2026-08-05,19:30:54,28.75,100.0,0.0,25.031,121.563
74DA38F208E2,2026-08-05,19:30:57,27.37,100.0,18.0,24.688,121.766
74DA38F21054,2026-08-05,19:30:59,29.61,78.0,10.0,22.898,120.627
74DA38F21088,2026-08-05,19:31:20,29.5,100.0,0.0,25.068,121.588
74DA38F7C27E,2026-08-05,19:31:25,30.36,100.0,13.0,25.053,121.444
74DA38F7C59C,2026-08-05,19:31:32,31.0,84.0,25.0,25.103,121.487
74DA38F7C464,2026-08-05,19:31:40,26.25,30.0,0.0,25.006,121.413
74DA38F7C53C,2026-08-05,19:31:40,27.75,100.0,0.0,25.11,121.804
74DA38F7C3DC,2026-08-05,19:31:45,29.0,100.0,17.0,25.003,121.539
74DA38F20D2E,2026-08-05,19:31:46,29.61,100.0,0.0,25.06,121.545
74DA38F210A2,2026-08-05,19:31:46,29.0,100.0,4.0,25.12,121.466
74DA38ED04F2,2026-08-05,19:31:52,27.37,100.0,9.0,23.468,121.496
74DA38F209EE,2026-08-05,19:31:54,28.36,100.0,0.0,23.026,121.33
74DA38F7C610,2026-08-05,19:31:56,30.36,100.0,16.0,25.063,121.564
74DA38ED0640,2026-08-05,19:31:59,25.12,100.0,8.0,23.154,121.266
74DA38F21170,2026-08-05,19:32:07,28.11,80.0,5.0,22.779,121.088
74DA38F7C13A,2026-08-05,19:32:11,22.25,-6.0,1.0,25.069,121.359
74DA38F7C366,2026-08-05,19:32:12,28.75,100.0,5.0,25.002,121.516
74DA38F20D16,2026-08-05,19:32:18,30.75,100.0,19.0,25.062,121.526
74DA38F7C47E,2026-08-05,19:32:34,30.36,100.0,20.0,25.053963,121.427681
74DA38F21048,2026-08-05,19:32:40,28.86,100.0,24.0,22.595,120.341
74DA38F7C3DE,2026-08-05,19:32:40,29.11,100.0,271.0,24.972,121.537
74DA38F7C5BE,2026-08-05,19:32:41,29.86,100.0,18.0,25.092,121.523
74DA38F7C310,2026-08-05,19:32:47,29.5,100.0,10.0,25.09,121.464
74DA38F2113E,2026-08-05,19:32:51,-4.0,0.0,0.0,22.728,120.313
74DA38F20B12,2026-08-05,19:32:56,29.25,78.0,5.0,22.91,120.716
74DA38F20D70,2026-08-05,19:32:57,29.11,98.0,0.0,23.05,121.164
74DA38F209DE,2026-08-05,19:32:59,30.61,100.0,0.0,24.861,120.964
74DA38F20F1C,2026-08-05,19:33:00,28.5,100.0,11.0,25.062,121.451
74DA38ED05EA,2026-08-05,19:33:13,28.5,100.0,11.0,23.394,121.357
74DA38F7C39A,2026-08-05,19:33:13,28.75,100.0,0.0,25.002,121.414
74DA38F7C30C,2026-08-05,19:33:19,29.0,99.0,0.0,24.975,121.532
74DA38F21136,2026-08-05,19:33:21,29.61,100.0,9.0,25.119,121.505
74DA38F7C570,2026-08-05,19:33:21,-4.0,0.0,0.0,25.239,121.63
74DA38F7C41E,2026-08-05,19:33:31,29.5,85.0,0.0,25.054,121.517
74DA38F7C4CC,2026-08-05,19:33:31,28.11,100.0,12.0,25.062,121.451
74DA38F20C26,2026-08-05,19:33:34,31.5,86.0,15.0,22.676,120.342
74DA38F20A78,2026-08-05,19:33:35,27.12,100.0,4.0,22.904,121.124
74DA38F7C5CE,2026-08-05,19:33:38,29.11,94.0,0.0,25.066,121.656
74DA38F7C480,2026-08-05,19:33:39,29.11,100.0,0.0,25.061,121.432
74DA38F20DE0,2026-08-05,19:33:44,29.36,100.0,0.0,22.589,120.328
74DA38F20B80,2026-08-05,19:33:47,28.86,100.0,1.0,22.599,120.35
74DA38F20EB2,2026-08-05,19:33:50,24.75,100.0,32.0,24.324,120.835
74DA38ED05B6,2026-08-05,19:33:52,26.75,100.0,10.0,23.43,121.348
74DA38F207DE,2026-08-05,19:33:54,29.5,100.0,23.0,22.603,120.34
74DA38F20D1A,2026-08-05,19:33:56,29.61,100.0,0.0,25.078,121.541
74DA38F2104E,2026-08-05,19:33:58,25.0,100.0,21.0,23.108,120.7
74DA38F20862,2026-08-05,19:34:00,26.87,100.0,9.0,23.101,121.176
74DA38F7C338,2026-08-05,19:34:03,30.25,100.0,11.0,25.011,121.458
74DA38F7C47C,2026-08-05,19:34:03,30.0,100.0,71.0,25.055,121.455
74DA38F20B26,2026-08-05,19:34:06,29.61,100.0,19.0,22.783,120.247
74DA38F7C42E,2026-08-05,19:34:08,27.62,100.0,0.0,24.969,121.514
74DA38F20A30,2026-08-05,19:34:22,28.11,91.0,0.0,24.948,121.372
74DA38ED0630,2026-08-05,19:34:28,29.75,100.0,0.0,23.994,121.594
74DA38F20E9E,2026-08-05,19:34:31,26.75,100.0,16.0,24.648,121.151
74DA38F7C3D6,2026-08-05,19:34:33,30.11,100.0,0.0,25.045,121.541
74DA38F7C514,2026-08-05,19:34:33,29.25,100.0,13.0,25.051,121.518
74DA38F7C5A0,2026-08-05,19:34:35,30.25,100.0,0.0,25.107,121.518
74DA38F7C3BA,2026-08-05,19:34:42,-4.0,0.0,95.0,25.174,121.441
74DA38F20BF6,2026-08-05,19:34:43,30.0,100.0,16.0,22.582,120.368
74DA38F21204,2026-08-05,19:34:45,28.0,100.0,3.0,25.062,121.451
74DA38F209B2,2026-08-05,19:34:46,28.25,100.0,0.0,22.363,120.599
74DA38F20D1E,2026-08-05,19:34:46,29.75,100.0,18.0,25.048,121.573
74DA38F7C260,2026-08-05,19:34:52,29.5,100.0,0.0,25.065,121.425
74DA38F7C4DE,2026-08-05,19:34:53,29.0,100.0,0.0,25.09,121.462
74DA38ED06E0,2026-08-05,19:34:54,28.86,100.0,18.0,23.601,121.521
74DA38F20B88,2026-08-05,19:34:54,27.75,100.0,0.0,22.75,120.316
74DA38F20C06,2026-08-05,19:34:55,31.5,71.0,19.0,24.874,121.02
74DA38F7C54E,2026-08-05,19:35:31,27.62,100.0,0.0,25.063,121.661
74DA38ED0454,2026-08-05,19:35:33,30.75,100.0,22.0,24.053,121.599
74DA38F20FFE,2026-08-05,19:35:38,28.75,100.0,14.0,22.894,120.298
74DA38F7C600,2026-08-05,19:35:44,22.87,47.0,13.0,25.07,121.586
74DA38F7C5AA,2026-08-05,19:35:54,27.5,100.0,0.0,25.0,121.479
74DA38F20F0A,2026-08-05,19:36:04,26.0,100.0,11.0,22.995,120.635
74DA38F7C532,2026-08-05,19:36:10,29.25,100.0,15.0,25.059,121.499
74DA38F7C5E6,2026-08-05,19:36:15,31.11,100.0,7.0,25.107,121.843
74DA38F20B82,2026-08-05,19:36:26,-4.0,0.0,0.0,22.847,120.465
74DA38F2105C,2026-08-05,19:36:28,29.0,100.0,0.0,25.088,121.599
74DA38F7C430,2026-08-05,19:36:35,30.25,86.0,0.0,24.981,121.423
74DA38F20B5C,2026-08-05,19:36:37,29.61,100.0,22.0,22.798,120.293
74DA38F7C3B2,2026-08-05,19:36:37,32.11,68.0,14.0,24.929,121.378
74DA38ED059C,2026-08-05,19:36:40,27.5,100.0,11.0,23.706,121.412
74DA38F21024,2026-08-05,19:36:50,27.87,100.0,0.0,24.93,121.036
74DA38F20FA4,2026-08-05,19:36:56,28.5,100.0,21.0,22.63,120.42
74DA38F7C616,2026-08-05,19:37:00,29.0,100.0,0.0,25.031,121.563
74DA38F208E2,2026-08-05,19:37:04,27.5,100.0,18.0,24.688,121.766
74DA38F21054,2026-08-05,19:37:05,29.61,78.0,10.0,22.898,120.627
74DA38F7C592,2026-08-05,19:37:05,-4.0,0.0,0.0,25.224,121.637
74DA38F7C506,2026-08-05,19:37:07,28.11,100.0,0.0,24.996,121.544
74DA38F209A8,2026-08-05,19:37:13,-4.0,0.0,0.0,22.401,120.577
74DA38F7C560,2026-08-05,19:37:13,30.0,-62.0,0.0,25.079,121.671
74DA38F7C63C,2026-08-05,19:37:30,-4.0,0.0,11.0,24.998,121.425
74DA38F7C27E,2026-08-05,19:37:31,30.25,100.0,13.0,25.053,121.444
74DA38F20D6C,2026-08-05,19:37:37,30.0,94.0,0.0,22.661,120.301
74DA38F21088,2026-08-05,19:37:48,29.5,100.0,0.0,25.068,121.588
74DA38F210A2,2026-08-05,19:37:52,29.0,100.0,4.0,25.12,121.466
74DA38ED04F2,2026-08-05,19:37:58,27.25,100.0,9.0,23.468,121.496
74DA38F209EE,2026-08-05,19:38:00,28.36,100.0,0.0,23.026,121.33
74DA38F7C59C,2026-08-05,19:38:00,31.11,84.0,25.0,25.103,121.487
74DA38F7C610,2026-08-05,19:38:04,30.25,100.0,16.0,25.063,121.564
74DA38ED0640,2026-08-05,19:38:06,25.12,100.0,8.0,23.154,121.266
74DA38F7C3DC,2026-08-05,19:38:07,29.0,100.0,17.0,25.003,121.539
74DA38F7C53C,2026-08-05,19:38:07,27.62,100.0,0.0,25.11,121.804
74DA38F7C464,2026-08-05,19:38:09,26.25,30.0,0.0,25.006,121.413
74DA38F21170,2026-08-05,19:38:12,28.11,79.0,5.0,22.779,121.088
74DA38F20D2E,2026-08-05,19:38:15,29.61,100.0,0.0,25.06,121.545
74DA38F7C366,2026-08-05,19:38:17,28.75,100.0,6.0,25.002,121.516
74DA38F20D16,2026-08-05,19:38:26,30.86,100.0,21.0,25.062,121.526
74DA38F7C13A,2026-08-05,19:38:38,22.25,-6.0,0.0,25.069,121.359
74DA38F7C3DE,2026-08-05,19:38:39,29.11,100.0,273.0,24.972,121.537
74DA38F7C47E,2026-08-05,19:38:41,30.36,100.0,21.0,25.053963,121.427681
74DA38F7C5BE,2026-08-05,19:38:46,29.86,100.0,18.0,25.092,121.523
74DA38F7C310,2026-08-05,19:38:52,29.5,100.0,10.0,25.09,121.464
74DA38F20B12,2026-08-05,19:39:02,29.25,78.0,5.0,22.91,120.716
74DA38F20D70,2026-08-05,19:39:04,28.86,99.0,0.0,23.05,121.164
74DA38F20F1C,2026-08-05,19:39:05,28.61,100.0,11.0,25.062,121.451
74DA38F21048,2026-08-05,19:39:09,29.0,100.0,26.0,22.595,120.341
74DA38ED05EA,2026-08-05,19:39:19,28.5,100.0,12.0,23.394,121.357
74DA38F209DE,2026-08-05,19:39:26,30.36,100.0,0.0,24.861,120.964
74DA38F7C30C,2026-08-05,19:39:30,29.11,99.0,0.0,24.975,121.532
74DA38F21136,2026-08-05,19:39:37,29.75,100.0,10.0,25.119,121.505
74DA38F7C4CC,2026-08-05,19:39:37,28.25,100.0,12.0,25.062,121.451
74DA38F20A78,2026-08-05,19:39:41,27.12,100.0,4.0,22.904,121.124
74DA38F7C39A,2026-08-05,19:39:41,28.75,100.0,0.0,25.002,121.414
74DA38F20C26,2026-08-05,19:39:46,31.5,86.0,17.0,22.676,120.342
74DA38ED05B6,2026-08-05,19:39:57,26.75,100.0,11.0,23.43,121.348
74DA38F7C47C,2026-08-05,19:39:57,29.86,100.0,80.0,25.055,121.455
74DA38F207DE,2026-08-05,19:40:01,29.36,100.0,24.0,22.603,120.34
74DA38F20EB2,2026-08-05,19:40:01,24.87,100.0,33.0,24.324,120.835
74DA38F20862,2026-08-05,19:40:06,26.75,100.0,10.0,23.101,121.176
74DA38F2113E,2026-08-05,19:40:06,-4.0,0.0,0.0,22.728,120.313
74DA38F7C41E,2026-08-05,19:40:06,29.36,85.0,0.0,25.054,121.517
74DA38F7C480,2026-08-05,19:40:06,29.0,100.0,0.0,25.061,121.432
74DA38F7C5CE,2026-08-05,19:40:06,29.0,94.0,0.0,25.066,121.656
74DA38F2104E,2026-08-05,19:40:07,25.25,100.0,21.0,23.108,120.7
74DA38F7C338,2026-08-05,19:40:08,30.25,100.0,12.0,25.011,121.458
74DA38F20DE0,2026-08-05,19:40:12,29.36,100.0,0.0,22.589,120.328
74DA38F20B80,2026-08-05,19:40:14,29.0,100.0,1.0,22.599,120.35
74DA38F20D1A,2026-08-05,19:40:24,29.75,100.0,0.0,25.078,121.541
74DA38F20B26,2026-08-05,19:40:29,29.75,100.0,17.0,22.783,120.247
74DA38F20E9E,2026-08-05,19:40:37,26.75,100.0,15.0,24.648,121.151
74DA38F7C42E,2026-08-05,19:40:37,27.62,100.0,0.0,24.969,121.514
74DA38F7C514,2026-08-05,19:40:40,29.5,100.0,12.0,25.051,121.518
74DA38F20BF6,2026-08-05,19:40:49,30.0,100.0,17.0,22.582,120.368
74DA38F20D1E,2026-08-05,19:40:53,29.75,100.0,16.0,25.048,121.573
74DA38F20A30,2026-08-05,19:40:55,28.11,91.0,0.0,24.948,121.372
74DA38F21204,2026-08-05,19:40:57,28.0,100.0,3.0,25.062,121.451
74DA38F7C3D6,2026-08-05,19:40:59,30.25,100.0,0.0,25.045,121.541
74DA38ED0630,2026-08-05,19:41:00,29.75,100.0,0.0,23.994,121.594
74DA38ED06E0,2026-08-05,19:41:00,28.86,100.0,16.0,23.601,121.521
74DA38F7C4DE,2026-08-05,19:41:02,29.0,100.0,0.0,25.09,121.462
74DA38F20C06,2026-08-05,19:41:03,31.5,71.0,20.0,24.874,121.02
74DA38F7C5A0,2026-08-05,19:41:03,30.25,100.0,0.0,25.107,121.518
74DA38F209B2,2026-08-05,19:41:12,28.25,100.0,0.0,22.363,120.599
74DA38F20B88,2026-08-05,19:41:22,27.75,100.0,0.0,22.75,120.316
74DA38F7C260,2026-08-05,19:41:30,29.25,100.0,0.0,25.065,121.425
74DA38ED0454,2026-08-05,19:41:39,30.86,100.0,22.0,24.053,121.599
74DA38F20FFE,2026-08-05,19:41:49,28.75,100.0,13.0,22.894,120.298
74DA38F7C600,2026-08-05,19:41:50,22.75,47.0,13.0,25.07,121.586
74DA38F7C54E,2026-08-05,19:41:58,27.75,100.0,0.0,25.063,121.661
74DA38F20F0A,2026-08-05,19:42:12,25.87,100.0,11.0,22.995,120.635
74DA38F7C532,2026-08-05,19:42:16,29.25,100.0,15.0,25.059,121.499
74DA38F7C5E6,2026-08-05,19:42:20,31.11,100.0,7.0,25.107,121.843
74DA38F7C5AA,2026-08-05,19:42:34,27.5,100.0,2.0,25.0,121.479
74DA38F20B5C,2026-08-05,19:42:44,29.61,100.0,22.0,22.798,120.293
74DA38F7C3B2,2026-08-05,19:42:44,32.25,68.0,14.0,24.929,121.378
74DA38F2105C,2026-08-05,19:42:55,28.86,100.0,0.0,25.088,121.599
74DA38ED059C,2026-08-05,19:43:00,27.12,100.0,11.0,23.706,121.412
74DA38F7C430,2026-08-05,19:43:02,30.11,86.0,0.0,24.981,121.423
74DA38F7C570,2026-08-05,19:43:03,-4.0,0.0,0.0,25.239,121.63
74DA38F20FA4,2026-08-05,19:43:07,28.5,100.0,26.0,22.63,120.42
74DA38F7C616,2026-08-05,19:43:08,29.25,100.0,0.0,25.031,121.563
74DA38F21054,2026-08-05,19:43:10,29.61,78.0,10.0,22.898,120.627
74DA38F208E2,2026-08-05,19:43:11,27.37,100.0,19.0,24.688,121.766
74DA38F21024,2026-08-05,19:43:18,27.87,100.0,0.0,24.93,121.036
74DA38F7C3BA,2026-08-05,19:43:27,-4.0,0.0,98.0,25.174,121.441
74DA38F7C506,2026-08-05,19:43:34,28.25,100.0,0.0,24.996,121.544
74DA38F7C27E,2026-08-05,19:43:36,30.25,100.0,13.0,25.053,121.444
74DA38F7C560,2026-08-05,19:43:41,29.75,-62.0,0.0,25.079,121.671
74DA38F210A2,2026-08-05,19:43:57,29.11,100.0,5.0,25.12,121.466
74DA38F209EE,2026-08-05,19:44:05,28.36,100.0,0.0,23.026,121.33
74DA38F20D6C,2026-08-05,19:44:05,30.11,94.0,0.0,22.661,120.301
74DA38ED04F2,2026-08-05,19:44:08,27.25,100.0,9.0,23.468,121.496
74DA38F7C610,2026-08-05,19:44:10,30.0,100.0,15.0,25.063,121.564
74DA38ED0640,2026-08-05,19:44:12,25.12,100.0,8.0,23.154,121.266
74DA38F21088,2026-08-05,19:44:17,29.61,100.0,0.0,25.068,121.588
74DA38F21170,2026-08-05,19:44:17,28.0,80.0,5.0,22.779,121.088
74DA38F7C366,2026-08-05,19:44:23,28.75,100.0,6.0,25.002,121.516
74DA38F7C59C,2026-08-05,19:44:28,30.86,84.0,24.0,25.103,121.487
74DA38F20D16,2026-08-05,19:44:31,30.75,100.0,15.0,25.062,121.526
74DA38F7C53C,2026-08-05,19:44:33,27.37,100.0,0.0,25.11,121.804
74DA38F7C3DE,2026-08-05,19:44:37,28.75,100.0,269.0,24.972,121.537
74DA38F7C464,2026-08-05,19:44:38,26.12,30.0,0.0,25.006,121.413
74DA38F20D2E,2026-08-05,19:44:42,29.5,100.0,0.0,25.06,121.545
74DA38F7C47E,2026-08-05,19:44:47,30.36,100.0,20.0,25.053963,121.427681
74DA38F7C5BE,2026-08-05,19:44:54,29.86,100.0,19.0,25.092,121.523
74DA38F7C310,2026-08-05,19:44:57,29.5,100.0,9.0,25.09,121.464
74DA38F7C13A,2026-08-05,19:45:06,22.12,-5.0,0.0,25.069,121.359
74DA38F20B12,2026-08-05,19:45:09,29.25,78.0,5.0,22.91,120.716
74DA38F20D70,2026-08-05,19:45:09,28.75,99.0,0.0,23.05,121.164
74DA38F20F1C,2026-08-05,19:45:11,28.5,100.0,11.0,25.062,121.451
74DA38ED05EA,2026-08-05,19:45:24,28.5,100.0,12.0,23.394,121.357
74DA38F21048,2026-08-05,19:45:39,29.0,100.0,27.0,22.595,120.341
74DA38F7C30C,2026-08-05,19:45:39,29.0,99.0,0.0,24.975,121.532
74DA38F7C4CC,2026-08-05,19:45:43,28.25,100.0,12.0,25.062,121.451
74DA38F21136,2026-08-05,19:45:49,29.75,100.0,9.0,25.119,121.505
74DA38F7C47C,2026-08-05,19:45:50,29.75,100.0,80.0,25.055,121.455
74DA38F209DE,2026-08-05,19:45:54,30.36,100.0,0.0,24.861,120.964
74DA38F20C26,2026-08-05,19:45:54,31.36,87.0,17.0,22.676,120.342
74DA38F20B82,2026-08-05,19:45:58,-4.0,0.0,0.0,22.847,120.465
74DA38ED05B6,2026-08-05,19:46:03,26.5,100.0,11.0,23.43,121.348
74DA38F207DE,2026-08-05,19:46:08,29.25,100.0,22.0,22.603,120.34
74DA38F7C39A,2026-08-05,19:46:09,28.75,100.0,0.0,25.002,121.414
74DA38F20862,2026-08-05,19:46:13,26.62,100.0,11.0,23.101,121.176
74DA38F20EB2,2026-08-05,19:46:15,24.87,100.0,33.0,24.324,120.835
74DA38F7C338,2026-08-05,19:46:15,30.25,100.0,12.0,25.011,121.458
74DA38F7C5CE,2026-08-05,19:46:33,29.11,95.0,0.0,25.066,121.656
74DA38F7C480,2026-08-05,19:46:34,28.86,100.0,0.0,25.061,121.432
74DA38F20B80,2026-08-05,19:46:39,29.11,100.0,3.0,22.599,120.35
74DA38F20DE0,2026-08-05,19:46:40,29.36,100.0,0.0,22.589,120.328
74DA38F7C41E,2026-08-05,19:46:43,29.5,85.0,2.0,25.054,121.517
74DA38F20E9E,2026-08-05,19:46:44,26.75,100.0,14.0,24.648,121.151
74DA38F7C592,2026-08-05,19:46:44,-4.0,0.0,0.0,25.224,121.637
74DA38F7C514,2026-08-05,19:46:48,29.61,100.0,14.0,25.051,121.518
74DA38F209A8,2026-08-05,19:46:52,-4.0,0.0,0.0,22.401,120.577
74DA38F20D1A,2026-08-05,19:46:52,29.75,100.0,0.0,25.078,121.541
74DA38F20BF6,2026-08-05,19:46:54,29.86,100.0,17.0,22.582,120.368
74DA38F20D1E,2026-08-05,19:47:01,29.86,100.0,18.0,25.048,121.573
74DA38F7C63C,2026-08-05,19:47:02,-4.0,0.0,11.0,24.998,121.425
74DA38F20B26,2026-08-05,19:47:03,29.86,100.0,18.0,22.783,120.247
74DA38F21204,2026-08-05,19:47:04,28.0,100.0,3.0,25.062,121.451
74DA38ED06E0,2026-08-05,19:47:08,28.86,100.0,17.0,23.601,121.521
74DA38F20C06,2026-08-05,19:47:10,31.5,71.0,20.0,24.874,121.02
74DA38F7C4DE,2026-08-05,19:47:14,29.25,100.0,0.0,25.09,121.462
74DA38F2113E,2026-08-05,19:47:24,-4.0,0.0,0.0,22.728,120.313
74DA38F20A30,2026-08-05,19:47:25,28.0,92.0,0.0,24.948,121.372
74DA38ED0630,2026-08-05,19:47:27,29.75,100.0,0.0,23.994,121.594
74DA38F7C42E,2026-08-05,19:47:27,27.62,100.0,0.0,24.969,121.514
74DA38F7C3D6,2026-08-05,19:47:28,30.25,100.0,0.0,25.045,121.541
74DA38F7C5A0,2026-08-05,19:47:30,30.11,100.0,0.0,25.107,121.518
74DA38F209B2,2026-08-05,19:47:39,28.0,100.0,0.0,22.363,120.599
74DA38ED0454,2026-08-05,19:47:48,30.75,100.0,22.0,24.053,121.599
74DA38F20B88,2026-08-05,19:47:50,27.75,100.0,0.0,22.75,120.316
74DA38F7C600,2026-08-05,19:47:55,22.75,47.0,13.0,25.07,121.586
74DA38F7C260,2026-08-05,19:47:58,29.25,100.0,0.0,25.065,121.425
74DA38F20FFE,2026-08-05,19:48:00,28.75,100.0,13.0,22.894,120.298
74DA38F20F0A,2026-08-05,19:48:18,25.87,100.0,11.0,22.995,120.635
74DA38F7C54E,2026-08-05,19:48:23,27.75,100.0,0.0,25.063,121.661
74DA38F7C532,2026-08-05,19:48:25,29.25,100.0,14.0,25.059,121.499
74DA38F7C5E6,2026-08-05,19:48:26,31.0,100.0,7.0,25.107,121.843
74DA38F7C3B2,2026-08-05,19:48:51,32.11,68.0,13.0,24.929,121.378
74DA38F20B5C,2026-08-05,19:48:53,29.75,100.0,23.0,22.798,120.293
74DA38F20E6E,2026-08-05,19:48:57,26.87,100.0,0.0,24.41,120.902
74DA38F20FA4,2026-08-05,19:49:15,28.61,100.0,25.0,22.63,120.42
74DA38F21054,2026-08-05,19:49:15,29.61,78.0,10.0,22.898,120.627
74DA38F7C5AA,2026-08-05,19:49:15,27.5,100.0,0.0,25.0,121.479
74DA38F208E2,2026-08-05,19:49:16,27.12,100.0,18.0,24.688,121.766
74DA38ED059C,2026-08-05,19:49:17,27.0,100.0,10.0,23.706,121.412
74DA38F7C616,2026-08-05,19:49:17,29.36,100.0,0.0,25.031,121.563
74DA38F2105C,2026-08-05,19:49:22,28.86,100.0,0.0,25.088,121.599
74DA38F7C430,2026-08-05,19:49:30,30.0,86.0,0.0,24.981,121.423
74DA38F7C27E,2026-08-05,19:49:43,30.25,100.0,13.0,25.053,121.444
74DA38F21024,2026-08-05,19:49:44,27.87,100.0,0.0,24.93,121.036
74DA38F210A2,2026-08-05,19:50:03,29.11,100.0,4.0,25.12,121.466
74DA38F7C506,2026-08-05,19:50:03,28.25,100.0,0.0,24.996,121.544
74DA38F7C560,2026-08-05,19:50:09,29.5,-62.0,0.0,25.079,121.671
74DA38F209EE,2026-08-05,19:50:10,28.36,100.0,0.0,23.026,121.33
74DA38ED04F2,2026-08-05,19:50:15,27.37,100.0,9.0,23.468,121.496
74DA38F7C610,2026-08-05,19:50:17,30.0,100.0,16.0,25.063,121.564
74DA38ED0640,2026-08-05,19:50:18,24.87,100.0,8.0,23.154,121.266
74DA38F21170,2026-08-05,19:50:24,28.0,80.0,5.0,22.779,121.088
74DA38F7C366,2026-08-05,19:50:29,28.75,100.0,6.0,25.002,121.516
74DA38F20D6C,2026-08-05,19:50:33,30.11,93.0,0.0,22.661,120.301
74DA38F7C3DE,2026-08-05,19:50:36,28.75,100.0,287.0,24.972,121.537
74DA38F20D16,2026-08-05,19:50:42,30.75,100.0,17.0,25.062,121.526
74DA38F7C3DC,2026-08-05,19:50:42,29.11,100.0,18.0,25.003,121.539
74DA38F21088,2026-08-05,19:50:44,29.75,100.0,0.0,25.068,121.588
74DA38F7C47E,2026-08-05,19:50:53,30.25,100.0,20.0,25.053963,121.427681
74DA38F7C59C,2026-08-05,19:50:55,30.86,84.0,27.0,25.103,121.487
74DA38F7C5BE,2026-08-05,19:51:00,29.86,100.0,18.0,25.092,121.523
74DA38F7C53C,2026-08-05,19:51:01,27.12,100.0,0.0,25.11,121.804
74DA38F7C310,2026-08-05,19:51:02,29.5,100.0,10.0,25.09,121.464
74DA38F7C464,2026-08-05,19:51:06,26.12,30.0,0.0,25.006,121.413
74DA38F20D2E,2026-08-05,19:51:10,29.5,100.0,0.0,25.06,121.545
74DA38F20B12,2026-08-05,19:51:15,29.25,79.0,5.0,22.91,120.716
74DA38F20D70,2026-08-05,19:51:15,28.5,100.0,0.0,23.05,121.164
74DA38F20F1C,2026-08-05,19:51:19,28.5,100.0,11.0,25.062,121.451
74DA38ED05EA,2026-08-05,19:51:29,28.5,100.0,11.0,23.394,121.357
74DA38F7C13A,2026-08-05,19:51:33,22.12,-6.0,0.0,25.069,121.359
74DA38F7C47C,2026-08-05,19:51:41,29.61,100.0,61.0,25.055,121.455
74DA38F7C30C,2026-08-05,19:51:48,28.86,99.0,0.0,24.975,121.532
74DA38F7C4CC,2026-08-05,19:51:49,28.25,100.0,13.0,25.062,121.451
74DA38F20C26,2026-08-05,19:52:00,31.36,87.0,16.0,22.676,120.342
74DA38F21048,2026-08-05,19:52:08,29.11,100.0,26.0,22.595,120.341
74DA38ED05B6,2026-08-05,19:52:10,26.37,100.0,11.0,23.43,121.348
74DA38F7C3BA,2026-08-05,19:52:12,-4.0,0.0,94.0,25.174,121.441
74DA38F207DE,2026-08-05,19:52:16,29.36,100.0,23.0,22.603,120.34
74DA38F20862,2026-08-05,19:52:19,26.62,100.0,12.0,23.101,121.176
74DA38F209DE,2026-08-05,19:52:22,30.36,100.0,0.0,24.861,120.964
74DA38F7C338,2026-08-05,19:52:27,30.36,100.0,11.0,25.011,121.458
74DA38F20EB2,2026-08-05,19:52:29,24.87,100.0,32.0,24.324,120.835
74DA38F7C39A,2026-08-05,19:52:37,28.75,100.0,0.0,25.002,121.414
74DA38F7C570,2026-08-05,19:52:42,-4.0,0.0,0.0,25.239,121.63
74DA38F20E9E,2026-08-05,19:52:49,26.75,100.0,15.0,24.648,121.151
74DA38F20A78,2026-08-05,19:52:50,27.37,100.0,4.0,22.904,121.124
74DA38F7C514,2026-08-05,19:52:56,29.5,100.0,13.0,25.051,121.518
74DA38F20BF6,2026-08-05,19:52:58,30.0,100.0,16.0,22.582,120.368
74DA38F7C5CE,2026-08-05,19:53:01,29.11,95.0,0.0,25.066,121.656
74DA38F7C480,2026-08-05,19:53:02,28.86,100.0,0.0,25.061,121.432
74DA38F20DE0,2026-08-05,19:53:07,29.36,100.0,0.0,22.589,120.328
74DA38F20B80,2026-08-05,19:53:09,29.0,100.0,1.0,22.599,120.35
74DA38F20D1E,2026-08-05,19:53:09,29.86,100.0,17.0,25.048,121.573
74DA38F21204,2026-08-05,19:53:10,28.0,100.0,3.0,25.062,121.451
74DA38F20B26,2026-08-05,19:53:15,29.86,100.0,18.0,22.783,120.247
74DA38ED06E0,2026-08-05,19:53:16,28.86,100.0,17.0,23.601,121.521
74DA38F20C06,2026-08-05,19:53:16,31.5,71.0,18.0,24.874,121.02
74DA38F20D1A,2026-08-05,19:53:20,29.86,100.0,0.0,25.078,121.541
74DA38F7C41E,2026-08-05,19:53:23,29.5,84.0,0.0,25.054,121.517
74DA38F7C3D6,2026-08-05,19:53:54,30.11,100.0,0.0,25.045,121.541
74DA38ED0630,2026-08-05,19:53:55,29.75,100.0,0.0,23.994,121.594
74DA38ED0454,2026-08-05,19:53:56,30.61,100.0,23.0,24.053,121.599
74DA38F20A30,2026-08-05,19:53:56,28.0,92.0,4.0,24.948,121.372
74DA38F7C42E,2026-08-05,19:53:56,27.12,100.0,0.0,24.969,121.514
74DA38F7C5A0,2026-08-05,19:53:57,30.11,100.0,0.0,25.107,121.518
74DA38F7C600,2026-08-05,19:54:02,22.87,47.0,13.0,25.07,121.586
74DA38F209B2,2026-08-05,19:54:07,27.87,100.0,0.0,22.363,120.599
74DA38F20FFE,2026-08-05,19:54:11,28.75,100.0,13.0,22.894,120.298
74DA38F20B88,2026-08-05,19:54:20,27.75,100.0,0.0,22.75,120.316
74DA38F20F0A,2026-08-05,19:54:25,25.87,100.0,10.0,22.995,120.635
74DA38F7C260,2026-08-05,19:54:25,29.25,100.0,0.0,25.065,121.425
74DA38F7C5E6,2026-08-05,19:54:31,31.0,100.0,7.0,25.107,121.843
74DA38F7C532,2026-08-05,19:54:33,29.11,97.0,15.0,25.059,121.499
74DA38F2113E,2026-08-05,19:54:41,-4.0,0.0,0.0,22.728,120.313
74DA38F7C54E,2026-08-05,19:54:48,27.75,100.0,0.0,25.063,121.661
74DA38F7C3B2,2026-08-05,19:54:57,32.11,68.0,12.0,24.929,121.378
74DA38F20E6E,2026-08-05,19:54:59,26.75,100.0,0.0,24.41,120.902
74DA38F20B5C,2026-08-05,19:55:00,29.61,100.0,21.0,22.798,120.293
74DA38F21054,2026-08-05,19:55:21,29.61,78.0,10.0,22.898,120.627
74DA38F208E2,2026-08-05,19:55:22,27.25,100.0,19.0,24.688,121.766
74DA38ED059C,2026-08-05,19:55:25,27.25,100.0,11.0,23.706,121.412
74DA38F20FA4,2026-08-05,19:55:28,28.75,100.0,25.0,22.63,120.42
74DA38F7C616,2026-08-05,19:55:28,29.36,100.0,0.0,25.031,121.563
74DA38F20B82,2026-08-05,19:55:30,-4.0,0.0,0.0,22.847,120.465
74DA38F2104E,2026-08-05,19:55:37,25.0,100.0,21.0,23.108,120.7
74DA38F7C27E,2026-08-05,19:55:48,30.25,100.0,13.0,25.053,121.444
74DA38F2105C,2026-08-05,19:55:49,28.86,100.0,0.0,25.088,121.599
74DA38F7C430,2026-08-05,19:55:58,30.0,87.0,0.0,24.981,121.423
74DA38F210A2,2026-08-05,19:56:08,29.11,100.0,4.0,25.12,121.466
74DA38F21024,2026-08-05,19:56:11,27.87,100.0,0.0,24.93,121.036
74DA38F209EE,2026-08-05,19:56:15,28.36,100.0,0.0,23.026,121.33
74DA38F7C592,2026-08-05,19:56:21,-4.0,0.0,0.0,25.224,121.637
74DA38ED04F2,2026-08-05,19:56:22,27.25,100.0,9.0,23.468,121.496
74DA38F7C610,2026-08-05,19:56:25,30.0,100.0,15.0,25.063,121.564
74DA38ED0640,2026-08-05,19:56:26,24.87,100.0,8.0,23.154,121.266
74DA38F7C5AA,2026-08-05,19:56:27,27.5,100.0,1.0,25.0,121.479
74DA38F21170,2026-08-05,19:56:30,27.87,80.0,5.0,22.779,121.088
74DA38F209A8,2026-08-05,19:56:31,-4.0,0.0,0.0,22.401,120.577
74DA38F7C506,2026-08-05,19:56:31,28.25,100.0,0.0,24.996,121.544
74DA38F7C366,2026-08-05,19:56:34,28.61,100.0,6.0,25.002,121.516
74DA38F7C3DE,2026-08-05,19:56:35,28.61,100.0,260.0,24.972,121.537
74DA38F7C560,2026-08-05,19:56:36,29.5,-62.0,0.0,25.079,121.671
74DA38F7C63C,2026-08-05,19:56:36,-4.0,0.0,10.0,24.998,121.425
74DA38F20D16,2026-08-05,19:56:50,30.75,100.0,18.0,25.062,121.526
74DA38F7C47E,2026-08-05,19:57:00,30.25,100.0,20.0,25.053963,121.427681
74DA38F20D6C,2026-08-05,19:57:01,30.0,93.0,0.0,22.661,120.301
74DA38F7C5BE,2026-08-05,19:57:05,29.86,100.0,18.0,25.092,121.523
74DA38F7C310,2026-08-05,19:57:07,29.36,100.0,10.0,25.09,121.464
74DA38F21088,2026-08-05,19:57:12,29.36,100.0,0.0,25.068,121.588
74DA38F20B12,2026-08-05,19:57:20,29.25,79.0,5.0,22.91,120.716
74DA38F20D70,2026-08-05,19:57:21,28.61,100.0,0.0,23.05,121.164
74DA38F20F1C,2026-08-05,19:57:24,28.5,100.0,11.0,25.062,121.451
74DA38F7C59C,2026-08-05,19:57:24,31.0,83.0,25.0,25.103,121.487
74DA38F7C53C,2026-08-05,19:57:27,27.12,100.0,0.0,25.11,121.804
74DA38F7C464,2026-08-05,19:57:33,26.25,30.0,0.0,25.006,121.413
74DA38ED05EA,2026-08-05,19:57:34,28.5,100.0,11.0,23.394,121.357
74DA38F7C47C,2026-08-05,19:57:35,29.36,100.0,75.0,25.055,121.455
74DA38F20D2E,2026-08-05,19:57:39,29.5,100.0,0.0,25.06,121.545
74DA38F7C4CC,2026-08-05,19:57:55,28.11,100.0,13.0,25.062,121.451
74DA38F7C30C,2026-08-05,19:57:57,28.86,99.0,0.0,24.975,121.532
74DA38F7C13A,2026-08-05,19:57:59,22.25,-6.0,0.0,25.069,121.359
74DA38F20C26,2026-08-05,19:58:07,31.36,87.0,16.0,22.676,120.342
74DA38ED05B6,2026-08-05,19:58:17,26.5,100.0,11.0,23.43,121.348
74DA38F207DE,2026-08-05,19:58:21,29.25,100.0,24.0,22.603,120.34
74DA38F20862,2026-08-05,19:58:26,26.75,100.0,13.0,23.101,121.176
74DA38F21048,2026-08-05,19:58:39,28.61,100.0,28.0,22.595,120.341
74DA38F21136,2026-08-05,19:58:39,29.75,100.0,9.0,25.119,121.505
74DA38F20EB2,2026-08-05,19:58:41,24.75,100.0,32.0,24.324,120.835
74DA38F7C338,2026-08-05,19:58:45,30.25,100.0,11.0,25.011,121.458
74DA38F209DE,2026-08-05,19:58:50,30.36,100.0,0.0,24.861,120.964
74DA38F20E9E,2026-08-05,19:58:55,26.75,100.0,15.0,24.648,121.151
74DA38F20A78,2026-08-05,19:58:57,27.25,100.0,4.0,22.904,121.124
74DA38F20BF6,2026-08-05,19:59:03,30.0,100.0,17.0,22.582,120.368
74DA38F7C514,2026-08-05,19:59:04,29.36,100.0,13.0,25.051,121.518
74DA38F7C39A,2026-08-05,19:59:05,28.61,100.0,0.0,25.002,121.414
74DA38F21204,2026-08-05,19:59:16,27.87,100.0,3.0,25.062,121.451
74DA38F20D1E,2026-08-05,19:59:19,29.75,100.0,17.0,25.048,121.573
74DA38ED06E0,2026-08-05,19:59:23,28.75,99.0,17.0,23.601,121.521
74DA38F20C06,2026-08-05,19:59:23,31.5,71.0,19.0,24.874,121.02
74DA38F20B26,2026-08-05,19:59:27,30.0,100.0,20.0,22.783,120.247
74DA38F7C5CE,2026-08-05,19:59:28,29.11,95.0,0.0,25.066,121.656
74DA38F7C480,2026-08-05,19:59:29,28.75,100.0,0.0,25.061,121.432
74DA38F20DE0,2026-08-05,19:59:35,29.25,100.0,0.0,22.589,120.328
74DA38F20B80,2026-08-05,19:59:37,28.86,100.0,0.0,22.599,120.35
74DA38F20D1A,2026-08-05,19:59:48,29.86,100.0,0.0,25.078,121.541
74DA38ED0454,2026-08-05,20:00:02,30.61,100.0,23.0,24.053,121.599
74DA38F7C41E,2026-08-05,20:00:05,29.25,85.0,0.0,25.054,121.517
74DA38F7C600,2026-08-05,20:00:09,22.87,47.0,13.0,25.07,121.586
74DA38F20FFE,2026-08-05,20:00:18,28.75,100.0,13.0,22.894,120.298
74DA38F7C3D6,2026-08-05,20:00:22,30.0,100.0,0.0,25.045,121.541
74DA38F7C42E,2026-08-05,20:00:23,27.0,100.0,0.0,24.969,121.514
74DA38ED0630,2026-08-05,20:00:24,29.75,100.0,0.0,23.994,121.594
74DA38F7C5A0,2026-08-05,20:00:26,30.25,100.0,0.0,25.107,121.518
74DA38F20A30,2026-08-05,20:00:30,28.11,92.0,7.0,24.948,121.372
74DA38F20F0A,2026-08-05,20:00:32,25.87,100.0,11.0,22.995,120.635
74DA38F209B2,2026-08-05,20:00:33,27.87,100.0,0.0,22.363,120.599
74DA38F7C5E6,2026-08-05,20:00:36,31.0,100.0,7.0,25.107,121.843
74DA38F7C532,2026-08-05,20:00:38,29.11,100.0,14.0,25.059,121.499
74DA38F20B88,2026-08-05,20:00:49,27.62,100.0,0.0,22.75,120.316
74DA38F7C260,2026-08-05,20:00:52,29.25,100.0,0.0,25.065,121.425
74DA38F7C3BA,2026-08-05,20:00:58,-4.0,0.0,91.0,25.174,121.441
74DA38F7C3B2,2026-08-05,20:01:03,32.11,68.0,13.0,24.929,121.378
74DA38F20B5C,2026-08-05,20:01:12,29.61,100.0,20.0,22.798,120.293
74DA38F7C54E,2026-08-05,20:01:16,27.75,100.0,0.0,25.063,121.661
74DA38F21054,2026-08-05,20:01:27,29.61,78.0,10.0,22.898,120.627
74DA38F208E2,2026-08-05,20:01:28,27.25,100.0,18.0,24.688,121.766
74DA38ED059C,2026-08-05,20:01:35,27.12,100.0,10.0,23.706,121.412
74DA38F7C616,2026-08-05,20:01:36,29.36,100.0,0.0,25.031,121.563
74DA38F2104E,2026-08-05,20:01:46,25.0,100.0,22.0,23.108,120.7
74DA38F20FA4,2026-08-05,20:01:48,28.86,100.0,27.0,22.63,120.42
74DA38F7C27E,2026-08-05,20:01:55,30.25,100.0,12.0,25.053,121.444
74DA38F2113E,2026-08-05,20:01:58,-4.0,0.0,0.0,22.728,120.313
74DA38F210A2,2026-08-05,20:02:12,29.11,100.0,5.0,25.12,121.466
74DA38F2105C,2026-08-05,20:02:15,29.0,100.0,0.0,25.088,121.599
74DA38F209EE,2026-08-05,20:02:21,28.25,100.0,0.0,23.026,121.33
74DA38F7C570,2026-08-05,20:02:22,-4.0,0.0,0.0,25.239,121.63
74DA38F7C430,2026-08-05,20:02:25,29.61,87.0,0.0,24.981,121.423
74DA38F7C610,2026-08-05,20:02:30,30.0,100.0,15.0,25.063,121.564
74DA38ED04F2,2026-08-05,20:02:31,27.25,100.0,9.0,23.468,121.496
74DA38ED0640,2026-08-05,20:02:34,25.0,100.0,8.0,23.154,121.266
74DA38F7C3DE,2026-08-05,20:02:34,28.5,100.0,292.0,24.972,121.537
74DA38F21170,2026-08-05,20:02:35,27.87,80.0,5.0,22.779,121.088
74DA38F21024,2026-08-05,20:02:38,27.87,100.0,0.0,24.93,121.036
74DA38F7C366,2026-08-05,20:02:40,28.75,100.0,6.0,25.002,121.516
74DA38F20D16,2026-08-05,20:02:57,30.75,100.0,16.0,25.062,121.526
74DA38F7C506,2026-08-05,20:02:59,28.36,100.0,0.0,24.996,121.544
74DA38F7C560,2026-08-05,20:03:04,29.61,-62.0,0.0,25.079,121.671
74DA38F7C5AA,2026-08-05,20:03:05,27.87,100.0,0.0,25.0,121.479
74DA38F7C47E,2026-08-05,20:03:06,30.25,100.0,20.0,25.053963,121.427681
74DA38F7C310,2026-08-05,20:03:12,29.25,100.0,9.0,25.09,121.464
74DA38F7C5BE,2026-08-05,20:03:14,29.86,100.0,18.0,25.092,121.523
74DA38F20D70,2026-08-05,20:03:26,28.75,100.0,0.0,23.05,121.164
74DA38F20B12,2026-08-05,20:03:29,29.11,79.0,5.0,22.91,120.716
74DA38F20D6C,2026-08-05,20:03:29,29.86,93.0,0.0,22.661,120.301
74DA38F20F1C,2026-08-05,20:03:30,28.5,100.0,11.0,25.062,121.451
74DA38F7C47C,2026-08-05,20:03:30,29.61,100.0,63.0,25.055,121.455
74DA38ED05EA,2026-08-05,20:03:41,28.5,100.0,11.0,23.394,121.357
74DA38F21088,2026-08-05,20:03:42,29.5,100.0,0.0,25.068,121.588
74DA38F7C53C,2026-08-05,20:03:54,26.87,100.0,0.0,25.11,121.804
74DA38F7C59C,2026-08-05,20:03:54,31.0,83.0,26.0,25.103,121.487
74DA38F7C464,2026-08-05,20:04:00,26.12,30.0,0.0,25.006,121.413
74DA38F7C4CC,2026-08-05,20:04:02,28.0,100.0,12.0,25.062,121.451
74DA38F20D2E,2026-08-05,20:04:06,29.5,100.0,0.0,25.06,121.545
74DA38F7C30C,2026-08-05,20:04:11,28.75,99.0,0.0,24.975,121.532
74DA38F20C26,2026-08-05,20:04:16,31.36,87.0,18.0,22.676,120.342
74DA38ED05B6,2026-08-05,20:04:24,26.5,100.0,11.0,23.43,121.348
74DA38F7C13A,2026-08-05,20:04:27,22.12,-4.0,0.0,25.069,121.359
74DA38F207DE,2026-08-05,20:04:32,29.11,100.0,23.0,22.603,120.34
74DA38F20862,2026-08-05,20:04:32,26.62,100.0,14.0,23.101,121.176
74DA38F20EB2,2026-08-05,20:04:53,25.0,100.0,32.0,24.324,120.835
74DA38F20E9E,2026-08-05,20:05:01,26.62,100.0,14.0,24.648,121.151
74DA38F20A78,2026-08-05,20:05:03,27.25,100.0,4.0,22.904,121.124
74DA38F20B82,2026-08-05,20:05:03,-4.0,0.0,0.0,22.847,120.465
74DA38F20BF6,2026-08-05,20:05:09,30.0,100.0,16.0,22.582,120.368
74DA38F21048,2026-08-05,20:05:10,28.61,100.0,28.0,22.595,120.341
74DA38F7C514,2026-08-05,20:05:11,29.5,100.0,12.0,25.051,121.518
74DA38F209DE,2026-08-05,20:05:18,30.36,100.0,0.0,24.861,120.964
74DA38F21204,2026-08-05,20:05:22,27.87,100.0,3.0,25.062,121.451
74DA38F20D1E,2026-08-05,20:05:27,29.86,100.0,17.0,25.048,121.573
74DA38F20C06,2026-08-05,20:05:29,31.5,71.0,19.0,24.874,121.02
74DA38F7C39A,2026-08-05,20:05:33,28.61,100.0,0.0,25.002,121.414
74DA38F20B26,2026-08-05,20:05:43,29.86,100.0,20.0,22.783,120.247
74DA38ED06E0,2026-08-05,20:05:45,28.75,100.0,17.0,23.601,121.521
74DA38F7C5CE,2026-08-05,20:05:55,29.11,94.0,0.0,25.066,121.656
74DA38F7C480,2026-08-05,20:05:57,28.36,100.0,0.0,25.061,121.432
74DA38F7C592,2026-08-05,20:06:00,-4.0,0.0,0.0,25.224,121.637
74DA38F20B80,2026-08-05,20:06:02,28.86,100.0,0.0,22.599,120.35
74DA38F20DE0,2026-08-05,20:06:03,29.25,100.0,0.0,22.589,120.328
74DA38ED0454,2026-08-05,20:06:08,30.61,100.0,22.0,24.053,121.599
74DA38F7C63C,2026-08-05,20:06:09,-4.0,0.0,10.0,24.998,121.425
74DA38F209A8,2026-08-05,20:06:10,-4.0,0.0,0.0,22.401,120.577
74DA38F7C600,2026-08-05,20:06:15,22.87,47.0,13.0,25.07,121.586
74DA38F20D1A,2026-08-05,20:06:18,29.86,100.0,0.0,25.078,121.541
74DA38F20FFE,2026-08-05,20:06:30,28.75,100.0,12.0,22.894,120.298
74DA38F20F0A,2026-08-05,20:06:38,25.87,100.0,11.0,22.995,120.635
74DA38F7C5E6,2026-08-05,20:06:41,31.0,100.0,7.0,25.107,121.843
74DA38F7C532,2026-08-05,20:06:45,29.11,100.0,15.0,25.059,121.499
74DA38F7C41E,2026-08-05,20:06:46,29.11,85.0,0.0,25.054,121.517
74DA38F7C3D6,2026-08-05,20:06:48,30.0,100.0,0.0,25.045,121.541
74DA38ED0630,2026-08-05,20:06:52,29.61,100.0,0.0,23.994,121.594
74DA38F7C4DE,2026-08-05,20:06:53,29.25,100.0,0.0,25.09,121.462
74DA38F7C5A0,2026-08-05,20:06:53,30.25,100.0,0.0,25.107,121.518
74DA38F209B2,2026-08-05,20:07:00,27.87,100.0,0.0,22.363,120.599
74DA38F20A30,2026-08-05,20:07:03,28.25,92.0,3.0,24.948,121.372
74DA38F7C3B2,2026-08-05,20:07:09,32.25,68.0,12.0,24.929,121.378
74DA38F20B5C,2026-08-05,20:07:18,29.61,100.0,20.0,22.798,120.293
74DA38F20B88,2026-08-05,20:07:19,27.62,100.0,0.0,22.75,120.316
74DA38F7C260,2026-08-05,20:07:19,29.25,100.0,0.0,25.065,121.425
74DA38F21054,2026-08-05,20:07:33,29.61,78.0,10.0,22.898,120.627
74DA38F208E2,2026-08-05,20:07:34,27.12,100.0,20.0,24.688,121.766
74DA38F7C54E,2026-08-05,20:07:43,27.75,100.0,0.0,25.063,121.661
74DA38F7C616,2026-08-05,20:07:43,29.5,100.0,0.0,25.031,121.563
74DA38F2104E,2026-08-05,20:07:53,25.12,100.0,21.0,23.108,120.7
74DA38F7C27E,2026-08-05,20:08:01,30.25,100.0,12.0,25.053,121.444
74DA38ED059C,2026-08-05,20:08:03,26.87,100.0,10.0,23.706,121.412
74DA38F20FA4,2026-08-05,20:08:03,28.75,100.0,23.0,22.63,120.42
74DA38F210A2,2026-08-05,20:08:18,29.11,100.0,4.0,25.12,121.466
74DA38F7C3DE,2026-08-05,20:08:35,28.5,100.0,276.0,24.972,121.537
74DA38F7C610,2026-08-05,20:08:37,30.11,100.0,15.0,25.063,121.564
74DA38ED04F2,2026-08-05,20:08:39,27.25,100.0,9.0,23.468,121.496
74DA38F21170,2026-08-05,20:08:42,27.87,80.0,4.0,22.779,121.088
74DA38ED0640,2026-08-05,20:08:43,25.12,100.0,8.0,23.154,121.266
74DA38F2105C,2026-08-05,20:08:43,29.0,100.0,0.0,25.088,121.599
74DA38F7C366,2026-08-05,20:08:45,28.75,100.0,6.0,25.002,121.516
74DA38F7C430,2026-08-05,20:08:53,29.5,87.0,0.0,24.981,121.423
74DA38F21024,2026-08-05,20:09:04,28.0,100.0,0.0,24.93,121.036
74DA38F20D16,2026-08-05,20:09:07,30.61,100.0,24.0,25.062,121.526
74DA38F7C47E,2026-08-05,20:09:12,30.25,100.0,21.0,25.053963,121.427681
74DA38F2113E,2026-08-05,20:09:16,-4.0,0.0,0.0,22.728,120.313
74DA38F7C310,2026-08-05,20:09:18,29.25,100.0,9.0,25.09,121.464
74DA38F7C5BE,2026-08-05,20:09:23,29.86,100.0,18.0,25.092,121.523
74DA38F7C506,2026-08-05,20:09:27,28.36,100.0,0.0,24.996,121.544
74DA38F7C47C,2026-08-05,20:09:29,29.5,100.0,88.0,25.055,121.455
74DA38F20D70,2026-08-05,20:09:32,28.5,100.0,0.0,23.05,121.164
74DA38F7C560,2026-08-05,20:09:32,29.75,-62.0,0.0,25.079,121.671
74DA38F7C5AA,2026-08-05,20:09:34,28.11,100.0,0.0,25.0,121.479
74DA38F20B12,2026-08-05,20:09:35,29.11,79.0,5.0,22.91,120.716
74DA38F20F1C,2026-08-05,20:09:35,28.5,100.0,11.0,25.062,121.451
74DA38F7C3BA,2026-08-05,20:09:43,-4.0,0.0,95.0,25.174,121.441
74DA38ED05EA,2026-08-05,20:09:46,28.36,100.0,10.0,23.394,121.357
74DA38F20D6C,2026-08-05,20:10:03,29.86,94.0,0.0,22.661,120.301
74DA38F21088,2026-08-05,20:10:09,29.5,100.0,0.0,25.068,121.588
74DA38F7C4CC,2026-08-05,20:10:09,27.87,100.0,12.0,25.062,121.451
74DA38F7C59C,2026-08-05,20:10:21,30.86,83.0,25.0,25.103,121.487
74DA38F20C26,2026-08-05,20:10:22,31.36,87.0,16.0,22.676,120.342
74DA38F7C53C,2026-08-05,20:10:23,27.0,100.0,0.0,25.11,121.804
74DA38F7C464,2026-08-05,20:10:29,26.12,30.0,0.0,25.006,121.413
74DA38ED05B6,2026-08-05,20:10:30,26.37,100.0,12.0,23.43,121.348
74DA38F7C30C,2026-08-05,20:10:31,28.61,99.0,0.0,24.975,121.532
74DA38F20D2E,2026-08-05,20:10:34,29.5,100.0,0.0,25.06,121.545
74DA38F207DE,2026-08-05,20:10:38,29.25,100.0,22.0,22.603,120.34
74DA38F20862,2026-08-05,20:10:40,26.62,100.0,15.0,23.101,121.176
74DA38F7C13A,2026-08-05,20:10:54,22.25,0.0,0.0,25.069,121.359
74DA38F20EB2,2026-08-05,20:11:07,24.87,100.0,32.0,24.324,120.835
74DA38F20E9E,2026-08-05,20:11:10,26.75,100.0,16.0,24.648,121.151
74DA38F20A78,2026-08-05,20:11:11,27.25,100.0,5.0,22.904,121.124
74DA38F21136,2026-08-05,20:11:12,29.86,100.0,10.0,25.119,121.505
74DA38F20BF6,2026-08-05,20:11:15,30.0,100.0,17.0,22.582,120.368
74DA38F7C514,2026-08-05,20:11:22,29.36,100.0,13.0,25.051,121.518
74DA38F21204,2026-08-05,20:11:27,27.75,100.0,3.0,25.062,121.451
74DA38F20C06,2026-08-05,20:11:35,31.5,71.0,18.0,24.874,121.02
74DA38F20D1E,2026-08-05,20:11:36,29.86,100.0,17.0,25.048,121.573
74DA38F7C338,2026-08-05,20:11:39,30.36,100.0,12.0,25.011,121.458
74DA38F21048,2026-08-05,20:11:40,28.86,100.0,25.0,22.595,120.341
74DA38F209DE,2026-08-05,20:11:45,30.36,100.0,0.0,24.861,120.964
74DA38ED06E0,2026-08-05,20:11:54,28.86,100.0,17.0,23.601,121.521
74DA38F20B26,2026-08-05,20:11:54,29.75,100.0,19.0,22.783,120.247
74DA38F7C39A,2026-08-05,20:12:00,28.5,100.0,0.0,25.002,121.414
74DA38F7C570,2026-08-05,20:12:01,-4.0,0.0,0.0,25.239,121.63
74DA38ED0454,2026-08-05,20:12:16,30.61,100.0,22.0,24.053,121.599
74DA38F7C600,2026-08-05,20:12:21,22.87,47.0,13.0,25.07,121.586
74DA38F7C5CE,2026-08-05,20:12:22,29.11,94.0,0.0,25.066,121.656
74DA38F7C480,2026-08-05,20:12:24,27.87,100.0,0.0,25.061,121.432
74DA38F20B80,2026-08-05,20:12:30,29.0,100.0,0.0,22.599,120.35
74DA38F20DE0,2026-08-05,20:12:30,29.11,100.0,0.0,22.589,120.328
74DA38F20FFE,2026-08-05,20:12:36,28.61,100.0,12.0,22.894,120.298
74DA38F20F0A,2026-08-05,20:12:44,25.75,100.0,11.0,22.995,120.635
74DA38F20D1A,2026-08-05,20:12:45,29.86,100.0,0.0,25.078,121.541
74DA38F7C5E6,2026-08-05,20:12:48,31.0,100.0,7.0,25.107,121.843
74DA38F7C532,2026-08-05,20:12:52,29.0,100.0,15.0,25.059,121.499
74DA38F7C4DE,2026-08-05,20:12:59,29.25,100.0,0.0,25.09,121.462
74DA38F7C3B2,2026-08-05,20:13:14,32.11,68.0,12.0,24.929,121.378
74DA38F7C3D6,2026-08-05,20:13:15,29.86,100.0,0.0,25.045,121.541
74DA38ED0630,2026-08-05,20:13:20,29.61,100.0,0.0,23.994,121.594
74DA38F7C5A0,2026-08-05,20:13:21,30.25,100.0,0.0,25.107,121.518
74DA38F209B2,2026-08-05,20:13:27,27.75,100.0,0.0,22.363,120.599
74DA38F20B5C,2026-08-05,20:13:28,29.61,100.0,21.0,22.798,120.293
74DA38F7C41E,2026-08-05,20:13:28,29.0,85.0,0.0,25.054,121.517
74DA38F20A30,2026-08-05,20:13:35,28.25,91.0,6.0,24.948,121.372
74DA38F21054,2026-08-05,20:13:38,29.61,78.0,10.0,22.898,120.627
74DA38F208E2,2026-08-05,20:13:40,27.12,100.0,20.0,24.688,121.766
74DA38F7C260,2026-08-05,20:13:46,29.25,100.0,0.0,25.065,121.425
74DA38F7C616,2026-08-05,20:13:49,29.5,100.0,0.0,25.031,121.563
74DA38F20B88,2026-08-05,20:13:50,27.75,100.0,0.0,22.75,120.316
74DA38F7C42E,2026-08-05,20:13:50,27.37,100.0,0.0,24.969,121.514
74DA38F2104E,2026-08-05,20:14:02,25.12,100.0,20.0,23.108,120.7
74DA38F7C27E,2026-08-05,20:14:06,30.25,100.0,13.0,25.053,121.444
74DA38F7C54E,2026-08-05,20:14:09,27.75,100.0,0.0,25.063,121.661
74DA38F20FA4,2026-08-05,20:14:21,28.75,100.0,23.0,22.63,120.42
74DA38F210A2,2026-08-05,20:14:24,29.25,100.0,4.0,25.12,121.466
74DA38ED059C,2026-08-05,20:14:28,26.5,100.0,11.0,23.706,121.412
74DA38F209EE,2026-08-05,20:14:30,28.36,100.0,0.0,23.026,121.33
74DA38F7C3DE,2026-08-05,20:14:34,28.5,100.0,297.0,24.972,121.537
74DA38F20B82,2026-08-05,20:14:35,-4.0,0.0,0.0,22.847,120.465
74DA38F7C610,2026-08-05,20:14:44,30.11,100.0,16.0,25.063,121.564
74DA38F21170,2026-08-05,20:14:47,27.75,80.0,5.0,22.779,121.088
74DA38ED04F2,2026-08-05,20:14:49,27.25,100.0,9.0,23.468,121.496
74DA38ED0640,2026-08-05,20:14:50,25.25,100.0,8.0,23.154,121.266
74DA38F7C366,2026-08-05,20:14:50,28.86,100.0,6.0,25.002,121.516
74DA38F2105C,2026-08-05,20:15:09,28.86,100.0,0.0,25.088,121.599
74DA38F20D16,2026-08-05,20:15:13,30.61,100.0,14.0,25.062,121.526
74DA38F7C47E,2026-08-05,20:15:18,30.25,100.0,19.0,25.053963,121.427681
74DA38F7C47C,2026-08-05,20:15:20,29.61,100.0,59.0,25.055,121.455
74DA38F7C430,2026-08-05,20:15:21,29.61,87.0,0.0,24.981,121.423
74DA38F7C310,2026-08-05,20:15:23,29.25,100.0,9.0,25.09,121.464
74DA38F7C5BE,2026-08-05,20:15:29,30.0,100.0,18.0,25.092,121.523
74DA38F21024,2026-08-05,20:15:31,28.11,100.0,0.0,24.93,121.036
74DA38F7C592,2026-08-05,20:15:39,-4.0,0.0,0.0,25.224,121.637
74DA38F20D70,2026-08-05,20:15:40,28.5,100.0,0.0,23.05,121.164
74DA38F20F1C,2026-08-05,20:15:42,28.36,100.0,12.0,25.062,121.451
74DA38F7C63C,2026-08-05,20:15:42,-4.0,0.0,10.0,24.998,121.425
74DA38F20B12,2026-08-05,20:15:43,29.0,79.0,5.0,22.91,120.716
74DA38F209A8,2026-08-05,20:15:51,-4.0,0.0,0.0,22.401,120.577
74DA38ED05EA,2026-08-05,20:15:52,28.36,100.0,11.0,23.394,121.357
74DA38F7C506,2026-08-05,20:15:55,28.36,100.0,0.0,24.996,121.544
74DA38F7C560,2026-08-05,20:15:58,29.75,-62.0,0.0,25.079,121.671
74DA38F7C4CC,2026-08-05,20:16:15,27.87,100.0,12.0,25.062,121.451
74DA38F7C5AA,2026-08-05,20:16:20,28.36,100.0,0.0,25.0,121.479
74DA38F20C26,2026-08-05,20:16:33,31.5,87.0,17.0,22.676,120.342
74DA38F2113E,2026-08-05,20:16:33,-4.0,0.0,0.0,22.728,120.313
74DA38ED05B6,2026-08-05,20:16:38,26.5,100.0,12.0,23.43,121.348
74DA38F21088,2026-08-05,20:16:38,29.36,100.0,0.0,25.068,121.588
74DA38F207DE,2026-08-05,20:16:44,29.25,100.0,23.0,22.603,120.34
74DA38F20862,2026-08-05,20:16:47,26.5,100.0,20.0,23.101,121.176
74DA38F7C30C,2026-08-05,20:16:49,28.61,99.0,0.0,24.975,121.532
74DA38F7C59C,2026-08-05,20:16:49,31.0,83.0,25.0,25.103,121.487
74DA38F7C53C,2026-08-05,20:16:51,27.12,100.0,0.0,25.11,121.804
74DA38F7C464,2026-08-05,20:16:56,26.12,30.0,0.0,25.006,121.413
74DA38F20D2E,2026-08-05,20:17:02,29.36,100.0,0.0,25.06,121.545
74DA38F20A78,2026-08-05,20:17:17,27.12,100.0,5.0,22.904,121.124
74DA38F20EB2,2026-08-05,20:17:18,24.87,100.0,32.0,24.324,120.835
74DA38F20BF6,2026-08-05,20:17:20,30.0,100.0,17.0,22.582,120.368
74DA38F20E9E,2026-08-05,20:17:20,26.62,100.0,15.0,24.648,121.151
74DA38F7C13A,2026-08-05,20:17:20,22.25,1.0,0.0,25.069,121.359
74DA38F7C514,2026-08-05,20:17:30,29.36,100.0,12.0,25.051,121.518
74DA38F21204,2026-08-05,20:17:39,27.87,100.0,3.0,25.062,121.451
74DA38F20C06,2026-08-05,20:17:42,31.5,71.0,19.0,24.874,121.02
74DA38F20D1E,2026-08-05,20:17:44,30.0,100.0,17.0,25.048,121.573
74DA38F20B26,2026-08-05,20:18:02,29.86,100.0,18.0,22.783,120.247
74DA38ED06E0,2026-08-05,20:18:05,28.86,99.0,17.0,23.601,121.521
74DA38F21048,2026-08-05,20:18:11,29.0,100.0,26.0,22.595,120.341
74DA38F209DE,2026-08-05,20:18:12,30.5,100.0,0.0,24.861,120.964
74DA38F7C338,2026-08-05,20:18:17,30.36,100.0,11.0,25.011,121.458
74DA38ED0454,2026-08-05,20:18:22,30.61,100.0,22.0,24.053,121.599
74DA38F7C600,2026-08-05,20:18:27,22.87,47.0,13.0,25.07,121.586
74DA38F7C39A,2026-08-05,20:18:28,28.61,100.0,0.0,25.002,121.414
74DA38F7C3BA,2026-08-05,20:18:28,-4.0,0.0,94.0,25.174,121.441
74DA38F20FFE,2026-08-05,20:18:46,28.61,100.0,12.0,22.894,120.298
74DA38F7C5CE,2026-08-05,20:18:50,29.11,95.0,0.0,25.066,121.656
74DA38F20F0A,2026-08-05,20:18:51,25.5,100.0,11.0,22.995,120.635
74DA38F7C480,2026-08-05,20:18:52,27.87,100.0,0.0,25.061,121.432
74DA38F7C5E6,2026-08-05,20:18:54,30.86,100.0,7.0,25.107,121.843
74DA38F20B80,2026-08-05,20:18:57,29.11,100.0,0.0,22.599,120.35
74DA38F20DE0,2026-08-05,20:18:57,29.11,100.0,0.0,22.589,120.328
74DA38F7C532,2026-08-05,20:19:01,29.11,99.0,14.0,25.059,121.499
74DA38F20D1A,2026-08-05,20:19:13,30.0,100.0,0.0,25.078,121.541
74DA38F7C4DE,2026-08-05,20:19:16,28.86,100.0,0.0,25.09,121.462
74DA38F7C3B2,2026-08-05,20:19:20,32.11,68.0,12.0,24.929,121.378
74DA38F20B5C,2026-08-05,20:19:38,29.75,100.0,30.0,22.798,120.293
74DA38F7C3D6,2026-08-05,20:19:41,29.86,100.0,0.0,25.045,121.541
74DA38F21054,2026-08-05,20:19:45,29.61,78.0,10.0,22.898,120.627
74DA38F208E2,2026-08-05,20:19:46,27.12,100.0,17.0,24.688,121.766
74DA38ED0630,2026-08-05,20:19:47,29.61,100.0,0.0,23.994,121.594
74DA38F7C5A0,2026-08-05,20:19:48,30.25,100.0,0.0,25.107,121.518
74DA38F209B2,2026-08-05,20:19:53,27.75,100.0,0.0,22.363,120.599
74DA38F7C616,2026-08-05,20:19:56,29.36,100.0,0.0,25.031,121.563
74DA38F20A30,2026-08-05,20:20:04,28.25,91.0,3.0,24.948,121.372
74DA38F7C27E,2026-08-05,20:20:11,30.36,100.0,12.0,25.053,121.444
74DA38F7C41E,2026-08-05,20:20:15,29.0,85.0,0.0,25.054,121.517
74DA38F7C42E,2026-08-05,20:20:18,27.12,100.0,0.0,24.969,121.514
74DA38F7C260,2026-08-05,20:20:27,29.25,100.0,0.0,25.065,121.425
74DA38F210A2,2026-08-05,20:20:29,29.11,100.0,5.0,25.12,121.466
74DA38F7C3DE,2026-08-05,20:20:32,28.5,100.0,279.0,24.972,121.537
74DA38F20FA4,2026-08-05,20:20:33,28.5,100.0,24.0,22.63,120.42
74DA38F209EE,2026-08-05,20:20:36,28.25,100.0,0.0,23.026,121.33
74DA38F7C54E,2026-08-05,20:20:36,27.75,100.0,0.0,25.063,121.661
74DA38ED059C,2026-08-05,20:20:43,26.62,100.0,10.0,23.706,121.412
74DA38F21170,2026-08-05,20:20:52,27.75,80.0,5.0,22.779,121.088
74DA38F7C610,2026-08-05,20:20:52,30.11,100.0,15.0,25.063,121.564
74DA38ED04F2,2026-08-05,20:20:55,27.25,100.0,9.0,23.468,121.496
74DA38F7C366,2026-08-05,20:20:55,28.61,100.0,6.0,25.002,121.516
74DA38ED0640,2026-08-05,20:20:56,25.0,100.0,8.0,23.154,121.266
74DA38F7C47C,2026-08-05,20:21:13,29.86,100.0,64.0,25.055,121.455
74DA38F20D16,2026-08-05,20:21:19,30.75,100.0,15.0,25.062,121.526
74DA38F7C47E,2026-08-05,20:21:25,30.25,100.0,19.0,25.053963,121.427681
74DA38F7C310,2026-08-05,20:21:28,29.11,100.0,10.0,25.09,121.464
74DA38F2105C,2026-08-05,20:21:36,28.86,100.0,0.0,25.088,121.599
74DA38F7C5BE,2026-08-05,20:21:36,30.0,99.0,18.0,25.092,121.523
74DA38F7C570,2026-08-05,20:21:41,-4.0,0.0,0.0,25.239,121.63
74DA38F20D70,2026-08-05,20:21:47,28.36,100.0,0.0,23.05,121.164
74DA38F20F1C,2026-08-05,20:21:47,28.5,100.0,11.0,25.062,121.451
74DA38F7C430,2026-08-05,20:21:48,29.61,88.0,0.0,24.981,121.423
74DA38F20B12,2026-08-05,20:21:49,29.11,79.0,5.0,22.91,120.716
74DA38ED05EA,2026-08-05,20:21:58,28.36,100.0,11.0,23.394,121.357
74DA38F21024,2026-08-05,20:21:59,28.11,100.0,0.0,24.93,121.036
74DA38F7C4CC,2026-08-05,20:22:22,28.0,100.0,12.0,25.062,121.451
74DA38F7C506,2026-08-05,20:22:22,28.0,100.0,0.0,24.996,121.544
74DA38F7C560,2026-08-05,20:22:26,29.75,-62.0,0.0,25.079,121.671
74DA38F20C26,2026-08-05,20:22:42,31.5,86.0,18.0,22.676,120.342
74DA38ED05B6,2026-08-05,20:22:43,26.37,100.0,11.0,23.43,121.348
74DA38F207DE,2026-08-05,20:22:51,29.25,100.0,24.0,22.603,120.34
74DA38F20862,2026-08-05,20:22:53,26.5,100.0,21.0,23.101,121.176
74DA38F7C30C,2026-08-05,20:22:58,28.61,99.0,0.0,24.975,121.532
74DA38F7C5AA,2026-08-05,20:23:03,28.5,100.0,0.0,25.0,121.479
74DA38F21088,2026-08-05,20:23:07,29.5,100.0,0.0,25.068,121.588
74DA38F20D6C,2026-08-05,20:23:11,29.86,93.0,0.0,22.661,120.301
74DA38F7C59C,2026-08-05,20:23:18,31.0,83.0,25.0,25.103,121.487
74DA38F7C53C,2026-08-05,20:23:19,27.25,100.0,0.0,25.11,121.804
74DA38F20BF6,2026-08-05,20:23:26,29.86,100.0,17.0,22.582,120.368
74DA38F20E9E,2026-08-05,20:23:26,26.62,100.0,14.0,24.648,121.151
74DA38F20D2E,2026-08-05,20:23:30,29.36,100.0,0.0,25.06,121.545
74DA38F20EB2,2026-08-05,20:23:32,24.87,100.0,32.0,24.324,120.835
74DA38F7C464,2026-08-05,20:23:34,26.12,30.0,0.0,25.006,121.413
74DA38F2113E,2026-08-05,20:23:47,-4.0,0.0,0.0,22.728,120.313
74DA38F7C13A,2026-08-05,20:23:47,22.25,2.0,0.0,25.069,121.359
74DA38F21204,2026-08-05,20:23:48,27.87,100.0,3.0,25.062,121.451
74DA38F20C06,2026-08-05,20:23:49,31.36,70.0,19.0,24.874,121.02
74DA38F20D1E,2026-08-05,20:23:55,30.0,100.0,17.0,25.048,121.573
74DA38F7C3DC,2026-08-05,20:24:05,28.86,100.0,16.0,25.003,121.539
74DA38F20B82,2026-08-05,20:24:07,-4.0,0.0,0.0,22.847,120.465
74DA38ED06E0,2026-08-05,20:24:15,28.86,99.0,18.0,23.601,121.521
74DA38ED0454,2026-08-05,20:24:30,30.61,100.0,23.0,24.053,121.599
74DA38F7C338,2026-08-05,20:24:31,30.36,100.0,13.0,25.011,121.458
74DA38F7C600,2026-08-05,20:24:34,22.87,47.0,13.0,25.07,121.586
74DA38F20B26,2026-08-05,20:24:35,29.75,100.0,19.0,22.783,120.247
74DA38F209DE,2026-08-05,20:24:40,30.61,100.0,1.0,24.861,120.964
74DA38F21048,2026-08-05,20:24:41,29.11,100.0,25.0,22.595,120.341
74DA38F20FFE,2026-08-05,20:24:56,28.61,100.0,12.0,22.894,120.298
74DA38F7C39A,2026-08-05,20:24:57,28.61,100.0,0.0,25.002,121.414
74DA38F20F0A,2026-08-05,20:24:58,25.5,100.0,12.0,22.995,120.635
74DA38F7C5E6,2026-08-05,20:25:00,30.86,100.0,6.0,25.107,121.843
74DA38F7C532,2026-08-05,20:25:09,29.11,100.0,14.0,25.059,121.499
74DA38F7C63C,2026-08-05,20:25:14,-4.0,0.0,9.0,24.998,121.425
74DA38F7C5CE,2026-08-05,20:25:16,29.25,94.0,0.0,25.066,121.656
74DA38F7C592,2026-08-05,20:25:18,-4.0,0.0,0.0,25.224,121.637
74DA38F7C480,2026-08-05,20:25:20,28.0,100.0,0.0,25.061,121.432
74DA38F20DE0,2026-08-05,20:25:25,29.25,100.0,0.0,22.589,120.328
74DA38F7C3B2,2026-08-05,20:25:25,32.11,68.0,11.0,24.929,121.378
74DA38F209A8,2026-08-05,20:25:29,-4.0,0.0,0.0,22.401,120.577
74DA38F20B80,2026-08-05,20:25:31,29.11,100.0,0.0,22.599,120.35
74DA38F7C4DE,2026-08-05,20:25:35,28.75,100.0,0.0,25.09,121.462
74DA38F20D1A,2026-08-05,20:25:42,29.86,100.0,0.0,25.078,121.541
74DA38F20B5C,2026-08-05,20:25:50,29.75,100.0,29.0,22.798,120.293
74DA38F21054,2026-08-05,20:25:50,29.61,78.0,10.0,22.898,120.627
74DA38F208E2,2026-08-05,20:25:51,27.25,100.0,16.0,24.688,121.766
74DA38F7C616,2026-08-05,20:26:04,29.11,100.0,0.0,25.031,121.563
74DA38F7C3D6,2026-08-05,20:26:08,30.0,100.0,0.0,25.045,121.541
74DA38F7C5A0,2026-08-05,20:26:15,30.11,100.0,0.0,25.107,121.518
74DA38ED0630,2026-08-05,20:26:16,29.5,100.0,0.0,23.994,121.594
74DA38F7C27E,2026-08-05,20:26:17,30.36,100.0,13.0,25.053,121.444
74DA38F209B2,2026-08-05,20:26:20,27.37,100.0,0.0,22.363,120.599
74DA38F7C3DE,2026-08-05,20:26:32,28.5,100.0,275.0,24.972,121.537
74DA38F210A2,2026-08-05,20:26:34,29.11,100.0,4.0,25.12,121.466
74DA38F209EE,2026-08-05,20:26:41,28.36,100.0,0.0,23.026,121.33
74DA38F20A30,2026-08-05,20:26:41,28.25,91.0,2.0,24.948,121.372
74DA38F7C42E,2026-08-05,20:26:47,27.0,100.0,0.0,24.969,121.514
74DA38F7C260,2026-08-05,20:26:54,29.25,100.0,0.0,25.065,121.425
74DA38ED059C,2026-08-05,20:26:56,26.87,100.0,10.0,23.706,121.412
74DA38F21170,2026-08-05,20:27:00,27.62,80.0,5.0,22.779,121.088
74DA38F7C41E,2026-08-05,20:27:00,29.11,84.0,0.0,25.054,121.517
74DA38F7C610,2026-08-05,20:27:01,30.0,99.0,15.0,25.063,121.564
74DA38F7C54E,2026-08-05,20:27:02,27.75,100.0,0.0,25.063,121.661
74DA38ED0640,2026-08-05,20:27:03,24.87,100.0,8.0,23.154,121.266
74DA38F7C366,2026-08-05,20:27:03,28.5,100.0,6.0,25.002,121.516
74DA38ED04F2,2026-08-05,20:27:04,27.25,100.0,9.0,23.468,121.496
74DA38F7C47C,2026-08-05,20:27:05,30.0,100.0,65.0,25.055,121.455
74DA38F20B88,2026-08-05,20:27:16,27.75,100.0,0.0,22.75,120.316
74DA38F7C3BA,2026-08-05,20:27:23,-4.0,0.0,91.0,25.174,121.441
74DA38F20D16,2026-08-05,20:27:31,30.61,100.0,14.0,25.062,121.526
74DA38F7C310,2026-08-05,20:27:32,29.11,100.0,9.0,25.09,121.464
74DA38F7C47E,2026-08-05,20:27:32,30.11,100.0,20.0,25.053963,121.427681
74DA38F7C5BE,2026-08-05,20:27:43,30.0,98.0,18.0,25.092,121.523
74DA38F20F1C,2026-08-05,20:27:52,28.36,100.0,11.0,25.062,121.451
74DA38F20A78,2026-08-05,20:27:54,27.12,100.0,4.0,22.904,121.124
74DA38F20B12,2026-08-05,20:27:54,29.0,79.0,5.0,22.91,120.716
74DA38F20D70,2026-08-05,20:27:54,28.25,100.0,0.0,23.05,121.164
74DA38F2105C,2026-08-05,20:28:03,28.86,100.0,0.0,25.088,121.599
74DA38ED05EA,2026-08-05,20:28:04,28.36,100.0,11.0,23.394,121.357
74DA38F7C430,2026-08-05,20:28:18,29.75,88.0,0.0,24.981,121.423
74DA38F21024,2026-08-05,20:28:25,28.11,100.0,0.0,24.93,121.036
74DA38F7C4CC,2026-08-05,20:28:27,28.11,100.0,12.0,25.062,121.451
74DA38ED05B6,2026-08-05,20:28:48,26.37,100.0,11.0,23.43,121.348
74DA38F7C506,2026-08-05,20:28:49,28.0,100.0,0.0,24.996,121.544
74DA38F20C26,2026-08-05,20:28:51,31.61,86.0,17.0,22.676,120.342
74DA38F7C560,2026-08-05,20:28:54,29.86,-61.0,0.0,25.079,121.671
74DA38F207DE,2026-08-05,20:28:58,29.25,100.0,24.0,22.603,120.34
74DA38F20862,2026-08-05,20:29:00,26.5,100.0,26.0,23.101,121.176
74DA38F7C30C,2026-08-05,20:29:12,28.75,98.0,0.0,24.975,121.532
74DA38F20BF6,2026-08-05,20:29:33,30.0,100.0,17.0,22.582,120.368
74DA38F20E9E,2026-08-05,20:29:33,26.75,100.0,14.0,24.648,121.151
74DA38F7C5AA,2026-08-05,20:29:35,28.11,100.0,0.0,25.0,121.479
74DA38F20D6C,2026-08-05,20:29:37,29.86,94.0,0.0,22.661,120.301
74DA38F21088,2026-08-05,20:29:39,29.5,100.0,0.0,25.068,121.588
74DA38F7C59C,2026-08-05,20:29:44,31.0,83.0,25.0,25.103,121.487
74DA38F20EB2,2026-08-05,20:29:46,24.62,100.0,33.0,24.324,120.835
74DA38F7C53C,2026-08-05,20:29:46,27.25,100.0,0.0,25.11,121.804
74DA38F20C06,2026-08-05,20:29:56,31.5,70.0,19.0,24.874,121.02
74DA38F20D2E,2026-08-05,20:29:57,29.36,100.0,0.0,25.06,121.545
74DA38F7C464,2026-08-05,20:30:02,26.12,30.0,0.0,25.006,121.413
74DA38F20D1E,2026-08-05,20:30:03,29.86,100.0,17.0,25.048,121.573
74DA38F21204,2026-08-05,20:30:08,27.75,100.0,3.0,25.062,121.451
74DA38F7C13A,2026-08-05,20:30:15,22.25,3.0,0.0,25.069,121.359
74DA38F7C3DC,2026-08-05,20:30:19,28.75,100.0,16.0,25.003,121.539
74DA38F7C514,2026-08-05,20:30:20,29.11,100.0,13.0,25.051,121.518
74DA38ED06E0,2026-08-05,20:30:23,28.86,99.0,17.0,23.601,121.521
74DA38F7C338,2026-08-05,20:30:36,30.36,100.0,13.0,25.011,121.458
74DA38ED0454,2026-08-05,20:30:38,30.5,100.0,23.0,24.053,121.599
74DA38F21136,2026-08-05,20:30:39,29.86,100.0,10.0,25.119,121.505
74DA38F7C600,2026-08-05,20:30:40,22.87,47.0,12.0,25.07,121.586
74DA38F20B26,2026-08-05,20:30:51,29.75,100.0,22.0,22.783,120.247
74DA38F20F0A,2026-08-05,20:31:04,25.5,100.0,11.0,22.995,120.635
74DA38F20FFE,2026-08-05,20:31:06,28.36,100.0,13.0,22.894,120.298
74DA38F7C5E6,2026-08-05,20:31:06,30.86,100.0,6.0,25.107,121.843
74DA38F209DE,2026-08-05,20:31:07,30.61,100.0,0.0,24.861,120.964
74DA38F21048,2026-08-05,20:31:11,29.25,100.0,24.0,22.595,120.341
74DA38F7C532,2026-08-05,20:31:14,29.0,100.0,13.0,25.059,121.499
74DA38F7C570,2026-08-05,20:31:22,-4.0,0.0,0.0,25.239,121.63
74DA38F7C39A,2026-08-05,20:31:25,28.5,100.0,0.0,25.002,121.414
74DA38F7C3B2,2026-08-05,20:31:33,32.25,68.0,11.0,24.929,121.378
74DA38F7C5CE,2026-08-05,20:31:43,29.36,94.0,0.0,25.066,121.656
74DA38F7C480,2026-08-05,20:31:47,27.62,100.0,0.0,25.061,121.432
74DA38F20DE0,2026-08-05,20:31:55,29.25,100.0,0.0,22.589,120.328
74DA38F208E2,2026-08-05,20:31:56,27.25,100.0,16.0,24.688,121.766
74DA38F7C4DE,2026-08-05,20:31:56,29.0,100.0,0.0,25.09,121.462
74DA38F21054,2026-08-05,20:31:57,29.61,78.0,11.0,22.898,120.627
74DA38F20B5C,2026-08-05,20:32:00,29.61,100.0,27.0,22.798,120.293
74DA38F20B80,2026-08-05,20:32:00,29.11,100.0,0.0,22.599,120.35
74DA38F20D1A,2026-08-05,20:32:10,29.86,100.0,0.0,25.078,121.541
74DA38F7C616,2026-08-05,20:32:14,29.11,100.0,0.0,25.031,121.563
74DA38F7C27E,2026-08-05,20:32:22,30.36,100.0,13.0,25.053,121.444
74DA38F20E6E,2026-08-05,20:32:27,26.5,100.0,0.0,24.41,120.902
74DA38F7C3DE,2026-08-05,20:32:32,28.61,100.0,279.0,24.972,121.537
74DA38F7C3D6,2026-08-05,20:32:35,29.86,100.0,0.0,25.045,121.541
74DA38F210A2,2026-08-05,20:32:40,29.11,100.0,5.0,25.12,121.466
74DA38F7C5A0,2026-08-05,20:32:43,30.11,100.0,0.0,25.107,121.518
74DA38ED0630,2026-08-05,20:32:46,29.5,100.0,0.0,23.994,121.594
74DA38F209B2,2026-08-05,20:32:47,27.37,100.0,0.0,22.363,120.599
74DA38F209EE,2026-08-05,20:32:47,28.36,100.0,0.0,23.026,121.33
74DA38F7C47C,2026-08-05,20:32:58,30.0,100.0,68.0,25.055,121.455
74DA38F7C610,2026-08-05,20:33:06,29.86,98.0,14.0,25.063,121.564
74DA38F21170,2026-08-05,20:33:08,27.75,80.0,5.0,22.779,121.088
74DA38F7C366,2026-08-05,20:33:09,28.36,100.0,6.0,25.002,121.516
74DA38ED0640,2026-08-05,20:33:10,24.87,100.0,8.0,23.154,121.266
74DA38ED059C,2026-08-05,20:33:11,27.12,100.0,10.0,23.706,121.412
74DA38F20A30,2026-08-05,20:33:12,28.36,91.0,4.0,24.948,121.372
74DA38ED04F2,2026-08-05,20:33:15,27.25,100.0,9.0,23.468,121.496
74DA38F7C42E,2026-08-05,20:33:15,27.12,100.0,0.0,24.969,121.514
74DA38F7C260,2026-08-05,20:33:21,29.25,100.0,0.0,25.065,121.425
74DA38F7C54E,2026-08-05,20:33:29,28.0,100.0,0.0,25.063,121.661
74DA38F20FA4,2026-08-05,20:33:34,28.36,100.0,24.0,22.63,120.42
74DA38F20D16,2026-08-05,20:33:37,30.5,100.0,14.0,25.062,121.526
74DA38F7C310,2026-08-05,20:33:37,29.36,100.0,9.0,25.09,121.464
74DA38F7C47E,2026-08-05,20:33:38,30.11,100.0,20.0,25.053963,121.427681
74DA38F20B82,2026-08-05,20:33:39,-4.0,0.0,0.0,22.847,120.465
74DA38F20B88,2026-08-05,20:33:46,27.75,100.0,0.0,22.75,120.316
74DA38F7C5BE,2026-08-05,20:33:51,30.0,99.0,18.0,25.092,121.523
74DA38F20F1C,2026-08-05,20:33:57,28.36,100.0,11.0,25.062,121.451
74DA38F20D70,2026-08-05,20:33:59,28.25,100.0,0.0,23.05,121.164
74DA38F20A78,2026-08-05,20:34:00,26.87,100.0,5.0,22.904,121.124
74DA38F20B12,2026-08-05,20:34:01,29.11,79.0,5.0,22.91,120.716
74DA38F7C41E,2026-08-05,20:34:01,29.11,84.0,0.0,25.054,121.517
74DA38ED05EA,2026-08-05,20:34:09,28.36,100.0,11.0,23.394,121.357
74DA38F2105C,2026-08-05,20:34:29,28.86,100.0,0.0,25.088,121.599
74DA38F7C4CC,2026-08-05,20:34:35,28.0,100.0,12.0,25.062,121.451
74DA38F7C430,2026-08-05,20:34:45,29.86,87.0,0.0,24.981,121.423
74DA38F7C63C,2026-08-05,20:34:46,-4.0,0.0,10.0,24.998,121.425
74DA38F21024,2026-08-05,20:34:52,28.25,100.0,0.0,24.93,121.036
74DA38ED05B6,2026-08-05,20:34:53,26.25,100.0,11.0,23.43,121.348
74DA38F7C592,2026-08-05,20:34:56,-4.0,0.0,0.0,25.224,121.637
74DA38F20C26,2026-08-05,20:34:59,31.5,86.0,17.0,22.676,120.342
74DA38F207DE,2026-08-05,20:35:04,29.36,100.0,23.0,22.603,120.34
74DA38F20862,2026-08-05,20:35:07,26.62,100.0,30.0,23.101,121.176
74DA38F209A8,2026-08-05,20:35:08,-4.0,0.0,0.0,22.401,120.577
74DA38F7C30C,2026-08-05,20:35:20,28.86,99.0,0.0,24.975,121.532
74DA38F7C560,2026-08-05,20:35:21,30.0,-62.0,0.0,25.079,121.671
74DA38F7C506,2026-08-05,20:35:23,28.11,100.0,0.0,24.996,121.544
74DA38F20BF6,2026-08-05,20:35:39,30.0,100.0,17.0,22.582,120.368
74DA38F20E9E,2026-08-05,20:35:39,26.75,100.0,14.0,24.648,121.151
74DA38F20EB2,2026-08-05,20:36:00,24.5,100.0,33.0,24.324,120.835
74DA38F20C06,2026-08-05,20:36:03,31.5,70.0,20.0,24.874,121.02
74DA38F20D6C,2026-08-05,20:36:06,29.75,94.0,0.0,22.661,120.301
74DA38F21088,2026-08-05,20:36:07,29.5,100.0,0.0,25.068,121.588
74DA38F7C5AA,2026-08-05,20:36:07,27.75,100.0,1.0,25.0,121.479
74DA38F7C3BA,2026-08-05,20:36:08,-4.0,0.0,95.0,25.174,121.441
74DA38F7C59C,2026-08-05,20:36:12,31.0,83.0,25.0,25.103,121.487
74DA38F20D1E,2026-08-05,20:36:13,29.86,100.0,17.0,25.048,121.573
74DA38F7C53C,2026-08-05,20:36:13,27.25,100.0,0.0,25.11,121.804
74DA38F21204,2026-08-05,20:36:17,27.75,100.0,3.0,25.062,121.451
74DA38F20D2E,2026-08-05,20:36:26,29.25,100.0,0.0,25.06,121.545
74DA38F7C464,2026-08-05,20:36:28,26.12,30.0,0.0,25.006,121.413
74DA38F7C514,2026-08-05,20:36:29,29.25,100.0,12.0,25.051,121.518
74DA38ED06E0,2026-08-05,20:36:33,28.86,99.0,16.0,23.601,121.521
74DA38F7C13A,2026-08-05,20:36:41,22.25,3.0,0.0,25.069,121.359
74DA38F7C600,2026-08-05,20:36:45,22.87,47.0,12.0,25.07,121.586
74DA38ED0454,2026-08-05,20:36:46,30.5,100.0,23.0,24.053,121.599
74DA38F21136,2026-08-05,20:36:53,29.75,100.0,10.0,25.119,121.505
74DA38F7C338,2026-08-05,20:36:53,30.36,100.0,14.0,25.011,121.458
74DA38F20B26,2026-08-05,20:36:59,29.75,100.0,18.0,22.783,120.247
74DA38F20F0A,2026-08-05,20:37:10,25.5,100.0,11.0,22.995,120.635
74DA38F7C5E6,2026-08-05,20:37:12,30.86,100.0,7.0,25.107,121.843
74DA38F7C3DC,2026-08-05,20:37:13,28.75,100.0,16.0,25.003,121.539
74DA38F20FFE,2026-08-05,20:37:16,28.36,100.0,13.0,22.894,120.298
74DA38F7C532,2026-08-05,20:37:20,28.86,100.0,14.0,25.059,121.499
74DA38F209DE,2026-08-05,20:37:36,30.61,100.0,1.0,24.861,120.964
74DA38F7C3B2,2026-08-05,20:37:39,32.25,68.0,11.0,24.929,121.378
74DA38F21048,2026-08-05,20:37:41,29.25,100.0,25.0,22.595,120.341
74DA38F7C39A,2026-08-05,20:37:52,28.61,100.0,0.0,25.002,121.414
74DA38F208E2,2026-08-05,20:38:02,27.25,100.0,17.0,24.688,121.766
74DA38F21054,2026-08-05,20:38:03,29.61,78.0,11.0,22.898,120.627
74DA38F7C4DE,2026-08-05,20:38:03,29.25,100.0,0.0,25.09,121.462
74DA38F20B5C,2026-08-05,20:38:09,29.5,100.0,32.0,22.798,120.293
74DA38F7C5CE,2026-08-05,20:38:11,29.25,94.0,0.0,25.066,121.656
74DA38F7C480,2026-08-05,20:38:15,27.37,100.0,0.0,25.061,121.432
74DA38F20DE0,2026-08-05,20:38:24,29.11,100.0,0.0,22.589,120.328
74DA38F7C616,2026-08-05,20:38:25,29.11,100.0,0.0,25.031,121.563
74DA38F7C27E,2026-08-05,20:38:27,30.36,100.0,13.0,25.053,121.444
74DA38F20B80,2026-08-05,20:38:28,29.11,100.0,0.0,22.599,120.35
74DA38F20E6E,2026-08-05,20:38:29,26.62,100.0,0.0,24.41,120.902
74DA38F7C3DE,2026-08-05,20:38:30,28.86,100.0,271.0,24.972,121.537
74DA38F20D1A,2026-08-05,20:38:38,30.0,100.0,0.0,25.078,121.541
74DA38F2113E,2026-08-05,20:38:40,-4.0,0.0,0.0,22.728,120.313
74DA38F210A2,2026-08-05,20:38:45,29.11,100.0,4.0,25.12,121.466
74DA38F209EE,2026-08-05,20:38:52,28.36,100.0,0.0,23.026,121.33
74DA38F2104E,2026-08-05,20:38:57,24.75,100.0,21.0,23.108,120.7
74DA38F7C3D6,2026-08-05,20:39:02,29.86,100.0,0.0,25.045,121.541
74DA38F7C5A0,2026-08-05,20:39:11,30.0,100.0,0.0,25.107,121.518
74DA38F7C610,2026-08-05,20:39:11,29.86,98.0,13.0,25.063,121.564
74DA38F209B2,2026-08-05,20:39:13,27.37,100.0,0.0,22.363,120.599
74DA38F21170,2026-08-05,20:39:14,27.75,80.0,5.0,22.779,121.088
74DA38ED0630,2026-08-05,20:39:15,29.5,100.0,0.0,23.994,121.594
74DA38F7C366,2026-08-05,20:39:15,28.61,100.0,6.0,25.002,121.516
74DA38ED0640,2026-08-05,20:39:17,25.0,100.0,8.0,23.154,121.266
74DA38ED059C,2026-08-05,20:39:19,27.0,100.0,10.0,23.706,121.412
74DA38ED04F2,2026-08-05,20:39:24,27.25,100.0,9.0,23.468,121.496
74DA38F7C310,2026-08-05,20:39:42,29.61,100.0,9.0,25.09,121.464
74DA38F20D16,2026-08-05,20:39:43,30.61,100.0,15.0,25.062,121.526
74DA38F7C42E,2026-08-05,20:39:43,27.12,100.0,0.0,24.969,121.514
74DA38F7C47E,2026-08-05,20:39:44,30.11,100.0,19.0,25.053963,121.427681
74DA38F20A30,2026-08-05,20:39:49,28.36,90.0,5.0,24.948,121.372
74DA38F7C260,2026-08-05,20:39:49,29.11,100.0,0.0,25.065,121.425
74DA38F20FA4,2026-08-05,20:39:50,28.25,100.0,24.0,22.63,120.42
74DA38F7C54E,2026-08-05,20:39:56,28.0,100.0,0.0,25.063,121.661
74DA38F7C5BE,2026-08-05,20:39:58,29.86,99.0,16.0,25.092,121.523
74DA38F20D70,2026-08-05,20:40:04,28.36,100.0,0.0,23.05,121.164
74DA38F20A78,2026-08-05,20:40:07,26.75,100.0,5.0,22.904,121.124
74DA38F20B12,2026-08-05,20:40:07,29.11,79.0,6.0,22.91,120.716
74DA38F20F1C,2026-08-05,20:40:07,28.36,100.0,11.0,25.062,121.451
74DA38F20B88,2026-08-05,20:40:14,27.62,100.0,0.0,22.75,120.316
74DA38ED05EA,2026-08-05,20:40:15,28.25,100.0,11.0,23.394,121.357
74DA38F7C41E,2026-08-05,20:40:37,29.0,84.0,0.0,25.054,121.517
74DA38F7C4CC,2026-08-05,20:40:43,28.11,100.0,12.0,25.062,121.451
74DA38F2105C,2026-08-05,20:40:56,28.86,100.0,0.0,25.088,121.599
74DA38ED05B6,2026-08-05,20:40:59,26.5,100.0,12.0,23.43,121.348
74DA38F7C570,2026-08-05,20:41:01,-4.0,0.0,0.0,25.239,121.63
74DA38F207DE,2026-08-05,20:41:09,29.36,100.0,23.0,22.603,120.34
74DA38F20C26,2026-08-05,20:41:10,31.36,86.0,18.0,22.676,120.342
74DA38F7C430,2026-08-05,20:41:12,29.61,87.0,0.0,24.981,121.423
74DA38F20862,2026-08-05,20:41:13,26.62,100.0,26.0,23.101,121.176
74DA38F21024,2026-08-05,20:41:19,28.25,100.0,0.0,24.93,121.036
74DA38F7C30C,2026-08-05,20:41:28,28.75,99.0,0.0,24.975,121.532
74DA38F20BF6,2026-08-05,20:41:44,30.0,100.0,17.0,22.582,120.368
74DA38F20E9E,2026-08-05,20:41:46,26.75,100.0,15.0,24.648,121.151
74DA38F7C560,2026-08-05,20:41:49,29.61,-61.0,0.0,25.079,121.671
74DA38F7C506,2026-08-05,20:41:59,28.11,100.0,0.0,24.996,121.544
74DA38F20C06,2026-08-05,20:42:10,31.5,70.0,19.0,24.874,121.02
74DA38F20EB2,2026-08-05,20:42:13,24.5,100.0,33.0,24.324,120.835
74DA38F20D1E,2026-08-05,20:42:23,29.86,100.0,18.0,25.048,121.573
74DA38F21204,2026-08-05,20:42:26,27.75,100.0,3.0,25.062,121.451
74DA38F21088,2026-08-05,20:42:34,29.75,100.0,0.0,25.068,121.588
74DA38F20D6C,2026-08-05,20:42:35,29.75,94.0,0.0,22.661,120.301
74DA38F7C514,2026-08-05,20:42:36,29.25,100.0,12.0,25.051,121.518
74DA38F7C53C,2026-08-05,20:42:40,27.12,100.0,0.0,25.11,121.804
74DA38F7C59C,2026-08-05,20:42:41,31.0,83.0,26.0,25.103,121.487
74DA38ED06E0,2026-08-05,20:42:42,28.86,99.0,17.0,23.601,121.521
74DA38F7C600,2026-08-05,20:42:51,22.87,47.0,13.0,25.07,121.586
74DA38F20D2E,2026-08-05,20:42:53,29.36,100.0,0.0,25.06,121.545
74DA38ED0454,2026-08-05,20:42:56,30.5,100.0,22.0,24.053,121.599
74DA38F7C464,2026-08-05,20:42:58,26.12,30.0,0.0,25.006,121.413
74DA38F7C5AA,2026-08-05,20:43:01,27.87,100.0,0.0,25.0,121.479
74DA38F20B26,2026-08-05,20:43:09,29.75,100.0,19.0,22.783,120.247
74DA38F20B82,2026-08-05,20:43:11,-4.0,0.0,0.0,22.847,120.465
74DA38F7C13A,2026-08-05,20:43:11,22.25,4.0,0.0,25.069,121.359
74DA38F7C338,2026-08-05,20:43:15,30.36,100.0,14.0,25.011,121.458
74DA38F20F0A,2026-08-05,20:43:16,25.37,100.0,11.0,22.995,120.635
74DA38F7C5E6,2026-08-05,20:43:18,30.86,100.0,7.0,25.107,121.843
74DA38F20FFE,2026-08-05,20:43:25,28.36,100.0,13.0,22.894,120.298
74DA38F7C532,2026-08-05,20:43:28,29.0,100.0,14.0,25.059,121.499
74DA38F7C3B2,2026-08-05,20:43:46,32.25,68.0,11.0,24.929,121.378
74DA38F209DE,2026-08-05,20:44:03,30.5,100.0,0.0,24.861,120.964
74DA38F208E2,2026-08-05,20:44:07,27.0,100.0,16.0,24.688,121.766
74DA38F21054,2026-08-05,20:44:09,29.61,78.0,10.0,22.898,120.627
74DA38F21048,2026-08-05,20:44:10,29.36,100.0,23.0,22.595,120.341
74DA38F7C4DE,2026-08-05,20:44:13,29.11,100.0,0.0,25.09,121.462
74DA38F20B5C,2026-08-05,20:44:19,29.5,100.0,29.0,22.798,120.293
74DA38F7C63C,2026-08-05,20:44:19,-4.0,0.0,10.0,24.998,121.425
74DA38F7C39A,2026-08-05,20:44:21,28.5,100.0,0.0,25.002,121.414
74DA38F7C3DE,2026-08-05,20:44:30,28.86,100.0,258.0,24.972,121.537
74DA38F7C27E,2026-08-05,20:44:33,30.36,100.0,14.0,25.053,121.444
74DA38F7C616,2026-08-05,20:44:34,29.25,100.0,0.0,25.031,121.563
74DA38F7C592,2026-08-05,20:44:36,-4.0,0.0,0.0,25.224,121.637
74DA38F7C5CE,2026-08-05,20:44:38,29.25,94.0,0.0,25.066,121.656
74DA38F7C480,2026-08-05,20:44:43,27.37,100.0,0.0,25.061,121.432
74DA38F209A8,2026-08-05,20:44:47,-4.0,0.0,0.0,22.401,120.577
74DA38F7C47C,2026-08-05,20:44:47,29.75,100.0,59.0,25.055,121.455
74DA38F210A2,2026-08-05,20:44:50,29.0,100.0,5.0,25.12,121.466
74DA38F20DE0,2026-08-05,20:44:51,29.11,100.0,0.0,22.589,120.328
74DA38F7C3BA,2026-08-05,20:44:54,-4.0,0.0,94.0,25.174,121.441
74DA38F20B80,2026-08-05,20:44:55,29.11,100.0,0.0,22.599,120.35
74DA38F209EE,2026-08-05,20:44:58,28.36,100.0,0.0,23.026,121.33
74DA38F20D1A,2026-08-05,20:45:08,30.0,100.0,0.0,25.078,121.541
74DA38F7C610,2026-08-05,20:45:18,29.75,98.0,15.0,25.063,121.564
74DA38F7C366,2026-08-05,20:45:21,28.36,100.0,5.0,25.002,121.516
74DA38F21170,2026-08-05,20:45:22,27.75,81.0,5.0,22.779,121.088
74DA38ED0640,2026-08-05,20:45:26,25.0,100.0,8.0,23.154,121.266
74DA38F7C3D6,2026-08-05,20:45:28,29.86,100.0,0.0,25.045,121.541
74DA38ED04F2,2026-08-05,20:45:32,27.25,100.0,10.0,23.468,121.496
74DA38ED059C,2026-08-05,20:45:37,27.0,100.0,10.0,23.706,121.412
74DA38F7C5A0,2026-08-05,20:45:37,30.0,100.0,0.0,25.107,121.518
74DA38F209B2,2026-08-05,20:45:41,27.25,100.0,0.0,22.363,120.599
74DA38ED0630,2026-08-05,20:45:43,29.36,100.0,0.0,23.994,121.594
74DA38F7C310,2026-08-05,20:45:46,29.61,100.0,8.0,25.09,121.464
74DA38F20D16,2026-08-05,20:45:50,30.61,100.0,15.0,25.062,121.526
74DA38F7C47E,2026-08-05,20:45:51,30.11,100.0,19.0,25.053963,121.427681
74DA38F2113E,2026-08-05,20:45:55,-4.0,0.0,0.0,22.728,120.313
74DA38F20FA4,2026-08-05,20:46:00,28.36,100.0,23.0,22.63,120.42
74DA38F7C5BE,2026-08-05,20:46:03,29.75,99.0,16.0,25.092,121.523
74DA38F20D70,2026-08-05,20:46:10,28.25,100.0,0.0,23.05,121.164
74DA38F20B12,2026-08-05,20:46:13,29.11,79.0,5.0,22.91,120.716
74DA38F20F1C,2026-08-05,20:46:13,28.36,100.0,11.0,25.062,121.451
74DA38F20A78,2026-08-05,20:46:15,26.62,100.0,4.0,22.904,121.124
74DA38ED05EA,2026-08-05,20:46:19,28.25,100.0,11.0,23.394,121.357
74DA38F7C260,2026-08-05,20:46:19,29.11,100.0,0.0,25.065,121.425
74DA38F7C42E,2026-08-05,20:46:20,27.0,100.0,0.0,24.969,121.514
74DA38F7C54E,2026-08-05,20:46:23,27.87,100.0,0.0,25.063,121.661
74DA38F20A30,2026-08-05,20:46:25,28.25,90.0,5.0,24.948,121.372
74DA38F20B88,2026-08-05,20:46:43,27.62,100.0,0.0,22.75,120.316
74DA38F7C4CC,2026-08-05,20:46:49,28.0,100.0,11.0,25.062,121.451
74DA38ED05B6,2026-08-05,20:47:05,26.5,100.0,11.0,23.43,121.348
74DA38F7C41E,2026-08-05,20:47:14,29.25,84.0,0.0,25.054,121.517
74DA38F207DE,2026-08-05,20:47:18,29.36,100.0,23.0,22.603,120.34
74DA38F20862,2026-08-05,20:47:20,26.5,100.0,28.0,23.101,121.176
74DA38F20C26,2026-08-05,20:47:21,31.25,87.0,20.0,22.676,120.342
74DA38F2105C,2026-08-05,20:47:24,28.86,100.0,0.0,25.088,121.599
74DA38F7C30C,2026-08-05,20:47:36,28.86,98.0,0.0,24.975,121.532
74DA38F7C430,2026-08-05,20:47:40,29.36,88.0,0.0,24.981,121.423
74DA38F21024,2026-08-05,20:47:45,28.25,100.0,0.0,24.93,121.036
74DA38F20BF6,2026-08-05,20:47:49,30.0,100.0,17.0,22.582,120.368
74DA38F20E9E,2026-08-05,20:47:53,26.75,100.0,14.0,24.648,121.151
74DA38F20C06,2026-08-05,20:48:17,31.5,70.0,19.0,24.874,121.02
74DA38F7C560,2026-08-05,20:48:17,29.25,-62.0,0.0,25.079,121.671
74DA38F7C506,2026-08-05,20:48:27,28.25,100.0,0.0,24.996,121.544
74DA38F20EB2,2026-08-05,20:48:28,24.5,100.0,34.0,24.324,120.835
74DA38F20D1E,2026-08-05,20:48:32,29.86,100.0,17.0,25.048,121.573
74DA38F21204,2026-08-05,20:48:34,27.75,100.0,3.0,25.062,121.451
74DA38F7C514,2026-08-05,20:48:42,29.36,100.0,12.0,25.051,121.518
74DA38ED06E0,2026-08-05,20:48:48,28.86,99.0,17.0,23.601,121.521
74DA38F7C600,2026-08-05,20:48:56,22.87,47.0,12.0,25.07,121.586
74DA38F20D6C,2026-08-05,20:49:02,29.61,94.0,0.0,22.661,120.301
74DA38F21088,2026-08-05,20:49:03,29.61,100.0,0.0,25.068,121.588
74DA38ED0454,2026-08-05,20:49:04,30.5,100.0,22.0,24.053,121.599
74DA38F7C53C,2026-08-05,20:49:07,27.25,100.0,0.0,25.11,121.804
74DA38F7C59C,2026-08-05,20:49:07,31.0,83.0,27.0,25.103,121.487
74DA38F20B26,2026-08-05,20:49:20,29.61,100.0,19.0,22.783,120.247
74DA38F20D2E,2026-08-05,20:49:21,29.36,100.0,0.0,25.06,121.545
74DA38F21136,2026-08-05,20:49:22,29.61,100.0,11.0,25.119,121.505
74DA38F20F0A,2026-08-05,20:49:24,25.37,100.0,12.0,22.995,120.635
74DA38F7C5E6,2026-08-05,20:49:24,30.86,100.0,7.0,25.107,121.843
74DA38F7C464,2026-08-05,20:49:28,26.12,30.0,0.0,25.006,121.413
74DA38F20FFE,2026-08-05,20:49:38,28.36,100.0,13.0,22.894,120.298
74DA38F7C532,2026-08-05,20:49:38,29.0,99.0,13.0,25.059,121.499
74DA38F7C13A,2026-08-05,20:49:39,22.12,4.0,0.0,25.069,121.359
74DA38F7C338,2026-08-05,20:49:43,30.25,100.0,15.0,25.011,121.458
74DA38F7C3B2,2026-08-05,20:49:51,32.11,68.0,11.0,24.929,121.378
74DA38F208E2,2026-08-05,20:50:12,27.25,100.0,15.0,24.688,121.766
74DA38F21054,2026-08-05,20:50:15,29.61,78.0,11.0,22.898,120.627
74DA38F7C4DE,2026-08-05,20:50:22,29.11,100.0,0.0,25.09,121.462
74DA38F209DE,2026-08-05,20:50:30,30.61,100.0,0.0,24.861,120.964
74DA38F7C3DE,2026-08-05,20:50:31,28.86,100.0,274.0,24.972,121.537
74DA38F20B5C,2026-08-05,20:50:32,29.5,100.0,29.0,22.798,120.293
74DA38F7C27E,2026-08-05,20:50:38,30.36,100.0,14.0,25.053,121.444
74DA38F7C3DC,2026-08-05,20:50:38,28.75,100.0,17.0,25.003,121.539
74DA38F21048,2026-08-05,20:50:39,29.25,100.0,24.0,22.595,120.341
74DA38F7C570,2026-08-05,20:50:39,-4.0,0.0,0.0,25.239,121.63
74DA38F7C616,2026-08-05,20:50:40,29.36,100.0,0.0,25.031,121.563
74DA38F7C47C,2026-08-05,20:50:41,29.75,100.0,65.0,25.055,121.455
74DA38F7C39A,2026-08-05,20:50:47,28.5,100.0,0.0,25.002,121.414
74DA38F210A2,2026-08-05,20:50:55,28.86,100.0,4.0,25.12,121.466
74DA38F209EE,2026-08-05,20:51:03,28.36,100.0,0.0,23.026,121.33
74DA38F7C5CE,2026-08-05,20:51:05,29.11,95.0,0.0,25.066,121.656
74DA38F7C480,2026-08-05,20:51:09,27.12,100.0,0.0,25.061,121.432
74DA38F210F6,2026-08-05,20:51:18,29.5,100.0,7.0,22.757426,121.158891
74DA38F20DE0,2026-08-05,20:51:19,29.11,100.0,0.0,22.589,120.328
74DA38F20B80,2026-08-05,20:51:21,29.11,100.0,0.0,22.599,120.35
74DA38F7C610,2026-08-05,20:51:25,29.86,98.0,15.0,25.063,121.564
74DA38F7C366,2026-08-05,20:51:26,28.36,100.0,6.0,25.002,121.516
74DA38F21170,2026-08-05,20:51:29,27.62,79.0,5.0,22.779,121.088
74DA38ED0640,2026-08-05,20:51:32,24.87,100.0,9.0,23.154,121.266
74DA38F20D1A,2026-08-05,20:51:35,29.86,100.0,0.0,25.078,121.541
74DA38ED04F2,2026-08-05,20:51:43,27.12,100.0,9.0,23.468,121.496
74DA38F7C310,2026-08-05,20:51:51,29.86,100.0,9.0,25.09,121.464
74DA38ED059C,2026-08-05,20:51:54,27.0,100.0,9.0,23.706,121.412
74DA38F7C3D6,2026-08-05,20:51:55,29.86,100.0,0.0,25.045,121.541
74DA38F20D16,2026-08-05,20:51:56,30.5,100.0,15.0,25.062,121.526
74DA38F7C47E,2026-08-05,20:51:56,30.0,100.0,19.0,25.053963,121.427681
74DA38F7C5A0,2026-08-05,20:52:05,30.0,100.0,0.0,25.107,121.518
74DA38F209B2,2026-08-05,20:52:08,27.25,100.0,0.0,22.363,120.599
74DA38F7C5BE,2026-08-05,20:52:09,29.75,99.0,15.0,25.092,121.523
74DA38ED0630,2026-08-05,20:52:10,29.5,100.0,0.0,23.994,121.594
74DA38F20FA4,2026-08-05,20:52:14,28.36,100.0,23.0,22.63,120.42
74DA38F20D70,2026-08-05,20:52:15,28.25,100.0,0.0,23.05,121.164
74DA38F20B12,2026-08-05,20:52:19,29.11,79.0,6.0,22.91,120.716
74DA38F20F1C,2026-08-05,20:52:20,28.36,100.0,11.0,25.062,121.451
74DA38F20A78,2026-08-05,20:52:22,26.87,100.0,4.0,22.904,121.124
74DA38ED05EA,2026-08-05,20:52:25,28.25,100.0,11.0,23.394,121.357
74DA38F20B82,2026-08-05,20:52:43,-4.0,0.0,0.0,22.847,120.465
74DA38F7C260,2026-08-05,20:52:45,29.11,100.0,0.0,25.065,121.425
74DA38F7C42E,2026-08-05,20:52:48,27.0,100.0,0.0,24.969,121.514
74DA38F7C54E,2026-08-05,20:52:48,27.75,100.0,0.0,25.063,121.661
74DA38F20A30,2026-08-05,20:52:53,28.25,90.0,3.0,24.948,121.372
74DA38F7C4CC,2026-08-05,20:52:55,27.75,100.0,11.0,25.062,121.451
74DA38ED05B6,2026-08-05,20:53:11,26.37,100.0,12.0,23.43,121.348
74DA38F2113E,2026-08-05,20:53:13,-4.0,0.0,0.0,22.728,120.313
74DA38F20B88,2026-08-05,20:53:15,27.62,100.0,0.0,22.75,120.316
74DA38F207DE,2026-08-05,20:53:25,29.36,100.0,24.0,22.603,120.34
74DA38F20862,2026-08-05,20:53:26,26.37,100.0,26.0,23.101,121.176
74DA38F20C26,2026-08-05,20:53:31,31.0,87.0,22.0,22.676,120.342
74DA38F7C3BA,2026-08-05,20:53:40,-4.0,0.0,97.0,25.174,121.441
74DA38F7C30C,2026-08-05,20:53:46,28.86,98.0,0.0,24.975,121.532
74DA38F2105C,2026-08-05,20:53:50,28.75,100.0,0.0,25.088,121.599
74DA38F7C63C,2026-08-05,20:53:51,-4.0,0.0,10.0,24.998,121.425
74DA38F20BF6,2026-08-05,20:53:54,30.0,100.0,16.0,22.582,120.368
74DA38F20E9E,2026-08-05,20:53:59,26.75,100.0,15.0,24.648,121.151
74DA38F7C430,2026-08-05,20:54:08,29.11,88.0,0.0,24.981,121.423
74DA38F21024,2026-08-05,20:54:12,28.11,100.0,0.0,24.93,121.036
74DA38F7C592,2026-08-05,20:54:17,-4.0,0.0,0.0,25.224,121.637
74DA38F20C06,2026-08-05,20:54:24,31.5,70.0,18.0,24.874,121.02
74DA38F209A8,2026-08-05,20:54:25,-4.0,0.0,0.0,22.401,120.577
74DA38F20EB2,2026-08-05,20:54:41,24.5,100.0,34.0,24.324,120.835
74DA38F21204,2026-08-05,20:54:43,27.75,100.0,3.0,25.062,121.451
74DA38F20D1E,2026-08-05,20:54:44,29.86,100.0,17.0,25.048,121.573
74DA38F7C560,2026-08-05,20:54:44,29.25,-61.0,0.0,25.079,121.671
74DA38F7C514,2026-08-05,20:54:50,29.36,100.0,12.0,25.051,121.518
74DA38ED06E0,2026-08-05,20:54:55,28.75,99.0,16.0,23.601,121.521
74DA38F7C506,2026-08-05,20:54:57,28.11,100.0,0.0,24.996,121.544
74DA38F7C600,2026-08-05,20:55:02,22.87,47.0,12.0,25.07,121.586
74DA38ED0454,2026-08-05,20:55:11,30.5,100.0,22.0,24.053,121.599
74DA38F20D6C,2026-08-05,20:55:28,29.61,94.0,0.0,22.661,120.301
74DA38F20B26,2026-08-05,20:55:29,29.61,100.0,20.0,22.783,120.247
74DA38F20F0A,2026-08-05,20:55:30,25.5,100.0,11.0,22.995,120.635
74DA38F7C5E6,2026-08-05,20:55:30,30.86,100.0,7.0,25.107,121.843
74DA38F21088,2026-08-05,20:55:32,29.61,100.0,0.0,25.068,121.588
74DA38F7C53C,2026-08-05,20:55:34,27.25,100.0,0.0,25.11,121.804
74DA38F7C59C,2026-08-05,20:55:38,31.0,83.0,30.0,25.103,121.487
74DA38F21136,2026-08-05,20:55:45,29.5,100.0,10.0,25.119,121.505
74DA38F20FFE,2026-08-05,20:55:46,28.5,100.0,12.0,22.894,120.298
74DA38F20D2E,2026-08-05,20:55:49,29.36,100.0,0.0,25.06,121.545
74DA38F7C338,2026-08-05,20:55:56,30.25,100.0,15.0,25.011,121.458
74DA38F7C3B2,2026-08-05,20:55:57,32.11,68.0,11.0,24.929,121.378
74DA38F7C464,2026-08-05,20:55:58,26.0,30.0,0.0,25.006,121.413
74DA38F7C532,2026-08-05,20:56:03,28.86,99.0,13.0,25.059,121.499
74DA38F7C13A,2026-08-05,20:56:07,22.0,6.0,1.0,25.069,121.359
74DA38F208E2,2026-08-05,20:56:17,27.12,100.0,16.0,24.688,121.766
74DA38F21054,2026-08-05,20:56:21,29.5,78.0,11.0,22.898,120.627
74DA38F7C3DE,2026-08-05,20:56:28,28.86,100.0,273.0,24.972,121.537
74DA38F7C4DE,2026-08-05,20:56:32,29.11,100.0,0.0,25.09,121.462
74DA38F7C47C,2026-08-05,20:56:36,29.86,100.0,72.0,25.055,121.455
74DA38F20B5C,2026-08-05,20:56:40,29.5,100.0,28.0,22.798,120.293
74DA38F7C27E,2026-08-05,20:56:45,30.36,100.0,14.0,25.053,121.444
74DA38F7C616,2026-08-05,20:56:49,29.36,100.0,0.0,25.031,121.563
74DA38F209DE,2026-08-05,20:56:58,30.61,100.0,0.0,24.861,120.964
74DA38F210A2,2026-08-05,20:57:00,28.75,100.0,4.0,25.12,121.466
74DA38F7C5AA,2026-08-05,20:57:03,27.37,100.0,1.0,25.0,121.479
74DA38F20E6E,2026-08-05,20:57:06,26.37,100.0,0.0,24.41,120.902
74DA38F21048,2026-08-05,20:57:08,29.11,100.0,24.0,22.595,120.341
74DA38F209EE,2026-08-05,20:57:09,28.5,100.0,0.0,23.026,121.33
74DA38F7C39A,2026-08-05,20:57:15,28.61,100.0,0.0,25.002,121.414
74DA38F7C3DC,2026-08-05,20:57:15,28.61,100.0,16.0,25.003,121.539
74DA38F210F6,2026-08-05,20:57:22,29.61,100.0,7.0,22.757426,121.158891
74DA38F7C366,2026-08-05,20:57:31,28.36,100.0,5.0,25.002,121.516
74DA38F7C5CE,2026-08-05,20:57:33,29.0,95.0,0.0,25.066,121.656
74DA38F7C610,2026-08-05,20:57:33,30.0,98.0,15.0,25.063,121.564
74DA38F21170,2026-08-05,20:57:35,27.62,80.0,5.0,22.779,121.088
74DA38F7C480,2026-08-05,20:57:38,27.0,100.0,0.0,25.061,121.432
74DA38ED0640,2026-08-05,20:57:39,24.75,100.0,9.0,23.154,121.266
74DA38F20DE0,2026-08-05,20:57:47,29.0,100.0,0.0,22.589,120.328
74DA38F20B80,2026-08-05,20:57:48,29.11,100.0,0.0,22.599,120.35
74DA38ED04F2,2026-08-05,20:57:49,27.12,100.0,9.0,23.468,121.496
74DA38F7C310,2026-08-05,20:57:57,30.0,100.0,9.0,25.09,121.464
74DA38F20D16,2026-08-05,20:58:01,30.61,100.0,14.0,25.062,121.526
74DA38F20D1A,2026-08-05,20:58:03,30.0,100.0,0.0,25.078,121.541
74DA38F7C47E,2026-08-05,20:58:03,30.0,100.0,20.0,25.053963,121.427681
74DA38ED059C,2026-08-05,20:58:11,27.12,100.0,11.0,23.706,121.412
74DA38F7C5BE,2026-08-05,20:58:14,29.61,99.0,15.0,25.092,121.523
74DA38F20D70,2026-08-05,20:58:21,28.11,100.0,0.0,23.05,121.164
74DA38F20FA4,2026-08-05,20:58:21,28.25,100.0,23.0,22.63,120.42
74DA38F7C3D6,2026-08-05,20:58:22,29.86,100.0,0.0,25.045,121.541
74DA38F20B12,2026-08-05,20:58:25,29.11,79.0,6.0,22.91,120.716
74DA38F20F1C,2026-08-05,20:58:27,28.36,100.0,12.0,25.062,121.451
74DA38F20A78,2026-08-05,20:58:28,26.87,100.0,5.0,22.904,121.124
74DA38ED05EA,2026-08-05,20:58:31,28.25,100.0,11.0,23.394,121.357
74DA38F7C5A0,2026-08-05,20:58:33,30.0,100.0,0.0,25.107,121.518
74DA38F209B2,2026-08-05,20:58:34,27.0,100.0,0.0,22.363,120.599
74DA38ED0630,2026-08-05,20:58:38,29.5,100.0,0.0,23.994,121.594
74DA38F7C4CC,2026-08-05,20:59:01,27.62,100.0,12.0,25.062,121.451
74DA38F7C260,2026-08-05,20:59:12,29.11,100.0,0.0,25.065,121.425
74DA38F7C54E,2026-08-05,20:59:13,27.62,100.0,0.0,25.063,121.661
74DA38F7C42E,2026-08-05,20:59:16,26.87,100.0,0.0,24.969,121.514
74DA38ED05B6,2026-08-05,20:59:18,26.5,100.0,12.0,23.43,121.348
74DA38F20A30,2026-08-05,20:59:24,28.36,90.0,3.0,24.948,121.372
74DA38F207DE,2026-08-05,20:59:32,29.36,100.0,24.0,22.603,120.34
74DA38F20862,2026-08-05,20:59:32,26.5,100.0,25.0,23.101,121.176
74DA38F20C26,2026-08-05,20:59:40,31.0,88.0,20.0,22.676,120.342
74DA38F20B88,2026-08-05,20:59:42,27.5,100.0,0.0,22.75,120.316
74DA38F7C30C,2026-08-05,20:59:55,28.75,99.0,0.0,24.975,121.532
74DA38F20BF6,2026-08-05,20:59:59,30.0,100.0,17.0,22.582,120.368
74DA38F20E9E,2026-08-05,21:00:05,26.75,100.0,14.0,24.648,121.151
74DA38F2105C,2026-08-05,21:00:17,28.86,100.0,0.0,25.088,121.599
74DA38F7C570,2026-08-05,21:00:20,-4.0,0.0,0.0,25.239,121.63
74DA38F2113E,2026-08-05,21:00:28,-4.0,0.0,0.0,22.728,120.313
74DA38F20C06,2026-08-05,21:00:31,31.36,70.0,18.0,24.874,121.02
74DA38F7C430,2026-08-05,21:00:35,28.86,88.0,0.0,24.981,121.423
74DA38F7C41E,2026-08-05,21:00:37,29.25,84.0,0.0,25.054,121.517
74DA38F21024,2026-08-05,21:00:39,28.11,100.0,0.0,24.93,121.036
74DA38F21204,2026-08-05,21:00:50,27.87,100.0,3.0,25.062,121.451
74DA38F7C566,2026-08-05,21:00:50,31.11,100.0,0.0,25.051,121.448
74DA38F20D1E,2026-08-05,21:00:52,29.86,100.0,17.0,25.048,121.573
74DA38F20EB2,2026-08-05,21:00:55,24.5,100.0,33.0,24.324,120.835
74DA38F7C514,2026-08-05,21:00:56,29.36,100.0,12.0,25.051,121.518
74DA38F7C600,2026-08-05,21:01:07,22.75,46.0,12.0,25.07,121.586
74DA38F7C560,2026-08-05,21:01:12,29.5,-61.0,0.0,25.079,121.671
74DA38ED0454,2026-08-05,21:01:22,30.61,100.0,22.0,24.053,121.599
74DA38F7C506,2026-08-05,21:01:24,28.0,100.0,0.0,24.996,121.544
74DA38F20F0A,2026-08-05,21:01:36,25.5,100.0,11.0,22.995,120.635
74DA38F7C5E6,2026-08-05,21:01:36,30.86,100.0,7.0,25.107,121.843
74DA38F20B26,2026-08-05,21:01:39,29.5,100.0,19.0,22.783,120.247
74DA38F21136,2026-08-05,21:01:54,29.5,100.0,10.0,25.119,121.505
74DA38F20FFE,2026-08-05,21:01:55,28.5,100.0,13.0,22.894,120.298
74DA38F20D6C,2026-08-05,21:01:57,29.61,94.0,0.0,22.661,120.301
74DA38F21088,2026-08-05,21:01:59,29.61,100.0,0.0,25.068,121.588
74DA38F7C338,2026-08-05,21:02:02,30.25,100.0,14.0,25.011,121.458
74DA38F7C53C,2026-08-05,21:02:02,27.37,100.0,0.0,25.11,121.804
74DA38F7C3B2,2026-08-05,21:02:03,32.11,68.0,11.0,24.929,121.378
74DA38F7C59C,2026-08-05,21:02:07,31.0,83.0,29.0,25.103,121.487
74DA38F7C532,2026-08-05,21:02:14,28.86,97.0,13.0,25.059,121.499
74DA38F20B82,2026-08-05,21:02:15,-4.0,0.0,0.0,22.847,120.465
74DA38F20D2E,2026-08-05,21:02:16,29.36,100.0,0.0,25.06,121.545
74DA38F208E2,2026-08-05,21:02:22,27.12,100.0,16.0,24.688,121.766
74DA38F7C3BA,2026-08-05,21:02:25,-4.0,0.0,100.0,25.174,121.441
74DA38F7C3DE,2026-08-05,21:02:26,28.75,100.0,271.0,24.972,121.537
74DA38F7C464,2026-08-05,21:02:26,26.0,30.0,0.0,25.006,121.413
74DA38F21054,2026-08-05,21:02:27,29.61,78.0,11.0,22.898,120.627
74DA38F7C47C,2026-08-05,21:02:31,29.86,100.0,75.0,25.055,121.455
74DA38F7C13A,2026-08-05,21:02:33,21.87,6.0,0.0,25.069,121.359
74DA38F7C4DE,2026-08-05,21:02:49,29.11,100.0,0.0,25.09,121.462
74DA38F7C27E,2026-08-05,21:02:51,30.25,100.0,15.0,25.053,121.444
74DA38F20B5C,2026-08-05,21:02:52,29.5,100.0,26.0,22.798,120.293
74DA38F7C616,2026-08-05,21:02:56,29.36,100.0,0.0,25.031,121.563
74DA38F210A2,2026-08-05,21:03:05,28.75,100.0,5.0,25.12,121.466
74DA38F20E6E,2026-08-05,21:03:08,26.5,100.0,0.0,24.41,120.902
74DA38F209EE,2026-08-05,21:03:14,28.36,100.0,0.0,23.026,121.33
74DA38F7C63C,2026-08-05,21:03:19,-4.0,0.0,11.0,24.998,121.425
74DA38F209DE,2026-08-05,21:03:25,30.5,100.0,0.0,24.861,120.964
74DA38F210F6,2026-08-05,21:03:27,29.5,100.0,7.0,22.757426,121.158891
74DA38F7C3DC,2026-08-05,21:03:28,28.5,100.0,19.0,25.003,121.539
74DA38F7C366,2026-08-05,21:03:37,28.36,100.0,6.0,25.002,121.516
74DA38F7C610,2026-08-05,21:03:39,30.0,98.0,15.0,25.063,121.564
74DA38F21048,2026-08-05,21:03:41,29.11,100.0,27.0,22.595,120.341
74DA38F21170,2026-08-05,21:03:42,27.62,80.0,5.0,22.779,121.088
74DA38F7C39A,2026-08-05,21:03:43,28.5,100.0,0.0,25.002,121.414
74DA38ED0640,2026-08-05,21:03:46,24.62,100.0,8.0,23.154,121.266
74DA38ED04F2,2026-08-05,21:03:56,27.0,100.0,9.0,23.468,121.496
74DA38F7C592,2026-08-05,21:03:58,-4.0,0.0,0.0,25.224,121.637
74DA38F7C5CE,2026-08-05,21:04:00,28.86,95.0,0.0,25.066,121.656
74DA38F209A8,2026-08-05,21:04:03,-4.0,0.0,1.0,22.401,120.577
74DA38F7C310,2026-08-05,21:04:03,30.0,100.0,9.0,25.09,121.464
74DA38F20D16,2026-08-05,21:04:06,30.5,100.0,14.0,25.062,121.526
74DA38F7C480,2026-08-05,21:04:06,27.37,100.0,0.0,25.061,121.432
74DA38F7C47E,2026-08-05,21:04:09,29.86,100.0,19.0,25.053963,121.427681
74DA38F20DE0,2026-08-05,21:04:14,29.0,100.0,0.0,22.589,120.328
74DA38F20B80,2026-08-05,21:04:15,29.11,100.0,0.0,22.599,120.35
74DA38ED059C,2026-08-05,21:04:22,26.87,100.0,10.0,23.706,121.412
74DA38F7C5BE,2026-08-05,21:04:22,29.5,98.0,15.0,25.092,121.523
74DA38F20D70,2026-08-05,21:04:27,28.25,100.0,0.0,23.05,121.164
74DA38F20D1A,2026-08-05,21:04:31,29.86,100.0,0.0,25.078,121.541
74DA38F20B12,2026-08-05,21:04:33,29.11,79.0,6.0,22.91,120.716
74DA38F20F1C,2026-08-05,21:04:33,28.36,100.0,12.0,25.062,121.451
74DA38F20A78,2026-08-05,21:04:35,26.75,100.0,5.0,22.904,121.124
74DA38ED05EA,2026-08-05,21:04:37,28.25,100.0,11.0,23.394,121.357
74DA38F20FA4,2026-08-05,21:04:38,28.25,100.0,24.0,22.63,120.42
74DA38F7C3D6,2026-08-05,21:04:48,30.0,100.0,0.0,25.045,121.541
74DA38F7C5A0,2026-08-05,21:05:00,30.0,100.0,0.0,25.107,121.518
74DA38F209B2,2026-08-05,21:05:02,27.0,100.0,0.0,22.363,120.599
74DA38ED0630,2026-08-05,21:05:05,29.36,100.0,0.0,23.994,121.594
74DA38F7C4CC,2026-08-05,21:05:09,27.75,100.0,12.0,25.062,121.451
74DA38ED05B6,2026-08-05,21:05:24,26.5,100.0,12.0,23.43,121.348
74DA38F207DE,2026-08-05,21:05:39,29.36,100.0,23.0,22.603,120.34
74DA38F20862,2026-08-05,21:05:39,26.5,100.0,22.0,23.101,121.176
74DA38F7C54E,2026-08-05,21:05:40,27.62,100.0,0.0,25.063,121.661
74DA38F7C260,2026-08-05,21:05:42,29.11,100.0,0.0,25.065,121.425
74DA38F7C42E,2026-08-05,21:05:44,26.62,100.0,0.0,24.969,121.514
74DA38F20C26,2026-08-05,21:05:50,30.86,88.0,20.0,22.676,120.342
74DA38F20BF6,2026-08-05,21:06:05,30.0,100.0,16.0,22.582,120.368
74DA38F7C30C,2026-08-05,21:06:06,28.61,99.0,0.0,24.975,121.532
74DA38F20E9E,2026-08-05,21:06:13,26.75,100.0,14.0,24.648,121.151
74DA38F20B88,2026-08-05,21:06:21,27.37,100.0,0.0,22.75,120.316
74DA38F20C06,2026-08-05,21:06:39,31.5,70.0,18.0,24.874,121.02
74DA38F2105C,2026-08-05,21:06:44,28.86,100.0,0.0,25.088,121.599
74DA38F20D1E,2026-08-05,21:07:00,29.86,100.0,17.0,25.048,121.573
74DA38F21204,2026-08-05,21:07:00,27.87,100.0,4.0,25.062,121.451
74DA38F7C430,2026-08-05,21:07:03,29.0,88.0,0.0,24.981,121.423
74DA38F21024,2026-08-05,21:07:05,28.11,100.0,1.0,24.93,121.036
74DA38F7C514,2026-08-05,21:07:05,29.25,100.0,12.0,25.051,121.518
74DA38F20EB2,2026-08-05,21:07:10,24.62,100.0,32.0,24.324,120.835
74DA38F7C600,2026-08-05,21:07:13,22.75,47.0,13.0,25.07,121.586
74DA38F7C41E,2026-08-05,21:07:22,29.36,84.0,0.0,25.054,121.517
74DA38ED0454,2026-08-05,21:07:29,30.36,100.0,23.0,24.053,121.599
74DA38ED06E0,2026-08-05,21:07:31,28.75,99.0,17.0,23.601,121.521
74DA38F7C560,2026-08-05,21:07:39,29.61,-61.0,0.0,25.079,121.671
74DA38F7C5E6,2026-08-05,21:07:42,30.86,100.0,7.0,25.107,121.843
74DA38F20F0A,2026-08-05,21:07:44,25.5,100.0,11.0,22.995,120.635
74DA38F2113E,2026-08-05,21:07:44,-4.0,0.0,0.0,22.728,120.313
74DA38F20B26,2026-08-05,21:07:47,29.36,100.0,19.0,22.783,120.247
74DA38F7C506,2026-08-05,21:07:57,27.87,100.0,0.0,24.996,121.544
74DA38F7C3B2,2026-08-05,21:08:08,32.11,68.0,10.0,24.929,121.378
74DA38F20FFE,2026-08-05,21:08:12,28.36,100.0,13.0,22.894,120.298
74DA38F7C532,2026-08-05,21:08:19,28.86,100.0,13.0,25.059,121.499
74DA38F7C47C,2026-08-05,21:08:23,29.61,100.0,61.0,25.055,121.455
74DA38F21088,2026-08-05,21:08:27,29.75,100.0,0.0,25.068,121.588
74DA38F208E2,2026-08-05,21:08:28,27.25,100.0,15.0,24.688,121.766
74DA38F7C53C,2026-08-05,21:08:28,27.5,100.0,0.0,25.11,121.804
74DA38F7C3DE,2026-08-05,21:08:29,28.86,100.0,271.0,24.972,121.537
74DA38F20D6C,2026-08-05,21:08:33,29.61,94.0,0.0,22.661,120.301
74DA38F21054,2026-08-05,21:08:33,29.61,78.0,11.0,22.898,120.627
74DA38F7C59C,2026-08-05,21:08:35,30.86,83.0,32.0,25.103,121.487
74DA38F20D2E,2026-08-05,21:08:44,29.5,100.0,0.0,25.06,121.545
74DA38F7C464,2026-08-05,21:08:54,25.87,30.0,0.0,25.006,121.413
74DA38F7C27E,2026-08-05,21:08:56,30.25,100.0,14.0,25.053,121.444
74DA38F7C4DE,2026-08-05,21:08:56,29.25,100.0,0.0,25.09,121.462
74DA38F7C13A,2026-08-05,21:09:00,21.87,8.0,1.0,25.069,121.359
74DA38F20B5C,2026-08-05,21:09:03,29.5,100.0,28.0,22.798,120.293
74DA38F7C616,2026-08-05,21:09:04,29.36,100.0,0.0,25.031,121.563
74DA38F210A2,2026-08-05,21:09:10,28.75,100.0,4.0,25.12,121.466
74DA38F209EE,2026-08-05,21:09:20,28.5,100.0,0.0,23.026,121.33
74DA38F210F6,2026-08-05,21:09:32,29.5,100.0,7.0,22.757426,121.158891
74DA38F7C366,2026-08-05,21:09:42,28.36,100.0,6.0,25.002,121.516
74DA38F7C610,2026-08-05,21:09:44,30.0,98.0,15.0,25.063,121.564
74DA38F21170,2026-08-05,21:09:48,27.62,80.0,5.0,22.779,121.088
74DA38F209DE,2026-08-05,21:09:52,30.5,100.0,0.0,24.861,120.964
74DA38ED0640,2026-08-05,21:09:54,24.5,100.0,8.0,23.154,121.266
74DA38F7C570,2026-08-05,21:09:59,-4.0,0.0,0.0,25.239,121.63
74DA38ED04F2,2026-08-05,21:10:04,27.12,100.0,9.0,23.468,121.496
74DA38F7C310,2026-08-05,21:10:08,29.86,100.0,9.0,25.09,121.464
74DA38F20D16,2026-08-05,21:10:11,30.5,100.0,15.0,25.062,121.526
74DA38F21048,2026-08-05,21:10:11,29.11,100.0,26.0,22.595,120.341
74DA38F7C39A,2026-08-05,21:10:11,28.5,100.0,0.0,25.002,121.414
74DA38F7C47E,2026-08-05,21:10:16,30.0,100.0,20.0,25.053963,121.427681
74DA38F7C5CE,2026-08-05,21:10:27,28.86,95.0,0.0,25.066,121.656
74DA38F7C5BE,2026-08-05,21:10:28,29.25,98.0,14.0,25.092,121.523
74DA38F7C5AA,2026-08-05,21:10:30,27.25,100.0,0.0,25.0,121.479
74DA38ED059C,2026-08-05,21:10:33,26.75,100.0,10.0,23.706,121.412
74DA38F20D70,2026-08-05,21:10:33,28.36,100.0,0.0,23.05,121.164
74DA38F7C480,2026-08-05,21:10:33,27.62,100.0,0.0,25.061,121.432
74DA38F20F1C,2026-08-05,21:10:39,28.36,100.0,12.0,25.062,121.451
74DA38F20A78,2026-08-05,21:10:41,26.75,100.0,5.0,22.904,121.124
74DA38F20B80,2026-08-05,21:10:41,29.25,100.0,0.0,22.599,120.35
74DA38ED05EA,2026-08-05,21:10:42,28.25,100.0,11.0,23.394,121.357
74DA38F20DE0,2026-08-05,21:10:42,28.86,100.0,0.0,22.589,120.328
74DA38F20B12,2026-08-05,21:10:43,29.11,79.0,6.0,22.91,120.716
74DA38F20D1A,2026-08-05,21:10:58,29.5,100.0,0.0,25.078,121.541
74DA38F7C3BA,2026-08-05,21:11:10,-4.0,0.0,97.0,25.174,121.441
74DA38F7C3D6,2026-08-05,21:11:15,29.86,100.0,0.0,25.045,121.541
74DA38F7C4CC,2026-08-05,21:11:15,27.75,100.0,11.0,25.062,121.451
74DA38F7C5A0,2026-08-05,21:11:28,30.0,100.0,0.0,25.107,121.518
74DA38F209B2,2026-08-05,21:11:29,27.0,100.0,0.0,22.363,120.599
74DA38ED0630,2026-08-05,21:11:33,29.25,100.0,0.0,23.994,121.594
74DA38ED05B6,2026-08-05,21:11:37,26.5,100.0,12.0,23.43,121.348
74DA38F207DE,2026-08-05,21:11:45,29.36,100.0,23.0,22.603,120.34
74DA38F20862,2026-08-05,21:11:45,26.37,100.0,23.0,23.101,121.176
74DA38F20B82,2026-08-05,21:11:48,-4.0,0.0,0.0,22.847,120.465
74DA38F20C26,2026-08-05,21:11:58,30.75,88.0,19.0,22.676,120.342
74DA38F7C54E,2026-08-05,21:12:05,27.5,100.0,0.0,25.063,121.661
74DA38F20BF6,2026-08-05,21:12:11,30.0,100.0,17.0,22.582,120.368
74DA38F7C260,2026-08-05,21:12:12,29.11,100.0,0.0,25.065,121.425
74DA38F20E9E,2026-08-05,21:12:19,26.62,100.0,16.0,24.648,121.151
74DA38F7C30C,2026-08-05,21:12:19,28.75,99.0,0.0,24.975,121.532
74DA38F7C42E,2026-08-05,21:12:21,26.62,100.0,0.0,24.969,121.514
74DA38F20C06,2026-08-05,21:12:45,31.36,70.0,18.0,24.874,121.02
74DA38F7C63C,2026-08-05,21:12:50,-4.0,0.0,11.0,24.998,121.425
74DA38F21204,2026-08-05,21:13:10,27.87,100.0,3.0,25.062,121.451
74DA38F2105C,2026-08-05,21:13:11,28.75,100.0,0.0,25.088,121.599
74DA38F20D1E,2026-08-05,21:13:12,29.86,100.0,16.0,25.048,121.573
74DA38F7C514,2026-08-05,21:13:12,29.11,100.0,13.0,25.051,121.518
74DA38F7C600,2026-08-05,21:13:19,22.75,47.0,12.0,25.07,121.586
74DA38F20EB2,2026-08-05,21:13:21,24.5,100.0,32.0,24.324,120.835
74DA38F21024,2026-08-05,21:13:32,27.87,100.0,0.0,24.93,121.036
74DA38F7C430,2026-08-05,21:13:32,29.25,88.0,0.0,24.981,121.423
74DA38ED0454,2026-08-05,21:13:37,30.36,100.0,22.0,24.053,121.599
74DA38F7C592,2026-08-05,21:13:37,-4.0,0.0,0.0,25.224,121.637
74DA38F209A8,2026-08-05,21:13:45,-4.0,0.0,1.0,22.401,120.577
74DA38F7C5E6,2026-08-05,21:13:48,30.86,100.0,7.0,25.107,121.843
74DA38ED06E0,2026-08-05,21:13:49,28.61,98.0,16.0,23.601,121.521
74DA38F20F0A,2026-08-05,21:13:54,25.5,100.0,11.0,22.995,120.635
74DA38F7C41E,2026-08-05,21:13:58,29.36,83.0,0.0,25.054,121.517
74DA38F20B26,2026-08-05,21:14:00,29.36,100.0,20.0,22.783,120.247
74DA38F7C560,2026-08-05,21:14:06,29.5,-61.0,0.0,25.079,121.671
74DA38F7C47C,2026-08-05,21:14:12,29.36,100.0,49.0,25.055,121.455
74DA38F7C3B2,2026-08-05,21:14:15,32.11,68.0,10.0,24.929,121.378
74DA38F20FFE,2026-08-05,21:14:19,28.36,100.0,13.0,22.894,120.298
74DA38F7C532,2026-08-05,21:14:24,28.86,100.0,13.0,25.059,121.499
74DA38F21136,2026-08-05,21:14:27,29.5,100.0,10.0,25.119,121.505
74DA38F7C3DE,2026-08-05,21:14:28,28.75,100.0,272.0,24.972,121.537
74DA38F7C506,2026-08-05,21:14:28,28.0,100.0,0.0,24.996,121.544
74DA38F208E2,2026-08-05,21:14:34,27.25,100.0,16.0,24.688,121.766
74DA38F21054,2026-08-05,21:14:38,29.5,78.0,11.0,22.898,120.627
74DA38F21088,2026-08-05,21:14:55,29.61,100.0,0.0,25.068,121.588
74DA38F7C53C,2026-08-05,21:14:56,27.5,100.0,0.0,25.11,121.804
74DA38F2113E,2026-08-05,21:14:59,-4.0,0.0,0.0,22.728,120.313
74DA38F7C338,2026-08-05,21:15:00,30.25,100.0,13.0,25.011,121.458
74DA38F7C27E,2026-08-05,21:15:01,30.25,100.0,15.0,25.053,121.444
74DA38F20D6C,2026-08-05,21:15:02,29.61,94.0,0.0,22.661,120.301
74DA38F7C59C,2026-08-05,21:15:04,30.86,83.0,29.0,25.103,121.487
74DA38F20D2E,2026-08-05,21:15:12,29.5,100.0,0.0,25.06,121.545
74DA38F7C616,2026-08-05,21:15:12,29.25,100.0,0.0,25.031,121.563
74DA38F20B5C,2026-08-05,21:15:13,29.5,100.0,27.0,22.798,120.293
74DA38F210A2,2026-08-05,21:15:14,28.75,100.0,4.0,25.12,121.466
74DA38F7C566,2026-08-05,21:15:21,31.0,100.0,0.0,25.051,121.448
74DA38F7C464,2026-08-05,21:15:24,25.87,30.0,0.0,25.006,121.413
74DA38F209EE,2026-08-05,21:15:26,28.36,100.0,0.0,23.026,121.33
74DA38F7C13A,2026-08-05,21:15:27,21.87,6.0,3.0,25.069,121.359
74DA38F7C4DE,2026-08-05,21:15:32,29.25,100.0,0.0,25.09,121.462
74DA38F210F6,2026-08-05,21:15:36,29.5,100.0,7.0,22.757426,121.158891
74DA38F7C366,2026-08-05,21:15:49,28.25,100.0,5.0,25.002,121.516
74DA38F7C610,2026-08-05,21:15:49,30.11,99.0,14.0,25.063,121.564
74DA38F21170,2026-08-05,21:15:53,27.5,81.0,5.0,22.779,121.088
74DA38ED0640,2026-08-05,21:16:00,24.37,100.0,8.0,23.154,121.266
74DA38ED04F2,2026-08-05,21:16:13,27.0,100.0,10.0,23.468,121.496
74DA38F7C310,2026-08-05,21:16:13,30.0,100.0,9.0,25.09,121.464
74DA38F20D16,2026-08-05,21:16:17,30.5,100.0,14.0,25.062,121.526
74DA38F209DE,2026-08-05,21:16:20,30.5,100.0,0.0,24.861,120.964
74DA38F7C47E,2026-08-05,21:16:23,30.0,100.0,20.0,25.053963,121.427681
74DA38F7C5BE,2026-08-05,21:16:34,29.11,98.0,13.0,25.092,121.523
74DA38F2104E,2026-08-05,21:16:38,25.0,100.0,20.0,23.108,120.7
74DA38F21048,2026-08-05,21:16:39,29.0,100.0,24.0,22.595,120.341
74DA38F7C39A,2026-08-05,21:16:39,28.36,100.0,0.0,25.002,121.414
74DA38F20D70,2026-08-05,21:16:40,28.36,100.0,0.0,23.05,121.164
74DA38F20F1C,2026-08-05,21:16:45,28.36,100.0,12.0,25.062,121.451
74DA38F20A78,2026-08-05,21:16:46,26.75,100.0,4.0,22.904,121.124
74DA38ED05EA,2026-08-05,21:16:47,28.25,100.0,11.0,23.394,121.357
74DA38F20B12,2026-08-05,21:16:48,29.11,79.0,6.0,22.91,120.716
74DA38ED059C,2026-08-05,21:16:53,26.75,100.0,11.0,23.706,121.412
74DA38F7C5CE,2026-08-05,21:16:54,28.86,95.0,0.0,25.066,121.656
74DA38F7C480,2026-08-05,21:17:01,27.75,100.0,0.0,25.061,121.432
74DA38F20B80,2026-08-05,21:17:08,29.11,100.0,0.0,22.599,120.35
74DA38F7C5AA,2026-08-05,21:17:09,27.37,100.0,0.0,25.0,121.479
74DA38F20FA4,2026-08-05,21:17:10,28.25,100.0,22.0,22.63,120.42
74DA38F20DE0,2026-08-05,21:17:11,28.86,100.0,0.0,22.589,120.328
74DA38F7C4CC,2026-08-05,21:17:21,27.62,100.0,12.0,25.062,121.451
74DA38F20D1A,2026-08-05,21:17:27,29.25,100.0,0.0,25.078,121.541
74DA38F7C3D6,2026-08-05,21:17:42,29.86,100.0,0.0,25.045,121.541
74DA38ED05B6,2026-08-05,21:17:43,26.37,100.0,12.0,23.43,121.348
74DA38F20862,2026-08-05,21:17:52,26.37,100.0,22.0,23.101,121.176
74DA38F207DE,2026-08-05,21:17:54,29.25,100.0,23.0,22.603,120.34
74DA38F209B2,2026-08-05,21:17:55,27.12,100.0,0.0,22.363,120.599
74DA38F7C5A0,2026-08-05,21:17:56,29.86,100.0,0.0,25.107,121.518
74DA38ED0630,2026-08-05,21:18:00,29.25,100.0,0.0,23.994,121.594
74DA38F20C26,2026-08-05,21:18:08,30.75,88.0,18.0,22.676,120.342
74DA38F20BF6,2026-08-05,21:18:18,30.0,100.0,17.0,22.582,120.368
74DA38F20E9E,2026-08-05,21:18:26,26.62,100.0,17.0,24.648,121.151
74DA38F7C30C,2026-08-05,21:18:28,28.75,99.0,0.0,24.975,121.532
74DA38F7C54E,2026-08-05,21:18:32,27.5,100.0,0.0,25.063,121.661
74DA38F7C260,2026-08-05,21:18:44,29.0,100.0,0.0,25.065,121.425
74DA38F7C42E,2026-08-05,21:18:48,26.87,100.0,0.0,24.969,121.514
74DA38F20C06,2026-08-05,21:18:51,31.36,70.0,17.0,24.874,121.02
74DA38F21204,2026-08-05,21:19:19,27.87,100.0,3.0,25.062,121.451
74DA38F7C514,2026-08-05,21:19:19,29.11,100.0,13.0,25.051,121.518
74DA38F20D1E,2026-08-05,21:19:21,29.86,100.0,17.0,25.048,121.573
74DA38F7C600,2026-08-05,21:19:25,22.75,47.0,12.0,25.07,121.586
74DA38F20B88,2026-08-05,21:19:32,27.37,100.0,0.0,22.75,120.316
74DA38F20EB2,2026-08-05,21:19:36,24.75,100.0,32.0,24.324,120.835
74DA38F2105C,2026-08-05,21:19:38,28.86,100.0,0.0,25.088,121.599
74DA38F7C570,2026-08-05,21:19:38,-4.0,0.0,0.0,25.239,121.63
74DA38ED0454,2026-08-05,21:19:46,30.5,100.0,24.0,24.053,121.599
74DA38F7C5E6,2026-08-05,21:19:54,30.86,100.0,7.0,25.107,121.843
74DA38ED06E0,2026-08-05,21:19:56,28.61,99.0,16.0,23.601,121.521
74DA38F7C3BA,2026-08-05,21:19:57,-4.0,0.0,98.0,25.174,121.441
74DA38F7C430,2026-08-05,21:19:58,29.5,88.0,0.0,24.981,121.423
74DA38F21024,2026-08-05,21:19:59,27.87,100.0,0.0,24.93,121.036
74DA38F20F0A,2026-08-05,21:20:01,25.5,100.0,11.0,22.995,120.635
74DA38F7C47C,2026-08-05,21:20:02,29.25,100.0,65.0,25.055,121.455
74DA38F20B26,2026-08-05,21:20:09,29.36,100.0,19.0,22.783,120.247
74DA38F7C3B2,2026-08-05,21:20:20,32.11,68.0,10.0,24.929,121.378
74DA38F7C3DE,2026-08-05,21:20:25,28.5,100.0,275.0,24.972,121.537
74DA38F20FFE,2026-08-05,21:20:27,28.25,100.0,13.0,22.894,120.298
74DA38F7C532,2026-08-05,21:20:29,28.86,97.0,14.0,25.059,121.499
74DA38F7C560,2026-08-05,21:20:34,29.5,-61.0,0.0,25.079,121.671
74DA38F208E2,2026-08-05,21:20:39,27.25,100.0,14.0,24.688,121.766
74DA38F21054,2026-08-05,21:20:45,29.5,78.0,11.0,22.898,120.627
74DA38F7C506,2026-08-05,21:20:57,28.11,100.0,0.0,24.996,121.544
74DA38F7C27E,2026-08-05,21:21:06,30.25,100.0,16.0,25.053,121.444
74DA38F7C338,2026-08-05,21:21:11,30.11,100.0,12.0,25.011,121.458
74DA38F20B82,2026-08-05,21:21:20,-4.0,0.0,0.0,22.847,120.465
74DA38F210A2,2026-08-05,21:21:20,28.75,100.0,4.0,25.12,121.466
74DA38F7C616,2026-08-05,21:21:20,29.25,100.0,0.0,25.031,121.563
74DA38F20B5C,2026-08-05,21:21:21,29.5,100.0,26.0,22.798,120.293
74DA38F21088,2026-08-05,21:21:23,29.75,100.0,0.0,25.068,121.588
74DA38F7C53C,2026-08-05,21:21:23,27.5,100.0,0.0,25.11,121.804
74DA38F209EE,2026-08-05,21:21:31,28.36,100.0,0.0,23.026,121.33
74DA38F7C59C,2026-08-05,21:21:32,30.86,83.0,26.0,25.103,121.487
74DA38F20D2E,2026-08-05,21:21:39,29.36,100.0,0.0,25.06,121.545
74DA38F210F6,2026-08-05,21:21:42,29.5,100.0,8.0,22.757426,121.158891
74DA38F7C464,2026-08-05,21:21:51,25.87,30.0,0.0,25.006,121.413
74DA38F7C366,2026-08-05,21:21:55,28.36,100.0,5.0,25.002,121.516
74DA38F7C13A,2026-08-05,21:21:56,21.87,6.0,2.0,25.069,121.359
74DA38F7C610,2026-08-05,21:21:58,30.11,100.0,16.0,25.063,121.564
74DA38F21170,2026-08-05,21:22:02,27.5,81.0,5.0,22.779,121.088
74DA38ED0640,2026-08-05,21:22:06,24.37,100.0,9.0,23.154,121.266
74DA38F7C4DE,2026-08-05,21:22:07,29.36,100.0,0.0,25.09,121.462
74DA38F2113E,2026-08-05,21:22:14,-4.0,0.0,0.0,22.728,120.313
74DA38F7C310,2026-08-05,21:22:17,30.11,100.0,9.0,25.09,121.464
74DA38F7C63C,2026-08-05,21:22:21,-4.0,0.0,11.0,24.998,121.425
74DA38ED04F2,2026-08-05,21:22:23,27.0,100.0,9.0,23.468,121.496
74DA38F20D16,2026-08-05,21:22:23,30.5,100.0,14.0,25.062,121.526
74DA38F7C47E,2026-08-05,21:22:30,29.86,100.0,20.0,25.053963,121.427681
74DA38F7C5BE,2026-08-05,21:22:40,29.25,98.0,13.0,25.092,121.523
74DA38F20D70,2026-08-05,21:22:45,28.61,100.0,0.0,23.05,121.164
74DA38F2104E,2026-08-05,21:22:46,25.0,100.0,21.0,23.108,120.7
74DA38F209DE,2026-08-05,21:22:47,30.36,100.0,0.0,24.861,120.964
74DA38ED05EA,2026-08-05,21:22:53,28.11,100.0,11.0,23.394,121.357
74DA38F20A78,2026-08-05,21:22:53,26.87,100.0,5.0,22.904,121.124
74DA38F20F1C,2026-08-05,21:22:53,28.25,100.0,12.0,25.062,121.451
74DA38F20B12,2026-08-05,21:22:55,29.11,79.0,6.0,22.91,120.716
74DA38ED059C,2026-08-05,21:23:03,26.75,100.0,10.0,23.706,121.412
74DA38F7C39A,2026-08-05,21:23:07,28.36,100.0,0.0,25.002,121.414
74DA38F21048,2026-08-05,21:23:09,28.86,100.0,22.0,22.595,120.341
74DA38F20FA4,2026-08-05,21:23:18,28.25,100.0,22.0,22.63,120.42
74DA38F7C592,2026-08-05,21:23:19,-4.0,0.0,0.0,25.224,121.637
74DA38F7C5CE,2026-08-05,21:23:21,28.75,95.0,0.0,25.066,121.656
74DA38F209A8,2026-08-05,21:23:23,-4.0,0.0,1.0,22.401,120.577
74DA38F7C3DC,2026-08-05,21:23:26,28.11,100.0,18.0,25.003,121.539
74DA38F7C4CC,2026-08-05,21:23:28,27.62,100.0,11.0,25.062,121.451
74DA38F7C480,2026-08-05,21:23:29,27.62,100.0,0.0,25.061,121.432
74DA38F20B80,2026-08-05,21:23:36,29.0,100.0,0.0,22.599,120.35
74DA38F20DE0,2026-08-05,21:23:40,29.0,100.0,0.0,22.589,120.328
74DA38ED05B6,2026-08-05,21:23:48,26.37,100.0,13.0,23.43,121.348
74DA38F20D1A,2026-08-05,21:23:55,29.25,100.0,0.0,25.078,121.541
74DA38F20862,2026-08-05,21:23:58,26.5,100.0,23.0,23.101,121.176
74DA38F207DE,2026-08-05,21:24:00,29.11,100.0,23.0,22.603,120.34
74DA38F7C5AA,2026-08-05,21:24:04,27.25,100.0,0.0,25.0,121.479
74DA38F7C3D6,2026-08-05,21:24:08,29.75,100.0,0.0,25.045,121.541
74DA38F20C26,2026-08-05,21:24:16,30.75,88.0,18.0,22.676,120.342
74DA38F209B2,2026-08-05,21:24:22,27.0,100.0,0.0,22.363,120.599
74DA38F7C5A0,2026-08-05,21:24:23,29.86,100.0,0.0,25.107,121.518
74DA38F20BF6,2026-08-05,21:24:24,30.0,100.0,17.0,22.582,120.368
74DA38ED0630,2026-08-05,21:24:27,29.11,100.0,0.0,23.994,121.594
74DA38F20E9E,2026-08-05,21:24:32,26.62,100.0,15.0,24.648,121.151
74DA38F7C30C,2026-08-05,21:24:36,28.75,99.0,0.0,24.975,121.532
74DA38F20C06,2026-08-05,21:24:58,31.5,70.0,18.0,24.874,121.02
74DA38F7C54E,2026-08-05,21:24:58,27.37,100.0,0.0,25.063,121.661
74DA38F7C260,2026-08-05,21:25:18,28.86,100.0,0.0,25.065,121.425
74DA38F20A30,2026-08-05,21:25:23,28.25,90.0,0.0,24.948,121.372
74DA38F7C514,2026-08-05,21:25:25,29.25,100.0,12.0,25.051,121.518
74DA38F21204,2026-08-05,21:25:27,27.87,100.0,3.0,25.062,121.451
74DA38F7C42E,2026-08-05,21:25:27,27.12,100.0,0.0,24.969,121.514
74DA38F7C600,2026-08-05,21:25:30,22.87,47.0,12.0,25.07,121.586
74DA38F20D1E,2026-08-05,21:25:32,29.75,100.0,17.0,25.048,121.573
74DA38F7C47C,2026-08-05,21:25:48,29.25,100.0,48.0,25.055,121.455
74DA38F20EB2,2026-08-05,21:25:51,24.62,100.0,34.0,24.324,120.835
74DA38ED0454,2026-08-05,21:25:54,30.61,100.0,23.0,24.053,121.599
74DA38F7C5E6,2026-08-05,21:25:58,30.86,100.0,7.0,25.107,121.843
74DA38F20B88,2026-08-05,21:26:02,27.37,100.0,0.0,22.75,120.316
74DA38ED06E0,2026-08-05,21:26:03,28.61,98.0,17.0,23.601,121.521
74DA38F2105C,2026-08-05,21:26:05,28.86,100.0,0.0,25.088,121.599
74DA38F20F0A,2026-08-05,21:26:08,25.5,100.0,11.0,22.995,120.635
74DA38F20B26,2026-08-05,21:26:19,29.36,100.0,20.0,22.783,120.247
74DA38F7C3DE,2026-08-05,21:26:24,28.5,100.0,272.0,24.972,121.537
74DA38F21024,2026-08-05,21:26:26,27.87,100.0,0.0,24.93,121.036
74DA38F7C430,2026-08-05,21:26:26,29.36,88.0,0.0,24.981,121.423
74DA38F7C3B2,2026-08-05,21:26:27,32.11,68.0,10.0,24.929,121.378
74DA38F7C532,2026-08-05,21:26:34,29.0,98.0,13.0,25.059,121.499
74DA38F20FFE,2026-08-05,21:26:39,28.11,100.0,13.0,22.894,120.298
74DA38F208E2,2026-08-05,21:26:44,27.37,100.0,13.0,24.688,121.766
74DA38F21054,2026-08-05,21:26:51,29.5,78.0,11.0,22.898,120.627
74DA38F7C560,2026-08-05,21:27:02,29.5,-61.0,0.0,25.079,121.671
74DA38F7C27E,2026-08-05,21:27:11,30.25,100.0,16.0,25.053,121.444
74DA38F7C41E,2026-08-05,21:27:15,29.36,83.0,0.0,25.054,121.517
74DA38F21136,2026-08-05,21:27:18,29.5,100.0,10.0,25.119,121.505
74DA38F7C338,2026-08-05,21:27:18,30.11,100.0,11.0,25.011,121.458
74DA38F210A2,2026-08-05,21:27:24,28.61,100.0,4.0,25.12,121.466
74DA38F7C506,2026-08-05,21:27:28,28.11,100.0,1.0,24.996,121.544
74DA38F20B5C,2026-08-05,21:27:30,29.5,100.0,26.0,22.798,120.293
74DA38F209EE,2026-08-05,21:27:37,28.36,100.0,0.0,23.026,121.33
74DA38F210F6,2026-08-05,21:27:46,29.5,100.0,8.0,22.757426,121.158891
74DA38F7C53C,2026-08-05,21:27:49,27.37,100.0,0.0,25.11,121.804
74DA38F21088,2026-08-05,21:27:51,29.61,100.0,0.0,25.068,121.588
74DA38F7C59C,2026-08-05,21:28:00,30.86,83.0,26.0,25.103,121.487
74DA38F7C366,2026-08-05,21:28:01,28.25,100.0,6.0,25.002,121.516
74DA38F20E6E,2026-08-05,21:28:03,26.12,100.0,0.0,24.41,120.902
74DA38F7C610,2026-08-05,21:28:03,30.11,100.0,15.0,25.063,121.564
74DA38F20D6C,2026-08-05,21:28:04,29.86,94.0,0.0,22.661,120.301
74DA38F20D2E,2026-08-05,21:28:07,29.36,100.0,0.0,25.06,121.545
74DA38ED0640,2026-08-05,21:28:14,24.37,100.0,8.0,23.154,121.266
74DA38F21170,2026-08-05,21:28:20,27.5,81.0,6.0,22.779,121.088
74DA38F7C310,2026-08-05,21:28:22,30.11,100.0,9.0,25.09,121.464
74DA38F7C464,2026-08-05,21:28:22,25.75,30.0,0.0,25.006,121.413
74DA38F7C13A,2026-08-05,21:28:23,21.87,6.0,0.0,25.069,121.359
74DA38F20D16,2026-08-05,21:28:28,30.5,100.0,15.0,25.062,121.526
74DA38ED04F2,2026-08-05,21:28:30,27.0,100.0,9.0,23.468,121.496
74DA38F7C4DE,2026-08-05,21:28:32,29.61,100.0,0.0,25.09,121.462
74DA38F7C47E,2026-08-05,21:28:38,29.86,100.0,20.0,25.053963,121.427681
74DA38F7C3BA,2026-08-05,21:28:43,-4.0,0.0,91.0,25.174,121.441
74DA38F7C566,2026-08-05,21:28:47,31.0,100.0,0.0,25.051,121.448
74DA38F7C5BE,2026-08-05,21:28:47,29.11,98.0,13.0,25.092,121.523
74DA38F20D70,2026-08-05,21:28:52,28.75,99.0,0.0,23.05,121.164
74DA38ED05EA,2026-08-05,21:28:58,28.11,100.0,11.0,23.394,121.357
74DA38F20F1C,2026-08-05,21:28:58,28.25,100.0,12.0,25.062,121.451
74DA38F20A78,2026-08-05,21:28:59,27.0,100.0,5.0,22.904,121.124
74DA38F20B12,2026-08-05,21:29:01,29.11,79.0,6.0,22.91,120.716
74DA38F209DE,2026-08-05,21:29:13,30.25,100.0,0.0,24.861,120.964
74DA38F7C570,2026-08-05,21:29:17,-4.0,0.0,0.0,25.239,121.63
74DA38ED059C,2026-08-05,21:29:19,26.62,100.0,10.0,23.706,121.412
74DA38F2113E,2026-08-05,21:29:29,-4.0,0.0,0.0,22.728,120.313
74DA38F7C39A,2026-08-05,21:29:33,28.25,100.0,0.0,25.002,121.414
74DA38F7C4CC,2026-08-05,21:29:34,27.5,100.0,11.0,25.062,121.451
74DA38F21048,2026-08-05,21:29:39,28.61,100.0,25.0,22.595,120.341
74DA38F7C3DC,2026-08-05,21:29:49,28.11,100.0,17.0,25.003,121.539
74DA38F7C5CE,2026-08-05,21:29:49,28.75,96.0,0.0,25.066,121.656
74DA38F20FA4,2026-08-05,21:29:51,28.25,100.0,22.0,22.63,120.42
74DA38ED05B6,2026-08-05,21:29:53,26.25,100.0,13.0,23.43,121.348
74DA38F7C480,2026-08-05,21:29:56,27.25,100.0,0.0,25.061,121.432
74DA38F20B80,2026-08-05,21:30:02,28.86,100.0,0.0,22.599,120.35
74DA38F20862,2026-08-05,21:30:04,26.37,100.0,19.0,23.101,121.176
74DA38F207DE,2026-08-05,21:30:06,29.0,100.0,24.0,22.603,120.34
74DA38F20DE0,2026-08-05,21:30:08,29.0,100.0,0.0,22.589,120.328
74DA38F20D1A,2026-08-05,21:30:22,29.11,100.0,0.0,25.078,121.541
74DA38F20C26,2026-08-05,21:30:24,30.86,88.0,17.0,22.676,120.342
74DA38F20BF6,2026-08-05,21:30:29,30.0,100.0,17.0,22.582,120.368
74DA38F7C3D6,2026-08-05,21:30:35,29.75,100.0,0.0,25.045,121.541
74DA38F20E9E,2026-08-05,21:30:38,26.62,100.0,13.0,24.648,121.151
74DA38F209B2,2026-08-05,21:30:49,27.0,100.0,0.0,22.363,120.599
74DA38F7C5A0,2026-08-05,21:30:51,29.75,100.0,0.0,25.107,121.518
74DA38F20B82,2026-08-05,21:30:52,-4.0,0.0,0.0,22.847,120.465
74DA38F7C30C,2026-08-05,21:30:52,28.5,99.0,0.0,24.975,121.532
74DA38ED0630,2026-08-05,21:30:55,29.25,100.0,0.0,23.994,121.594
74DA38F20C06,2026-08-05,21:31:03,31.36,70.0,17.0,24.874,121.02
74DA38F7C5AA,2026-08-05,21:31:03,27.25,100.0,0.0,25.0,121.479
74DA38F7C54E,2026-08-05,21:31:26,27.5,100.0,0.0,25.063,121.661
74DA38F7C514,2026-08-05,21:31:33,29.36,100.0,12.0,25.051,121.518
74DA38F7C600,2026-08-05,21:31:36,22.87,47.0,12.0,25.07,121.586
74DA38F21204,2026-08-05,21:31:38,27.87,100.0,3.0,25.062,121.451
74DA38F20D1E,2026-08-05,21:31:39,29.61,100.0,17.0,25.048,121.573
74DA38F7C47C,2026-08-05,21:31:41,29.36,100.0,71.0,25.055,121.455
74DA38F7C260,2026-08-05,21:31:48,28.61,100.0,0.0,25.065,121.425
74DA38F20A30,2026-08-05,21:31:51,27.75,90.0,0.0,24.948,121.372
74DA38F7C63C,2026-08-05,21:31:54,-4.0,0.0,11.0,24.998,121.425
74DA38F7C42E,2026-08-05,21:31:55,26.75,100.0,0.0,24.969,121.514
74DA38F20EB2,2026-08-05,21:32:03,24.75,100.0,34.0,24.324,120.835
74DA38F7C5E6,2026-08-05,21:32:04,30.86,100.0,7.0,25.107,121.843
74DA38ED0454,2026-08-05,21:32:08,30.5,100.0,23.0,24.053,121.599
74DA38ED06E0,2026-08-05,21:32:11,28.61,98.0,17.0,23.601,121.521
74DA38F20F0A,2026-08-05,21:32:13,25.5,100.0,11.0,22.995,120.635
74DA38F7C3DE,2026-08-05,21:32:23,28.36,100.0,299.0,24.972,121.537
74DA38F20B26,2026-08-05,21:32:28,29.5,100.0,20.0,22.783,120.247
74DA38F20B88,2026-08-05,21:32:32,27.25,100.0,0.0,22.75,120.316
74DA38F2105C,2026-08-05,21:32:32,28.86,100.0,0.0,25.088,121.599
74DA38F7C3B2,2026-08-05,21:32:33,32.11,68.0,10.0,24.929,121.378
74DA38F7C532,2026-08-05,21:32:41,28.75,98.0,14.0,25.059,121.499
74DA38F20FFE,2026-08-05,21:32:46,28.11,100.0,12.0,22.894,120.298
74DA38F208E2,2026-08-05,21:32:50,27.5,100.0,15.0,24.688,121.766
74DA38F21024,2026-08-05,21:32:52,27.87,100.0,0.0,24.93,121.036
74DA38F7C430,2026-08-05,21:32:54,29.25,88.0,0.0,24.981,121.423
74DA38F21054,2026-08-05,21:32:56,29.5,78.0,11.0,22.898,120.627
74DA38F7C592,2026-08-05,21:32:59,-4.0,0.0,0.0,25.224,121.637
74DA38F209A8,2026-08-05,21:33:03,-4.0,0.0,1.0,22.401,120.577
74DA38F7C27E,2026-08-05,21:33:18,30.25,100.0,14.0,25.053,121.444
74DA38F210A2,2026-08-05,21:33:29,28.61,100.0,4.0,25.12,121.466
74DA38F7C560,2026-08-05,21:33:29,29.5,-61.0,0.0,25.079,121.671
74DA38F21136,2026-08-05,21:33:32,29.5,100.0,10.0,25.119,121.505
74DA38F20B5C,2026-08-05,21:33:36,29.5,100.0,24.0,22.798,120.293
74DA38F209EE,2026-08-05,21:33:42,28.25,100.0,0.0,23.026,121.33
74DA38F7C616,2026-08-05,21:33:50,29.36,100.0,0.0,25.031,121.563
74DA38F210F6,2026-08-05,21:33:51,29.5,100.0,8.0,22.757426,121.158891
74DA38F7C506,2026-08-05,21:33:57,28.0,100.0,0.0,24.996,121.544
74DA38F7C41E,2026-08-05,21:34:04,29.36,83.0,0.0,25.054,121.517
74DA38F20E6E,2026-08-05,21:34:05,26.0,100.0,0.0,24.41,120.902
74DA38F7C366,2026-08-05,21:34:07,28.25,100.0,6.0,25.002,121.516
74DA38F2104E,2026-08-05,21:34:09,24.75,100.0,20.0,23.108,120.7
74DA38F7C610,2026-08-05,21:34:09,30.11,100.0,15.0,25.063,121.564
74DA38F7C53C,2026-08-05,21:34:17,27.25,100.0,0.0,25.11,121.804
74DA38F21088,2026-08-05,21:34:21,29.5,100.0,0.0,25.068,121.588
74DA38ED0640,2026-08-05,21:34:22,24.25,100.0,8.0,23.154,121.266
74DA38F7C310,2026-08-05,21:34:27,30.25,100.0,9.0,25.09,121.464
74DA38F21170,2026-08-05,21:34:28,27.5,81.0,6.0,22.779,121.088
74DA38F7C59C,2026-08-05,21:34:28,30.75,83.0,25.0,25.103,121.487
74DA38F20D16,2026-08-05,21:34:33,30.5,100.0,14.0,25.062,121.526
74DA38F20D2E,2026-08-05,21:34:36,29.25,100.0,0.0,25.06,121.545
74DA38ED04F2,2026-08-05,21:34:37,27.0,100.0,9.0,23.468,121.496
74DA38F7C4DE,2026-08-05,21:34:43,29.75,100.0,0.0,25.09,121.462
74DA38F7C47E,2026-08-05,21:34:45,30.0,100.0,21.0,25.053963,121.427681
74DA38F7C464,2026-08-05,21:34:50,25.75,30.0,0.0,25.006,121.413
74DA38F7C13A,2026-08-05,21:34:51,21.87,6.0,0.0,25.069,121.359
74DA38F7C5BE,2026-08-05,21:34:53,29.11,97.0,14.0,25.092,121.523
74DA38F20D70,2026-08-05,21:34:57,28.75,98.0,0.0,23.05,121.164
74DA38F20A78,2026-08-05,21:35:04,27.0,100.0,5.0,22.904,121.124
74DA38F20F1C,2026-08-05,21:35:04,28.25,100.0,12.0,25.062,121.451
74DA38ED05EA,2026-08-05,21:35:05,28.11,100.0,11.0,23.394,121.357
74DA38F20B12,2026-08-05,21:35:07,29.11,79.0,6.0,22.91,120.716
74DA38ED059C,2026-08-05,21:35:34,26.5,100.0,10.0,23.706,121.412
74DA38F209DE,2026-08-05,21:35:41,30.25,100.0,0.0,24.861,120.964
74DA38F7C4CC,2026-08-05,21:35:41,27.62,100.0,11.0,25.062,121.451
74DA38ED05B6,2026-08-05,21:36:00,26.12,100.0,12.0,23.43,121.348
74DA38F20FA4,2026-08-05,21:36:01,28.25,100.0,23.0,22.63,120.42
74DA38F7C39A,2026-08-05,21:36:01,28.25,100.0,0.0,25.002,121.414
74DA38F21048,2026-08-05,21:36:08,28.5,100.0,21.0,22.595,120.341
74DA38F20862,2026-08-05,21:36:11,26.25,100.0,16.0,23.101,121.176
74DA38F207DE,2026-08-05,21:36:13,28.86,100.0,24.0,22.603,120.34
74DA38F7C5CE,2026-08-05,21:36:16,28.75,96.0,0.0,25.066,121.656
74DA38F7C3DC,2026-08-05,21:36:22,27.87,100.0,17.0,25.003,121.539
74DA38F7C480,2026-08-05,21:36:24,27.12,100.0,0.0,25.061,121.432
74DA38F20B80,2026-08-05,21:36:28,28.75,100.0,3.0,22.599,120.35
74DA38F20BF6,2026-08-05,21:36:34,30.0,100.0,17.0,22.582,120.368
74DA38F20C26,2026-08-05,21:36:34,31.0,88.0,18.0,22.676,120.342
74DA38F20DE0,2026-08-05,21:36:37,29.11,100.0,0.0,22.589,120.328
74DA38F20E9E,2026-08-05,21:36:45,26.62,100.0,15.0,24.648,121.151
74DA38F2113E,2026-08-05,21:36:48,-4.0,0.0,0.0,22.728,120.313
74DA38F20D1A,2026-08-05,21:36:54,29.25,100.0,0.0,25.078,121.541
74DA38F7C30C,2026-08-05,21:37:01,28.36,100.0,0.0,24.975,121.532
74DA38F7C3D6,2026-08-05,21:37:01,29.75,100.0,0.0,25.045,121.541
74DA38F20C06,2026-08-05,21:37:09,31.36,70.0,17.0,24.874,121.02
74DA38F209B2,2026-08-05,21:37:15,27.0,100.0,0.0,22.363,120.599
74DA38F7C5A0,2026-08-05,21:37:19,29.75,100.0,0.0,25.107,121.518
74DA38ED0630,2026-08-05,21:37:22,29.25,100.0,0.0,23.994,121.594
74DA38F7C3BA,2026-08-05,21:37:30,-4.0,0.0,90.0,25.174,121.441
74DA38F7C5AA,2026-08-05,21:37:34,27.5,100.0,0.0,25.0,121.479
74DA38F7C47C,2026-08-05,21:37:37,29.36,100.0,72.0,25.055,121.455
74DA38F7C514,2026-08-05,21:37:42,29.11,100.0,13.0,25.051,121.518
74DA38F7C600,2026-08-05,21:37:42,22.87,47.0,12.0,25.07,121.586
74DA38F21204,2026-08-05,21:37:46,27.75,100.0,3.0,25.062,121.451
74DA38F20D1E,2026-08-05,21:37:47,29.5,100.0,17.0,25.048,121.573
74DA38F7C54E,2026-08-05,21:37:52,27.5,100.0,0.0,25.063,121.661
74DA38F7C5E6,2026-08-05,21:38:10,30.75,100.0,7.0,25.107,121.843
74DA38ED0454,2026-08-05,21:38:15,30.61,100.0,22.0,24.053,121.599
74DA38F20EB2,2026-08-05,21:38:17,24.75,100.0,35.0,24.324,120.835
74DA38ED06E0,2026-08-05,21:38:19,28.75,98.0,17.0,23.601,121.521
74DA38F20A30,2026-08-05,21:38:19,27.62,91.0,0.0,24.948,121.372
74DA38F7C260,2026-08-05,21:38:19,28.75,100.0,0.0,25.065,121.425
74DA38F20F0A,2026-08-05,21:38:20,25.62,100.0,11.0,22.995,120.635
74DA38F7C3DE,2026-08-05,21:38:23,28.25,100.0,283.0,24.972,121.537
74DA38F7C42E,2026-08-05,21:38:31,26.62,100.0,0.0,24.969,121.514
74DA38F7C3B2,2026-08-05,21:38:38,32.11,68.0,10.0,24.929,121.378
74DA38F20B26,2026-08-05,21:38:45,29.5,100.0,20.0,22.783,120.247
74DA38F7C532,2026-08-05,21:38:46,28.86,100.0,14.0,25.059,121.499
74DA38F208E2,2026-08-05,21:38:55,27.5,100.0,14.0,24.688,121.766
74DA38F20FFE,2026-08-05,21:38:55,27.87,100.0,12.0,22.894,120.298
74DA38F7C570,2026-08-05,21:38:58,-4.0,0.0,0.0,25.239,121.63
74DA38F2105C,2026-08-05,21:38:59,28.75,100.0,0.0,25.088,121.599
74DA38F21054,2026-08-05,21:39:02,29.61,78.0,12.0,22.898,120.627
74DA38F20B88,2026-08-05,21:39:18,27.37,100.0,0.0,22.75,120.316
74DA38F21024,2026-08-05,21:39:20,27.87,100.0,0.0,24.93,121.036
74DA38F7C430,2026-08-05,21:39:21,29.25,88.0,0.0,24.981,121.423
74DA38F7C27E,2026-08-05,21:39:22,30.25,100.0,13.0,25.053,121.444
74DA38F210A2,2026-08-05,21:39:35,28.61,100.0,4.0,25.12,121.466
74DA38F20B5C,2026-08-05,21:39:41,29.5,100.0,20.0,22.798,120.293
74DA38F21136,2026-08-05,21:39:42,29.5,100.0,11.0,25.119,121.505
74DA38F209EE,2026-08-05,21:39:48,28.25,100.0,0.0,23.026,121.33
74DA38F210F6,2026-08-05,21:39:56,29.5,100.0,7.0,22.757426,121.158891
74DA38F7C560,2026-08-05,21:39:57,29.5,-61.0,0.0,25.079,121.671
74DA38F7C616,2026-08-05,21:39:57,29.25,100.0,0.0,25.031,121.563
74DA38F7C366,2026-08-05,21:40:13,28.25,100.0,6.0,25.002,121.516
74DA38F7C610,2026-08-05,21:40:15,30.11,100.0,15.0,25.063,121.564
74DA38F20B82,2026-08-05,21:40:24,-4.0,0.0,0.0,22.847,120.465
74DA38F7C506,2026-08-05,21:40:26,27.75,100.0,0.0,24.996,121.544
74DA38F7C310,2026-08-05,21:40:32,30.36,100.0,10.0,25.09,121.464
74DA38F7C338,2026-08-05,21:40:32,30.11,100.0,11.0,25.011,121.458
74DA38F21170,2026-08-05,21:40:34,27.5,81.0,5.0,22.779,121.088
74DA38ED0640,2026-08-05,21:40:36,24.62,100.0,9.0,23.154,121.266
74DA38F20D16,2026-08-05,21:40:39,30.5,100.0,15.0,25.062,121.526
74DA38F7C53C,2026-08-05,21:40:44,27.12,100.0,0.0,25.11,121.804
74DA38ED04F2,2026-08-05,21:40:45,26.87,100.0,10.0,23.468,121.496
74DA38F21088,2026-08-05,21:40:49,29.36,100.0,0.0,25.068,121.588
74DA38F7C47E,2026-08-05,21:40:52,29.86,100.0,21.0,25.053963,121.427681
74DA38F7C59C,2026-08-05,21:40:56,30.75,83.0,23.0,25.103,121.487
74DA38F7C5BE,2026-08-05,21:40:59,29.25,97.0,13.0,25.092,121.523
74DA38F20D2E,2026-08-05,21:41:03,29.25,100.0,0.0,25.06,121.545
74DA38F20D70,2026-08-05,21:41:04,28.75,98.0,0.0,23.05,121.164
74DA38F20F1C,2026-08-05,21:41:09,28.11,100.0,11.0,25.062,121.451
74DA38ED05EA,2026-08-05,21:41:10,28.11,100.0,11.0,23.394,121.357
74DA38F20A78,2026-08-05,21:41:10,27.0,100.0,5.0,22.904,121.124
74DA38F20B12,2026-08-05,21:41:12,29.11,79.0,6.0,22.91,120.716
74DA38F7C464,2026-08-05,21:41:17,25.87,30.0,0.0,25.006,121.413
74DA38F7C13A,2026-08-05,21:41:19,21.87,6.0,0.0,25.069,121.359
74DA38F7C63C,2026-08-05,21:41:26,-4.0,0.0,11.0,24.998,121.425
74DA38F7C4CC,2026-08-05,21:41:49,27.62,100.0,11.0,25.062,121.451
74DA38ED059C,2026-08-05,21:41:52,26.75,100.0,10.0,23.706,121.412
74DA38ED05B6,2026-08-05,21:42:08,26.12,100.0,13.0,23.43,121.348
74DA38F209DE,2026-08-05,21:42:09,30.0,100.0,0.0,24.861,120.964
74DA38F20FA4,2026-08-05,21:42:12,28.36,100.0,25.0,22.63,120.42
74DA38F207DE,2026-08-05,21:42:18,28.75,100.0,23.0,22.603,120.34
74DA38F20862,2026-08-05,21:42:18,26.37,100.0,19.0,23.101,121.176
74DA38F7C39A,2026-08-05,21:42:30,28.36,100.0,0.0,25.002,121.414
74DA38F20BF6,2026-08-05,21:42:38,30.0,100.0,17.0,22.582,120.368
74DA38F21048,2026-08-05,21:42:38,28.61,100.0,22.0,22.595,120.341
74DA38F209A8,2026-08-05,21:42:41,-4.0,0.0,0.0,22.401,120.577
74DA38F7C592,2026-08-05,21:42:41,-4.0,0.0,0.0,25.224,121.637
74DA38F20C26,2026-08-05,21:42:42,31.0,88.0,20.0,22.676,120.342
74DA38F7C5CE,2026-08-05,21:42:43,28.75,95.0,0.0,25.066,121.656
74DA38F20E9E,2026-08-05,21:42:51,26.62,100.0,15.0,24.648,121.151
74DA38F7C3DC,2026-08-05,21:42:51,28.0,100.0,17.0,25.003,121.539
74DA38F7C480,2026-08-05,21:42:52,27.0,100.0,0.0,25.061,121.432
74DA38F20B80,2026-08-05,21:42:55,28.86,100.0,8.0,22.599,120.35
74DA38F20DE0,2026-08-05,21:43:05,29.0,100.0,0.0,22.589,120.328
74DA38F7C30C,2026-08-05,21:43:08,28.11,100.0,0.0,24.975,121.532
74DA38F20C06,2026-08-05,21:43:15,31.36,70.0,18.0,24.874,121.02
74DA38F20D1A,2026-08-05,21:43:24,29.25,100.0,1.0,25.078,121.541
74DA38F7C3D6,2026-08-05,21:43:29,29.86,100.0,0.0,25.045,121.541
74DA38F7C47C,2026-08-05,21:43:30,29.36,100.0,62.0,25.055,121.455
74DA38F209B2,2026-08-05,21:43:42,27.12,100.0,0.0,22.363,120.599
74DA38F7C5A0,2026-08-05,21:43:46,29.75,100.0,0.0,25.107,121.518
74DA38F7C600,2026-08-05,21:43:47,22.75,47.0,12.0,25.07,121.586
74DA38F7C514,2026-08-05,21:43:48,29.11,100.0,13.0,25.051,121.518
74DA38ED0630,2026-08-05,21:43:49,29.11,100.0,0.0,23.994,121.594
74DA38F21204,2026-08-05,21:43:56,27.75,100.0,3.0,25.062,121.451
74DA38F20D1E,2026-08-05,21:43:59,29.5,100.0,16.0,25.048,121.573
74DA38F2113E,2026-08-05,21:44:05,-4.0,0.0,0.0,22.728,120.313
74DA38F7C5E6,2026-08-05,21:44:15,30.86,100.0,7.0,25.107,121.843
74DA38F7C54E,2026-08-05,21:44:19,27.5,100.0,0.0,25.063,121.661
74DA38F7C3DE,2026-08-05,21:44:23,28.11,100.0,284.0,24.972,121.537
74DA38F7C5AA,2026-08-05,21:44:23,27.12,100.0,1.0,25.0,121.479
74DA38ED0454,2026-08-05,21:44:26,30.61,100.0,23.0,24.053,121.599
74DA38ED06E0,2026-08-05,21:44:26,28.61,98.0,16.0,23.601,121.521
74DA38F20F0A,2026-08-05,21:44:26,25.62,100.0,11.0,22.995,120.635
74DA38F20EB2,2026-08-05,21:44:29,24.62,100.0,34.0,24.324,120.835
74DA38F7C3B2,2026-08-05,21:44:44,32.11,68.0,10.0,24.929,121.378
74DA38F7C260,2026-08-05,21:44:46,28.75,100.0,0.0,25.065,121.425
74DA38F20A30,2026-08-05,21:44:47,27.62,91.0,0.0,24.948,121.372
74DA38F7C532,2026-08-05,21:44:51,28.86,100.0,14.0,25.059,121.499
74DA38F7C42E,2026-08-05,21:44:59,26.37,100.0,0.0,24.969,121.514
74DA38F208E2,2026-08-05,21:45:00,27.37,100.0,14.0,24.688,121.766
74DA38F20FFE,2026-08-05,21:45:03,27.75,100.0,12.0,22.894,120.298
74DA38F21054,2026-08-05,21:45:08,29.5,78.0,12.0,22.898,120.627
74DA38F20B26,2026-08-05,21:45:20,29.5,100.0,20.0,22.783,120.247
74DA38F2105C,2026-08-05,21:45:26,28.61,100.0,0.0,25.088,121.599
74DA38F7C27E,2026-08-05,21:45:27,30.11,100.0,12.0,25.053,121.444
74DA38F210A2,2026-08-05,21:45:40,28.61,100.0,5.0,25.12,121.466
74DA38F21024,2026-08-05,21:45:46,27.75,100.0,0.0,24.93,121.036
74DA38F20B5C,2026-08-05,21:45:49,29.5,100.0,21.0,22.798,120.293
74DA38F7C430,2026-08-05,21:45:49,29.36,88.0,0.0,24.981,121.423
74DA38F209EE,2026-08-05,21:45:52,28.25,100.0,0.0,23.026,121.33
74DA38F21136,2026-08-05,21:45:57,29.5,100.0,11.0,25.119,121.505
74DA38F210F6,2026-08-05,21:46:01,29.36,100.0,8.0,22.757426,121.158891
74DA38F7C616,2026-08-05,21:46:05,29.25,100.0,0.0,25.031,121.563
74DA38F7C3BA,2026-08-05,21:46:16,-4.0,0.0,93.0,25.174,121.441
74DA38F20B88,2026-08-05,21:46:18,27.37,100.0,0.0,22.75,120.316
74DA38F7C366,2026-08-05,21:46:19,28.25,100.0,5.0,25.002,121.516
74DA38F7C610,2026-08-05,21:46:23,30.11,100.0,16.0,25.063,121.564
74DA38F7C560,2026-08-05,21:46:25,29.36,-61.0,0.0,25.079,121.671
74DA38F7C310,2026-08-05,21:46:37,30.36,100.0,10.0,25.09,121.464
74DA38F21170,2026-08-05,21:46:39,27.5,80.0,5.0,22.779,121.088
74DA38ED0640,2026-08-05,21:46:44,24.62,100.0,9.0,23.154,121.266
74DA38F20D16,2026-08-05,21:46:45,30.5,100.0,14.0,25.062,121.526
74DA38ED04F2,2026-08-05,21:46:53,26.87,100.0,10.0,23.468,121.496
74DA38F7C506,2026-08-05,21:46:53,27.87,100.0,0.0,24.996,121.544
74DA38F7C566,2026-08-05,21:46:56,30.86,100.0,0.0,25.051,121.448
74DA38F7C47E,2026-08-05,21:46:59,30.0,100.0,20.0,25.053963,121.427681
74DA38F7C5BE,2026-08-05,21:47:05,29.25,97.0,14.0,25.092,121.523
74DA38F7C338,2026-08-05,21:47:06,30.11,100.0,12.0,25.011,121.458
74DA38F20D70,2026-08-05,21:47:10,28.75,98.0,0.0,23.05,121.164
74DA38F7C53C,2026-08-05,21:47:10,27.12,100.0,0.0,25.11,121.804
74DA38ED05EA,2026-08-05,21:47:14,28.11,100.0,11.0,23.394,121.357
74DA38F20F1C,2026-08-05,21:47:15,28.25,100.0,12.0,25.062,121.451
74DA38F20A78,2026-08-05,21:47:17,26.87,100.0,5.0,22.904,121.124
74DA38F21088,2026-08-05,21:47:17,29.25,100.0,0.0,25.068,121.588
74DA38F20B12,2026-08-05,21:47:18,29.0,79.0,6.0,22.91,120.716
74DA38F7C59C,2026-08-05,21:47:23,30.61,83.0,22.0,25.103,121.487
74DA38F7C4DE,2026-08-05,21:47:28,29.86,100.0,0.0,25.09,121.462
74DA38F20D2E,2026-08-05,21:47:31,29.25,100.0,0.0,25.06,121.545
74DA38F7C464,2026-08-05,21:47:44,25.87,30.0,0.0,25.006,121.413
74DA38F7C13A,2026-08-05,21:47:45,21.87,6.0,0.0,25.069,121.359
74DA38F7C41E,2026-08-05,21:47:49,29.25,84.0,0.0,25.054,121.517
74DA38F7C4CC,2026-08-05,21:47:54,27.75,100.0,11.0,25.062,121.451
74DA38ED059C,2026-08-05,21:48:01,26.87,100.0,10.0,23.706,121.412
74DA38ED05B6,2026-08-05,21:48:14,26.0,100.0,12.0,23.43,121.348
74DA38F20862,2026-08-05,21:48:24,26.37,100.0,18.0,23.101,121.176
74DA38F20FA4,2026-08-05,21:48:28,28.25,100.0,24.0,22.63,120.42
74DA38F207DE,2026-08-05,21:48:31,28.75,100.0,24.0,22.603,120.34
74DA38F209DE,2026-08-05,21:48:35,30.0,100.0,0.0,24.861,120.964
74DA38F7C570,2026-08-05,21:48:39,-4.0,0.0,0.0,25.239,121.63
74DA38F20BF6,2026-08-05,21:48:44,30.0,100.0,17.0,22.582,120.368
74DA38F20C26,2026-08-05,21:48:51,31.0,88.0,19.0,22.676,120.342
74DA38F20E9E,2026-08-05,21:48:57,26.62,100.0,15.0,24.648,121.151
74DA38F7C39A,2026-08-05,21:48:57,28.25,100.0,0.0,25.002,121.414
74DA38F21048,2026-08-05,21:49:07,28.75,100.0,22.0,22.595,120.341
74DA38F7C5CE,2026-08-05,21:49:10,28.75,95.0,0.0,25.066,121.656
74DA38F7C3DC,2026-08-05,21:49:13,28.0,100.0,18.0,25.003,121.539
74DA38F7C30C,2026-08-05,21:49:19,28.25,100.0,0.0,24.975,121.532
74DA38F7C480,2026-08-05,21:49:19,26.87,100.0,0.0,25.061,121.432
74DA38F20B80,2026-08-05,21:49:21,28.86,100.0,9.0,22.599,120.35
74DA38F20C06,2026-08-05,21:49:22,31.36,70.0,18.0,24.874,121.02
74DA38F7C47C,2026-08-05,21:49:30,29.5,100.0,72.0,25.055,121.455
74DA38F20DE0,2026-08-05,21:49:33,29.11,100.0,0.0,22.589,120.328
74DA38F20D1A,2026-08-05,21:49:52,29.36,100.0,0.0,25.078,121.541
74DA38F7C600,2026-08-05,21:49:53,22.75,47.0,12.0,25.07,121.586
74DA38F20B82,2026-08-05,21:49:56,-4.0,0.0,0.0,22.847,120.465
74DA38F7C3D6,2026-08-05,21:49:56,29.86,100.0,0.0,25.045,121.541
74DA38F7C514,2026-08-05,21:49:56,28.86,100.0,13.0,25.051,121.518
74DA38F20D1E,2026-08-05,21:50:07,29.5,100.0,16.0,25.048,121.573
74DA38F209B2,2026-08-05,21:50:09,27.12,100.0,0.0,22.363,120.599
74DA38F21204,2026-08-05,21:50:14,27.75,100.0,4.0,25.062,121.451
74DA38F7C5A0,2026-08-05,21:50:14,29.75,100.0,0.0,25.107,121.518
74DA38ED0630,2026-08-05,21:50:17,29.25,100.0,0.0,23.994,121.594
74DA38F7C5E6,2026-08-05,21:50:20,30.86,100.0,7.0,25.107,121.843
74DA38F7C3DE,2026-08-05,21:50:22,28.11,100.0,290.0,24.972,121.537
74DA38ED0454,2026-08-05,21:50:34,30.36,100.0,24.0,24.053,121.599
74DA38ED06E0,2026-08-05,21:50:34,28.5,98.0,16.0,23.601,121.521
74DA38F20F0A,2026-08-05,21:50:35,25.5,100.0,11.0,22.995,120.635
74DA38F20EB2,2026-08-05,21:50:41,24.75,100.0,35.0,24.324,120.835
74DA38F2104E,2026-08-05,21:50:43,24.37,100.0,19.0,23.108,120.7
74DA38F7C54E,2026-08-05,21:50:46,27.5,100.0,0.0,25.063,121.661
74DA38F7C3B2,2026-08-05,21:50:49,32.11,68.0,9.0,24.929,121.378
74DA38F7C5AA,2026-08-05,21:50:52,27.12,100.0,0.0,25.0,121.479
74DA38F7C532,2026-08-05,21:50:57,29.11,100.0,14.0,25.059,121.499
74DA38F7C63C,2026-08-05,21:50:58,-4.0,0.0,10.0,24.998,121.425
74DA38F208E2,2026-08-05,21:51:05,27.25,100.0,14.0,24.688,121.766
74DA38F20FFE,2026-08-05,21:51:13,27.62,100.0,15.0,22.894,120.298
74DA38F21054,2026-08-05,21:51:14,29.5,78.0,12.0,22.898,120.627
74DA38F7C260,2026-08-05,21:51:14,28.75,100.0,0.0,25.065,121.425
74DA38F20A30,2026-08-05,21:51:16,27.75,91.0,0.0,24.948,121.372
74DA38F2113E,2026-08-05,21:51:20,-4.0,0.0,0.0,22.728,120.313
74DA38F7C42E,2026-08-05,21:51:26,26.37,100.0,0.0,24.969,121.514
74DA38F7C27E,2026-08-05,21:51:35,30.11,100.0,13.0,25.053,121.444
74DA38F210A2,2026-08-05,21:51:45,28.61,100.0,5.0,25.12,121.466
74DA38F2105C,2026-08-05,21:51:53,28.75,100.0,0.0,25.088,121.599
74DA38F20B5C,2026-08-05,21:51:55,29.5,100.0,21.0,22.798,120.293
74DA38F209EE,2026-08-05,21:51:58,28.25,100.0,0.0,23.026,121.33
74DA38F210F6,2026-08-05,21:52:06,29.36,100.0,8.0,22.757426,121.158891
74DA38F21024,2026-08-05,21:52:14,28.0,100.0,0.0,24.93,121.036
74DA38F7C430,2026-08-05,21:52:17,29.36,88.0,0.0,24.981,121.423
74DA38F209A8,2026-08-05,21:52:20,-4.0,0.0,0.0,22.401,120.577
74DA38F7C592,2026-08-05,21:52:20,-4.0,0.0,0.0,25.224,121.637
74DA38F7C616,2026-08-05,21:52:21,29.36,100.0,0.0,25.031,121.563
74DA38F7C366,2026-08-05,21:52:24,28.36,100.0,5.0,25.002,121.516
74DA38F7C610,2026-08-05,21:52:29,30.25,100.0,15.0,25.063,121.564
74DA38F7C310,2026-08-05,21:52:41,30.36,100.0,9.0,25.09,121.464
74DA38F20E6E,2026-08-05,21:52:43,25.75,100.0,0.0,24.41,120.902
74DA38F21170,2026-08-05,21:52:46,27.75,80.0,5.0,22.779,121.088
74DA38F20B88,2026-08-05,21:52:48,27.37,100.0,0.0,22.75,120.316
74DA38ED0640,2026-08-05,21:52:50,24.75,100.0,9.0,23.154,121.266
74DA38F20D16,2026-08-05,21:52:51,30.5,100.0,15.0,25.062,121.526
74DA38F7C560,2026-08-05,21:52:52,29.25,-61.0,0.0,25.079,121.671
74DA38ED04F2,2026-08-05,21:53:00,26.87,100.0,10.0,23.468,121.496
74DA38F7C47E,2026-08-05,21:53:06,30.0,100.0,21.0,25.053963,121.427681
74DA38F7C5BE,2026-08-05,21:53:11,29.36,97.0,13.0,25.092,121.523
74DA38F7C338,2026-08-05,21:53:13,30.11,100.0,12.0,25.011,121.458
74DA38F20D70,2026-08-05,21:53:17,28.75,98.0,1.0,23.05,121.164
74DA38ED05EA,2026-08-05,21:53:20,28.0,100.0,11.0,23.394,121.357
74DA38F20F1C,2026-08-05,21:53:21,28.25,100.0,12.0,25.062,121.451
74DA38F7C506,2026-08-05,21:53:21,28.0,100.0,0.0,24.996,121.544
74DA38F20A78,2026-08-05,21:53:23,26.87,100.0,5.0,22.904,121.124
74DA38F20B12,2026-08-05,21:53:23,29.0,80.0,6.0,22.91,120.716
74DA38F7C53C,2026-08-05,21:53:37,27.12,100.0,0.0,25.11,121.804
74DA38F21088,2026-08-05,21:53:46,29.11,100.0,1.0,25.068,121.588
74DA38F7C4DE,2026-08-05,21:53:49,29.86,100.0,0.0,25.09,121.462
74DA38F7C59C,2026-08-05,21:53:51,30.36,83.0,21.0,25.103,121.487
74DA38F20D2E,2026-08-05,21:54:00,29.25,100.0,0.0,25.06,121.545
74DA38F7C4CC,2026-08-05,21:54:00,27.62,100.0,11.0,25.062,121.451
74DA38F7C464,2026-08-05,21:54:12,25.87,30.0,0.0,25.006,121.413
74DA38F7C13A,2026-08-05,21:54:13,21.87,6.0,0.0,25.069,121.359
74DA38ED059C,2026-08-05,21:54:15,26.87,100.0,11.0,23.706,121.412
74DA38ED05B6,2026-08-05,21:54:19,25.87,100.0,12.0,23.43,121.348
74DA38F20862,2026-08-05,21:54:31,26.37,100.0,16.0,23.101,121.176
74DA38F207DE,2026-08-05,21:54:38,28.75,100.0,23.0,22.603,120.34
74DA38F20FA4,2026-08-05,21:54:41,28.25,100.0,24.0,22.63,120.42
74DA38F20BF6,2026-08-05,21:54:49,30.0,100.0,17.0,22.582,120.368
74DA38F20C26,2026-08-05,21:54:59,31.11,88.0,18.0,22.676,120.342
74DA38F209DE,2026-08-05,21:55:03,30.0,100.0,0.0,24.861,120.964
74DA38F20E9E,2026-08-05,21:55:04,26.62,100.0,14.0,24.648,121.151
74DA38F7C3BA,2026-08-05,21:55:09,-4.0,0.0,123.0,25.174,121.441
74DA38F7C39A,2026-08-05,21:55:25,28.25,100.0,0.0,25.002,121.414
74DA38F7C47C,2026-08-05,21:55:25,29.5,100.0,67.0,25.055,121.455
74DA38F7C30C,2026-08-05,21:55:27,28.25,100.0,0.0,24.975,121.532
74DA38F20C06,2026-08-05,21:55:30,31.36,70.0,18.0,24.874,121.02
74DA38F21048,2026-08-05,21:55:37,28.61,100.0,23.0,22.595,120.341
74DA38F7C5CE,2026-08-05,21:55:38,28.86,95.0,0.0,25.066,121.656
74DA38F7C480,2026-08-05,21:55:48,26.75,100.0,0.0,25.061,121.432
74DA38F20B80,2026-08-05,21:55:49,28.86,100.0,6.0,22.599,120.35
74DA38F7C600,2026-08-05,21:55:58,22.75,47.0,11.0,25.07,121.586
74DA38F20DE0,2026-08-05,21:56:00,29.25,100.0,0.0,22.589,120.328
74DA38F7C514,2026-08-05,21:56:04,28.86,100.0,13.0,25.051,121.518
74DA38F20D1E,2026-08-05,21:56:15,29.5,100.0,16.0,25.048,121.573
74DA38F7C3DE,2026-08-05,21:56:21,28.25,100.0,304.0,24.972,121.537
74DA38F20D1A,2026-08-05,21:56:22,29.36,100.0,0.0,25.078,121.541
74DA38F7C3D6,2026-08-05,21:56:22,29.86,100.0,0.0,25.045,121.541
74DA38F21204,2026-08-05,21:56:23,27.62,100.0,3.0,25.062,121.451
74DA38F7C5E6,2026-08-05,21:56:26,30.86,100.0,7.0,25.107,121.843
74DA38F209B2,2026-08-05,21:56:36,27.25,100.0,0.0,22.363,120.599
74DA38ED06E0,2026-08-05,21:56:41,28.5,97.0,17.0,23.601,121.521
74DA38F20F0A,2026-08-05,21:56:42,25.5,100.0,12.0,22.995,120.635
74DA38F7C5A0,2026-08-05,21:56:42,29.86,100.0,0.0,25.107,121.518
74DA38ED0454,2026-08-05,21:56:43,30.5,100.0,23.0,24.053,121.599
74DA38ED0630,2026-08-05,21:56:44,29.25,100.0,0.0,23.994,121.594
74DA38F7C3B2,2026-08-05,21:56:54,32.11,68.0,10.0,24.929,121.378
74DA38F20EB2,2026-08-05,21:56:55,24.75,100.0,37.0,24.324,120.835
74DA38F7C532,2026-08-05,21:57:01,29.0,99.0,14.0,25.059,121.499
74DA38F208E2,2026-08-05,21:57:10,27.0,100.0,16.0,24.688,121.766
74DA38F7C54E,2026-08-05,21:57:12,27.5,100.0,0.0,25.063,121.661
74DA38F21054,2026-08-05,21:57:21,29.5,78.0,12.0,22.898,120.627
74DA38F20FFE,2026-08-05,21:57:30,27.37,100.0,28.0,22.894,120.298
74DA38F7C27E,2026-08-05,21:57:41,30.11,100.0,13.0,25.053,121.444
74DA38F20A30,2026-08-05,21:57:45,27.87,91.0,0.0,24.948,121.372
74DA38F210A2,2026-08-05,21:57:50,28.75,100.0,4.0,25.12,121.466
74DA38F7C42E,2026-08-05,21:57:54,26.62,100.0,0.0,24.969,121.514
74DA38F7C5AA,2026-08-05,21:57:55,27.25,100.0,0.0,25.0,121.479
74DA38F209EE,2026-08-05,21:58:03,28.25,100.0,0.0,23.026,121.33
74DA38F20B5C,2026-08-05,21:58:03,29.5,100.0,20.0,22.798,120.293
74DA38F210F6,2026-08-05,21:58:10,29.36,100.0,8.0,22.757426,121.158891
74DA38F21136,2026-08-05,21:58:16,29.36,100.0,11.0,25.119,121.505
74DA38F7C570,2026-08-05,21:58:18,-4.0,0.0,0.0,25.239,121.63
74DA38F2105C,2026-08-05,21:58:21,28.75,100.0,0.0,25.088,121.599
74DA38F20B26,2026-08-05,21:58:22,29.75,100.0,24.0,22.783,120.247
74DA38F7C366,2026-08-05,21:58:31,28.36,100.0,6.0,25.002,121.516
74DA38F2113E,2026-08-05,21:58:38,-4.0,0.0,0.0,22.728,120.313
74DA38F7C610,2026-08-05,21:58:38,30.25,100.0,15.0,25.063,121.564
74DA38F21024,2026-08-05,21:58:41,27.87,100.0,0.0,24.93,121.036
74DA38F20E6E,2026-08-05,21:58:45,25.75,100.0,0.0,24.41,120.902
74DA38F7C430,2026-08-05,21:58:46,29.5,88.0,0.0,24.981,121.423
74DA38F7C310,2026-08-05,21:58:48,30.36,100.0,10.0,25.09,121.464
74DA38F21170,2026-08-05,21:58:52,27.75,80.0,5.0,22.779,121.088
74DA38ED0640,2026-08-05,21:58:56,24.5,100.0,9.0,23.154,121.266
74DA38F20D16,2026-08-05,21:58:59,30.5,100.0,15.0,25.062,121.526
74DA38ED04F2,2026-08-05,21:59:07,26.87,100.0,10.0,23.468,121.496
74DA38F7C47E,2026-08-05,21:59:12,30.0,100.0,20.0,25.053963,121.427681
74DA38F20B88,2026-08-05,21:59:17,27.37,100.0,0.0,22.75,120.316
74DA38F7C5BE,2026-08-05,21:59:17,29.36,97.0,13.0,25.092,121.523
74DA38F7C338,2026-08-05,21:59:20,30.11,100.0,11.0,25.011,121.458
74DA38F7C560,2026-08-05,21:59:20,29.36,-61.0,0.0,25.079,121.671
74DA38ED05EA,2026-08-05,21:59:26,28.0,100.0,11.0,23.394,121.357
74DA38F20D70,2026-08-05,21:59:26,28.86,97.0,0.0,23.05,121.164
74DA38F20F1C,2026-08-05,21:59:27,28.25,100.0,13.0,25.062,121.451
74DA38F20A78,2026-08-05,21:59:29,27.0,100.0,5.0,22.904,121.124
74DA38F20B12,2026-08-05,21:59:29,29.0,80.0,5.0,22.91,120.716
74DA38F20B82,2026-08-05,21:59:29,-4.0,0.0,0.0,22.847,120.465
74DA38F7C506,2026-08-05,21:59:47,28.0,100.0,0.0,24.996,121.544
74DA38F7C4DE,2026-08-05,21:59:59,29.86,100.0,0.0,25.09,121.462
74DA38F7C53C,2026-08-05,22:00:05,27.12,100.0,0.0,25.11,121.804
74DA38F7C4CC,2026-08-05,22:00:06,27.75,100.0,10.0,25.062,121.451
74DA38F21088,2026-08-05,22:00:14,29.11,100.0,0.0,25.068,121.588
74DA38F7C59C,2026-08-05,22:00:18,30.25,83.0,23.0,25.103,121.487
74DA38ED05B6,2026-08-05,22:00:25,26.25,100.0,13.0,23.43,121.348
74DA38F20D2E,2026-08-05,22:00:27,29.25,100.0,0.0,25.06,121.545
74DA38ED059C,2026-08-05,22:00:29,26.62,100.0,11.0,23.706,121.412
74DA38F7C63C,2026-08-05,22:00:29,-4.0,0.0,10.0,24.998,121.425
74DA38F20862,2026-08-05,22:00:39,26.25,100.0,15.0,23.101,121.176
74DA38F7C13A,2026-08-05,22:00:40,21.75,6.0,0.0,25.069,121.359
74DA38F7C464,2026-08-05,22:00:40,25.87,30.0,0.0,25.006,121.413
74DA38F207DE,2026-08-05,22:00:44,28.75,100.0,24.0,22.603,120.34
74DA38F20C26,2026-08-05,22:01:06,31.11,87.0,20.0,22.676,120.342
74DA38F20FA4,2026-08-05,22:01:09,28.25,100.0,23.0,22.63,120.42
74DA38F20E9E,2026-08-05,22:01:10,26.62,100.0,13.0,24.648,121.151
74DA38F7C47C,2026-08-05,22:01:21,29.36,100.0,72.0,25.055,121.455
74DA38F209DE,2026-08-05,22:01:31,29.86,100.0,0.0,24.861,120.964
74DA38F20C06,2026-08-05,22:01:35,31.36,70.0,18.0,24.874,121.02
74DA38F7C30C,2026-08-05,22:01:35,28.25,100.0,0.0,24.975,121.532
74DA38F7C41E,2026-08-05,22:01:37,29.11,84.0,0.0,25.054,121.517
74DA38F7C39A,2026-08-05,22:01:53,28.25,100.0,0.0,25.002,121.414
74DA38F209A8,2026-08-05,22:01:59,-4.0,0.0,0.0,22.401,120.577
74DA38F7C592,2026-08-05,22:01:59,-4.0,0.0,0.0,25.224,121.637
74DA38F7C600,2026-08-05,22:02:04,22.75,47.0,12.0,25.07,121.586
74DA38F7C5CE,2026-08-05,22:02:05,28.86,95.0,0.0,25.066,121.656
74DA38F21048,2026-08-05,22:02:10,28.11,100.0,27.0,22.595,120.341
74DA38F7C514,2026-08-05,22:02:12,29.25,100.0,13.0,25.051,121.518
74DA38F20B80,2026-08-05,22:02:16,28.75,100.0,9.0,22.599,120.35
74DA38F7C480,2026-08-05,22:02:16,26.62,100.0,0.0,25.061,121.432
74DA38F7C3DE,2026-08-05,22:02:19,28.36,100.0,267.0,24.972,121.537
74DA38F20DE0,2026-08-05,22:02:29,29.11,100.0,0.0,22.589,120.328
74DA38F20D1E,2026-08-05,22:02:31,29.5,100.0,16.0,25.048,121.573
74DA38F21204,2026-08-05,22:02:32,27.62,100.0,4.0,25.062,121.451
74DA38F7C5E6,2026-08-05,22:02:32,30.86,100.0,7.0,25.107,121.843
74DA38F20F0A,2026-08-05,22:02:47,25.37,100.0,10.0,22.995,120.635
74DA38F7C3D6,2026-08-05,22:02:49,29.75,100.0,0.0,25.045,121.541
74DA38F20D1A,2026-08-05,22:02:50,29.5,100.0,0.0,25.078,121.541
74DA38ED0454,2026-08-05,22:02:51,30.5,100.0,22.0,24.053,121.599
74DA38ED06E0,2026-08-05,22:02:52,28.36,97.0,15.0,23.601,121.521
74DA38F7C3B2,2026-08-05,22:03:00,32.11,68.0,9.0,24.929,121.378
74DA38F209B2,2026-08-05,22:03:03,27.12,100.0,0.0,22.363,120.599
74DA38F20EB2,2026-08-05,22:03:06,24.62,100.0,34.0,24.324,120.835
74DA38F7C532,2026-08-05,22:03:06,29.0,100.0,14.0,25.059,121.499
74DA38F7C5A0,2026-08-05,22:03:10,29.75,100.0,0.0,25.107,121.518
74DA38ED0630,2026-08-05,22:03:11,29.25,100.0,0.0,23.994,121.594
74DA38F208E2,2026-08-05,22:03:16,27.0,100.0,14.0,24.688,121.766
74DA38F21054,2026-08-05,22:03:27,29.5,78.0,12.0,22.898,120.627
74DA38F7C54E,2026-08-05,22:03:37,27.5,100.0,0.0,25.063,121.661
74DA38F20FFE,2026-08-05,22:03:43,27.62,100.0,31.0,22.894,120.298
74DA38F7C27E,2026-08-05,22:03:47,30.11,100.0,13.0,25.053,121.444
74DA38F210A2,2026-08-05,22:03:56,28.75,100.0,4.0,25.12,121.466
74DA38F7C3BA,2026-08-05,22:04:00,-4.0,0.0,160.0,25.174,121.441
74DA38F209EE,2026-08-05,22:04:08,28.36,100.0,0.0,23.026,121.33
74DA38F20B5C,2026-08-05,22:04:13,29.5,100.0,20.0,22.798,120.293
74DA38F20A30,2026-08-05,22:04:14,27.87,92.0,0.0,24.948,121.372
74DA38F210F6,2026-08-05,22:04:16,29.11,100.0,7.0,22.757426,121.158891
74DA38F7C42E,2026-08-05,22:04:25,26.62,100.0,0.0,24.969,121.514
74DA38F7C5AA,2026-08-05,22:04:28,27.25,100.0,0.0,25.0,121.479
74DA38F20B26,2026-08-05,22:04:34,29.75,100.0,25.0,22.783,120.247
74DA38F7C260,2026-08-05,22:04:34,28.75,100.0,0.0,25.065,121.425
74DA38F7C366,2026-08-05,22:04:37,28.36,100.0,5.0,25.002,121.516
74DA38F7C610,2026-08-05,22:04:43,30.25,100.0,14.0,25.063,121.564
74DA38F2105C,2026-08-05,22:04:48,28.75,100.0,0.0,25.088,121.599
74DA38F7C310,2026-08-05,22:04:54,30.25,100.0,10.0,25.09,121.464
74DA38F21170,2026-08-05,22:04:59,27.87,80.0,5.0,22.779,121.088
74DA38ED0640,2026-08-05,22:05:03,24.37,100.0,9.0,23.154,121.266
74DA38F20D16,2026-08-05,22:05:05,30.5,100.0,15.0,25.062,121.526
74DA38F21024,2026-08-05,22:05:07,28.0,100.0,3.0,24.93,121.036
74DA38F7C616,2026-08-05,22:05:10,29.36,100.0,0.0,25.031,121.563
74DA38F7C430,2026-08-05,22:05:13,29.86,88.0,0.0,24.981,121.423
74DA38ED04F2,2026-08-05,22:05:17,26.87,100.0,10.0,23.468,121.496
74DA38F7C47E,2026-08-05,22:05:19,30.11,100.0,21.0,25.053963,121.427681
74DA38F7C5BE,2026-08-05,22:05:24,29.61,96.0,13.0,25.092,121.523
74DA38F7C338,2026-08-05,22:05:29,30.11,100.0,11.0,25.011,121.458
74DA38ED05EA,2026-08-05,22:05:32,28.0,100.0,12.0,23.394,121.357
74DA38F20D70,2026-08-05,22:05:32,28.75,97.0,0.0,23.05,121.164
74DA38F20A78,2026-08-05,22:05:34,27.12,100.0,4.0,22.904,121.124
74DA38F20B12,2026-08-05,22:05:34,29.0,80.0,6.0,22.91,120.716
74DA38F20F1C,2026-08-05,22:05:35,28.25,100.0,12.0,25.062,121.451
74DA38F20B88,2026-08-05,22:05:46,27.37,100.0,0.0,22.75,120.316
74DA38F7C560,2026-08-05,22:05:48,29.5,-61.0,0.0,25.079,121.671
74DA38F2113E,2026-08-05,22:05:55,-4.0,0.0,0.0,22.728,120.313
74DA38F7C4DE,2026-08-05,22:06:06,29.86,100.0,0.0,25.09,121.462
74DA38F7C4CC,2026-08-05,22:06:12,27.75,100.0,10.0,25.062,121.451
74DA38F7C506,2026-08-05,22:06:19,27.87,100.0,0.0,24.996,121.544
74DA38F7C53C,2026-08-05,22:06:31,27.25,100.0,0.0,25.11,121.804
74DA38ED05B6,2026-08-05,22:06:32,26.25,100.0,13.0,23.43,121.348
74DA38F21088,2026-08-05,22:06:42,29.11,100.0,0.0,25.068,121.588
74DA38F2104E,2026-08-05,22:06:44,24.25,100.0,20.0,23.108,120.7
74DA38F20862,2026-08-05,22:06:45,26.25,100.0,11.0,23.101,121.176
74DA38F7C59C,2026-08-05,22:06:45,30.25,83.0,22.0,25.103,121.487
74DA38ED059C,2026-08-05,22:06:47,26.62,100.0,11.0,23.706,121.412
74DA38F207DE,2026-08-05,22:06:50,28.75,100.0,25.0,22.603,120.34
74DA38F20D2E,2026-08-05,22:06:55,29.25,100.0,0.0,25.06,121.545
74DA38F20D6C,2026-08-05,22:07:00,30.0,93.0,0.0,22.661,120.301
74DA38F7C13A,2026-08-05,22:07:07,21.75,6.0,0.0,25.069,121.359
74DA38F7C464,2026-08-05,22:07:10,25.87,30.0,0.0,25.006,121.413
74DA38F7C47C,2026-08-05,22:07:12,29.61,100.0,65.0,25.055,121.455
74DA38F20C26,2026-08-05,22:07:14,31.25,87.0,21.0,22.676,120.342
74DA38F20E9E,2026-08-05,22:07:15,26.5,100.0,14.0,24.648,121.151
74DA38F7C566,2026-08-05,22:07:39,30.86,100.0,0.0,25.051,121.448
74DA38F7C30C,2026-08-05,22:07:42,28.36,100.0,0.0,24.975,121.532
74DA38F20C06,2026-08-05,22:07:44,31.5,70.0,19.0,24.874,121.02
74DA38F209DE,2026-08-05,22:07:57,29.75,100.0,0.0,24.861,120.964
74DA38F7C570,2026-08-05,22:07:57,-4.0,0.0,0.0,25.239,121.63
74DA38F7C600,2026-08-05,22:08:09,22.87,47.0,12.0,25.07,121.586
74DA38F7C39A,2026-08-05,22:08:19,28.36,100.0,0.0,25.002,121.414
74DA38F7C514,2026-08-05,22:08:20,29.25,100.0,13.0,25.051,121.518
74DA38F7C3DE,2026-08-05,22:08:21,28.36,100.0,290.0,24.972,121.537
74DA38F7C41E,2026-08-05,22:08:21,29.0,85.0,0.0,25.054,121.517
74DA38F20BF6,2026-08-05,22:08:31,30.11,100.0,17.0,22.582,120.368
74DA38F7C5CE,2026-08-05,22:08:32,28.86,95.0,0.0,25.066,121.656
74DA38F7C5E6,2026-08-05,22:08:37,30.75,100.0,7.0,25.107,121.843
74DA38F20D1E,2026-08-05,22:08:39,29.36,100.0,17.0,25.048,121.573
74DA38F21048,2026-08-05,22:08:40,28.11,100.0,27.0,22.595,120.341
74DA38F21204,2026-08-05,22:08:40,27.62,100.0,3.0,25.062,121.451
74DA38F7C480,2026-08-05,22:08:43,26.75,100.0,0.0,25.061,121.432
74DA38F20B80,2026-08-05,22:08:48,28.61,100.0,11.0,22.599,120.35
74DA38F20DE0,2026-08-05,22:08:56,29.25,100.0,0.0,22.589,120.328
74DA38F20F0A,2026-08-05,22:08:57,25.37,100.0,12.0,22.995,120.635
74DA38ED0454,2026-08-05,22:08:59,30.61,100.0,22.0,24.053,121.599
74DA38ED06E0,2026-08-05,22:08:59,28.25,98.0,17.0,23.601,121.521
74DA38F20B82,2026-08-05,22:09:01,-4.0,0.0,0.0,22.847,120.465
74DA38F7C3B2,2026-08-05,22:09:05,32.11,68.0,10.0,24.929,121.378
74DA38F7C532,2026-08-05,22:09:12,29.0,100.0,14.0,25.059,121.499
74DA38F20EB2,2026-08-05,22:09:17,24.25,100.0,32.0,24.324,120.835
74DA38F7C3D6,2026-08-05,22:09:17,29.61,100.0,0.0,25.045,121.541
74DA38F20D1A,2026-08-05,22:09:18,29.61,100.0,0.0,25.078,121.541
74DA38F208E2,2026-08-05,22:09:21,27.12,100.0,13.0,24.688,121.766
74DA38F7C3DC,2026-08-05,22:09:25,28.61,100.0,17.0,25.003,121.539
74DA38F209B2,2026-08-05,22:09:30,27.37,100.0,0.0,22.363,120.599
74DA38F21054,2026-08-05,22:09:33,29.5,78.0,12.0,22.898,120.627
74DA38F7C5A0,2026-08-05,22:09:37,29.75,100.0,0.0,25.107,121.518
74DA38ED0630,2026-08-05,22:09:40,29.36,100.0,0.0,23.994,121.594
74DA38F20FFE,2026-08-05,22:09:53,27.87,100.0,20.0,22.894,120.298
74DA38F7C27E,2026-08-05,22:09:53,30.11,100.0,12.0,25.053,121.444
74DA38F210A2,2026-08-05,22:10:01,28.86,100.0,5.0,25.12,121.466
74DA38F7C63C,2026-08-05,22:10:01,-4.0,0.0,9.0,24.998,121.425
74DA38F7C54E,2026-08-05,22:10:03,27.5,100.0,0.0,25.063,121.661
74DA38F209EE,2026-08-05,22:10:14,28.61,100.0,0.0,23.026,121.33
74DA38F210F6,2026-08-05,22:10:20,29.25,100.0,8.0,22.757426,121.158891
74DA38F20B5C,2026-08-05,22:10:22,29.5,100.0,22.0,22.798,120.293
74DA38F20A30,2026-08-05,22:10:41,27.75,92.0,0.0,24.948,121.372
74DA38F7C366,2026-08-05,22:10:42,28.5,100.0,5.0,25.002,121.516
74DA38F7C610,2026-08-05,22:10:48,30.25,100.0,15.0,25.063,121.564
74DA38F7C42E,2026-08-05,22:10:58,26.62,100.0,0.0,24.969,121.514
74DA38F7C310,2026-08-05,22:10:59,30.25,100.0,10.0,25.09,121.464
74DA38F7C260,2026-08-05,22:11:02,28.75,100.0,0.0,25.065,121.425
74DA38F20B26,2026-08-05,22:11:05,29.75,100.0,19.0,22.783,120.247
74DA38F21170,2026-08-05,22:11:05,27.75,79.0,5.0,22.779,121.088
74DA38F20E6E,2026-08-05,22:11:06,25.87,100.0,0.0,24.41,120.902
74DA38F21136,2026-08-05,22:11:08,29.5,100.0,10.0,25.119,121.505
74DA38ED0640,2026-08-05,22:11:10,24.5,100.0,9.0,23.154,121.266
74DA38F20D16,2026-08-05,22:11:11,30.36,100.0,15.0,25.062,121.526
74DA38F2105C,2026-08-05,22:11:14,28.75,100.0,0.0,25.088,121.599
74DA38F7C616,2026-08-05,22:11:21,29.11,100.0,0.0,25.031,121.563
74DA38ED04F2,2026-08-05,22:11:23,26.87,100.0,10.0,23.468,121.496
74DA38F7C47E,2026-08-05,22:11:24,30.11,100.0,21.0,25.053963,121.427681
74DA38F7C5BE,2026-08-05,22:11:29,29.75,96.0,13.0,25.092,121.523
74DA38F21024,2026-08-05,22:11:34,28.11,100.0,0.0,24.93,121.036
74DA38F7C338,2026-08-05,22:11:35,30.11,100.0,11.0,25.011,121.458
74DA38ED05EA,2026-08-05,22:11:37,28.0,100.0,11.0,23.394,121.357
74DA38F209A8,2026-08-05,22:11:38,-4.0,0.0,0.0,22.401,120.577
74DA38F7C592,2026-08-05,22:11:38,-4.0,0.0,0.0,25.224,121.637
74DA38F20A78,2026-08-05,22:11:40,27.12,100.0,5.0,22.904,121.124
74DA38F20B12,2026-08-05,22:11:41,29.0,80.0,6.0,22.91,120.716
74DA38F20D70,2026-08-05,22:11:41,28.75,98.0,1.0,23.05,121.164
74DA38F7C430,2026-08-05,22:11:41,29.86,88.0,0.0,24.981,121.423
74DA38F20F1C,2026-08-05,22:11:42,28.25,100.0,13.0,25.062,121.451
74DA38F7C560,2026-08-05,22:12:15,29.61,-61.0,0.0,25.079,121.671
74DA38F20B88,2026-08-05,22:12:16,27.5,100.0,0.0,22.75,120.316
74DA38ED05B6,2026-08-05,22:12:38,26.37,100.0,13.0,23.43,121.348
74DA38F7C3BA,2026-08-05,22:12:47,-4.0,0.0,103.0,25.174,121.441
74DA38F2104E,2026-08-05,22:12:52,24.12,100.0,20.0,23.108,120.7
74DA38F20862,2026-08-05,22:12:53,26.37,100.0,10.0,23.101,121.176
74DA38F7C506,2026-08-05,22:12:56,28.0,100.0,0.0,24.996,121.544
74DA38F207DE,2026-08-05,22:12:57,28.75,100.0,26.0,22.603,120.34
74DA38F7C53C,2026-08-05,22:12:58,27.37,100.0,0.0,25.11,121.804
74DA38ED059C,2026-08-05,22:13:06,26.75,100.0,10.0,23.706,121.412
74DA38F7C47C,2026-08-05,22:13:06,29.61,100.0,73.0,25.055,121.455
74DA38F21088,2026-08-05,22:13:10,29.11,100.0,0.0,25.068,121.588
74DA38F2113E,2026-08-05,22:13:10,-4.0,0.0,0.0,22.728,120.313
74DA38F7C59C,2026-08-05,22:13:13,30.25,83.0,23.0,25.103,121.487
74DA38F20C26,2026-08-05,22:13:22,31.25,87.0,23.0,22.676,120.342
74DA38F20D2E,2026-08-05,22:13:23,29.11,100.0,0.0,25.06,121.545
74DA38F20E9E,2026-08-05,22:13:23,26.5,100.0,14.0,24.648,121.151
74DA38F7C13A,2026-08-05,22:13:34,21.75,6.0,0.0,25.069,121.359
74DA38F20D6C,2026-08-05,22:13:35,30.0,93.0,0.0,22.661,120.301
74DA38F7C464,2026-08-05,22:13:38,25.87,30.0,0.0,25.006,121.413
74DA38F20C06,2026-08-05,22:13:50,31.5,70.0,19.0,24.874,121.02
74DA38F7C30C,2026-08-05,22:13:50,28.5,100.0,0.0,24.975,121.532
74DA38F20FA4,2026-08-05,22:14:03,28.36,100.0,22.0,22.63,120.42
74DA38F7C600,2026-08-05,22:14:15,22.75,47.0,11.0,25.07,121.586
74DA38F7C3DE,2026-08-05,22:14:22,28.5,100.0,280.0,24.972,121.537
74DA38F209DE,2026-08-05,22:14:25,29.86,100.0,0.0,24.861,120.964
74DA38F7C514,2026-08-05,22:14:28,29.25,100.0,13.0,25.051,121.518
74DA38F20BF6,2026-08-05,22:14:36,30.11,100.0,17.0,22.582,120.368
74DA38F7C5E6,2026-08-05,22:14:42,30.86,100.0,7.0,25.107,121.843
74DA38F20D1E,2026-08-05,22:14:47,29.5,100.0,17.0,25.048,121.573
74DA38F7C39A,2026-08-05,22:14:47,28.5,100.0,0.0,25.002,121.414
74DA38F21204,2026-08-05,22:14:51,27.75,100.0,3.0,25.062,121.451
74DA38F7C5CE,2026-08-05,22:14:59,29.0,95.0,0.0,25.066,121.656
74DA38F20F0A,2026-08-05,22:15:06,25.37,100.0,11.0,22.995,120.635
74DA38ED0454,2026-08-05,22:15:07,30.75,100.0,22.0,24.053,121.599
74DA38ED06E0,2026-08-05,22:15:07,28.25,98.0,16.0,23.601,121.521
74DA38F7C41E,2026-08-05,22:15:09,28.86,85.0,0.0,25.054,121.517
74DA38F7C3B2,2026-08-05,22:15:11,32.0,68.0,10.0,24.929,121.378
74DA38F7C480,2026-08-05,22:15:12,26.87,100.0,0.0,25.061,121.432
74DA38F21048,2026-08-05,22:15:13,28.0,100.0,28.0,22.595,120.341
74DA38F20B80,2026-08-05,22:15:15,28.5,100.0,11.0,22.599,120.35
74DA38F7C532,2026-08-05,22:15:18,28.86,100.0,15.0,25.059,121.499
74DA38F20DE0,2026-08-05,22:15:23,29.36,100.0,0.0,22.589,120.328
74DA38F208E2,2026-08-05,22:15:26,27.25,100.0,16.0,24.688,121.766
74DA38F20EB2,2026-08-05,22:15:30,24.12,100.0,31.0,24.324,120.835
74DA38F21054,2026-08-05,22:15:39,29.5,78.0,12.0,22.898,120.627
74DA38F7C3D6,2026-08-05,22:15:44,29.75,100.0,0.0,25.045,121.541
74DA38F20D1A,2026-08-05,22:15:45,29.75,100.0,0.0,25.078,121.541
74DA38F209B2,2026-08-05,22:15:56,27.62,100.0,0.0,22.363,120.599
74DA38F7C27E,2026-08-05,22:15:59,30.0,100.0,13.0,25.053,121.444
74DA38F20FFE,2026-08-05,22:16:02,27.75,100.0,15.0,22.894,120.298
74DA38F7C5A0,2026-08-05,22:16:04,29.61,100.0,0.0,25.107,121.518
74DA38F210A2,2026-08-05,22:16:06,29.0,100.0,4.0,25.12,121.466
74DA38ED0630,2026-08-05,22:16:08,29.5,100.0,0.0,23.994,121.594
74DA38F209EE,2026-08-05,22:16:19,28.75,100.0,0.0,23.026,121.33
74DA38F210F6,2026-08-05,22:16:25,29.11,100.0,8.0,22.757426,121.158891
74DA38F20B5C,2026-08-05,22:16:30,29.5,100.0,26.0,22.798,120.293
74DA38F7C366,2026-08-05,22:16:47,28.61,100.0,5.0,25.002,121.516
74DA38F7C610,2026-08-05,22:16:57,30.25,100.0,15.0,25.063,121.564
74DA38F7C310,2026-08-05,22:17:04,29.86,100.0,9.0,25.09,121.464
74DA38F20E6E,2026-08-05,22:17:11,25.75,100.0,0.0,24.41,120.902
74DA38F21170,2026-08-05,22:17:11,27.75,80.0,5.0,22.779,121.088
74DA38ED0640,2026-08-05,22:17:16,24.37,100.0,9.0,23.154,121.266
74DA38F20A30,2026-08-05,22:17:16,27.75,92.0,0.0,24.948,121.372
74DA38F21136,2026-08-05,22:17:17,29.5,100.0,9.0,25.119,121.505
74DA38F20D16,2026-08-05,22:17:18,30.5,100.0,16.0,25.062,121.526
74DA38F7C42E,2026-08-05,22:17:27,27.0,100.0,0.0,24.969,121.514
74DA38F7C260,2026-08-05,22:17:28,28.61,100.0,0.0,25.065,121.425
74DA38ED04F2,2026-08-05,22:17:29,27.0,100.0,9.0,23.468,121.496
74DA38F7C47E,2026-08-05,22:17:30,30.36,100.0,21.0,25.053963,121.427681
74DA38F7C5BE,2026-08-05,22:17:35,29.61,96.0,14.0,25.092,121.523
74DA38F20B26,2026-08-05,22:17:36,29.75,100.0,21.0,22.783,120.247
74DA38F7C4CC,2026-08-05,22:17:37,27.87,100.0,11.0,25.062,121.451
74DA38F7C570,2026-08-05,22:17:38,-4.0,0.0,0.0,25.239,121.63
74DA38F2105C,2026-08-05,22:17:41,28.75,100.0,0.0,25.088,121.599
74DA38F7C338,2026-08-05,22:17:41,30.11,100.0,12.0,25.011,121.458
74DA38ED05EA,2026-08-05,22:17:43,28.0,100.0,11.0,23.394,121.357
74DA38F20A78,2026-08-05,22:17:47,27.25,100.0,6.0,22.904,121.124
74DA38F20B12,2026-08-05,22:17:47,29.0,80.0,6.0,22.91,120.716
74DA38F20D70,2026-08-05,22:17:47,28.61,97.0,0.0,23.05,121.164
74DA38F20F1C,2026-08-05,22:17:48,28.25,100.0,14.0,25.062,121.451
74DA38F21024,2026-08-05,22:18:02,28.11,100.0,0.0,24.93,121.036
74DA38F7C430,2026-08-05,22:18:09,29.5,88.0,0.0,24.981,121.423
74DA38F7C54E,2026-08-05,22:18:20,27.75,100.0,0.0,25.063,121.661
74DA38F20B82,2026-08-05,22:18:33,-4.0,0.0,0.0,22.847,120.465
74DA38F7C4DE,2026-08-05,22:18:38,29.86,100.0,0.0,25.09,121.462
74DA38F7C560,2026-08-05,22:18:42,29.75,-61.0,0.0,25.079,121.671
74DA38ED05B6,2026-08-05,22:18:43,26.37,100.0,13.0,23.43,121.348
74DA38F20B88,2026-08-05,22:18:47,27.5,100.0,0.0,22.75,120.316
74DA38F7C47C,2026-08-05,22:19:00,29.5,100.0,72.0,25.055,121.455
74DA38F20862,2026-08-05,22:19:01,26.37,100.0,15.0,23.101,121.176
74DA38F207DE,2026-08-05,22:19:02,28.86,100.0,27.0,22.603,120.34
74DA38ED059C,2026-08-05,22:19:13,26.62,100.0,12.0,23.706,121.412
74DA38F7C506,2026-08-05,22:19:25,28.11,100.0,0.0,24.996,121.544
74DA38F7C53C,2026-08-05,22:19:26,27.5,100.0,0.0,25.11,121.804
74DA38F20C26,2026-08-05,22:19:30,31.25,87.0,23.0,22.676,120.342
74DA38F20E9E,2026-08-05,22:19:30,26.62,100.0,15.0,24.648,121.151
74DA38F7C63C,2026-08-05,22:19:33,-4.0,0.0,9.0,24.998,121.425
74DA38F21088,2026-08-05,22:19:39,29.25,100.0,0.0,25.068,121.588
74DA38F7C59C,2026-08-05,22:19:40,30.36,83.0,23.0,25.103,121.487
74DA38F20D2E,2026-08-05,22:19:50,29.11,100.0,0.0,25.06,121.545
74DA38F7C30C,2026-08-05,22:19:57,28.5,100.0,0.0,24.975,121.532
74DA38F7C37C,2026-08-05,22:19:57,28.61,100.0,45.0,25.111,121.856
74DA38F20C06,2026-08-05,22:19:58,31.5,70.0,19.0,24.874,121.02
74DA38F7C13A,2026-08-05,22:20:01,21.75,6.0,0.0,25.069,121.359
74DA38F7C464,2026-08-05,22:20:05,26.0,30.0,0.0,25.006,121.413
74DA38F20D6C,2026-08-05,22:20:06,29.86,93.0,0.0,22.661,120.301
74DA38F7C600,2026-08-05,22:20:20,22.75,47.0,11.0,25.07,121.586
74DA38F7C3DE,2026-08-05,22:20:22,28.25,100.0,297.0,24.972,121.537
74DA38F2113E,2026-08-05,22:20:24,-4.0,0.0,0.0,22.728,120.313
74DA38F7C514,2026-08-05,22:20:37,29.11,100.0,13.0,25.051,121.518
74DA38F20BF6,2026-08-05,22:20:41,30.11,100.0,17.0,22.582,120.368
74DA38F7C5E6,2026-08-05,22:20:48,30.86,100.0,7.0,25.107,121.843
74DA38F209DE,2026-08-05,22:20:53,30.0,100.0,1.0,24.861,120.964
74DA38F20D1E,2026-08-05,22:20:56,29.5,100.0,17.0,25.048,121.573
74DA38F21204,2026-08-05,22:20:58,27.87,100.0,3.0,25.062,121.451
74DA38F20F0A,2026-08-05,22:21:13,25.5,100.0,11.0,22.995,120.635
74DA38ED06E0,2026-08-05,22:21:15,28.25,99.0,15.0,23.601,121.521
74DA38F7C39A,2026-08-05,22:21:15,28.61,100.0,0.0,25.002,121.414
74DA38F7C592,2026-08-05,22:21:16,-4.0,0.0,0.0,25.224,121.637
74DA38ED0454,2026-08-05,22:21:17,30.86,100.0,23.0,24.053,121.599
74DA38F209A8,2026-08-05,22:21:17,-4.0,0.0,0.0,22.401,120.577
74DA38F7C3B2,2026-08-05,22:21:17,32.0,68.0,10.0,24.929,121.378
74DA38F7C532,2026-08-05,22:21:25,28.86,100.0,15.0,25.059,121.499
74DA38F7C5CE,2026-08-05,22:21:26,29.0,94.0,0.0,25.066,121.656
74DA38F208E2,2026-08-05,22:21:31,27.37,100.0,14.0,24.688,121.766
74DA38F7C3BA,2026-08-05,22:21:32,-4.0,0.0,92.0,25.174,121.441
74DA38F7C480,2026-08-05,22:21:40,27.0,100.0,0.0,25.061,121.432
74DA38F20B80,2026-08-05,22:21:43,28.5,100.0,10.0,22.599,120.35
74DA38F20EB2,2026-08-05,22:21:44,24.25,100.0,32.0,24.324,120.835
74DA38F21054,2026-08-05,22:21:45,29.5,77.0,12.0,22.898,120.627
74DA38F21048,2026-08-05,22:21:46,28.0,100.0,28.0,22.595,120.341
74DA38F20DE0,2026-08-05,22:21:51,29.36,100.0,0.0,22.589,120.328
74DA38F7C41E,2026-08-05,22:21:56,29.11,85.0,0.0,25.054,121.517
74DA38F7C27E,2026-08-05,22:22:05,29.86,100.0,13.0,25.053,121.444
74DA38F7C3D6,2026-08-05,22:22:10,29.61,100.0,0.0,25.045,121.541
74DA38F210A2,2026-08-05,22:22:12,28.86,100.0,5.0,25.12,121.466
74DA38F20D1A,2026-08-05,22:22:14,29.86,100.0,0.0,25.078,121.541
74DA38F20FFE,2026-08-05,22:22:16,27.75,100.0,13.0,22.894,120.298
74DA38F7C3DC,2026-08-05,22:22:18,28.86,100.0,17.0,25.003,121.539
74DA38F209B2,2026-08-05,22:22:23,27.75,100.0,0.0,22.363,120.599
74DA38F209EE,2026-08-05,22:22:24,29.0,100.0,0.0,23.026,121.33
74DA38F210F6,2026-08-05,22:22:30,29.25,100.0,8.0,22.757426,121.158891
74DA38F7C5A0,2026-08-05,22:22:31,29.61,100.0,0.0,25.107,121.518
74DA38ED0630,2026-08-05,22:22:36,29.5,100.0,0.0,23.994,121.594
74DA38F20B5C,2026-08-05,22:22:46,29.5,100.0,30.0,22.798,120.293
74DA38F7C366,2026-08-05,22:22:55,28.61,100.0,5.0,25.002,121.516
74DA38F7C610,2026-08-05,22:23:04,30.25,100.0,15.0,25.063,121.564
74DA38F7C310,2026-08-05,22:23:08,29.5,100.0,9.0,25.09,121.464
74DA38F21170,2026-08-05,22:23:17,27.87,80.0,5.0,22.779,121.088
74DA38F20D16,2026-08-05,22:23:24,30.5,100.0,15.0,25.062,121.526
74DA38F7C47E,2026-08-05,22:23:37,30.5,100.0,22.0,25.053963,121.427681
74DA38ED04F2,2026-08-05,22:23:39,27.0,100.0,9.0,23.468,121.496
74DA38F7C5BE,2026-08-05,22:23:42,29.5,97.0,13.0,25.092,121.523
74DA38F7C4CC,2026-08-05,22:23:44,27.87,100.0,11.0,25.062,121.451
74DA38F20A30,2026-08-05,22:23:46,27.75,92.0,0.0,24.948,121.372
74DA38F7C338,2026-08-05,22:23:46,30.11,100.0,12.0,25.011,121.458
74DA38ED05EA,2026-08-05,22:23:49,28.11,100.0,11.0,23.394,121.357
74DA38F20B12,2026-08-05,22:23:53,29.0,80.0,6.0,22.91,120.716
74DA38F20F1C,2026-08-05,22:23:53,28.36,100.0,14.0,25.062,121.451
74DA38F20A78,2026-08-05,22:23:54,27.25,100.0,6.0,22.904,121.124
74DA38F20D70,2026-08-05,22:23:56,28.61,97.0,1.0,23.05,121.164
74DA38F7C260,2026-08-05,22:23:57,28.61,100.0,2.0,25.065,121.425
74DA38F7C616,2026-08-05,22:24:06,29.0,100.0,0.0,25.031,121.563
74DA38F7C42E,2026-08-05,22:24:07,27.37,100.0,0.0,24.969,121.514
74DA38F2105C,2026-08-05,22:24:08,28.75,100.0,0.0,25.088,121.599
74DA38F21024,2026-08-05,22:24:28,28.25,100.0,0.0,24.93,121.036
74DA38F7C430,2026-08-05,22:24:38,29.36,89.0,0.0,24.981,121.423
74DA38F7C4DE,2026-08-05,22:24:46,29.86,100.0,0.0,25.09,121.462
74DA38ED05B6,2026-08-05,22:24:50,26.5,100.0,13.0,23.43,121.348
74DA38F7C47C,2026-08-05,22:24:55,29.36,100.0,75.0,25.055,121.455
74DA38F7C54E,2026-08-05,22:25:02,27.75,100.0,0.0,25.063,121.661
74DA38F20862,2026-08-05,22:25:10,26.62,100.0,14.0,23.101,121.176
74DA38F7C560,2026-08-05,22:25:10,29.75,-61.0,0.0,25.079,121.671
74DA38F207DE,2026-08-05,22:25:11,28.86,100.0,28.0,22.603,120.34
74DA38F20B88,2026-08-05,22:25:21,27.62,100.0,0.0,22.75,120.316
74DA38ED059C,2026-08-05,22:25:28,27.0,100.0,12.0,23.706,121.412
74DA38F20E9E,2026-08-05,22:25:36,26.62,100.0,14.0,24.648,121.151
74DA38F20C26,2026-08-05,22:25:42,31.36,87.0,26.0,22.676,120.342
74DA38F7C53C,2026-08-05,22:25:52,27.5,100.0,0.0,25.11,121.804
74DA38F7C506,2026-08-05,22:25:55,28.11,100.0,0.0,24.996,121.544
74DA38F20C06,2026-08-05,22:26:04,31.5,71.0,19.0,24.874,121.02
74DA38F7C30C,2026-08-05,22:26:05,28.5,100.0,0.0,24.975,121.532
74DA38F21088,2026-08-05,22:26:07,29.25,100.0,0.0,25.068,121.588
74DA38F7C59C,2026-08-05,22:26:08,30.36,83.0,24.0,25.103,121.487
74DA38F20D2E,2026-08-05,22:26:18,29.11,100.0,0.0,25.06,121.545
74DA38F7C3DE,2026-08-05,22:26:21,28.25,100.0,273.0,24.972,121.537
74DA38F7C600,2026-08-05,22:26:27,22.75,47.0,12.0,25.07,121.586
74DA38F7C13A,2026-08-05,22:26:28,21.75,6.0,0.0,25.069,121.359
74DA38F20D6C,2026-08-05,22:26:33,29.75,93.0,0.0,22.661,120.301
74DA38F7C464,2026-08-05,22:26:33,26.0,30.0,0.0,25.006,121.413
74DA38F20FA4,2026-08-05,22:26:36,28.61,100.0,24.0,22.63,120.42
74DA38F7C514,2026-08-05,22:26:43,29.0,100.0,13.0,25.051,121.518
74DA38F20BF6,2026-08-05,22:26:47,30.11,100.0,18.0,22.582,120.368
74DA38F7C5E6,2026-08-05,22:26:53,30.86,100.0,7.0,25.107,121.843
74DA38F20D1E,2026-08-05,22:27:02,29.5,100.0,17.0,25.048,121.573
74DA38F21204,2026-08-05,22:27:13,27.87,100.0,3.0,25.062,121.451
74DA38F7C570,2026-08-05,22:27:17,-4.0,0.0,0.0,25.239,121.63
74DA38F209DE,2026-08-05,22:27:21,29.86,100.0,0.0,24.861,120.964
74DA38F20F0A,2026-08-05,22:27:21,25.37,100.0,11.0,22.995,120.635
74DA38F7C3B2,2026-08-05,22:27:24,32.0,68.0,10.0,24.929,121.378
74DA38ED0454,2026-08-05,22:27:25,31.0,100.0,23.0,24.053,121.599
74DA38ED06E0,2026-08-05,22:27:27,28.36,99.0,17.0,23.601,121.521
74DA38F7C532,2026-08-05,22:27:31,28.86,100.0,15.0,25.059,121.499
74DA38F208E2,2026-08-05,22:27:36,27.25,100.0,12.0,24.688,121.766
74DA38F2113E,2026-08-05,22:27:40,-4.0,0.0,1.0,22.728,120.313
74DA38F7C39A,2026-08-05,22:27:43,28.61,100.0,0.0,25.002,121.414
74DA38F21054,2026-08-05,22:27:50,29.5,77.0,14.0,22.898,120.627
74DA38F7C5CE,2026-08-05,22:27:53,29.0,95.0,0.0,25.066,121.656
74DA38F20EB2,2026-08-05,22:27:59,25.37,100.0,34.0,24.324,120.835
74DA38F20B82,2026-08-05,22:28:05,-4.0,0.0,0.0,22.847,120.465
74DA38F7C480,2026-08-05,22:28:08,27.25,100.0,0.0,25.061,121.432
74DA38F20B80,2026-08-05,22:28:10,28.61,100.0,17.0,22.599,120.35
74DA38F7C27E,2026-08-05,22:28:12,29.86,100.0,14.0,25.053,121.444
74DA38F210A2,2026-08-05,22:28:17,29.0,100.0,5.0,25.12,121.466
74DA38F21048,2026-08-05,22:28:19,27.87,100.0,28.0,22.595,120.341
74DA38F20DE0,2026-08-05,22:28:20,29.36,100.0,0.0,22.589,120.328
74DA38F209EE,2026-08-05,22:28:30,29.11,100.0,0.0,23.026,121.33
74DA38F7C566,2026-08-05,22:28:30,30.86,100.0,0.0,25.051,121.448
74DA38F20FFE,2026-08-05,22:28:31,28.0,100.0,14.0,22.894,120.298
74DA38F7C41E,2026-08-05,22:28:33,29.25,85.0,0.0,25.054,121.517
74DA38F210F6,2026-08-05,22:28:34,29.25,100.0,8.0,22.757426,121.158891
74DA38F7C3D6,2026-08-05,22:28:37,29.75,100.0,0.0,25.045,121.541
74DA38F7C3DC,2026-08-05,22:28:38,28.86,100.0,18.0,25.003,121.539
74DA38F20D1A,2026-08-05,22:28:42,29.75,100.0,0.0,25.078,121.541
74DA38F209B2,2026-08-05,22:28:50,28.0,100.0,0.0,22.363,120.599
74DA38F7C5A0,2026-08-05,22:28:58,29.86,100.0,0.0,25.107,121.518
74DA38F7C366,2026-08-05,22:29:00,28.5,100.0,5.0,25.002,121.516
74DA38ED0630,2026-08-05,22:29:04,29.61,100.0,0.0,23.994,121.594
74DA38F7C63C,2026-08-05,22:29:06,-4.0,0.0,8.0,24.998,121.425
74DA38F20B5C,2026-08-05,22:29:07,29.5,100.0,30.0,22.798,120.293
74DA38F7C610,2026-08-05,22:29:11,30.25,100.0,15.0,25.063,121.564
74DA38F7C310,2026-08-05,22:29:14,29.75,100.0,10.0,25.09,121.464
74DA38F21170,2026-08-05,22:29:23,27.87,80.0,5.0,22.779,121.088
74DA38F20D16,2026-08-05,22:29:29,30.5,100.0,15.0,25.062,121.526
74DA38F7C47E,2026-08-05,22:29:44,30.75,100.0,22.0,25.053963,121.427681
74DA38ED04F2,2026-08-05,22:29:48,27.0,100.0,9.0,23.468,121.496
74DA38F7C4CC,2026-08-05,22:29:51,27.87,100.0,11.0,25.062,121.451
74DA38F7C5BE,2026-08-05,22:29:53,29.5,97.0,13.0,25.092,121.523
74DA38ED05EA,2026-08-05,22:29:54,28.11,100.0,11.0,23.394,121.357
74DA38F7C338,2026-08-05,22:29:56,30.0,100.0,12.0,25.011,121.458
74DA38F20B12,2026-08-05,22:29:59,29.0,80.0,6.0,22.91,120.716
74DA38F20A78,2026-08-05,22:30:00,27.25,100.0,6.0,22.904,121.124
74DA38F20D70,2026-08-05,22:30:02,28.25,99.0,0.0,23.05,121.164
74DA38F20F1C,2026-08-05,22:30:11,28.36,100.0,14.0,25.062,121.451
74DA38F21136,2026-08-05,22:30:13,29.5,100.0,9.0,25.119,121.505
74DA38F20A30,2026-08-05,22:30:16,27.87,92.0,0.0,24.948,121.372
74DA38F7C3BA,2026-08-05,22:30:18,-4.0,0.0,90.0,25.174,121.441
74DA38F7C260,2026-08-05,22:30:27,28.75,100.0,1.0,25.065,121.425
74DA38F7C616,2026-08-05,22:30:31,29.0,100.0,0.0,25.031,121.563
74DA38F2105C,2026-08-05,22:30:36,28.75,100.0,0.0,25.088,121.599
74DA38F7C42E,2026-08-05,22:30:36,27.5,100.0,0.0,24.969,121.514
74DA38F7C47C,2026-08-05,22:30:43,29.36,100.0,67.0,25.055,121.455
74DA38F7C592,2026-08-05,22:30:55,-4.0,0.0,0.0,25.224,121.637
74DA38ED05B6,2026-08-05,22:30:56,26.62,100.0,13.0,23.43,121.348
74DA38F209A8,2026-08-05,22:30:56,-4.0,0.0,0.0,22.401,120.577
74DA38F21024,2026-08-05,22:30:56,28.11,100.0,0.0,24.93,121.036
74DA38F7C4DE,2026-08-05,22:30:56,29.75,100.0,0.0,25.09,121.462
74DA38F7C430,2026-08-05,22:31:06,29.11,89.0,0.0,24.981,121.423
74DA38F20862,2026-08-05,22:31:16,26.75,100.0,19.0,23.101,121.176
74DA38F207DE,2026-08-05,22:31:19,29.0,100.0,29.0,22.603,120.34
74DA38F7C54E,2026-08-05,22:31:30,27.87,100.0,0.0,25.063,121.661
74DA38ED059C,2026-08-05,22:31:37,27.12,100.0,12.0,23.706,121.412
74DA38F7C560,2026-08-05,22:31:37,29.75,-61.0,0.0,25.079,121.671
74DA38F7C5AA,2026-08-05,22:31:42,28.11,100.0,0.0,25.0,121.479
74DA38F20E9E,2026-08-05,22:31:44,26.5,100.0,15.0,24.648,121.151
74DA38F20B88,2026-08-05,22:31:52,27.62,100.0,0.0,22.75,120.316
74DA38F20C26,2026-08-05,22:31:52,31.25,87.0,26.0,22.676,120.342
74DA38F20C06,2026-08-05,22:32:13,31.5,71.0,20.0,24.874,121.02
74DA38F7C30C,2026-08-05,22:32:13,28.75,100.0,0.0,24.975,121.532
74DA38F7C53C,2026-08-05,22:32:19,27.75,100.0,0.0,25.11,121.804
74DA38F7C3DE,2026-08-05,22:32:20,28.36,100.0,273.0,24.972,121.537
74DA38F7C506,2026-08-05,22:32:22,28.0,100.0,0.0,24.996,121.544
74DA38F7C600,2026-08-05,22:32:33,22.62,46.0,12.0,25.07,121.586
74DA38F21088,2026-08-05,22:32:35,29.11,100.0,0.0,25.068,121.588
74DA38F7C59C,2026-08-05,22:32:38,30.36,83.0,26.0,25.103,121.487
74DA38F20D2E,2026-08-05,22:32:46,29.11,100.0,0.0,25.06,121.545
74DA38F20BF6,2026-08-05,22:32:53,30.0,100.0,17.0,22.582,120.368
74DA38F7C514,2026-08-05,22:32:54,29.11,100.0,13.0,25.051,121.518
74DA38F7C13A,2026-08-05,22:32:56,21.75,6.0,1.0,25.069,121.359
74DA38F20FA4,2026-08-05,22:33:00,28.61,100.0,22.0,22.63,120.42
74DA38F7C5E6,2026-08-05,22:33:00,31.0,100.0,6.0,25.107,121.843
74DA38F7C464,2026-08-05,22:33:02,26.0,30.0,0.0,25.006,121.413
74DA38F21204,2026-08-05,22:33:22,28.0,100.0,3.0,25.062,121.451
74DA38F20F0A,2026-08-05,22:33:28,25.37,100.0,11.0,22.995,120.635
74DA38F7C3B2,2026-08-05,22:33:29,32.0,68.0,9.0,24.929,121.378
74DA38F20D1E,2026-08-05,22:33:32,29.36,100.0,18.0,25.048,121.573
74DA38ED0454,2026-08-05,22:33:36,31.0,100.0,23.0,24.053,121.599
74DA38F7C532,2026-08-05,22:33:36,29.0,100.0,14.0,25.059,121.499
74DA38ED06E0,2026-08-05,22:33:38,28.36,98.0,16.0,23.601,121.521
74DA38F208E2,2026-08-05,22:33:41,27.25,100.0,14.0,24.688,121.766
74DA38F209DE,2026-08-05,22:33:48,30.0,100.0,0.0,24.861,120.964
74DA38F21054,2026-08-05,22:33:57,29.5,77.0,16.0,22.898,120.627
74DA38F20EB2,2026-08-05,22:34:10,25.25,100.0,31.0,24.324,120.835
74DA38F7C39A,2026-08-05,22:34:11,28.75,100.0,0.0,25.002,121.414
74DA38F7C27E,2026-08-05,22:34:17,29.86,100.0,14.0,25.053,121.444
74DA38F7C5CE,2026-08-05,22:34:21,29.0,95.0,0.0,25.066,121.656
74DA38F210A2,2026-08-05,22:34:22,28.86,100.0,5.0,25.12,121.466
74DA38F209EE,2026-08-05,22:34:35,29.36,100.0,0.0,23.026,121.33
74DA38F7C480,2026-08-05,22:34:36,27.5,100.0,0.0,25.061,121.432
74DA38F20B80,2026-08-05,22:34:37,28.61,100.0,14.0,22.599,120.35
74DA38F210F6,2026-08-05,22:34:39,29.36,100.0,8.0,22.757426,121.158891
74DA38F20FFE,2026-08-05,22:34:41,28.0,100.0,13.0,22.894,120.298
74DA38F20DE0,2026-08-05,22:34:47,29.5,100.0,0.0,22.589,120.328
74DA38F21048,2026-08-05,22:34:48,27.87,100.0,31.0,22.595,120.341
74DA38F2113E,2026-08-05,22:34:55,-4.0,0.0,0.0,22.728,120.313
74DA38F7C3D6,2026-08-05,22:35:03,29.75,100.0,0.0,25.045,121.541
74DA38F7C366,2026-08-05,22:35:06,28.61,100.0,5.0,25.002,121.516
74DA38F7C41E,2026-08-05,22:35:08,29.25,85.0,0.0,25.054,121.517
74DA38F20D1A,2026-08-05,22:35:10,30.0,100.0,0.0,25.078,121.541
74DA38F20B5C,2026-08-05,22:35:16,29.36,100.0,32.0,22.798,120.293
74DA38F209B2,2026-08-05,22:35:17,28.25,100.0,0.0,22.363,120.599
74DA38F7C610,2026-08-05,22:35:18,30.25,100.0,15.0,25.063,121.564
74DA38F7C310,2026-08-05,22:35:20,30.0,100.0,10.0,25.09,121.464
74DA38F7C5A0,2026-08-05,22:35:26,29.86,100.0,0.0,25.107,121.518
74DA38ED0630,2026-08-05,22:35:31,29.61,100.0,0.0,23.994,121.594
74DA38F21170,2026-08-05,22:35:31,27.87,80.0,6.0,22.779,121.088
74DA38F20D16,2026-08-05,22:35:35,30.5,100.0,15.0,25.062,121.526
74DA38F20E6E,2026-08-05,22:35:48,25.87,100.0,0.0,24.41,120.902
74DA38F7C47E,2026-08-05,22:35:49,30.86,100.0,19.0,25.053963,121.427681
74DA38ED04F2,2026-08-05,22:35:54,27.12,100.0,10.0,23.468,121.496
74DA38F7C4CC,2026-08-05,22:35:57,28.0,100.0,10.0,25.062,121.451
74DA38ED05EA,2026-08-05,22:35:59,28.0,100.0,11.0,23.394,121.357
74DA38F7C5BE,2026-08-05,22:36:01,29.5,97.0,13.0,25.092,121.523
74DA38F20B12,2026-08-05,22:36:04,29.0,80.0,6.0,22.91,120.716
74DA38F20A78,2026-08-05,22:36:06,27.37,100.0,7.0,22.904,121.124
74DA38F20D70,2026-08-05,22:36:08,28.25,98.0,0.0,23.05,121.164
74DA38F7C47C,2026-08-05,22:36:28,29.25,100.0,50.0,25.055,121.455
74DA38F20A30,2026-08-05,22:36:47,27.87,92.0,0.0,24.948,121.372
74DA38F21136,2026-08-05,22:36:51,29.36,100.0,10.0,25.119,121.505
74DA38F7C616,2026-08-05,22:36:54,29.36,100.0,0.0,25.031,121.563
74DA38F7C570,2026-08-05,22:36:57,-4.0,0.0,0.0,25.239,121.63
74DA38F7C260,2026-08-05,22:36:58,28.86,100.0,0.0,25.065,121.425
74DA38F20B26,2026-08-05,22:37:00,30.0,100.0,24.0,22.783,120.247
74DA38ED05B6,2026-08-05,22:37:03,26.62,100.0,14.0,23.43,121.348
74DA38F7C42E,2026-08-05,22:37:03,27.25,100.0,0.0,24.969,121.514
74DA38F2105C,2026-08-05,22:37:05,28.75,100.0,1.0,25.088,121.599
74DA38F7C4DE,2026-08-05,22:37:07,29.86,100.0,0.0,25.09,121.462
74DA38F21024,2026-08-05,22:37:23,28.25,100.0,0.0,24.93,121.036
74DA38F20862,2026-08-05,22:37:24,27.0,100.0,25.0,23.101,121.176
74DA38F207DE,2026-08-05,22:37:29,29.0,100.0,29.0,22.603,120.34
74DA38F7C430,2026-08-05,22:37:33,29.11,89.0,0.0,24.981,121.423
74DA38F20B82,2026-08-05,22:37:37,-4.0,0.0,0.0,22.847,120.465
74DA38ED059C,2026-08-05,22:37:47,27.12,100.0,12.0,23.706,121.412
74DA38F20E9E,2026-08-05,22:37:50,26.62,100.0,14.0,24.648,121.151
74DA38F7C54E,2026-08-05,22:37:57,27.87,100.0,0.0,25.063,121.661
74DA38F20C26,2026-08-05,22:38:00,31.0,88.0,22.0,22.676,120.342
74DA38F7C560,2026-08-05,22:38:05,29.75,-61.0,0.0,25.079,121.671
74DA38F7C3DE,2026-08-05,22:38:19,28.5,100.0,265.0,24.972,121.537
74DA38F20C06,2026-08-05,22:38:20,31.5,71.0,21.0,24.874,121.02
74DA38F7C30C,2026-08-05,22:38:21,28.5,100.0,0.0,24.975,121.532
74DA38F20B88,2026-08-05,22:38:23,27.75,100.0,0.0,22.75,120.316
74DA38F7C600,2026-08-05,22:38:38,22.75,47.0,11.0,25.07,121.586
74DA38F7C63C,2026-08-05,22:38:38,-4.0,0.0,9.0,24.998,121.425
74DA38F7C53C,2026-08-05,22:38:47,27.75,100.0,0.0,25.11,121.804
74DA38F7C506,2026-08-05,22:38:53,28.0,100.0,0.0,24.996,121.544
74DA38F20BF6,2026-08-05,22:38:58,30.0,100.0,16.0,22.582,120.368
74DA38F7C514,2026-08-05,22:39:01,29.11,100.0,13.0,25.051,121.518
74DA38F21088,2026-08-05,22:39:03,29.25,100.0,0.0,25.068,121.588
74DA38F7C3BA,2026-08-05,22:39:04,-4.0,0.0,94.0,25.174,121.441
74DA38F7C5E6,2026-08-05,22:39:05,31.0,100.0,6.0,25.107,121.843
74DA38F7C59C,2026-08-05,22:39:07,30.36,83.0,27.0,25.103,121.487
74DA38F20D2E,2026-08-05,22:39:13,29.11,100.0,0.0,25.06,121.545
74DA38F20FA4,2026-08-05,22:39:21,28.75,100.0,23.0,22.63,120.42
74DA38F7C464,2026-08-05,22:39:28,25.87,30.0,0.0,25.006,121.413
74DA38F21204,2026-08-05,22:39:31,28.11,100.0,3.0,25.062,121.451
74DA38F20F0A,2026-08-05,22:39:35,25.5,100.0,11.0,22.995,120.635
74DA38F7C3B2,2026-08-05,22:39:35,32.0,68.0,9.0,24.929,121.378
74DA38F7C532,2026-08-05,22:39:41,29.0,100.0,14.0,25.059,121.499
74DA38F20D1E,2026-08-05,22:39:42,29.5,100.0,17.0,25.048,121.573
74DA38ED06E0,2026-08-05,22:39:45,28.5,98.0,15.0,23.601,121.521
74DA38F208E2,2026-08-05,22:39:46,27.5,100.0,14.0,24.688,121.766
74DA38ED0454,2026-08-05,22:39:48,31.11,100.0,23.0,24.053,121.599
74DA38F20D6C,2026-08-05,22:39:56,29.86,93.0,0.0,22.661,120.301
74DA38F21054,2026-08-05,22:40:05,29.5,77.0,18.0,22.898,120.627
74DA38F209DE,2026-08-05,22:40:15,29.86,100.0,0.0,24.861,120.964
74DA38F20EB2,2026-08-05,22:40:23,24.62,100.0,32.0,24.324,120.835
74DA38F7C27E,2026-08-05,22:40:23,29.86,100.0,14.0,25.053,121.444
74DA38F210A2,2026-08-05,22:40:27,29.0,100.0,4.0,25.12,121.466
74DA38F209A8,2026-08-05,22:40:35,-4.0,0.0,0.0,22.401,120.577
74DA38F7C592,2026-08-05,22:40:36,-4.0,0.0,0.0,25.224,121.637
74DA38F7C39A,2026-08-05,22:40:39,28.86,100.0,0.0,25.002,121.414
74DA38F209EE,2026-08-05,22:40:40,29.5,100.0,0.0,23.026,121.33
74DA38F210F6,2026-08-05,22:40:44,29.36,100.0,8.0,22.757426,121.158891
74DA38F7C5CE,2026-08-05,22:40:48,29.11,95.0,0.0,25.066,121.656
74DA38F20FFE,2026-08-05,22:40:58,28.11,100.0,13.0,22.894,120.298
74DA38F20B80,2026-08-05,22:41:05,28.61,100.0,17.0,22.599,120.35
74DA38F7C480,2026-08-05,22:41:05,27.75,100.0,0.0,25.061,121.432
74DA38F7C366,2026-08-05,22:41:11,28.5,100.0,5.0,25.002,121.516
74DA38F20DE0,2026-08-05,22:41:15,29.75,100.0,1.0,22.589,120.328
74DA38F21048,2026-08-05,22:41:20,27.75,100.0,31.0,22.595,120.341
74DA38F7C610,2026-08-05,22:41:24,30.11,100.0,15.0,25.063,121.564
74DA38F7C310,2026-08-05,22:41:26,30.0,100.0,9.0,25.09,121.464
74DA38F7C3D6,2026-08-05,22:41:30,29.86,100.0,0.0,25.045,121.541
74DA38F20D1A,2026-08-05,22:41:38,30.0,100.0,0.0,25.078,121.541
74DA38F21170,2026-08-05,22:41:39,28.11,78.0,6.0,22.779,121.088
74DA38F20D16,2026-08-05,22:41:41,30.61,100.0,15.0,25.062,121.526
74DA38F7C41E,2026-08-05,22:41:42,29.0,86.0,0.0,25.054,121.517
74DA38F209B2,2026-08-05,22:41:44,28.5,100.0,0.0,22.363,120.599
74DA38F20E6E,2026-08-05,22:41:51,25.75,100.0,0.0,24.41,120.902
74DA38F7C13A,2026-08-05,22:41:54,21.87,6.0,0.0,25.069,121.359
74DA38F7C566,2026-08-05,22:41:54,30.86,100.0,0.0,25.051,121.448
74DA38F7C5A0,2026-08-05,22:41:54,29.75,100.0,0.0,25.107,121.518
74DA38F7C47E,2026-08-05,22:41:56,30.75,100.0,19.0,25.053963,121.427681
74DA38ED0630,2026-08-05,22:41:58,29.75,100.0,0.0,23.994,121.594
74DA38ED04F2,2026-08-05,22:42:01,27.25,100.0,9.0,23.468,121.496
74DA38F7C4CC,2026-08-05,22:42:03,28.0,100.0,10.0,25.062,121.451
74DA38ED05EA,2026-08-05,22:42:05,28.11,100.0,12.0,23.394,121.357
74DA38F7C3DC,2026-08-05,22:42:05,28.61,100.0,16.0,25.003,121.539
74DA38F7C5BE,2026-08-05,22:42:08,29.36,97.0,13.0,25.092,121.523
74DA38F20B12,2026-08-05,22:42:10,28.86,80.0,5.0,22.91,120.716
74DA38F2113E,2026-08-05,22:42:10,-4.0,0.0,0.0,22.728,120.313
74DA38F20A78,2026-08-05,22:42:12,27.37,100.0,6.0,22.904,121.124
74DA38F20D70,2026-08-05,22:42:13,28.36,97.0,0.0,23.05,121.164
74DA38F7C47C,2026-08-05,22:42:17,29.5,100.0,60.0,25.055,121.455
74DA38F7C338,2026-08-05,22:42:27,30.11,100.0,11.0,25.011,121.458
74DA38F20F1C,2026-08-05,22:42:58,28.5,100.0,14.0,25.062,121.451
74DA38F21136,2026-08-05,22:43:01,29.5,100.0,9.0,25.119,121.505
74DA38F7C616,2026-08-05,22:43:02,29.75,100.0,0.0,25.031,121.563
74DA38F20B26,2026-08-05,22:43:09,30.11,100.0,29.0,22.783,120.247
74DA38ED05B6,2026-08-05,22:43:11,26.75,100.0,15.0,23.43,121.348
74DA38F20A30,2026-08-05,22:43:14,27.87,92.0,0.0,24.948,121.372
74DA38F7C4DE,2026-08-05,22:43:16,29.86,100.0,0.0,25.09,121.462
74DA38F7C260,2026-08-05,22:43:28,29.0,100.0,0.0,25.065,121.425
74DA38F7C42E,2026-08-05,22:43:30,27.25,100.0,0.0,24.969,121.514
74DA38F2105C,2026-08-05,22:43:32,28.86,100.0,0.0,25.088,121.599
74DA38F20862,2026-08-05,22:43:34,27.0,100.0,13.0,23.101,121.176
74DA38F2104E,2026-08-05,22:43:34,25.0,100.0,19.0,23.108,120.7
74DA38F207DE,2026-08-05,22:43:39,29.25,100.0,29.0,22.603,120.34
74DA38F21024,2026-08-05,22:43:50,28.36,100.0,0.0,24.93,121.036
74DA38F20E9E,2026-08-05,22:43:56,26.62,100.0,13.0,24.648,121.151
74DA38ED059C,2026-08-05,22:43:58,26.87,100.0,13.0,23.706,121.412
74DA38F7C430,2026-08-05,22:44:01,29.11,89.0,0.0,24.981,121.423
74DA38F20C26,2026-08-05,22:44:07,31.0,88.0,21.0,22.676,120.342
74DA38F7C3DE,2026-08-05,22:44:18,28.61,100.0,287.0,24.972,121.537
74DA38F7C54E,2026-08-05,22:44:24,27.87,100.0,0.0,25.063,121.661
74DA38F20C06,2026-08-05,22:44:27,31.5,71.0,21.0,24.874,121.02
74DA38F7C30C,2026-08-05,22:44:28,28.61,100.0,0.0,24.975,121.532
74DA38F7C560,2026-08-05,22:44:33,29.75,-61.0,0.0,25.079,121.671
74DA38F7C600,2026-08-05,22:44:44,22.75,47.0,12.0,25.07,121.586
74DA38F20BF6,2026-08-05,22:45:02,30.0,100.0,17.0,22.582,120.368
74DA38F7C514,2026-08-05,22:45:08,28.86,100.0,13.0,25.051,121.518
74DA38F7C5E6,2026-08-05,22:45:10,30.86,100.0,6.0,25.107,121.843
74DA38F7C53C,2026-08-05,22:45:13,27.87,100.0,0.0,25.11,121.804
74DA38F20B88,2026-08-05,22:45:16,27.75,100.0,0.0,22.75,120.316
74DA38F7C5AA,2026-08-05,22:45:21,28.5,100.0,0.0,25.0,121.479
74DA38F20FA4,2026-08-05,22:45:29,28.86,100.0,25.0,22.63,120.42
74DA38F21088,2026-08-05,22:45:32,29.25,100.0,0.0,25.068,121.588
74DA38F7C506,2026-08-05,22:45:32,28.11,100.0,0.0,24.996,121.544
74DA38F7C59C,2026-08-05,22:45:34,30.5,83.0,26.0,25.103,121.487
74DA38F20D2E,2026-08-05,22:45:41,29.11,100.0,0.0,25.06,121.545
74DA38F20F0A,2026-08-05,22:45:41,25.62,100.0,10.0,22.995,120.635
74DA38F7C3B2,2026-08-05,22:45:41,32.0,68.0,9.0,24.929,121.378
74DA38F21204,2026-08-05,22:45:42,28.11,100.0,3.0,25.062,121.451
74DA38F7C532,2026-08-05,22:45:47,28.86,100.0,14.0,25.059,121.499
74DA38ED06E0,2026-08-05,22:45:51,28.5,98.0,15.0,23.601,121.521
74DA38F208E2,2026-08-05,22:45:52,27.5,100.0,14.0,24.688,121.766
74DA38F20D1E,2026-08-05,22:45:53,29.5,100.0,17.0,25.048,121.573
74DA38ED0454,2026-08-05,22:45:55,31.25,100.0,23.0,24.053,121.599
74DA38F7C464,2026-08-05,22:45:58,25.75,30.0,0.0,25.006,121.413
74DA38F21054,2026-08-05,22:46:12,29.5,77.0,19.0,22.898,120.627
74DA38F20D6C,2026-08-05,22:46:28,29.75,93.0,0.0,22.661,120.301
74DA38F7C27E,2026-08-05,22:46:29,29.86,100.0,14.0,25.053,121.444
74DA38F210A2,2026-08-05,22:46:32,28.86,100.0,5.0,25.12,121.466
74DA38F20EB2,2026-08-05,22:46:36,24.37,100.0,33.0,24.324,120.835
74DA38F7C570,2026-08-05,22:46:37,-4.0,0.0,0.0,25.239,121.63
74DA38F209DE,2026-08-05,22:46:42,30.0,100.0,0.0,24.861,120.964
74DA38F209EE,2026-08-05,22:46:46,29.61,100.0,0.0,23.026,121.33
74DA38F210F6,2026-08-05,22:46:49,29.61,100.0,8.0,22.757426,121.158891
74DA38F7C39A,2026-08-05,22:47:06,28.86,100.0,0.0,25.002,121.414
74DA38F20B82,2026-08-05,22:47:09,-4.0,0.0,0.0,22.847,120.465
74DA38F20FFE,2026-08-05,22:47:11,28.11,100.0,14.0,22.894,120.298
74DA38F7C5CE,2026-08-05,22:47:15,29.0,95.0,0.0,25.066,121.656
74DA38F7C366,2026-08-05,22:47:17,28.5,100.0,5.0,25.002,121.516
74DA38F7C610,2026-08-05,22:47:31,30.0,100.0,16.0,25.063,121.564
74DA38F20B80,2026-08-05,22:47:32,28.61,100.0,17.0,22.599,120.35
74DA38F7C310,2026-08-05,22:47:32,30.25,100.0,9.0,25.09,121.464
74DA38F7C480,2026-08-05,22:47:32,27.62,100.0,1.0,25.061,121.432
74DA38F20DE0,2026-08-05,22:47:44,30.0,100.0,1.0,22.589,120.328
74DA38F21170,2026-08-05,22:47:45,28.36,80.0,6.0,22.779,121.088
74DA38F20B5C,2026-08-05,22:47:46,29.36,100.0,31.0,22.798,120.293
74DA38F7C3BA,2026-08-05,22:47:49,-4.0,0.0,97.0,25.174,121.441
74DA38F20D16,2026-08-05,22:47:52,30.5,100.0,15.0,25.062,121.526
74DA38F21048,2026-08-05,22:47:54,27.75,100.0,30.0,22.595,120.341
74DA38F7C3D6,2026-08-05,22:47:57,29.86,100.0,0.0,25.045,121.541
74DA38F7C47E,2026-08-05,22:48:03,30.86,100.0,19.0,25.053963,121.427681
74DA38F20D1A,2026-08-05,22:48:06,30.11,100.0,0.0,25.078,121.541
74DA38ED04F2,2026-08-05,22:48:10,27.37,100.0,9.0,23.468,121.496
74DA38F7C63C,2026-08-05,22:48:10,-4.0,0.0,9.0,24.998,121.425
74DA38ED05EA,2026-08-05,22:48:11,28.11,100.0,12.0,23.394,121.357
74DA38F209B2,2026-08-05,22:48:11,28.36,100.0,1.0,22.363,120.599
74DA38F7C47C,2026-08-05,22:48:11,29.61,100.0,67.0,25.055,121.455
74DA38F7C5BE,2026-08-05,22:48:14,29.36,97.0,12.0,25.092,121.523
74DA38F20B12,2026-08-05,22:48:16,28.86,80.0,6.0,22.91,120.716
74DA38F20A78,2026-08-05,22:48:18,27.5,100.0,6.0,22.904,121.124
74DA38F20D70,2026-08-05,22:48:20,28.36,97.0,0.0,23.05,121.164
74DA38F7C13A,2026-08-05,22:48:21,21.87,6.0,0.0,25.069,121.359
74DA38F7C41E,2026-08-05,22:48:21,28.86,86.0,0.0,25.054,121.517
74DA38F7C5A0,2026-08-05,22:48:21,29.86,100.0,0.0,25.107,121.518
74DA38F7C4CC,2026-08-05,22:48:22,28.0,100.0,10.0,25.062,121.451
74DA38ED0630,2026-08-05,22:48:25,29.75,100.0,0.0,23.994,121.594
74DA38F7C338,2026-08-05,22:48:37,30.11,100.0,12.0,25.011,121.458
74DA38F20F1C,2026-08-05,22:49:05,28.5,100.0,14.0,25.062,121.451
74DA38F7C616,2026-08-05,22:49:12,30.25,100.0,0.0,25.031,121.563
74DA38F21136,2026-08-05,22:49:16,29.61,100.0,9.0,25.119,121.505
74DA38ED05B6,2026-08-05,22:49:17,26.87,100.0,14.0,23.43,121.348
74DA38F7C4DE,2026-08-05,22:49:22,29.86,100.0,0.0,25.09,121.462
74DA38F20B26,2026-08-05,22:49:24,30.11,100.0,32.0,22.783,120.247
74DA38F2113E,2026-08-05,22:49:24,-4.0,0.0,0.0,22.728,120.313
74DA38F20862,2026-08-05,22:49:42,27.12,100.0,11.0,23.101,121.176
74DA38F20A30,2026-08-05,22:49:42,27.62,93.0,0.0,24.948,121.372
74DA38F2104E,2026-08-05,22:49:44,25.5,100.0,19.0,23.108,120.7
74DA38F207DE,2026-08-05,22:49:48,29.36,100.0,32.0,22.603,120.34
74DA38F7C42E,2026-08-05,22:49:57,27.25,100.0,0.0,24.969,121.514
74DA38F7C260,2026-08-05,22:49:58,29.11,100.0,0.0,25.065,121.425
74DA38F2105C,2026-08-05,22:49:59,29.0,100.0,0.0,25.088,121.599
74DA38F20E9E,2026-08-05,22:50:03,26.62,100.0,13.0,24.648,121.151
74DA38F209A8,2026-08-05,22:50:14,-4.0,0.0,0.0,22.401,120.577
74DA38F7C592,2026-08-05,22:50:15,-4.0,0.0,0.0,25.224,121.637
74DA38F7C3DE,2026-08-05,22:50:16,28.5,100.0,283.0,24.972,121.537
74DA38F21024,2026-08-05,22:50:17,28.5,100.0,0.0,24.93,121.036
74DA38F20C26,2026-08-05,22:50:18,31.0,88.0,23.0,22.676,120.342
74DA38F7C430,2026-08-05,22:50:29,29.36,89.0,0.0,24.981,121.423
74DA38F7C30C,2026-08-05,22:50:35,28.61,100.0,0.0,24.975,121.532
74DA38F20C06,2026-08-05,22:50:36,31.5,71.0,22.0,24.874,121.02
74DA38F7C54E,2026-08-05,22:50:49,27.87,100.0,0.0,25.063,121.661
74DA38F7C600,2026-08-05,22:50:49,22.75,47.0,11.0,25.07,121.586
74DA38F7C560,2026-08-05,22:51:00,29.61,-61.0,0.0,25.079,121.671
74DA38F20BF6,2026-08-05,22:51:08,30.0,100.0,18.0,22.582,120.368
74DA38F7C5E6,2026-08-05,22:51:15,30.86,100.0,6.0,25.107,121.843
74DA38F7C514,2026-08-05,22:51:16,28.86,100.0,13.0,25.051,121.518
74DA38F7C53C,2026-08-05,22:51:41,28.0,100.0,0.0,25.11,121.804
74DA38F20B88,2026-08-05,22:51:44,27.87,100.0,0.0,22.75,120.316
74DA38F7C3B2,2026-08-05,22:51:47,32.11,68.0,9.0,24.929,121.378
74DA38F20F0A,2026-08-05,22:51:48,25.5,100.0,11.0,22.995,120.635
74DA38F21204,2026-08-05,22:51:48,28.25,100.0,3.0,25.062,121.451
74DA38F7C532,2026-08-05,22:51:52,29.0,100.0,14.0,25.059,121.499
74DA38ED06E0,2026-08-05,22:51:58,28.61,98.0,16.0,23.601,121.521
74DA38F208E2,2026-08-05,22:51:58,27.62,100.0,13.0,24.688,121.766
74DA38F7C506,2026-08-05,22:51:59,28.0,100.0,0.0,24.996,121.544
74DA38F21088,2026-08-05,22:52:00,29.5,100.0,0.0,25.068,121.588
74DA38F20D1E,2026-08-05,22:52:01,29.36,100.0,17.0,25.048,121.573
74DA38ED0454,2026-08-05,22:52:03,31.36,100.0,23.0,24.053,121.599
74DA38F7C59C,2026-08-05,22:52:03,30.36,83.0,25.0,25.103,121.487
74DA38F20D2E,2026-08-05,22:52:09,29.11,100.0,0.0,25.06,121.545
74DA38F21054,2026-08-05,22:52:19,29.61,77.0,20.0,22.898,120.627
74DA38F7C464,2026-08-05,22:52:27,25.87,30.0,0.0,25.006,121.413
74DA38F7C27E,2026-08-05,22:52:34,29.86,100.0,13.0,25.053,121.444
74DA38F210A2,2026-08-05,22:52:38,29.0,100.0,4.0,25.12,121.466
74DA38F20EB2,2026-08-05,22:52:47,24.25,100.0,33.0,24.324,120.835
74DA38F209EE,2026-08-05,22:52:51,29.75,100.0,0.0,23.026,121.33
74DA38F210F6,2026-08-05,22:52:54,29.75,100.0,8.0,22.757426,121.158891
74DA38F20D6C,2026-08-05,22:52:55,29.75,93.0,0.0,22.661,120.301
74DA38F209DE,2026-08-05,22:53:09,30.0,100.0,0.0,24.861,120.964
74DA38F20FFE,2026-08-05,22:53:23,28.11,100.0,14.0,22.894,120.298
74DA38F7C366,2026-08-05,22:53:24,28.61,100.0,5.0,25.002,121.516
74DA38F7C39A,2026-08-05,22:53:34,29.0,100.0,0.0,25.002,121.414
74DA38F7C610,2026-08-05,22:53:37,29.86,100.0,16.0,25.063,121.564
74DA38F7C310,2026-08-05,22:53:38,30.5,100.0,10.0,25.09,121.464
74DA38F7C5CE,2026-08-05,22:53:43,29.0,95.0,0.0,25.066,121.656
74DA38F21170,2026-08-05,22:53:51,28.61,77.0,6.0,22.779,121.088
74DA38F20B5C,2026-08-05,22:53:55,29.36,100.0,29.0,22.798,120.293
74DA38F20D16,2026-08-05,22:53:58,30.5,100.0,15.0,25.062,121.526
74DA38F7C47C,2026-08-05,22:53:59,29.25,100.0,59.0,25.055,121.455
74DA38F7C480,2026-08-05,22:54:00,27.75,100.0,0.0,25.061,121.432
74DA38F20B80,2026-08-05,22:54:06,28.61,100.0,11.0,22.599,120.35
74DA38F7C47E,2026-08-05,22:54:09,31.0,100.0,19.0,25.053963,121.427681
74DA38F20DE0,2026-08-05,22:54:11,30.0,100.0,0.0,22.589,120.328
74DA38ED04F2,2026-08-05,22:54:17,27.37,100.0,9.0,23.468,121.496
74DA38ED05EA,2026-08-05,22:54:17,28.0,100.0,12.0,23.394,121.357
74DA38F7C5BE,2026-08-05,22:54:20,29.25,98.0,13.0,25.092,121.523
74DA38F20B12,2026-08-05,22:54:22,28.86,80.0,6.0,22.91,120.716
74DA38F7C3D6,2026-08-05,22:54:23,29.86,100.0,0.0,25.045,121.541
74DA38F20A78,2026-08-05,22:54:25,27.5,100.0,6.0,22.904,121.124
74DA38F20D70,2026-08-05,22:54:26,28.36,97.0,0.0,23.05,121.164
74DA38F21048,2026-08-05,22:54:27,28.0,100.0,29.0,22.595,120.341
74DA38F7C4CC,2026-08-05,22:54:29,28.0,100.0,11.0,25.062,121.451
74DA38F20D1A,2026-08-05,22:54:35,30.11,100.0,0.0,25.078,121.541
74DA38F209B2,2026-08-05,22:54:38,28.36,100.0,0.0,22.363,120.599
74DA38F7C13A,2026-08-05,22:54:47,21.75,6.0,0.0,25.069,121.359
74DA38F7C5A0,2026-08-05,22:54:49,29.86,100.0,0.0,25.107,121.518
74DA38ED0630,2026-08-05,22:54:52,29.75,100.0,0.0,23.994,121.594
74DA38F7C338,2026-08-05,22:54:57,30.11,100.0,11.0,25.011,121.458
74DA38F20F1C,2026-08-05,22:55:10,28.36,100.0,14.0,25.062,121.451
74DA38F7C41E,2026-08-05,22:55:18,28.75,87.0,0.0,25.054,121.517
74DA38ED05B6,2026-08-05,22:55:22,27.0,100.0,15.0,23.43,121.348
74DA38F7C616,2026-08-05,22:55:23,30.11,100.0,0.0,25.031,121.563
74DA38F20B26,2026-08-05,22:55:38,30.0,100.0,33.0,22.783,120.247
74DA38F7C4DE,2026-08-05,22:55:44,30.0,100.0,0.0,25.09,121.462
74DA38F20862,2026-08-05,22:55:49,27.25,100.0,12.0,23.101,121.176
74DA38F2104E,2026-08-05,22:55:53,25.87,100.0,18.0,23.108,120.7
74DA38F207DE,2026-08-05,22:55:54,29.61,100.0,28.0,22.603,120.34
74DA38F7C566,2026-08-05,22:56:04,30.86,100.0,0.0,25.051,121.448
74DA38F20A30,2026-08-05,22:56:09,27.75,93.0,0.0,24.948,121.372
74DA38F20E9E,2026-08-05,22:56:10,26.62,100.0,14.0,24.648,121.151
74DA38F7C3DE,2026-08-05,22:56:16,28.36,100.0,285.0,24.972,121.537
74DA38F7C570,2026-08-05,22:56:16,-4.0,0.0,0.0,25.239,121.63
74DA38F7C42E,2026-08-05,22:56:24,27.5,100.0,0.0,24.969,121.514
74DA38F20C26,2026-08-05,22:56:27,31.11,88.0,22.0,22.676,120.342
74DA38F2105C,2026-08-05,22:56:27,29.0,100.0,0.0,25.088,121.599
74DA38F7C3BA,2026-08-05,22:56:34,-4.0,0.0,92.0,25.174,121.441
74DA38F2113E,2026-08-05,22:56:40,-4.0,0.0,1.0,22.728,120.313
74DA38F20B82,2026-08-05,22:56:42,-4.0,0.0,0.0,22.847,120.465
74DA38F7C30C,2026-08-05,22:56:42,28.75,100.0,0.0,24.975,121.532
74DA38F21024,2026-08-05,22:56:44,28.61,100.0,0.0,24.93,121.036
74DA38F20C06,2026-08-05,22:56:45,31.61,71.0,22.0,24.874,121.02
74DA38ED059C,2026-08-05,22:56:46,27.37,100.0,11.0,23.706,121.412
74DA38F7C600,2026-08-05,22:56:55,22.75,47.0,11.0,25.07,121.586
74DA38F7C430,2026-08-05,22:56:57,29.61,89.0,0.0,24.981,121.423
74DA38F20BF6,2026-08-05,22:57:13,30.0,100.0,18.0,22.582,120.368
74DA38F7C54E,2026-08-05,22:57:15,27.87,100.0,0.0,25.063,121.661
74DA38F7C5E6,2026-08-05,22:57:22,30.86,100.0,6.0,25.107,121.843
74DA38F7C514,2026-08-05,22:57:23,28.75,100.0,14.0,25.051,121.518
74DA38F7C560,2026-08-05,22:57:28,29.61,-61.0,0.0,25.079,121.671
74DA38F7C63C,2026-08-05,22:57:42,-4.0,0.0,9.0,24.998,121.425
74DA38F20F0A,2026-08-05,22:57:54,25.5,100.0,10.0,22.995,120.635
74DA38F7C3B2,2026-08-05,22:57:54,32.11,68.0,9.0,24.929,121.378
74DA38F21204,2026-08-05,22:57:57,28.36,100.0,3.0,25.062,121.451
74DA38F7C532,2026-08-05,22:57:59,29.0,100.0,14.0,25.059,121.499
74DA38F208E2,2026-08-05,22:58:04,27.87,100.0,14.0,24.688,121.766
74DA38ED06E0,2026-08-05,22:58:07,28.61,98.0,16.0,23.601,121.521
74DA38F7C53C,2026-08-05,22:58:08,28.0,100.0,0.0,25.11,121.804
74DA38F20D1E,2026-08-05,22:58:14,29.5,100.0,16.0,25.048,121.573
74DA38ED0454,2026-08-05,22:58:15,31.5,100.0,24.0,24.053,121.599
74DA38F20B88,2026-08-05,22:58:18,28.11,100.0,0.0,22.75,120.316
74DA38F21054,2026-08-05,22:58:27,29.61,77.0,22.0,22.898,120.627
74DA38F21088,2026-08-05,22:58:28,29.25,100.0,0.0,25.068,121.588
74DA38F7C59C,2026-08-05,22:58:31,30.5,83.0,24.0,25.103,121.487
74DA38F7C506,2026-08-05,22:58:34,28.11,100.0,0.0,24.996,121.544
74DA38F20D2E,2026-08-05,22:58:37,29.11,100.0,0.0,25.06,121.545
74DA38F7C27E,2026-08-05,22:58:39,29.86,100.0,15.0,25.053,121.444
74DA38F210A2,2026-08-05,22:58:43,29.11,100.0,5.0,25.12,121.466
74DA38F7C5AA,2026-08-05,22:58:49,29.0,100.0,0.0,25.0,121.479
74DA38F7C464,2026-08-05,22:58:55,25.75,30.0,0.0,25.006,121.413
74DA38F209EE,2026-08-05,22:58:58,30.0,100.0,0.0,23.026,121.33
74DA38F210F6,2026-08-05,22:58:58,29.86,100.0,8.0,22.757426,121.158891
74DA38F20EB2,2026-08-05,22:58:59,24.87,100.0,34.0,24.324,120.835
74DA38F20D6C,2026-08-05,22:59:23,29.75,93.0,0.0,22.661,120.301
74DA38F7C366,2026-08-05,22:59:29,28.86,100.0,5.0,25.002,121.516
74DA38F20FFE,2026-08-05,22:59:36,27.87,100.0,19.0,22.894,120.298
74DA38F209DE,2026-08-05,22:59:37,30.25,100.0,0.0,24.861,120.964
74DA38F7C47C,2026-08-05,22:59:41,29.25,100.0,44.0,25.055,121.455
74DA38F7C310,2026-08-05,22:59:42,30.61,100.0,9.0,25.09,121.464
74DA38F7C610,2026-08-05,22:59:43,29.75,100.0,15.0,25.063,121.564
74DA38F7C592,2026-08-05,22:59:55,-4.0,0.0,0.0,25.224,121.637
74DA38F209A8,2026-08-05,22:59:56,-4.0,0.0,0.0,22.401,120.577
74DA38F21170,2026-08-05,22:59:57,28.86,79.0,7.0,22.779,121.088
74DA38F7C39A,2026-08-05,23:00:02,29.0,100.0,0.0,25.002,121.414
74DA38F20D16,2026-08-05,23:00:03,30.61,100.0,15.0,25.062,121.526
74DA38F20B5C,2026-08-05,23:00:06,29.36,100.0,32.0,22.798,120.293
74DA38F7C5CE,2026-08-05,23:00:09,29.0,95.0,0.0,25.066,121.656
74DA38F7C47E,2026-08-05,23:00:16,31.36,100.0,19.0,25.053963,121.427681
74DA38ED05EA,2026-08-05,23:00:22,28.0,100.0,12.0,23.394,121.357
74DA38ED04F2,2026-08-05,23:00:24,27.5,100.0,9.0,23.468,121.496
74DA38F7C5BE,2026-08-05,23:00:26,29.36,98.0,13.0,25.092,121.523
74DA38F20B12,2026-08-05,23:00:28,28.86,80.0,6.0,22.91,120.716
74DA38F7C480,2026-08-05,23:00:28,28.0,100.0,0.0,25.061,121.432
74DA38F20D70,2026-08-05,23:00:31,28.5,97.0,1.0,23.05,121.164
74DA38F20A78,2026-08-05,23:00:33,27.62,100.0,6.0,22.904,121.124
74DA38F20B80,2026-08-05,23:00:33,28.75,100.0,1.0,22.599,120.35
74DA38F20DE0,2026-08-05,23:00:40,30.11,100.0,1.0,22.589,120.328
74DA38F7C4CC,2026-08-05,23:00:44,28.11,100.0,11.0,25.062,121.451
74DA38F7C3D6,2026-08-05,23:00:50,30.0,100.0,0.0,25.045,121.541
74DA38F21048,2026-08-05,23:00:57,27.87,100.0,27.0,22.595,120.341
74DA38F20D1A,2026-08-05,23:01:03,30.0,100.0,0.0,25.078,121.541
74DA38F209B2,2026-08-05,23:01:05,28.25,100.0,0.0,22.363,120.599
74DA38F7C13A,2026-08-05,23:01:15,21.75,5.0,0.0,25.069,121.359
74DA38F20F1C,2026-08-05,23:01:16,28.5,100.0,13.0,25.062,121.451
74DA38F7C5A0,2026-08-05,23:01:16,29.86,100.0,0.0,25.107,121.518
74DA38ED0630,2026-08-05,23:01:22,29.75,100.0,0.0,23.994,121.594
74DA38ED05B6,2026-08-05,23:01:28,27.25,100.0,15.0,23.43,121.348
74DA38F7C616,2026-08-05,23:01:30,30.5,100.0,0.0,25.031,121.563
74DA38F7C338,2026-08-05,23:01:33,30.11,100.0,11.0,25.011,121.458
74DA38F20B26,2026-08-05,23:01:53,30.11,100.0,34.0,22.783,120.247
74DA38F7C4DE,2026-08-05,23:01:53,30.25,100.0,0.0,25.09,121.462
74DA38F20862,2026-08-05,23:01:57,27.37,100.0,13.0,23.101,121.176
74DA38F2104E,2026-08-05,23:01:59,26.25,100.0,18.0,23.108,120.7
74DA38F207DE,2026-08-05,23:02:01,29.75,100.0,28.0,22.603,120.34
74DA38F20E9E,2026-08-05,23:02:16,26.62,100.0,14.0,24.648,121.151
74DA38F7C3DE,2026-08-05,23:02:16,28.36,100.0,310.0,24.972,121.537
74DA38F7C3DC,2026-08-05,23:02:21,29.25,100.0,18.0,25.003,121.539
74DA38F20C26,2026-08-05,23:02:34,31.11,88.0,22.0,22.676,120.342
74DA38F20A30,2026-08-05,23:02:39,27.87,93.0,0.0,24.948,121.372
74DA38F7C566,2026-08-05,23:02:42,30.75,100.0,0.0,25.051,121.448
74DA38F7C30C,2026-08-05,23:02:49,28.75,100.0,0.0,24.975,121.532
74DA38F20C06,2026-08-05,23:02:54,31.61,71.0,22.0,24.874,121.02
74DA38F2105C,2026-08-05,23:02:54,29.0,100.0,0.0,25.088,121.599
74DA38F7C42E,2026-08-05,23:02:54,27.62,100.0,0.0,24.969,121.514
74DA38F7C600,2026-08-05,23:03:01,22.87,47.0,11.0,25.07,121.586
74DA38F21024,2026-08-05,23:03:11,28.75,100.0,0.0,24.93,121.036
74DA38F20BF6,2026-08-05,23:03:18,30.0,100.0,18.0,22.582,120.368
74DA38F7C430,2026-08-05,23:03:25,29.75,89.0,0.0,24.981,121.423
74DA38F7C5E6,2026-08-05,23:03:28,30.86,100.0,6.0,25.107,121.843
74DA38F7C514,2026-08-05,23:03:30,28.86,100.0,13.0,25.051,121.518
74DA38F7C54E,2026-08-05,23:03:42,28.0,100.0,0.0,25.063,121.661
74DA38F2113E,2026-08-05,23:03:56,-4.0,0.0,0.0,22.728,120.313
74DA38F7C560,2026-08-05,23:03:56,29.36,-61.0,0.0,25.079,121.671
74DA38F20F0A,2026-08-05,23:04:00,25.87,100.0,10.0,22.995,120.635
74DA38F7C3B2,2026-08-05,23:04:00,32.0,68.0,8.0,24.929,121.378
74DA38F7C532,2026-08-05,23:04:03,29.0,100.0,13.0,25.059,121.499
74DA38F21204,2026-08-05,23:04:05,28.5,100.0,3.0,25.062,121.451
74DA38F208E2,2026-08-05,23:04:09,28.0,100.0,14.0,24.688,121.766
74DA38ED06E0,2026-08-05,23:04:14,28.61,98.0,16.0,23.601,121.521
74DA38F20D1E,2026-08-05,23:04:23,29.61,100.0,16.0,25.048,121.573
74DA38ED0454,2026-08-05,23:04:27,31.61,100.0,23.0,24.053,121.599
74DA38F7C53C,2026-08-05,23:04:34,28.0,100.0,0.0,25.11,121.804
74DA38F21054,2026-08-05,23:04:35,29.75,77.0,27.0,22.898,120.627
74DA38F7C27E,2026-08-05,23:04:45,30.0,100.0,13.0,25.053,121.444
74DA38F20B88,2026-08-05,23:04:46,28.36,100.0,0.0,22.75,120.316
74DA38F210A2,2026-08-05,23:04:48,29.25,100.0,5.0,25.12,121.466
74DA38F21088,2026-08-05,23:04:57,29.11,100.0,0.0,25.068,121.588
74DA38F7C59C,2026-08-05,23:04:59,30.36,83.0,24.0,25.103,121.487
74DA38F209EE,2026-08-05,23:05:03,30.0,100.0,0.0,23.026,121.33
74DA38F210F6,2026-08-05,23:05:03,30.0,100.0,9.0,22.757426,121.158891
74DA38F7C506,2026-08-05,23:05:03,28.25,100.0,0.0,24.996,121.544
74DA38F20D2E,2026-08-05,23:05:05,29.11,100.0,0.0,25.06,121.545
74DA38F20EB2,2026-08-05,23:05:14,26.25,100.0,34.0,24.324,120.835
74DA38F7C5AA,2026-08-05,23:05:17,29.11,100.0,0.0,25.0,121.479
74DA38F7C3BA,2026-08-05,23:05:18,-4.0,0.0,92.0,25.174,121.441
74DA38F7C464,2026-08-05,23:05:22,25.75,30.0,0.0,25.006,121.413
74DA38F7C47C,2026-08-05,23:05:22,29.61,100.0,53.0,25.055,121.455
74DA38F7C366,2026-08-05,23:05:36,28.61,100.0,6.0,25.002,121.516
74DA38F7C310,2026-08-05,23:05:46,30.75,100.0,9.0,25.09,121.464
74DA38F7C610,2026-08-05,23:05:51,29.86,100.0,15.0,25.063,121.564
74DA38F7C570,2026-08-05,23:05:57,-4.0,0.0,0.0,25.239,121.63
74DA38F209DE,2026-08-05,23:06:04,30.36,100.0,0.0,24.861,120.964
74DA38F21170,2026-08-05,23:06:05,28.86,79.0,10.0,22.779,121.088
74DA38F20D16,2026-08-05,23:06:10,30.75,100.0,15.0,25.062,121.526
74DA38F20FFE,2026-08-05,23:06:13,28.11,100.0,21.0,22.894,120.298
74DA38F20B5C,2026-08-05,23:06:14,29.5,100.0,30.0,22.798,120.293
74DA38F20B82,2026-08-05,23:06:14,-4.0,0.0,0.0,22.847,120.465
74DA38F7C47E,2026-08-05,23:06:22,31.61,100.0,18.0,25.053963,121.427681
74DA38ED05EA,2026-08-05,23:06:28,28.11,100.0,12.0,23.394,121.357
74DA38F7C39A,2026-08-05,23:06:29,29.0,100.0,0.0,25.002,121.414
74DA38ED04F2,2026-08-05,23:06:31,27.62,100.0,9.0,23.468,121.496
74DA38F7C5BE,2026-08-05,23:06:33,29.36,98.0,12.0,25.092,121.523
74DA38F20B12,2026-08-05,23:06:34,28.86,80.0,6.0,22.91,120.716
74DA38F7C5CE,2026-08-05,23:06:36,29.0,95.0,0.0,25.066,121.656
74DA38F20D70,2026-08-05,23:06:37,28.61,97.0,1.0,23.05,121.164
74DA38F20A78,2026-08-05,23:06:38,27.62,100.0,5.0,22.904,121.124
74DA38F7C480,2026-08-05,23:06:55,28.25,100.0,0.0,25.061,121.432
74DA38F7C4CC,2026-08-05,23:06:56,28.25,100.0,10.0,25.062,121.451
74DA38F20B80,2026-08-05,23:07:00,28.75,100.0,0.0,22.599,120.35
74DA38F20DE0,2026-08-05,23:07:07,30.0,100.0,0.0,22.589,120.328
74DA38F7C63C,2026-08-05,23:07:14,-4.0,0.0,9.0,24.998,121.425
74DA38F7C3D6,2026-08-05,23:07:17,30.11,100.0,0.0,25.045,121.541
74DA38F20F1C,2026-08-05,23:07:23,28.5,100.0,15.0,25.062,121.451
74DA38F21048,2026-08-05,23:07:27,27.75,100.0,30.0,22.595,120.341
74DA38F20D1A,2026-08-05,23:07:30,30.11,100.0,0.0,25.078,121.541
74DA38F209B2,2026-08-05,23:07:32,28.36,100.0,0.0,22.363,120.599
74DA38ED05B6,2026-08-05,23:07:34,27.5,100.0,14.0,23.43,121.348
74DA38F7C13A,2026-08-05,23:07:42,21.87,6.0,0.0,25.069,121.359
74DA38F7C338,2026-08-05,23:07:43,30.11,100.0,11.0,25.011,121.458
74DA38F7C5A0,2026-08-05,23:07:44,30.0,100.0,0.0,25.107,121.518
74DA38ED0630,2026-08-05,23:07:50,29.61,100.0,0.0,23.994,121.594
74DA38F7C616,2026-08-05,23:08:01,30.75,100.0,0.0,25.031,121.563
74DA38F20862,2026-08-05,23:08:04,27.75,100.0,12.0,23.101,121.176
74DA38F7C4DE,2026-08-05,23:08:04,30.36,100.0,0.0,25.09,121.462
74DA38F207DE,2026-08-05,23:08:07,29.86,100.0,29.0,22.603,120.34
74DA38F20B26,2026-08-05,23:08:11,30.11,100.0,35.0,22.783,120.247
74DA38F21136,2026-08-05,23:08:15,29.5,100.0,9.0,25.119,121.505
74DA38F20E9E,2026-08-05,23:08:23,26.62,100.0,13.0,24.648,121.151
74DA38F7C41E,2026-08-05,23:08:34,29.0,87.0,0.0,25.054,121.517
74DA38F20C26,2026-08-05,23:08:45,31.0,88.0,24.0,22.676,120.342
74DA38F7C3DC,2026-08-05,23:08:53,29.5,100.0,18.0,25.003,121.539
74DA38F7C30C,2026-08-05,23:08:56,28.75,100.0,0.0,24.975,121.532
74DA38F20C06,2026-08-05,23:09:02,31.61,71.0,23.0,24.874,121.02
74DA38F7C600,2026-08-05,23:09:06,22.87,47.0,11.0,25.07,121.586
74DA38F20A30,2026-08-05,23:09:09,28.0,93.0,2.0,24.948,121.372
74DA38F20D6C,2026-08-05,23:09:14,29.86,93.0,0.0,22.661,120.301
74DA38F2105C,2026-08-05,23:09:21,29.11,100.0,0.0,25.088,121.599
74DA38F7C42E,2026-08-05,23:09:21,27.62,100.0,0.0,24.969,121.514
74DA38F20BF6,2026-08-05,23:09:23,30.0,100.0,18.0,22.582,120.368
74DA38ED059C,2026-08-05,23:09:31,27.75,100.0,11.0,23.706,121.412
74DA38F209A8,2026-08-05,23:09:34,-4.0,0.0,0.0,22.401,120.577
74DA38F7C592,2026-08-05,23:09:34,-4.0,0.0,0.0,25.224,121.637
74DA38F7C5E6,2026-08-05,23:09:34,30.86,100.0,6.0,25.107,121.843
74DA38F21024,2026-08-05,23:09:39,28.86,100.0,0.0,24.93,121.036
74DA38F7C514,2026-08-05,23:09:39,29.11,100.0,13.0,25.051,121.518
74DA38F7C430,2026-08-05,23:09:53,30.0,89.0,0.0,24.981,121.423
74DA38F7C3B2,2026-08-05,23:10:05,32.11,68.0,9.0,24.929,121.378
74DA38F20F0A,2026-08-05,23:10:06,27.0,100.0,10.0,22.995,120.635
74DA38F7C54E,2026-08-05,23:10:07,28.0,100.0,0.0,25.063,121.661
74DA38F7C532,2026-08-05,23:10:08,29.0,100.0,13.0,25.059,121.499
74DA38F208E2,2026-08-05,23:10:14,28.11,100.0,13.0,24.688,121.766
74DA38F21204,2026-08-05,23:10:14,28.75,100.0,3.0,25.062,121.451
74DA38F7C260,2026-08-05,23:10:18,29.25,100.0,0.0,25.065,121.425
74DA38ED06E0,2026-08-05,23:10:21,28.61,98.0,15.0,23.601,121.521
74DA38F7C560,2026-08-05,23:10:23,29.25,-61.0,0.0,25.079,121.671
74DA38ED0454,2026-08-05,23:10:35,31.61,99.0,22.0,24.053,121.599
74DA38F20D1E,2026-08-05,23:10:37,29.61,100.0,16.0,25.048,121.573
74DA38F21054,2026-08-05,23:10:42,29.61,76.0,24.0,22.898,120.627
74DA38F7C27E,2026-08-05,23:10:51,30.0,100.0,14.0,25.053,121.444
74DA38F210A2,2026-08-05,23:10:53,29.25,100.0,4.0,25.12,121.466
74DA38F7C53C,2026-08-05,23:11:02,28.0,100.0,0.0,25.11,121.804
74DA38F209EE,2026-08-05,23:11:07,29.61,100.0,0.0,23.026,121.33
74DA38F210F6,2026-08-05,23:11:08,30.0,100.0,9.0,22.757426,121.158891
74DA38F2113E,2026-08-05,23:11:11,-4.0,0.0,0.0,22.728,120.313
74DA38F7C47C,2026-08-05,23:11:12,32.25,100.0,60.0,25.055,121.455
74DA38F20B88,2026-08-05,23:11:19,28.36,100.0,0.0,22.75,120.316
74DA38F21088,2026-08-05,23:11:25,29.25,100.0,0.0,25.068,121.588
74DA38F7C59C,2026-08-05,23:11:27,30.36,84.0,26.0,25.103,121.487
74DA38F20EB2,2026-08-05,23:11:28,28.11,100.0,34.0,24.324,120.835
74DA38F7C506,2026-08-05,23:11:31,28.36,100.0,0.0,24.996,121.544
74DA38F20D2E,2026-08-05,23:11:33,29.11,100.0,0.0,25.06,121.545
74DA38F7C366,2026-08-05,23:11:43,28.75,100.0,5.0,25.002,121.516
74DA38F7C5AA,2026-08-05,23:11:47,29.25,100.0,0.0,25.0,121.479
74DA38F7C464,2026-08-05,23:11:49,25.87,30.0,0.0,25.006,121.413
74DA38F7C310,2026-08-05,23:11:51,31.0,100.0,10.0,25.09,121.464
74DA38F7C610,2026-08-05,23:11:59,29.86,100.0,16.0,25.063,121.564
74DA38F21170,2026-08-05,23:12:11,28.86,78.0,8.0,22.779,121.088
74DA38F20D16,2026-08-05,23:12:18,30.75,100.0,19.0,25.062,121.526
74DA38F20B5C,2026-08-05,23:12:27,29.36,100.0,33.0,22.798,120.293
74DA38F7C47E,2026-08-05,23:12:29,31.86,100.0,18.0,25.053963,121.427681
74DA38F209DE,2026-08-05,23:12:31,30.36,100.0,0.0,24.861,120.964
74DA38ED05EA,2026-08-05,23:12:34,27.75,100.0,13.0,23.394,121.357
74DA38ED04F2,2026-08-05,23:12:39,27.75,100.0,9.0,23.468,121.496
74DA38F7C5BE,2026-08-05,23:12:39,29.5,98.0,13.0,25.092,121.523
74DA38F20B12,2026-08-05,23:12:40,29.0,80.0,6.0,22.91,120.716
74DA38F20D70,2026-08-05,23:12:43,28.75,96.0,1.0,23.05,121.164
74DA38F20A78,2026-08-05,23:12:44,27.75,100.0,6.0,22.904,121.124
74DA38F20FFE,2026-08-05,23:12:57,28.36,100.0,21.0,22.894,120.298
74DA38F7C39A,2026-08-05,23:12:57,29.11,100.0,0.0,25.002,121.414
74DA38F7C4CC,2026-08-05,23:13:02,28.5,100.0,10.0,25.062,121.451
74DA38F7C5CE,2026-08-05,23:13:03,28.86,95.0,0.0,25.066,121.656
74DA38F7C480,2026-08-05,23:13:25,28.36,100.0,0.0,25.061,121.432
74DA38F20B80,2026-08-05,23:13:27,28.86,100.0,0.0,22.599,120.35
74DA38F20F1C,2026-08-05,23:13:29,28.61,100.0,14.0,25.062,121.451
74DA38F20DE0,2026-08-05,23:13:35,30.0,100.0,1.0,22.589,120.328
74DA38ED05B6,2026-08-05,23:13:41,27.75,100.0,14.0,23.43,121.348
74DA38F7C3D6,2026-08-05,23:13:44,30.36,100.0,0.0,25.045,121.541
74DA38F7C338,2026-08-05,23:13:51,30.11,100.0,11.0,25.011,121.458
74DA38F209B2,2026-08-05,23:13:59,28.25,100.0,0.0,22.363,120.599
74DA38F20D1A,2026-08-05,23:13:59,30.25,100.0,0.0,25.078,121.541
74DA38F21048,2026-08-05,23:14:01,27.62,100.0,31.0,22.595,120.341
74DA38F7C3BA,2026-08-05,23:14:03,-4.0,0.0,89.0,25.174,121.441
74DA38F7C13A,2026-08-05,23:14:09,21.87,6.0,0.0,25.069,121.359
74DA38F20862,2026-08-05,23:14:11,28.11,100.0,12.0,23.101,121.176
74DA38F7C5A0,2026-08-05,23:14:12,30.0,100.0,0.0,25.107,121.518
74DA38F7C3DE,2026-08-05,23:14:14,28.61,100.0,275.0,24.972,121.537
74DA38F207DE,2026-08-05,23:14:15,30.25,100.0,27.0,22.603,120.34
74DA38ED0630,2026-08-05,23:14:20,29.86,100.0,0.0,23.994,121.594
74DA38F7C4DE,2026-08-05,23:14:25,30.5,100.0,0.0,25.09,121.462
74DA38F20E9E,2026-08-05,23:14:29,26.62,100.0,15.0,24.648,121.151
74DA38F7C616,2026-08-05,23:14:32,30.61,100.0,0.0,25.031,121.563
74DA38F20C26,2026-08-05,23:14:55,31.0,88.0,24.0,22.676,120.342
74DA38F7C30C,2026-08-05,23:15:09,28.86,100.0,0.0,24.975,121.532
74DA38F20C06,2026-08-05,23:15:11,31.61,71.0,22.0,24.874,121.02
74DA38F7C600,2026-08-05,23:15:11,22.87,47.0,12.0,25.07,121.586
74DA38F20BF6,2026-08-05,23:15:27,30.0,100.0,18.0,22.582,120.368
74DA38F7C570,2026-08-05,23:15:36,-4.0,0.0,0.0,25.239,121.63
74DA38F20A30,2026-08-05,23:15:39,28.25,93.0,0.0,24.948,121.372
74DA38F7C5E6,2026-08-05,23:15:39,30.86,100.0,6.0,25.107,121.843
74DA38F7C41E,2026-08-05,23:15:40,29.0,87.0,0.0,25.054,121.517
74DA38F20D6C,2026-08-05,23:15:43,29.75,93.0,0.0,22.661,120.301
74DA38F2104E,2026-08-05,23:15:44,27.62,100.0,17.0,23.108,120.7
74DA38F20B82,2026-08-05,23:15:46,-4.0,0.0,0.0,22.847,120.465
74DA38F7C514,2026-08-05,23:15:47,29.11,100.0,14.0,25.051,121.518
74DA38F2105C,2026-08-05,23:15:48,29.25,100.0,0.0,25.088,121.599
74DA38F7C42E,2026-08-05,23:15:49,27.62,100.0,0.0,24.969,121.514
74DA38ED059C,2026-08-05,23:15:50,27.75,100.0,11.0,23.706,121.412
74DA38F21024,2026-08-05,23:16:07,29.0,100.0,0.0,24.93,121.036
74DA38F7C3B2,2026-08-05,23:16:10,32.11,68.0,9.0,24.929,121.378
74DA38F7C532,2026-08-05,23:16:12,29.0,100.0,14.0,25.059,121.499
74DA38F20F0A,2026-08-05,23:16:14,27.75,100.0,10.0,22.995,120.635
74DA38F208E2,2026-08-05,23:16:18,28.11,100.0,13.0,24.688,121.766
74DA38F21204,2026-08-05,23:16:20,28.86,100.0,3.0,25.062,121.451
74DA38F7C430,2026-08-05,23:16:20,30.11,89.0,0.0,24.981,121.423
74DA38ED06E0,2026-08-05,23:16:27,28.61,98.0,16.0,23.601,121.521
74DA38F7C54E,2026-08-05,23:16:36,28.0,100.0,0.0,25.063,121.661
74DA38ED0454,2026-08-05,23:16:42,31.61,99.0,22.0,24.053,121.599
74DA38F7C260,2026-08-05,23:16:46,29.36,100.0,0.0,25.065,121.425
74DA38F21054,2026-08-05,23:16:48,29.75,76.0,23.0,22.898,120.627
74DA38F7C63C,2026-08-05,23:16:48,-4.0,0.0,8.0,24.998,121.425
74DA38F7C560,2026-08-05,23:16:51,29.36,-61.0,0.0,25.079,121.671
74DA38F20D1E,2026-08-05,23:16:56,29.75,100.0,16.0,25.048,121.573
74DA38F7C27E,2026-08-05,23:16:57,30.0,100.0,13.0,25.053,121.444
74DA38F210A2,2026-08-05,23:16:59,29.25,100.0,5.0,25.12,121.466
74DA38F7C47C,2026-08-05,23:17:06,33.61,95.0,69.0,25.055,121.455
74DA38F209EE,2026-08-05,23:17:13,29.75,100.0,0.0,23.026,121.33
74DA38F210F6,2026-08-05,23:17:13,30.11,100.0,8.0,22.757426,121.158891
74DA38F7C53C,2026-08-05,23:17:29,28.11,100.0,0.0,25.11,121.804
74DA38F20EB2,2026-08-05,23:17:39,30.25,100.0,31.0,24.324,120.835
74DA38F20B88,2026-08-05,23:17:47,28.36,100.0,0.0,22.75,120.316
74DA38F7C366,2026-08-05,23:17:50,29.11,100.0,5.0,25.002,121.516
74DA38F21088,2026-08-05,23:17:53,29.36,100.0,0.0,25.068,121.588
74DA38F7C310,2026-08-05,23:17:56,31.0,100.0,10.0,25.09,121.464
74DA38F7C59C,2026-08-05,23:17:57,30.5,84.0,24.0,25.103,121.487
74DA38F20D2E,2026-08-05,23:18:00,29.11,100.0,0.0,25.06,121.545
74DA38F7C610,2026-08-05,23:18:06,30.0,100.0,15.0,25.063,121.564
74DA38F7C506,2026-08-05,23:18:09,28.36,100.0,0.0,24.996,121.544
74DA38F7C5AA,2026-08-05,23:18:16,29.11,100.0,1.0,25.0,121.479
74DA38F7C464,2026-08-05,23:18:17,26.0,30.0,0.0,25.006,121.413
74DA38F21170,2026-08-05,23:18:18,29.0,77.0,6.0,22.779,121.088
74DA38F20D16,2026-08-05,23:18:22,31.0,100.0,16.0,25.062,121.526
74DA38F2113E,2026-08-05,23:18:27,-4.0,0.0,2.0,22.728,120.313
74DA38F7C47E,2026-08-05,23:18:35,32.11,100.0,19.0,25.053963,121.427681
74DA38F20B5C,2026-08-05,23:18:37,29.36,100.0,31.0,22.798,120.293
74DA38ED05EA,2026-08-05,23:18:41,27.75,100.0,13.0,23.394,121.357
74DA38F7C5BE,2026-08-05,23:18:45,29.5,99.0,14.0,25.092,121.523
74DA38F20B12,2026-08-05,23:18:46,29.0,80.0,6.0,22.91,120.716
74DA38ED04F2,2026-08-05,23:18:48,27.75,100.0,8.0,23.468,121.496
74DA38F20D70,2026-08-05,23:18:49,28.5,97.0,1.0,23.05,121.164
74DA38F20A78,2026-08-05,23:18:50,27.87,100.0,6.0,22.904,121.124
74DA38F209DE,2026-08-05,23:18:59,30.36,100.0,0.0,24.861,120.964
74DA38F7C4CC,2026-08-05,23:19:08,28.61,100.0,10.0,25.062,121.451
74DA38F20FFE,2026-08-05,23:19:09,28.36,100.0,31.0,22.894,120.298
74DA38F209A8,2026-08-05,23:19:13,-4.0,0.0,0.0,22.401,120.577
74DA38F7C592,2026-08-05,23:19:13,-4.0,0.0,0.0,25.224,121.637
74DA38F20E6E,2026-08-05,23:19:20,26.25,100.0,0.0,24.41,120.902
74DA38F7C39A,2026-08-05,23:19:24,29.11,100.0,0.0,25.002,121.414
74DA38F7C5CE,2026-08-05,23:19:30,28.86,96.0,0.0,25.066,121.656
74DA38F20F1C,2026-08-05,23:19:36,28.61,100.0,16.0,25.062,121.451
74DA38ED05B6,2026-08-05,23:19:46,27.87,100.0,14.0,23.43,121.348
74DA38F7C480,2026-08-05,23:19:52,28.61,100.0,0.0,25.061,121.432
74DA38F20B80,2026-08-05,23:19:53,28.86,100.0,0.0,22.599,120.35
74DA38F7C338,2026-08-05,23:19:59,30.0,100.0,11.0,25.011,121.458
74DA38F20DE0,2026-08-05,23:20:03,30.11,100.0,0.0,22.589,120.328
74DA38F7C3D6,2026-08-05,23:20:10,30.5,100.0,0.0,25.045,121.541
74DA38F7C3DE,2026-08-05,23:20:14,28.61,100.0,302.0,24.972,121.537
74DA38F20862,2026-08-05,23:20:17,28.25,100.0,14.0,23.101,121.176
74DA38F207DE,2026-08-05,23:20:21,30.25,100.0,29.0,22.603,120.34
74DA38F20D1A,2026-08-05,23:20:26,30.36,100.0,0.0,25.078,121.541
74DA38F209B2,2026-08-05,23:20:28,28.25,100.0,0.0,22.363,120.599
74DA38F21048,2026-08-05,23:20:32,27.75,100.0,32.0,22.595,120.341
74DA38F20E9E,2026-08-05,23:20:36,26.62,100.0,14.0,24.648,121.151
74DA38F7C13A,2026-08-05,23:20:38,21.87,6.0,8.0,25.069,121.359
74DA38F7C5A0,2026-08-05,23:20:38,29.86,100.0,0.0,25.107,121.518
74DA38F7C616,2026-08-05,23:20:38,30.86,100.0,0.0,25.031,121.563
74DA38F21136,2026-08-05,23:20:39,29.61,100.0,10.0,25.119,121.505
74DA38ED0630,2026-08-05,23:20:49,30.0,100.0,0.0,23.994,121.594
74DA38F20C26,2026-08-05,23:21:11,31.11,88.0,26.0,22.676,120.342
74DA38F7C30C,2026-08-05,23:21:17,29.0,100.0,0.0,24.975,121.532
74DA38F7C600,2026-08-05,23:21:17,22.87,47.0,11.0,25.07,121.586
74DA38F20C06,2026-08-05,23:21:19,31.5,72.0,23.0,24.874,121.02
74DA38F20BF6,2026-08-05,23:21:32,30.0,100.0,18.0,22.582,120.368
74DA38F7C5E6,2026-08-05,23:21:45,30.86,100.0,6.0,25.107,121.843
74DA38F7C514,2026-08-05,23:21:55,29.25,100.0,13.0,25.051,121.518
74DA38F20A30,2026-08-05,23:22:09,28.36,93.0,4.0,24.948,121.372
74DA38F20D6C,2026-08-05,23:22:11,29.61,93.0,0.0,22.661,120.301
74DA38ED059C,2026-08-05,23:22:14,28.36,99.0,11.0,23.706,121.412
74DA38F2105C,2026-08-05,23:22:15,29.25,100.0,0.0,25.088,121.599
74DA38F7C3B2,2026-08-05,23:22:15,32.11,68.0,9.0,24.929,121.378
74DA38F7C42E,2026-08-05,23:22:19,28.0,100.0,0.0,24.969,121.514
74DA38F7C532,2026-08-05,23:22:19,29.11,100.0,14.0,25.059,121.499
74DA38F20F0A,2026-08-05,23:22:20,28.25,100.0,9.0,22.995,120.635
74DA38F208E2,2026-08-05,23:22:23,28.25,100.0,12.0,24.688,121.766
74DA38F21204,2026-08-05,23:22:26,28.86,100.0,3.0,25.062,121.451
74DA38F21024,2026-08-05,23:22:33,29.11,100.0,0.0,24.93,121.036
74DA38F7C3BA,2026-08-05,23:22:47,-4.0,0.0,89.0,25.174,121.441
74DA38F7C430,2026-08-05,23:22:48,30.11,88.0,0.0,24.981,121.423
74DA38ED0454,2026-08-05,23:22:49,31.61,99.0,22.0,24.053,121.599
74DA38ED06E0,2026-08-05,23:22:54,28.61,98.0,16.0,23.601,121.521
74DA38F21054,2026-08-05,23:22:55,29.75,76.0,22.0,22.898,120.627
74DA38F7C47C,2026-08-05,23:22:57,34.61,92.0,84.0,25.055,121.455
74DA38F7C54E,2026-08-05,23:23:02,28.25,100.0,0.0,25.063,121.661
74DA38F20D1E,2026-08-05,23:23:03,29.86,100.0,15.0,25.048,121.573
74DA38F7C27E,2026-08-05,23:23:03,30.0,100.0,14.0,25.053,121.444
74DA38F210A2,2026-08-05,23:23:04,29.11,100.0,4.0,25.12,121.466
74DA38F7C260,2026-08-05,23:23:15,29.36,100.0,0.0,25.065,121.425
74DA38F210F6,2026-08-05,23:23:17,30.0,100.0,9.0,22.757426,121.158891
74DA38F209EE,2026-08-05,23:23:18,29.86,100.0,0.0,23.026,121.33
74DA38F7C560,2026-08-05,23:23:19,29.5,-61.0,0.0,25.079,121.671
74DA38F20EB2,2026-08-05,23:23:49,32.0,100.0,31.0,24.324,120.835
74DA38F7C366,2026-08-05,23:23:55,29.11,100.0,5.0,25.002,121.516
74DA38F7C53C,2026-08-05,23:23:56,28.11,100.0,0.0,25.11,121.804
74DA38F7C310,2026-08-05,23:24:02,30.61,100.0,10.0,25.09,121.464
74DA38F7C610,2026-08-05,23:24:12,30.0,100.0,16.0,25.063,121.564
74DA38F20B88,2026-08-05,23:24:16,28.61,100.0,0.0,22.75,120.316
74DA38F21088,2026-08-05,23:24:21,29.36,100.0,0.0,25.068,121.588
74DA38F21170,2026-08-05,23:24:23,29.11,77.0,6.0,22.779,121.088
74DA38F7C59C,2026-08-05,23:24:25,30.5,81.0,23.0,25.103,121.487
74DA38F20D2E,2026-08-05,23:24:28,29.25,100.0,0.0,25.06,121.545
74DA38F20D16,2026-08-05,23:24:29,31.0,100.0,19.0,25.062,121.526
74DA38F7C506,2026-08-05,23:24:38,28.61,100.0,0.0,24.996,121.544
74DA38F7C47E,2026-08-05,23:24:44,32.11,100.0,19.0,25.053963,121.427681
74DA38F7C5AA,2026-08-05,23:24:45,28.86,100.0,0.0,25.0,121.479
74DA38F7C464,2026-08-05,23:24:46,26.0,30.0,0.0,25.006,121.413
74DA38ED05EA,2026-08-05,23:24:47,27.75,100.0,13.0,23.394,121.357
74DA38F20B5C,2026-08-05,23:24:48,29.36,100.0,28.0,22.798,120.293
74DA38F20B12,2026-08-05,23:24:52,29.11,80.0,5.0,22.91,120.716
74DA38F7C5BE,2026-08-05,23:24:52,29.61,100.0,16.0,25.092,121.523
74DA38ED04F2,2026-08-05,23:24:54,27.87,100.0,8.0,23.468,121.496
74DA38F20A78,2026-08-05,23:24:56,28.11,100.0,6.0,22.904,121.124
74DA38F20D70,2026-08-05,23:24:56,28.5,98.0,1.0,23.05,121.164
74DA38F7C4CC,2026-08-05,23:25:14,28.5,100.0,10.0,25.062,121.451
74DA38F7C570,2026-08-05,23:25:15,-4.0,0.0,0.0,25.239,121.63
74DA38F20B82,2026-08-05,23:25:18,-4.0,0.0,0.0,22.847,120.465
74DA38F20E6E,2026-08-05,23:25:23,26.37,100.0,0.0,24.41,120.902
74DA38F209DE,2026-08-05,23:25:25,30.5,100.0,0.0,24.861,120.964
74DA38F20FFE,2026-08-05,23:25:35,28.36,100.0,37.0,22.894,120.298
74DA38F20F1C,2026-08-05,23:25:44,28.5,100.0,16.0,25.062,121.451
74DA38F7C39A,2026-08-05,23:25:51,29.25,100.0,0.0,25.002,121.414
74DA38F2113E,2026-08-05,23:25:53,-4.0,0.0,1.0,22.728,120.313
74DA38ED05B6,2026-08-05,23:25:55,28.0,100.0,16.0,23.43,121.348
74DA38F7C5CE,2026-08-05,23:25:57,29.0,96.0,0.0,25.066,121.656
74DA38F7C338,2026-08-05,23:26:13,30.0,100.0,12.0,25.011,121.458
74DA38F7C3DE,2026-08-05,23:26:13,28.61,100.0,297.0,24.972,121.537
74DA38F7C480,2026-08-05,23:26:20,29.0,100.0,0.0,25.061,121.432
74DA38F7C63C,2026-08-05,23:26:21,-4.0,0.0,7.0,24.998,121.425
74DA38F20B80,2026-08-05,23:26:22,28.86,100.0,0.0,22.599,120.35
74DA38F20862,2026-08-05,23:26:23,28.25,100.0,13.0,23.101,121.176
74DA38F207DE,2026-08-05,23:26:27,30.0,100.0,31.0,22.603,120.34
74DA38F20DE0,2026-08-05,23:26:31,30.25,100.0,0.0,22.589,120.328
74DA38F7C3D6,2026-08-05,23:26:37,30.61,100.0,0.0,25.045,121.541
74DA38F20E9E,2026-08-05,23:26:43,26.62,100.0,14.0,24.648,121.151
74DA38F7C616,2026-08-05,23:26:44,31.25,100.0,0.0,25.031,121.563
74DA38F20D1A,2026-08-05,23:26:56,30.5,100.0,0.0,25.078,121.541
74DA38F209B2,2026-08-05,23:26:57,28.5,100.0,0.0,22.363,120.599
74DA38F21048,2026-08-05,23:27:04,27.87,100.0,32.0,22.595,120.341
74DA38F7C13A,2026-08-05,23:27:05,21.87,6.0,6.0,25.069,121.359
74DA38F7C5A0,2026-08-05,23:27:06,30.0,100.0,0.0,25.107,121.518
74DA38F21136,2026-08-05,23:27:09,29.5,100.0,9.0,25.119,121.505
74DA38ED0630,2026-08-05,23:27:17,30.0,100.0,0.0,23.994,121.594
74DA38F20C26,2026-08-05,23:27:19,31.25,88.0,23.0,22.676,120.342
74DA38F7C600,2026-08-05,23:27:23,22.87,47.0,12.0,25.07,121.586
74DA38F7C30C,2026-08-05,23:27:25,29.11,100.0,0.0,24.975,121.532
74DA38F20C06,2026-08-05,23:27:26,31.25,72.0,22.0,24.874,121.02
74DA38F7C4DE,2026-08-05,23:27:26,30.86,100.0,0.0,25.09,121.462
74DA38F20BF6,2026-08-05,23:27:39,30.0,100.0,17.0,22.582,120.368
74DA38F7C5E6,2026-08-05,23:27:51,30.86,100.0,6.0,25.107,121.843
74DA38F7C514,2026-08-05,23:28:05,29.5,100.0,14.0,25.051,121.518
74DA38F20B26,2026-08-05,23:28:11,30.11,100.0,30.0,22.783,120.247
74DA38F7C3B2,2026-08-05,23:28:21,32.11,68.0,8.0,24.929,121.378
74DA38F7C532,2026-08-05,23:28:23,29.25,100.0,14.0,25.059,121.499
74DA38F20F0A,2026-08-05,23:28:27,28.61,100.0,10.0,22.995,120.635
74DA38F208E2,2026-08-05,23:28:28,28.36,100.0,11.0,24.688,121.766
74DA38ED059C,2026-08-05,23:28:32,28.5,97.0,10.0,23.706,121.412
74DA38F21204,2026-08-05,23:28:32,29.0,100.0,3.0,25.062,121.451
74DA38F20D6C,2026-08-05,23:28:37,29.61,94.0,0.0,22.661,120.301
74DA38F20A30,2026-08-05,23:28:41,28.61,93.0,3.0,24.948,121.372
74DA38F2105C,2026-08-05,23:28:41,29.25,100.0,0.0,25.088,121.599
74DA38F7C47C,2026-08-05,23:28:47,35.11,89.0,70.0,25.055,121.455
74DA38F7C592,2026-08-05,23:28:52,-4.0,0.0,0.0,25.224,121.637
74DA38F209A8,2026-08-05,23:28:53,-4.0,0.0,0.0,22.401,120.577
74DA38ED0454,2026-08-05,23:28:56,31.75,100.0,23.0,24.053,121.599
74DA38F7C42E,2026-08-05,23:28:57,28.25,100.0,0.0,24.969,121.514
74DA38F21024,2026-08-05,23:29:00,29.25,100.0,0.0,24.93,121.036
74DA38ED06E0,2026-08-05,23:29:03,28.86,98.0,15.0,23.601,121.521
74DA38F21054,2026-08-05,23:29:03,29.75,76.0,20.0,22.898,120.627
74DA38F210A2,2026-08-05,23:29:09,29.36,100.0,4.0,25.12,121.466
74DA38F7C27E,2026-08-05,23:29:09,30.11,100.0,14.0,25.053,121.444
74DA38F7C3DC,2026-08-05,23:29:12,30.11,100.0,19.0,25.003,121.539
74DA38F7C430,2026-08-05,23:29:16,30.25,88.0,0.0,24.981,121.423
74DA38F20D1E,2026-08-05,23:29:20,30.0,100.0,15.0,25.048,121.573
74DA38F210F6,2026-08-05,23:29:22,30.11,100.0,9.0,22.757426,121.158891
74DA38F209EE,2026-08-05,23:29:23,30.0,100.0,0.0,23.026,121.33
74DA38F7C54E,2026-08-05,23:29:28,28.36,100.0,0.0,25.063,121.661
74DA38F7C560,2026-08-05,23:29:46,29.61,-61.0,0.0,25.079,121.671
74DA38F20EB2,2026-08-05,23:30:01,33.25,100.0,31.0,24.324,120.835
74DA38F7C366,2026-08-05,23:30:03,29.11,100.0,5.0,25.002,121.516
74DA38F7C310,2026-08-05,23:30:06,30.61,100.0,11.0,25.09,121.464
74DA38F7C260,2026-08-05,23:30:13,29.5,100.0,0.0,25.065,121.425
74DA38F7C610,2026-08-05,23:30:20,30.11,100.0,15.0,25.063,121.564
74DA38F7C53C,2026-08-05,23:30:23,28.36,100.0,0.0,25.11,121.804
74DA38F21170,2026-08-05,23:30:29,29.25,77.0,6.0,22.779,121.088
74DA38F20D16,2026-08-05,23:30:35,31.0,100.0,19.0,25.062,121.526
74DA38F21088,2026-08-05,23:30:49,29.11,100.0,0.0,25.068,121.588
74DA38F7C47E,2026-08-05,23:30:50,32.25,100.0,18.0,25.053963,121.427681
74DA38ED05EA,2026-08-05,23:30:53,27.87,100.0,13.0,23.394,121.357
74DA38F7C59C,2026-08-05,23:30:53,30.61,83.0,23.0,25.103,121.487
74DA38F20D2E,2026-08-05,23:30:57,29.36,100.0,1.0,25.06,121.545
74DA38F20B5C,2026-08-05,23:30:58,29.36,100.0,30.0,22.798,120.293
74DA38F7C5BE,2026-08-05,23:30:58,29.61,100.0,16.0,25.092,121.523
74DA38ED04F2,2026-08-05,23:31:00,28.11,100.0,9.0,23.468,121.496
74DA38F20B12,2026-08-05,23:31:00,29.25,79.0,6.0,22.91,120.716
74DA38F20D70,2026-08-05,23:31:02,28.36,98.0,0.0,23.05,121.164
74DA38F20A78,2026-08-05,23:31:03,28.25,100.0,7.0,22.904,121.124
74DA38F20B88,2026-08-05,23:31:05,28.86,100.0,0.0,22.75,120.316
74DA38F7C506,2026-08-05,23:31:12,29.0,100.0,0.0,24.996,121.544
74DA38F7C464,2026-08-05,23:31:15,26.0,30.0,0.0,25.006,121.413
74DA38F7C4CC,2026-08-05,23:31:20,28.75,100.0,10.0,25.062,121.451
74DA38F7C3BA,2026-08-05,23:31:31,-4.0,0.0,92.0,25.174,121.441
74DA38F20F1C,2026-08-05,23:31:49,28.36,100.0,16.0,25.062,121.451
74DA38F209DE,2026-08-05,23:31:53,30.5,100.0,1.0,24.861,120.964
74DA38F20FFE,2026-08-05,23:31:58,28.36,100.0,26.0,22.894,120.298
74DA38ED05B6,2026-08-05,23:32:00,28.0,100.0,14.0,23.43,121.348
74DA38F2104E,2026-08-05,23:32:03,28.11,100.0,16.0,23.108,120.7
74DA38F7C3DE,2026-08-05,23:32:12,28.86,100.0,273.0,24.972,121.537
74DA38F7C39A,2026-08-05,23:32:20,29.36,100.0,0.0,25.002,121.414
74DA38F7C338,2026-08-05,23:32:25,30.0,100.0,11.0,25.011,121.458
74DA38F7C5CE,2026-08-05,23:32:25,29.0,95.0,0.0,25.066,121.656
74DA38F20862,2026-08-05,23:32:28,28.25,100.0,14.0,23.101,121.176
74DA38F207DE,2026-08-05,23:32:35,29.61,100.0,32.0,22.603,120.34
74DA38F7C480,2026-08-05,23:32:47,29.25,100.0,0.0,25.061,121.432
74DA38F20E9E,2026-08-05,23:32:48,26.75,100.0,14.0,24.648,121.151
74DA38F7C616,2026-08-05,23:32:54,31.0,100.0,0.0,25.031,121.563
74DA38F20B80,2026-08-05,23:32:58,29.0,100.0,0.0,22.599,120.35
74DA38F20DE0,2026-08-05,23:32:58,30.25,100.0,0.0,22.589,120.328
74DA38F7C3D6,2026-08-05,23:33:04,30.75,100.0,0.0,25.045,121.541
74DA38F2113E,2026-08-05,23:33:11,-4.0,0.0,0.0,22.728,120.313
74DA38F20D1A,2026-08-05,23:33:23,30.36,100.0,0.0,25.078,121.541
74DA38F209B2,2026-08-05,23:33:24,28.61,100.0,0.0,22.363,120.599
74DA38F21136,2026-08-05,23:33:27,29.61,100.0,9.0,25.119,121.505
74DA38F20C26,2026-08-05,23:33:29,31.11,88.0,28.0,22.676,120.342
74DA38F7C600,2026-08-05,23:33:29,22.87,47.0,12.0,25.07,121.586
74DA38F7C13A,2026-08-05,23:33:32,22.0,6.0,0.0,25.069,121.359
74DA38F7C30C,2026-08-05,23:33:33,29.11,100.0,0.0,24.975,121.532
74DA38F7C4DE,2026-08-05,23:33:33,31.0,100.0,0.0,25.09,121.462
74DA38F20C06,2026-08-05,23:33:34,31.11,73.0,23.0,24.874,121.02
74DA38F21048,2026-08-05,23:33:34,27.87,100.0,32.0,22.595,120.341
74DA38F7C5A0,2026-08-05,23:33:34,30.11,100.0,0.0,25.107,121.518
74DA38F20BF6,2026-08-05,23:33:43,30.0,100.0,18.0,22.582,120.368
74DA38ED0630,2026-08-05,23:33:45,30.25,100.0,0.0,23.994,121.594
74DA38F7C5E6,2026-08-05,23:33:56,30.86,100.0,6.0,25.107,121.843
74DA38F7C514,2026-08-05,23:34:16,29.61,100.0,14.0,25.051,121.518
74DA38F7C3B2,2026-08-05,23:34:26,32.0,68.0,8.0,24.929,121.378
74DA38F7C532,2026-08-05,23:34:29,29.36,100.0,14.0,25.059,121.499
74DA38F208E2,2026-08-05,23:34:34,28.61,100.0,13.0,24.688,121.766
74DA38F20F0A,2026-08-05,23:34:35,28.86,100.0,9.0,22.995,120.635
74DA38F7C47C,2026-08-05,23:34:36,34.0,90.0,74.0,25.055,121.455
74DA38F21204,2026-08-05,23:34:38,29.11,100.0,3.0,25.062,121.451
74DA38ED059C,2026-08-05,23:34:41,28.86,94.0,10.0,23.706,121.412
74DA38F20B82,2026-08-05,23:34:50,-4.0,0.0,0.0,22.847,120.465
74DA38F7C570,2026-08-05,23:34:53,-4.0,0.0,0.0,25.239,121.63
74DA38F20D6C,2026-08-05,23:35:04,29.61,94.0,0.0,22.661,120.301
74DA38ED0454,2026-08-05,23:35:08,31.86,100.0,22.0,24.053,121.599
74DA38ED06E0,2026-08-05,23:35:09,28.86,98.0,16.0,23.601,121.521
74DA38F2105C,2026-08-05,23:35:09,29.36,100.0,0.0,25.088,121.599
74DA38F21054,2026-08-05,23:35:10,29.61,76.0,18.0,22.898,120.627
74DA38F210A2,2026-08-05,23:35:13,29.36,100.0,4.0,25.12,121.466
74DA38F20A30,2026-08-05,23:35:14,28.75,93.0,0.0,24.948,121.372
74DA38F7C27E,2026-08-05,23:35:16,30.11,100.0,14.0,25.053,121.444
74DA38F7C42E,2026-08-05,23:35:23,28.36,100.0,0.0,24.969,121.514
74DA38F21024,2026-08-05,23:35:27,29.25,100.0,0.0,24.93,121.036
74DA38F210F6,2026-08-05,23:35:27,30.25,100.0,9.0,22.757426,121.158891
74DA38F209EE,2026-08-05,23:35:28,30.11,100.0,0.0,23.026,121.33
74DA38F7C41E,2026-08-05,23:35:35,29.86,87.0,0.0,25.054,121.517
74DA38F20D1E,2026-08-05,23:35:37,29.86,100.0,14.0,25.048,121.573
74DA38F7C430,2026-08-05,23:35:43,30.25,89.0,0.0,24.981,121.423
74DA38F7C3DC,2026-08-05,23:35:49,30.0,100.0,18.0,25.003,121.539
74DA38F7C63C,2026-08-05,23:35:54,-4.0,0.0,8.0,24.998,121.425
74DA38F7C54E,2026-08-05,23:35:55,28.5,100.0,0.0,25.063,121.661
74DA38F7C366,2026-08-05,23:36:07,29.11,100.0,5.0,25.002,121.516
74DA38F7C310,2026-08-05,23:36:11,30.36,100.0,11.0,25.09,121.464
74DA38F20EB2,2026-08-05,23:36:13,33.61,100.0,30.0,24.324,120.835
74DA38F7C560,2026-08-05,23:36:14,29.61,-61.0,0.0,25.079,121.671
74DA38F7C610,2026-08-05,23:36:25,30.11,100.0,13.0,25.063,121.564
74DA38F21170,2026-08-05,23:36:37,29.25,77.0,7.0,22.779,121.088
74DA38F20D16,2026-08-05,23:36:41,31.11,100.0,22.0,25.062,121.526
74DA38F7C53C,2026-08-05,23:36:50,28.36,100.0,0.0,25.11,121.804
74DA38F7C260,2026-08-05,23:36:51,29.61,100.0,0.0,25.065,121.425
74DA38F7C47E,2026-08-05,23:36:56,31.75,100.0,17.0,25.053963,121.427681
74DA38ED05EA,2026-08-05,23:37:00,27.75,100.0,13.0,23.394,121.357
74DA38F7C5BE,2026-08-05,23:37:05,29.75,100.0,17.0,25.092,121.523
74DA38F20B12,2026-08-05,23:37:06,29.25,79.0,7.0,22.91,120.716
74DA38F20D70,2026-08-05,23:37:07,28.36,98.0,1.0,23.05,121.164
74DA38ED04F2,2026-08-05,23:37:09,28.25,100.0,9.0,23.468,121.496
74DA38F20A78,2026-08-05,23:37:10,28.36,100.0,7.0,22.904,121.124
74DA38F20B5C,2026-08-05,23:37:16,29.25,100.0,34.0,22.798,120.293
74DA38F21088,2026-08-05,23:37:17,29.36,100.0,0.0,25.068,121.588
74DA38F7C59C,2026-08-05,23:37:21,30.61,83.0,24.0,25.103,121.487
74DA38F20D2E,2026-08-05,23:37:24,29.5,100.0,0.0,25.06,121.545
74DA38F7C4CC,2026-08-05,23:37:29,28.86,100.0,10.0,25.062,121.451
74DA38F20B88,2026-08-05,23:37:33,28.86,100.0,0.0,22.75,120.316
74DA38F7C506,2026-08-05,23:37:43,29.0,100.0,0.0,24.996,121.544
74DA38F7C464,2026-08-05,23:37:46,26.12,30.0,0.0,25.006,121.413
74DA38F20F1C,2026-08-05,23:37:54,28.36,100.0,16.0,25.062,121.451
74DA38ED05B6,2026-08-05,23:38:06,28.11,100.0,15.0,23.43,121.348
74DA38F7C5AA,2026-08-05,23:38:08,29.11,100.0,2.0,25.0,121.479
74DA38F2104E,2026-08-05,23:38:10,28.61,100.0,17.0,23.108,120.7
74DA38F20FFE,2026-08-05,23:38:11,28.5,100.0,18.0,22.894,120.298
74DA38F7C3DE,2026-08-05,23:38:13,29.0,100.0,266.0,24.972,121.537
74DA38F209DE,2026-08-05,23:38:22,30.25,100.0,1.0,24.861,120.964
74DA38F209A8,2026-08-05,23:38:31,-4.0,0.0,0.0,22.401,120.577
74DA38F7C338,2026-08-05,23:38:32,30.0,100.0,12.0,25.011,121.458
74DA38F7C592,2026-08-05,23:38:32,-4.0,0.0,0.0,25.224,121.637
74DA38F20862,2026-08-05,23:38:38,28.36,100.0,21.0,23.101,121.176
74DA38F207DE,2026-08-05,23:38:42,29.75,100.0,31.0,22.603,120.34
74DA38F7C39A,2026-08-05,23:38:48,29.36,100.0,0.0,25.002,121.414
74DA38F7C5CE,2026-08-05,23:38:51,29.11,95.0,0.0,25.066,121.656
74DA38F20E9E,2026-08-05,23:38:54,26.75,100.0,13.0,24.648,121.151
74DA38F7C616,2026-08-05,23:39:03,31.25,100.0,0.0,25.031,121.563
74DA38F7C480,2026-08-05,23:39:15,29.25,100.0,0.0,25.061,121.432
74DA38F20B80,2026-08-05,23:39:26,29.11,100.0,0.0,22.599,120.35
74DA38F20DE0,2026-08-05,23:39:27,30.36,100.0,0.0,22.589,120.328
74DA38F7C3D6,2026-08-05,23:39:30,31.0,100.0,0.0,25.045,121.541
74DA38F7C600,2026-08-05,23:39:34,22.87,47.0,12.0,25.07,121.586
74DA38F21136,2026-08-05,23:39:37,29.61,100.0,7.0,25.119,121.505
74DA38F20C26,2026-08-05,23:39:40,31.0,88.0,27.0,22.676,120.342
74DA38F7C30C,2026-08-05,23:39:40,29.36,100.0,0.0,24.975,121.532
74DA38F7C4DE,2026-08-05,23:39:40,31.11,100.0,0.0,25.09,121.462
74DA38F20C06,2026-08-05,23:39:41,31.11,73.0,21.0,24.874,121.02
74DA38F20BF6,2026-08-05,23:39:49,30.0,100.0,18.0,22.582,120.368
74DA38F209B2,2026-08-05,23:39:51,28.86,100.0,0.0,22.363,120.599
74DA38F20D1A,2026-08-05,23:39:52,30.25,100.0,0.0,25.078,121.541
74DA38F7C13A,2026-08-05,23:39:59,22.0,6.0,0.0,25.069,121.359
74DA38F7C5A0,2026-08-05,23:40:01,30.11,100.0,0.0,25.107,121.518
74DA38F7C5E6,2026-08-05,23:40:02,30.86,100.0,6.0,25.107,121.843
74DA38F21048,2026-08-05,23:40:09,28.25,100.0,36.0,22.595,120.341
74DA38ED0630,2026-08-05,23:40:11,30.25,100.0,0.0,23.994,121.594
74DA38F7C3BA,2026-08-05,23:40:15,-4.0,0.0,88.0,25.174,121.441
74DA38F7C514,2026-08-05,23:40:23,29.75,100.0,14.0,25.051,121.518
74DA38F2113E,2026-08-05,23:40:31,-4.0,0.0,3.0,22.728,120.313
74DA38F7C3B2,2026-08-05,23:40:31,32.11,68.0,9.0,24.929,121.378
74DA38F7C47C,2026-08-05,23:40:31,33.25,92.0,98.0,25.055,121.455
74DA38F7C532,2026-08-05,23:40:34,29.36,100.0,14.0,25.059,121.499
74DA38F208E2,2026-08-05,23:40:40,28.61,100.0,10.0,24.688,121.766
74DA38F20F0A,2026-08-05,23:40:41,29.11,100.0,9.0,22.995,120.635
74DA38F21204,2026-08-05,23:40:45,29.11,100.0,3.0,25.062,121.451
74DA38ED059C,2026-08-05,23:41:12,28.86,97.0,10.0,23.706,121.412
74DA38ED06E0,2026-08-05,23:41:15,28.86,97.0,15.0,23.601,121.521
74DA38ED0454,2026-08-05,23:41:17,32.0,99.0,23.0,24.053,121.599
74DA38F21054,2026-08-05,23:41:17,29.61,75.0,18.0,22.898,120.627
74DA38F210A2,2026-08-05,23:41:19,29.5,100.0,4.0,25.12,121.466
74DA38F7C27E,2026-08-05,23:41:20,30.11,100.0,14.0,25.053,121.444
74DA38F20D6C,2026-08-05,23:41:29,29.61,94.0,0.0,22.661,120.301
74DA38F210F6,2026-08-05,23:41:32,30.36,100.0,10.0,22.757426,121.158891
74DA38F209EE,2026-08-05,23:41:33,30.36,100.0,0.0,23.026,121.33
74DA38F2105C,2026-08-05,23:41:38,29.36,100.0,1.0,25.088,121.599
74DA38F20B26,2026-08-05,23:41:39,30.0,100.0,29.0,22.783,120.247
74DA38F20A30,2026-08-05,23:41:44,29.0,93.0,0.0,24.948,121.372
74DA38F7C42E,2026-08-05,23:41:50,28.61,100.0,0.0,24.969,121.514
74DA38F20D1E,2026-08-05,23:41:51,29.86,100.0,15.0,25.048,121.573
74DA38F21024,2026-08-05,23:41:53,29.36,100.0,0.0,24.93,121.036
74DA38F7C430,2026-08-05,23:42:11,30.36,89.0,0.0,24.981,121.423
74DA38F7C366,2026-08-05,23:42:13,29.36,100.0,5.0,25.002,121.516
74DA38F7C310,2026-08-05,23:42:17,30.25,100.0,11.0,25.09,121.464
74DA38F7C54E,2026-08-05,23:42:20,28.5,100.0,0.0,25.063,121.661
74DA38F7C3DC,2026-08-05,23:42:22,30.25,100.0,17.0,25.003,121.539
74DA38F20EB2,2026-08-05,23:42:23,32.61,100.0,29.0,24.324,120.835
74DA38F7C610,2026-08-05,23:42:30,30.11,100.0,13.0,25.063,121.564
74DA38F7C560,2026-08-05,23:42:41,29.75,-60.0,0.0,25.079,121.671
74DA38F20D16,2026-08-05,23:42:50,31.11,100.0,27.0,25.062,121.526
74DA38F21170,2026-08-05,23:42:53,29.25,75.0,6.0,22.779,121.088
74DA38F7C47E,2026-08-05,23:43:03,32.0,100.0,19.0,25.053963,121.427681
74DA38ED05EA,2026-08-05,23:43:06,27.87,100.0,12.0,23.394,121.357
74DA38F7C5BE,2026-08-05,23:43:10,29.61,100.0,17.0,25.092,121.523
74DA38F20B12,2026-08-05,23:43:12,29.0,80.0,8.0,22.91,120.716
74DA38F20D70,2026-08-05,23:43:14,28.11,98.0,1.0,23.05,121.164
74DA38ED04F2,2026-08-05,23:43:15,28.36,100.0,9.0,23.468,121.496
74DA38F20A78,2026-08-05,23:43:17,28.36,100.0,7.0,22.904,121.124
74DA38F7C53C,2026-08-05,23:43:17,28.61,100.0,0.0,25.11,121.804
74DA38F7C260,2026-08-05,23:43:26,29.61,100.0,1.0,25.065,121.425
74DA38F7C4CC,2026-08-05,23:43:36,29.0,100.0,10.0,25.062,121.451
74DA38F21088,2026-08-05,23:43:45,29.61,100.0,0.0,25.068,121.588
74DA38F7C59C,2026-08-05,23:43:48,30.61,83.0,23.0,25.103,121.487
74DA38F20D2E,2026-08-05,23:43:53,29.5,100.0,0.0,25.06,121.545
74DA38F20F1C,2026-08-05,23:44:00,28.5,100.0,16.0,25.062,121.451
74DA38F20B88,2026-08-05,23:44:05,29.11,100.0,0.0,22.75,120.316
74DA38ED05B6,2026-08-05,23:44:11,28.25,100.0,14.0,23.43,121.348
74DA38F7C3DE,2026-08-05,23:44:12,29.25,100.0,260.0,24.972,121.537
74DA38F7C464,2026-08-05,23:44:12,26.25,30.0,0.0,25.006,121.413
74DA38F7C506,2026-08-05,23:44:12,28.86,100.0,0.0,24.996,121.544
74DA38F20FFE,2026-08-05,23:44:19,28.61,100.0,17.0,22.894,120.298
74DA38F20B82,2026-08-05,23:44:22,-4.0,0.0,0.0,22.847,120.465
74DA38F7C570,2026-08-05,23:44:33,-4.0,0.0,0.0,25.239,121.63
74DA38F7C5AA,2026-08-05,23:44:36,29.36,100.0,1.0,25.0,121.479
74DA38F7C338,2026-08-05,23:44:40,30.0,100.0,12.0,25.011,121.458
74DA38F20862,2026-08-05,23:44:46,28.75,100.0,20.0,23.101,121.176
74DA38F207DE,2026-08-05,23:44:50,30.11,100.0,32.0,22.603,120.34
74DA38F209DE,2026-08-05,23:44:50,30.25,100.0,0.0,24.861,120.964
74DA38F20E9E,2026-08-05,23:45:01,26.75,100.0,14.0,24.648,121.151
74DA38F7C39A,2026-08-05,23:45:15,29.5,100.0,0.0,25.002,121.414
74DA38F7C5CE,2026-08-05,23:45:18,29.25,95.0,0.0,25.066,121.656
74DA38F7C616,2026-08-05,23:45:20,31.11,100.0,0.0,25.031,121.563
74DA38F7C63C,2026-08-05,23:45:27,-4.0,0.0,8.0,24.998,121.425
74DA38F7C600,2026-08-05,23:45:40,22.75,47.0,11.0,25.07,121.586
74DA38F7C480,2026-08-05,23:45:42,29.25,100.0,0.0,25.061,121.432
74DA38F20C06,2026-08-05,23:45:51,31.11,73.0,22.0,24.874,121.02
74DA38F20C26,2026-08-05,23:45:52,30.86,88.0,32.0,22.676,120.342
74DA38F7C30C,2026-08-05,23:45:52,29.5,100.0,0.0,24.975,121.532
74DA38F20B80,2026-08-05,23:45:53,29.25,100.0,0.0,22.599,120.35
74DA38F20DE0,2026-08-05,23:45:54,30.36,100.0,0.0,22.589,120.328
74DA38F20BF6,2026-08-05,23:45:55,30.0,100.0,20.0,22.582,120.368
74DA38F21136,2026-08-05,23:45:55,29.61,100.0,9.0,25.119,121.505
74DA38F7C3D6,2026-08-05,23:45:58,31.0,100.0,0.0,25.045,121.541
74DA38F7C5E6,2026-08-05,23:46:08,31.0,100.0,6.0,25.107,121.843
74DA38F209B2,2026-08-05,23:46:18,29.0,100.0,0.0,22.363,120.599
74DA38F20D1A,2026-08-05,23:46:20,30.25,99.0,0.0,25.078,121.541
74DA38F7C47C,2026-08-05,23:46:22,33.25,93.0,80.0,25.055,121.455
74DA38F7C13A,2026-08-05,23:46:27,22.12,7.0,0.0,25.069,121.359
74DA38F7C5A0,2026-08-05,23:46:29,30.11,100.0,0.0,25.107,121.518
74DA38F7C514,2026-08-05,23:46:34,29.61,100.0,14.0,25.051,121.518
74DA38F7C3B2,2026-08-05,23:46:37,32.11,68.0,9.0,24.929,121.378
74DA38F7C532,2026-08-05,23:46:38,29.61,100.0,14.0,25.059,121.499
74DA38F21048,2026-08-05,23:46:39,28.61,100.0,35.0,22.595,120.341
74DA38ED0630,2026-08-05,23:46:40,30.25,100.0,0.0,23.994,121.594
74DA38F208E2,2026-08-05,23:46:45,28.86,100.0,10.0,24.688,121.766
74DA38F20F0A,2026-08-05,23:46:47,29.5,100.0,9.0,22.995,120.635
74DA38F21204,2026-08-05,23:46:50,29.25,100.0,3.0,25.062,121.451
74DA38ED059C,2026-08-05,23:47:21,29.0,96.0,10.0,23.706,121.412
74DA38ED06E0,2026-08-05,23:47:21,28.86,98.0,15.0,23.601,121.521
74DA38F21054,2026-08-05,23:47:23,29.61,75.0,17.0,22.898,120.627
74DA38ED0454,2026-08-05,23:47:25,32.11,97.0,22.0,24.053,121.599
74DA38F210A2,2026-08-05,23:47:25,29.75,100.0,4.0,25.12,121.466
74DA38F7C27E,2026-08-05,23:47:26,30.11,100.0,14.0,25.053,121.444
74DA38F210F6,2026-08-05,23:47:36,30.36,100.0,10.0,22.757426,121.158891
74DA38F209EE,2026-08-05,23:47:38,30.5,100.0,0.0,23.026,121.33
74DA38F2113E,2026-08-05,23:47:46,-4.0,0.0,2.0,22.728,120.313
74DA38F20D6C,2026-08-05,23:47:56,29.36,94.0,0.0,22.661,120.301
74DA38F20D1E,2026-08-05,23:48:03,30.0,100.0,13.0,25.048,121.573
74DA38F2105C,2026-08-05,23:48:08,29.5,100.0,0.0,25.088,121.599
74DA38F7C592,2026-08-05,23:48:11,-4.0,0.0,0.0,25.224,121.637
74DA38F209A8,2026-08-05,23:48:12,-4.0,0.0,0.0,22.401,120.577
74DA38F20A30,2026-08-05,23:48:12,29.11,92.0,0.0,24.948,121.372
74DA38F7C366,2026-08-05,23:48:18,30.11,100.0,5.0,25.002,121.516
74DA38F7C42E,2026-08-05,23:48:19,28.86,100.0,0.0,24.969,121.514
74DA38F21024,2026-08-05,23:48:20,29.5,100.0,0.0,24.93,121.036
74DA38F7C310,2026-08-05,23:48:22,30.61,100.0,11.0,25.09,121.464
74DA38F20EB2,2026-08-05,23:48:35,30.86,100.0,29.0,24.324,120.835
74DA38F7C610,2026-08-05,23:48:35,30.11,100.0,12.0,25.063,121.564
74DA38F7C430,2026-08-05,23:48:39,30.36,88.0,0.0,24.981,121.423
74DA38F7C54E,2026-08-05,23:48:46,28.61,100.0,0.0,25.063,121.661
74DA38F7C41E,2026-08-05,23:48:52,29.86,87.0,0.0,25.054,121.517
74DA38F7C3BA,2026-08-05,23:48:58,-4.0,0.0,93.0,25.174,121.441
74DA38F20D16,2026-08-05,23:49:01,31.25,100.0,33.0,25.062,121.526
74DA38F21170,2026-08-05,23:49:01,29.36,76.0,6.0,22.779,121.088
74DA38F7C560,2026-08-05,23:49:08,30.0,-60.0,0.0,25.079,121.671
74DA38F7C47E,2026-08-05,23:49:10,32.25,100.0,17.0,25.053963,121.427681
74DA38ED05EA,2026-08-05,23:49:11,27.87,100.0,13.0,23.394,121.357
74DA38F7C5BE,2026-08-05,23:49:15,29.75,100.0,17.0,25.092,121.523
74DA38F20B12,2026-08-05,23:49:17,28.86,81.0,10.0,22.91,120.716
74DA38F20D70,2026-08-05,23:49:20,28.25,99.0,2.0,23.05,121.164
74DA38F7C3DC,2026-08-05,23:49:21,30.5,100.0,16.0,25.003,121.539
74DA38ED04F2,2026-08-05,23:49:22,28.5,100.0,9.0,23.468,121.496
74DA38F20A78,2026-08-05,23:49:23,28.5,100.0,7.0,22.904,121.124
74DA38F7C4CC,2026-08-05,23:49:42,29.11,100.0,10.0,25.062,121.451
74DA38F20B5C,2026-08-05,23:49:44,29.36,100.0,31.0,22.798,120.293
74DA38F7C53C,2026-08-05,23:49:44,28.75,100.0,0.0,25.11,121.804
74DA38F7C260,2026-08-05,23:49:57,29.75,100.0,0.0,25.065,121.425
74DA38F20F1C,2026-08-05,23:50:07,28.5,100.0,16.0,25.062,121.451
74DA38F7C3DE,2026-08-05,23:50:10,29.5,100.0,290.0,24.972,121.537
74DA38F21088,2026-08-05,23:50:13,29.75,100.0,0.0,25.068,121.588
74DA38F7C59C,2026-08-05,23:50:16,30.75,83.0,24.0,25.103,121.487
74DA38ED05B6,2026-08-05,23:50:17,28.36,100.0,15.0,23.43,121.348
74DA38F20D2E,2026-08-05,23:50:21,29.61,100.0,0.0,25.06,121.545
74DA38F20E6E,2026-08-05,23:50:24,26.62,100.0,0.0,24.41,120.902
74DA38F20FFE,2026-08-05,23:50:36,28.86,100.0,15.0,22.894,120.298
74DA38F7C464,2026-08-05,23:50:42,26.25,30.0,1.0,25.006,121.413
74DA38F20B88,2026-08-05,23:50:45,29.11,100.0,0.0,22.75,120.316
74DA38F7C338,2026-08-05,23:50:47,30.0,100.0,11.0,25.011,121.458
74DA38F7C506,2026-08-05,23:50:50,29.0,100.0,0.0,24.996,121.544
74DA38F20862,2026-08-05,23:50:53,28.86,100.0,15.0,23.101,121.176
74DA38F207DE,2026-08-05,23:50:59,30.0,100.0,34.0,22.603,120.34
74DA38F7C5AA,2026-08-05,23:51:04,29.36,100.0,1.0,25.0,121.479
74DA38F20E9E,2026-08-05,23:51:07,26.75,100.0,14.0,24.648,121.151
74DA38F209DE,2026-08-05,23:51:18,30.36,100.0,1.0,24.861,120.964
74DA38F7C616,2026-08-05,23:51:30,31.36,100.0,0.0,25.031,121.563
74DA38F7C39A,2026-08-05,23:51:43,29.61,100.0,0.0,25.002,121.414
74DA38F7C600,2026-08-05,23:51:45,22.75,47.0,11.0,25.07,121.586
74DA38F7C5CE,2026-08-05,23:51:46,29.36,95.0,0.0,25.066,121.656
74DA38F20C06,2026-08-05,23:51:58,31.11,72.0,20.0,24.874,121.02
74DA38F20C26,2026-08-05,23:52:00,30.75,87.0,25.0,22.676,120.342
74DA38F20BF6,2026-08-05,23:52:01,30.0,100.0,21.0,22.582,120.368
74DA38F7C30C,2026-08-05,23:52:02,29.61,100.0,0.0,24.975,121.532
74DA38F7C480,2026-08-05,23:52:11,29.36,100.0,0.0,25.061,121.432
74DA38F7C5E6,2026-08-05,23:52:14,30.86,100.0,6.0,25.107,121.843
74DA38F7C47C,2026-08-05,23:52:15,33.0,94.0,79.0,25.055,121.455
74DA38F7C4DE,2026-08-05,23:52:19,31.25,100.0,0.0,25.09,121.462
74DA38F20B80,2026-08-05,23:52:20,29.0,100.0,0.0,22.599,120.35
74DA38F20DE0,2026-08-05,23:52:21,30.36,100.0,0.0,22.589,120.328
74DA38F7C3D6,2026-08-05,23:52:24,30.86,100.0,0.0,25.045,121.541
74DA38F21136,2026-08-05,23:52:32,29.61,100.0,9.0,25.119,121.505
74DA38F7C514,2026-08-05,23:52:42,29.86,100.0,13.0,25.051,121.518
74DA38F7C3B2,2026-08-05,23:52:43,32.11,68.0,10.0,24.929,121.378
74DA38F7C532,2026-08-05,23:52:43,29.61,100.0,15.0,25.059,121.499
74DA38F209B2,2026-08-05,23:52:45,29.11,100.0,0.0,22.363,120.599
74DA38F20D1A,2026-08-05,23:52:47,30.75,99.0,0.0,25.078,121.541
74DA38F208E2,2026-08-05,23:52:50,29.0,100.0,10.0,24.688,121.766
74DA38F20F0A,2026-08-05,23:52:52,30.0,100.0,8.0,22.995,120.635
74DA38F7C13A,2026-08-05,23:52:53,22.37,7.0,0.0,25.069,121.359
74DA38F21204,2026-08-05,23:52:56,29.36,100.0,4.0,25.062,121.451
74DA38F7C5A0,2026-08-05,23:52:56,30.25,100.0,0.0,25.107,121.518
74DA38ED0630,2026-08-05,23:53:08,30.25,100.0,0.0,23.994,121.594
74DA38F21048,2026-08-05,23:53:12,28.36,100.0,37.0,22.595,120.341
74DA38ED06E0,2026-08-05,23:53:28,29.0,99.0,15.0,23.601,121.521
74DA38F21054,2026-08-05,23:53:29,29.61,75.0,17.0,22.898,120.627
74DA38F210A2,2026-08-05,23:53:30,29.86,100.0,4.0,25.12,121.466
74DA38F7C27E,2026-08-05,23:53:31,30.25,100.0,12.0,25.053,121.444
74DA38ED059C,2026-08-05,23:53:35,29.0,96.0,12.0,23.706,121.412
74DA38ED0454,2026-08-05,23:53:36,32.11,98.0,22.0,24.053,121.599
74DA38F210F6,2026-08-05,23:53:41,30.36,100.0,9.0,22.757426,121.158891
74DA38F209EE,2026-08-05,23:53:44,30.61,100.0,0.0,23.026,121.33
74DA38F20B82,2026-08-05,23:53:55,-4.0,0.0,0.0,22.847,120.465
